2025-12-03 02:00:37,813 - MAIN_BRDWGD - INFO - GPU detectada: NVIDIA GeForce RTX 3060
2025-12-03 02:00:37,813 - MAIN_BRDWGD - INFO - Memória disponível: 12.48 GB
2025-12-03 02:00:37,813 - MAIN_BRDWGD - INFO - [FASE 1] Carregando e pré-processando dados...
2025-12-03 02:03:01,735 - MAIN_BRDWGD - INFO - Dados carregados com 5924 registros.
2025-12-03 02:03:01,735 - MAIN_BRDWGD - INFO - Período: 2008-01-01 00:00:00 → 2024-03-20 00:00:00
2025-12-03 02:03:01,770 - MAIN_BRDWGD - INFO - Primeiras linhas:
            chuva       Tmax       Tmin         RH         Rs        u2
2008-01-01    0.0  32.799999  23.500000  72.041664  28.858601  1.296875
2008-01-02    0.0  33.200001  23.400000  69.541664  24.465000  0.906250
2008-01-03    0.0  36.299999  22.200001  61.375000  29.966499  0.975000
2008-01-04    0.0  37.900002  22.700001  56.250000  28.477100  0.912500
2008-01-05    0.0  31.900000  23.100000  65.208336  11.792100  1.984375
2025-12-03 02:03:01,770 - MAIN_BRDWGD - INFO - [FASE 2] Criando features temporais e estatísticas...
2025-12-03 02:03:01,770 - MAIN_BRDWGD - INFO - Engenharia de features concluída. Total de colunas: 6
2025-12-03 02:03:01,770 - MAIN_BRDWGD - INFO - Colunas criadas: ['chuva', 'Tmax', 'Tmin', 'RH', 'Rs', 'u2']
2025-12-03 02:03:01,770 - MAIN_BRDWGD - INFO - Tempo total da Fase 2: 143.96 segundos.
2025-12-03 02:03:01,771 - MAIN_BRDWGD - INFO - [FASE 3] Normalizando e criando sequências...
2025-12-03 02:03:07,258 - LSTM_BRDWGD - INFO - ==========================================================================================
2025-12-03 02:03:07,258 - LSTM_BRDWGD - INFO - Iniciando script LSTM (PyTorch) BRDWGD com suporte a GPU e logs detalhados.
2025-12-03 02:03:07,258 - LSTM_BRDWGD - INFO - ==========================================================================================
2025-12-03 02:03:07,259 - LSTM_BRDWGD - INFO - Iniciando experimento: lookback=30, hidden_dim=32, layers=2, lr=0.001, drop=0.5
2025-12-03 02:03:07,756 - LSTM_BRDWGD - INFO - Shape treino: torch.Size([5863, 30, 6]), teste: torch.Size([30, 30, 6])
2025-12-03 02:03:11,807 - LSTM_BRDWGD - INFO - Treinando por 500 épocas...
2025-12-03 02:03:16,052 - LSTM_BRDWGD - INFO - [EXP] Época 1/500 - Loss: 98.461999
2025-12-03 02:03:36,272 - LSTM_BRDWGD - INFO - [EXP] Época 50/500 - Loss: 68.826281
2025-12-03 02:03:52,329 - LSTM_BRDWGD - INFO - [EXP] Época 100/500 - Loss: 47.357738
2025-12-03 02:04:08,268 - LSTM_BRDWGD - INFO - [EXP] Época 150/500 - Loss: 30.715588
2025-12-03 02:04:24,323 - LSTM_BRDWGD - INFO - [EXP] Época 200/500 - Loss: 24.397826
2025-12-03 02:04:40,206 - LSTM_BRDWGD - INFO - [EXP] Época 250/500 - Loss: 18.716661
2025-12-03 02:04:55,543 - LSTM_BRDWGD - INFO - [EXP] Época 300/500 - Loss: 13.739768
2025-12-03 02:05:10,885 - LSTM_BRDWGD - INFO - [EXP] Época 350/500 - Loss: 11.427629
2025-12-03 02:05:26,214 - LSTM_BRDWGD - INFO - [EXP] Época 400/500 - Loss: 10.658571
2025-12-03 02:05:41,548 - LSTM_BRDWGD - INFO - [EXP] Época 450/500 - Loss: 7.933129
2025-12-03 02:05:56,880 - LSTM_BRDWGD - INFO - [EXP] Época 500/500 - Loss: 40.994669
2025-12-03 02:05:56,880 - LSTM_BRDWGD - INFO - Treinamento concluído em 2.75 minutos
2025-12-03 02:05:57,049 - LSTM_BRDWGD - INFO - Calculando erro para o train
2025-12-03 02:05:57,050 - LSTM_BRDWGD - INFO - RMSE: 4.3059
2025-12-03 02:05:57,050 - LSTM_BRDWGD - INFO - MSE : 18.5411
2025-12-03 02:05:57,050 - LSTM_BRDWGD - INFO - MAE : 2.0456
2025-12-03 02:05:57,050 - LSTM_BRDWGD - INFO - CSI (thr=1.0 mm): 0.4286  [TP=1243, FP=1389, FN=268]
2025-12-03 02:05:57,050 - LSTM_BRDWGD - INFO - train_pred TRAIN mm min/max: 0.0, 138.31214904785156
2025-12-03 02:05:57,050 - LSTM_BRDWGD - INFO - train_TRUE TRAIN mm min/max: 0.0, 154.39999389648438
2025-12-03 02:05:57,050 - LSTM_BRDWGD - INFO -  Gerando gráficos TRAIN...
2025-12-03 02:05:57,639 - LSTM_BRDWGD - INFO -  Gráficos gerados TRAIN ...
2025-12-03 02:05:57,639 - LSTM_BRDWGD - INFO - Calculando erro para parte de teste
2025-12-03 02:05:57,640 - LSTM_BRDWGD - INFO - RMSE: 14.6387
2025-12-03 02:05:57,640 - LSTM_BRDWGD - INFO - MSE : 214.2906
2025-12-03 02:05:57,640 - LSTM_BRDWGD - INFO - MAE : 7.9648
2025-12-03 02:05:57,640 - LSTM_BRDWGD - INFO - CSI (thr=1.0 mm): 0.1905  [TP=4, FP=16, FN=1]
2025-12-03 02:05:57,640 - LSTM_BRDWGD - INFO - y_pred mm min/max: 0.0, 32.44351577758789
2025-12-03 02:05:57,640 - LSTM_BRDWGD - INFO - y_TRUE mm min/max: 0.0, 55.400001525878906
2025-12-03 02:05:57,640 - LSTM_BRDWGD - INFO -  Gerando gráficos...
2025-12-03 02:05:57,929 - LSTM_BRDWGD - INFO -  Gráficos gerados...
2025-12-03 02:05:57,930 - LSTM_BRDWGD - INFO - ==========================================================================================
2025-12-03 02:05:57,930 - LSTM_BRDWGD - INFO - Execução finalizada com sucesso.
2025-12-03 02:05:57,930 - LSTM_BRDWGD - INFO - Dispositivo utilizado: cuda
2025-12-03 02:05:57,930 - LSTM_BRDWGD - INFO - ==========================================================================================
2025-12-03 02:06:03,636 - BiLSTM_BRDWGD - INFO - ==========================================================================================
2025-12-03 02:06:03,636 - BiLSTM_BRDWGD - INFO - Iniciando script BILSTM (PyTorch) BRDWGD com suporte a GPU e logs detalhados.
2025-12-03 02:06:03,636 - BiLSTM_BRDWGD - INFO - ==========================================================================================
2025-12-03 02:06:03,636 - BiLSTM_BRDWGD - INFO - Iniciando experimento: lookback=30, hidden_dim=32, layers=2, lr=0.001, drop=0.5
2025-12-03 02:06:03,646 - BiLSTM_BRDWGD - INFO - Shape treino: torch.Size([5863, 30, 6]), teste: torch.Size([30, 30, 6])
2025-12-03 02:06:03,649 - BiLSTM_BRDWGD - INFO - Treinando por 500 épocas...
2025-12-03 02:06:04,257 - BiLSTM_BRDWGD - INFO - [EXP] Época 1/500 - Loss: 98.011498
2025-12-03 02:06:24,929 - BiLSTM_BRDWGD - INFO - [EXP] Época 50/500 - Loss: 72.764844
2025-12-03 02:06:46,261 - BiLSTM_BRDWGD - INFO - [EXP] Época 100/500 - Loss: 53.863175
2025-12-03 02:07:07,594 - BiLSTM_BRDWGD - INFO - [EXP] Época 150/500 - Loss: 46.198105
2025-12-03 02:07:27,997 - BiLSTM_BRDWGD - INFO - [EXP] Época 200/500 - Loss: 35.200750
2025-12-03 02:07:48,302 - BiLSTM_BRDWGD - INFO - [EXP] Época 250/500 - Loss: 32.295453
2025-12-03 02:08:08,606 - BiLSTM_BRDWGD - INFO - [EXP] Época 300/500 - Loss: 28.663073
2025-12-03 02:08:28,912 - BiLSTM_BRDWGD - INFO - [EXP] Época 350/500 - Loss: 22.548770
2025-12-03 02:08:49,427 - BiLSTM_BRDWGD - INFO - [EXP] Época 400/500 - Loss: 20.995608
2025-12-03 02:09:10,456 - BiLSTM_BRDWGD - INFO - [EXP] Época 450/500 - Loss: 18.897656
2025-12-03 02:09:31,257 - BiLSTM_BRDWGD - INFO - [EXP] Época 500/500 - Loss: 17.861174
2025-12-03 02:09:31,257 - BiLSTM_BRDWGD - INFO - Treinamento concluído em 3.46 minutos
2025-12-03 02:09:31,308 - BiLSTM_BRDWGD - INFO - Calculando erro para o train
2025-12-03 02:09:31,309 - BiLSTM_BRDWGD - INFO - RMSE: 3.4343
2025-12-03 02:09:31,309 - BiLSTM_BRDWGD - INFO - MSE : 11.7944
2025-12-03 02:09:31,309 - BiLSTM_BRDWGD - INFO - MAE : 1.6584
2025-12-03 02:09:31,309 - BiLSTM_BRDWGD - INFO - CSI (thr=1.0 mm): 0.4773  [TP=1259, FP=1127, FN=252]
2025-12-03 02:09:31,309 - BiLSTM_BRDWGD - INFO - train_pred TRAIN mm min/max: 0.0, 140.24334716796875
2025-12-03 02:09:31,309 - BiLSTM_BRDWGD - INFO - train_TRUE TRAIN mm min/max: 0.0, 154.39999389648438
2025-12-03 02:09:31,309 - BiLSTM_BRDWGD - INFO -  Gerando gráficos TRAIN...
2025-12-03 02:09:31,800 - BiLSTM_BRDWGD - INFO -  Gráficos gerados TRAIN ...
2025-12-03 02:09:31,800 - BiLSTM_BRDWGD - INFO - Calculando erro para parte de teste
2025-12-03 02:09:31,800 - BiLSTM_BRDWGD - INFO - RMSE: 16.4734
2025-12-03 02:09:31,801 - BiLSTM_BRDWGD - INFO - MSE : 271.3716
2025-12-03 02:09:31,801 - BiLSTM_BRDWGD - INFO - MAE : 9.7159
2025-12-03 02:09:31,801 - BiLSTM_BRDWGD - INFO - CSI (thr=1.0 mm): 0.2353  [TP=4, FP=12, FN=1]
2025-12-03 02:09:31,801 - BiLSTM_BRDWGD - INFO - y_pred mm min/max: 0.0, 32.701622009277344
2025-12-03 02:09:31,801 - BiLSTM_BRDWGD - INFO - y_TRUE mm min/max: 0.0, 55.400001525878906
2025-12-03 02:09:31,801 - BiLSTM_BRDWGD - INFO -  Gerando gráficos...
2025-12-03 02:09:32,092 - BiLSTM_BRDWGD - INFO -  Gráficos gerados...
2025-12-03 02:09:32,092 - BiLSTM_BRDWGD - INFO - ==========================================================================================
2025-12-03 02:09:32,092 - BiLSTM_BRDWGD - INFO - Execução finalizada com sucesso.
2025-12-03 02:09:32,092 - BiLSTM_BRDWGD - INFO - Dispositivo utilizado: cuda
2025-12-03 02:09:32,092 - BiLSTM_BRDWGD - INFO - ==========================================================================================
2025-12-03 02:09:38,140 - LSTM_BRDWGD - INFO - ==========================================================================================
2025-12-03 02:09:38,140 - LSTM_BRDWGD - INFO - Iniciando script LSTM (PyTorch) BRDWGD com suporte a GPU e logs detalhados.
2025-12-03 02:09:38,141 - LSTM_BRDWGD - INFO - ==========================================================================================
2025-12-03 02:09:38,141 - LSTM_BRDWGD - INFO - Iniciando experimento: lookback=30, hidden_dim=64, layers=2, lr=0.001, drop=0.5
2025-12-03 02:09:38,149 - LSTM_BRDWGD - INFO - Shape treino: torch.Size([5863, 30, 6]), teste: torch.Size([30, 30, 6])
2025-12-03 02:09:38,150 - LSTM_BRDWGD - INFO - Treinando por 500 épocas...
2025-12-03 02:09:38,478 - LSTM_BRDWGD - INFO - [EXP] Época 1/500 - Loss: 97.727564
2025-12-03 02:09:53,654 - LSTM_BRDWGD - INFO - [EXP] Época 50/500 - Loss: 59.504297
2025-12-03 02:10:09,102 - LSTM_BRDWGD - INFO - [EXP] Época 100/500 - Loss: 34.271924
2025-12-03 02:10:25,208 - LSTM_BRDWGD - INFO - [EXP] Época 150/500 - Loss: 16.040455
2025-12-03 02:10:41,312 - LSTM_BRDWGD - INFO - [EXP] Época 200/500 - Loss: 8.002539
2025-12-03 02:10:57,504 - LSTM_BRDWGD - INFO - [EXP] Época 250/500 - Loss: 3.767434
2025-12-03 02:11:13,683 - LSTM_BRDWGD - INFO - [EXP] Época 300/500 - Loss: 14.303535
2025-12-03 02:11:29,430 - LSTM_BRDWGD - INFO - [EXP] Época 350/500 - Loss: 1.696303
2025-12-03 02:11:44,842 - LSTM_BRDWGD - INFO - [EXP] Época 400/500 - Loss: 2.308593
2025-12-03 02:12:00,254 - LSTM_BRDWGD - INFO - [EXP] Época 450/500 - Loss: 0.773922
2025-12-03 02:12:15,660 - LSTM_BRDWGD - INFO - [EXP] Época 500/500 - Loss: 0.723522
2025-12-03 02:12:15,661 - LSTM_BRDWGD - INFO - Treinamento concluído em 2.63 minutos
2025-12-03 02:12:15,705 - LSTM_BRDWGD - INFO - Calculando erro para o train
2025-12-03 02:12:15,705 - LSTM_BRDWGD - INFO - RMSE: 0.4653
2025-12-03 02:12:15,705 - LSTM_BRDWGD - INFO - MSE : 0.2165
2025-12-03 02:12:15,705 - LSTM_BRDWGD - INFO - MAE : 0.2776
2025-12-03 02:12:15,705 - LSTM_BRDWGD - INFO - CSI (thr=1.0 mm): 0.8485  [TP=1428, FP=172, FN=83]
2025-12-03 02:12:15,706 - LSTM_BRDWGD - INFO - train_pred TRAIN mm min/max: 0.0, 151.32669067382812
2025-12-03 02:12:15,706 - LSTM_BRDWGD - INFO - train_TRUE TRAIN mm min/max: 0.0, 154.39999389648438
2025-12-03 02:12:15,706 - LSTM_BRDWGD - INFO -  Gerando gráficos TRAIN...
2025-12-03 02:12:16,119 - LSTM_BRDWGD - INFO -  Gráficos gerados TRAIN ...
2025-12-03 02:12:16,119 - LSTM_BRDWGD - INFO - Calculando erro para parte de teste
2025-12-03 02:12:16,120 - LSTM_BRDWGD - INFO - RMSE: 14.0634
2025-12-03 02:12:16,120 - LSTM_BRDWGD - INFO - MSE : 197.7801
2025-12-03 02:12:16,120 - LSTM_BRDWGD - INFO - MAE : 7.4256
2025-12-03 02:12:16,120 - LSTM_BRDWGD - INFO - CSI (thr=1.0 mm): 0.1667  [TP=3, FP=13, FN=2]
2025-12-03 02:12:16,120 - LSTM_BRDWGD - INFO - y_pred mm min/max: 0.0, 19.47041130065918
2025-12-03 02:12:16,120 - LSTM_BRDWGD - INFO - y_TRUE mm min/max: 0.0, 55.400001525878906
2025-12-03 02:12:16,120 - LSTM_BRDWGD - INFO -  Gerando gráficos...
2025-12-03 02:12:16,415 - LSTM_BRDWGD - INFO -  Gráficos gerados...
2025-12-03 02:12:16,416 - LSTM_BRDWGD - INFO - ==========================================================================================
2025-12-03 02:12:16,416 - LSTM_BRDWGD - INFO - Execução finalizada com sucesso.
2025-12-03 02:12:16,416 - LSTM_BRDWGD - INFO - Dispositivo utilizado: cuda
2025-12-03 02:12:16,416 - LSTM_BRDWGD - INFO - ==========================================================================================
2025-12-03 02:12:22,078 - BiLSTM_BRDWGD - INFO - ==========================================================================================
2025-12-03 02:12:22,079 - BiLSTM_BRDWGD - INFO - Iniciando script BILSTM (PyTorch) BRDWGD com suporte a GPU e logs detalhados.
2025-12-03 02:12:22,079 - BiLSTM_BRDWGD - INFO - ==========================================================================================
2025-12-03 02:12:22,079 - BiLSTM_BRDWGD - INFO - Iniciando experimento: lookback=30, hidden_dim=64, layers=2, lr=0.001, drop=0.5
2025-12-03 02:12:22,089 - BiLSTM_BRDWGD - INFO - Shape treino: torch.Size([5863, 30, 6]), teste: torch.Size([30, 30, 6])
2025-12-03 02:12:22,092 - BiLSTM_BRDWGD - INFO - Treinando por 500 épocas...
2025-12-03 02:12:22,571 - BiLSTM_BRDWGD - INFO - [EXP] Época 1/500 - Loss: 95.696367
2025-12-03 02:12:42,568 - BiLSTM_BRDWGD - INFO - [EXP] Época 50/500 - Loss: 62.842833
2025-12-03 02:13:02,971 - BiLSTM_BRDWGD - INFO - [EXP] Época 100/500 - Loss: 46.136801
2025-12-03 02:13:23,375 - BiLSTM_BRDWGD - INFO - [EXP] Época 150/500 - Loss: 32.148506
2025-12-03 02:13:43,925 - BiLSTM_BRDWGD - INFO - [EXP] Época 200/500 - Loss: 19.022796
2025-12-03 02:14:05,145 - BiLSTM_BRDWGD - INFO - [EXP] Época 250/500 - Loss: 15.151470
2025-12-03 02:14:26,632 - BiLSTM_BRDWGD - INFO - [EXP] Época 300/500 - Loss: 12.891357
2025-12-03 02:14:48,201 - BiLSTM_BRDWGD - INFO - [EXP] Época 350/500 - Loss: 10.175286
2025-12-03 02:15:09,739 - BiLSTM_BRDWGD - INFO - [EXP] Época 400/500 - Loss: 9.154233
2025-12-03 02:15:31,045 - BiLSTM_BRDWGD - INFO - [EXP] Época 450/500 - Loss: 9.379755
2025-12-03 02:15:52,182 - BiLSTM_BRDWGD - INFO - [EXP] Época 500/500 - Loss: 6.606544
2025-12-03 02:15:52,182 - BiLSTM_BRDWGD - INFO - Treinamento concluído em 3.50 minutos
2025-12-03 02:15:52,256 - BiLSTM_BRDWGD - INFO - Calculando erro para o train
2025-12-03 02:15:52,257 - BiLSTM_BRDWGD - INFO - RMSE: 1.8404
2025-12-03 02:15:52,257 - BiLSTM_BRDWGD - INFO - MSE : 3.3870
2025-12-03 02:15:52,257 - BiLSTM_BRDWGD - INFO - MAE : 0.8523
2025-12-03 02:15:52,257 - BiLSTM_BRDWGD - INFO - CSI (thr=1.0 mm): 0.6081  [TP=1235, FP=520, FN=276]
2025-12-03 02:15:52,257 - BiLSTM_BRDWGD - INFO - train_pred TRAIN mm min/max: 0.0, 146.8766326904297
2025-12-03 02:15:52,257 - BiLSTM_BRDWGD - INFO - train_TRUE TRAIN mm min/max: 0.0, 154.39999389648438
2025-12-03 02:15:52,257 - BiLSTM_BRDWGD - INFO -  Gerando gráficos TRAIN...
2025-12-03 02:15:52,681 - BiLSTM_BRDWGD - INFO -  Gráficos gerados TRAIN ...
2025-12-03 02:15:52,682 - BiLSTM_BRDWGD - INFO - Calculando erro para parte de teste
2025-12-03 02:15:52,682 - BiLSTM_BRDWGD - INFO - RMSE: 16.7229
2025-12-03 02:15:52,682 - BiLSTM_BRDWGD - INFO - MSE : 279.6562
2025-12-03 02:15:52,682 - BiLSTM_BRDWGD - INFO - MAE : 9.8848
2025-12-03 02:15:52,683 - BiLSTM_BRDWGD - INFO - CSI (thr=1.0 mm): 0.1500  [TP=3, FP=15, FN=2]
2025-12-03 02:15:52,683 - BiLSTM_BRDWGD - INFO - y_pred mm min/max: 0.0, 49.467960357666016
2025-12-03 02:15:52,683 - BiLSTM_BRDWGD - INFO - y_TRUE mm min/max: 0.0, 55.400001525878906
2025-12-03 02:15:52,683 - BiLSTM_BRDWGD - INFO -  Gerando gráficos...
2025-12-03 02:15:52,938 - BiLSTM_BRDWGD - INFO -  Gráficos gerados...
2025-12-03 02:15:52,938 - BiLSTM_BRDWGD - INFO - ==========================================================================================
2025-12-03 02:15:52,938 - BiLSTM_BRDWGD - INFO - Execução finalizada com sucesso.
2025-12-03 02:15:52,938 - BiLSTM_BRDWGD - INFO - Dispositivo utilizado: cuda
2025-12-03 02:15:52,938 - BiLSTM_BRDWGD - INFO - ==========================================================================================
2025-12-03 02:15:59,019 - LSTM_BRDWGD - INFO - ==========================================================================================
2025-12-03 02:15:59,020 - LSTM_BRDWGD - INFO - Iniciando script LSTM (PyTorch) BRDWGD com suporte a GPU e logs detalhados.
2025-12-03 02:15:59,020 - LSTM_BRDWGD - INFO - ==========================================================================================
2025-12-03 02:15:59,020 - LSTM_BRDWGD - INFO - Iniciando experimento: lookback=30, hidden_dim=128, layers=2, lr=0.001, drop=0.5
2025-12-03 02:15:59,030 - LSTM_BRDWGD - INFO - Shape treino: torch.Size([5863, 30, 6]), teste: torch.Size([30, 30, 6])
2025-12-03 02:15:59,032 - LSTM_BRDWGD - INFO - Treinando por 500 épocas...
2025-12-03 02:15:59,375 - LSTM_BRDWGD - INFO - [EXP] Época 1/500 - Loss: 94.968901
2025-12-03 02:16:15,236 - LSTM_BRDWGD - INFO - [EXP] Época 50/500 - Loss: 59.109005
2025-12-03 02:16:31,425 - LSTM_BRDWGD - INFO - [EXP] Época 100/500 - Loss: 26.588897
2025-12-03 02:16:47,779 - LSTM_BRDWGD - INFO - [EXP] Época 150/500 - Loss: 9.719503
2025-12-03 02:17:04,130 - LSTM_BRDWGD - INFO - [EXP] Época 200/500 - Loss: 4.051258
2025-12-03 02:17:20,487 - LSTM_BRDWGD - INFO - [EXP] Época 250/500 - Loss: 2.219483
2025-12-03 02:17:36,911 - LSTM_BRDWGD - INFO - [EXP] Época 300/500 - Loss: 2.381158
2025-12-03 02:17:53,417 - LSTM_BRDWGD - INFO - [EXP] Época 350/500 - Loss: 0.992380
2025-12-03 02:18:09,928 - LSTM_BRDWGD - INFO - [EXP] Época 400/500 - Loss: 0.712104
2025-12-03 02:18:26,439 - LSTM_BRDWGD - INFO - [EXP] Época 450/500 - Loss: 0.614608
2025-12-03 02:18:42,909 - LSTM_BRDWGD - INFO - [EXP] Época 500/500 - Loss: 1.209302
2025-12-03 02:18:42,909 - LSTM_BRDWGD - INFO - Treinamento concluído em 2.73 minutos
2025-12-03 02:18:43,007 - LSTM_BRDWGD - INFO - Calculando erro para o train
2025-12-03 02:18:43,008 - LSTM_BRDWGD - INFO - RMSE: 0.6237
2025-12-03 02:18:43,008 - LSTM_BRDWGD - INFO - MSE : 0.3891
2025-12-03 02:18:43,008 - LSTM_BRDWGD - INFO - MAE : 0.3537
2025-12-03 02:18:43,008 - LSTM_BRDWGD - INFO - CSI (thr=1.0 mm): 0.7941  [TP=1388, FP=237, FN=123]
2025-12-03 02:18:43,008 - LSTM_BRDWGD - INFO - train_pred TRAIN mm min/max: 0.0, 154.29405212402344
2025-12-03 02:18:43,008 - LSTM_BRDWGD - INFO - train_TRUE TRAIN mm min/max: 0.0, 154.39999389648438
2025-12-03 02:18:43,008 - LSTM_BRDWGD - INFO -  Gerando gráficos TRAIN...
2025-12-03 02:18:43,450 - LSTM_BRDWGD - INFO -  Gráficos gerados TRAIN ...
2025-12-03 02:18:43,450 - LSTM_BRDWGD - INFO - Calculando erro para parte de teste
2025-12-03 02:18:43,451 - LSTM_BRDWGD - INFO - RMSE: 16.0835
2025-12-03 02:18:43,451 - LSTM_BRDWGD - INFO - MSE : 258.6801
2025-12-03 02:18:43,451 - LSTM_BRDWGD - INFO - MAE : 8.1943
2025-12-03 02:18:43,451 - LSTM_BRDWGD - INFO - CSI (thr=1.0 mm): 0.1053  [TP=2, FP=14, FN=3]
2025-12-03 02:18:43,451 - LSTM_BRDWGD - INFO - y_pred mm min/max: 0.0, 35.275306701660156
2025-12-03 02:18:43,451 - LSTM_BRDWGD - INFO - y_TRUE mm min/max: 0.0, 55.400001525878906
2025-12-03 02:18:43,451 - LSTM_BRDWGD - INFO -  Gerando gráficos...
2025-12-03 02:18:43,746 - LSTM_BRDWGD - INFO -  Gráficos gerados...
2025-12-03 02:18:43,746 - LSTM_BRDWGD - INFO - ==========================================================================================
2025-12-03 02:18:43,746 - LSTM_BRDWGD - INFO - Execução finalizada com sucesso.
2025-12-03 02:18:43,746 - LSTM_BRDWGD - INFO - Dispositivo utilizado: cuda
2025-12-03 02:18:43,746 - LSTM_BRDWGD - INFO - ==========================================================================================
2025-12-03 02:18:49,258 - BiLSTM_BRDWGD - INFO - ==========================================================================================
2025-12-03 02:18:49,258 - BiLSTM_BRDWGD - INFO - Iniciando script BILSTM (PyTorch) BRDWGD com suporte a GPU e logs detalhados.
2025-12-03 02:18:49,259 - BiLSTM_BRDWGD - INFO - ==========================================================================================
2025-12-03 02:18:49,259 - BiLSTM_BRDWGD - INFO - Iniciando experimento: lookback=30, hidden_dim=128, layers=2, lr=0.001, drop=0.5
2025-12-03 02:18:49,268 - BiLSTM_BRDWGD - INFO - Shape treino: torch.Size([5863, 30, 6]), teste: torch.Size([30, 30, 6])
2025-12-03 02:18:49,272 - BiLSTM_BRDWGD - INFO - Treinando por 500 épocas...
2025-12-03 02:18:49,727 - BiLSTM_BRDWGD - INFO - [EXP] Época 1/500 - Loss: 94.468197
2025-12-03 02:19:11,297 - BiLSTM_BRDWGD - INFO - [EXP] Época 50/500 - Loss: 54.420241
2025-12-03 02:19:33,343 - BiLSTM_BRDWGD - INFO - [EXP] Época 100/500 - Loss: 26.260490
2025-12-03 02:19:55,307 - BiLSTM_BRDWGD - INFO - [EXP] Época 150/500 - Loss: 16.765381
2025-12-03 02:20:17,194 - BiLSTM_BRDWGD - INFO - [EXP] Época 200/500 - Loss: 10.668405
2025-12-03 02:20:39,076 - BiLSTM_BRDWGD - INFO - [EXP] Época 250/500 - Loss: 7.450135
2025-12-03 02:21:00,976 - BiLSTM_BRDWGD - INFO - [EXP] Época 300/500 - Loss: 6.778264
2025-12-03 02:21:22,912 - BiLSTM_BRDWGD - INFO - [EXP] Época 350/500 - Loss: 18.794276
2025-12-03 02:21:44,794 - BiLSTM_BRDWGD - INFO - [EXP] Época 400/500 - Loss: 5.112586
2025-12-03 02:22:06,678 - BiLSTM_BRDWGD - INFO - [EXP] Época 450/500 - Loss: 5.757391
2025-12-03 02:22:28,565 - BiLSTM_BRDWGD - INFO - [EXP] Época 500/500 - Loss: 5.273724
2025-12-03 02:22:28,566 - BiLSTM_BRDWGD - INFO - Treinamento concluído em 3.65 minutos
2025-12-03 02:22:28,750 - BiLSTM_BRDWGD - INFO - Calculando erro para o train
2025-12-03 02:22:28,751 - BiLSTM_BRDWGD - INFO - RMSE: 1.5161
2025-12-03 02:22:28,751 - BiLSTM_BRDWGD - INFO - MSE : 2.2987
2025-12-03 02:22:28,751 - BiLSTM_BRDWGD - INFO - MAE : 0.6978
2025-12-03 02:22:28,751 - BiLSTM_BRDWGD - INFO - CSI (thr=1.0 mm): 0.6771  [TP=1233, FP=310, FN=278]
2025-12-03 02:22:28,751 - BiLSTM_BRDWGD - INFO - train_pred TRAIN mm min/max: 0.0, 152.13406372070312
2025-12-03 02:22:28,751 - BiLSTM_BRDWGD - INFO - train_TRUE TRAIN mm min/max: 0.0, 154.39999389648438
2025-12-03 02:22:28,751 - BiLSTM_BRDWGD - INFO -  Gerando gráficos TRAIN...
2025-12-03 02:22:29,178 - BiLSTM_BRDWGD - INFO -  Gráficos gerados TRAIN ...
2025-12-03 02:22:29,219 - BiLSTM_BRDWGD - INFO - Calculando erro para parte de teste
2025-12-03 02:22:29,220 - BiLSTM_BRDWGD - INFO - RMSE: 13.9064
2025-12-03 02:22:29,220 - BiLSTM_BRDWGD - INFO - MSE : 193.3881
2025-12-03 02:22:29,220 - BiLSTM_BRDWGD - INFO - MAE : 6.6375
2025-12-03 02:22:29,220 - BiLSTM_BRDWGD - INFO - CSI (thr=1.0 mm): 0.1875  [TP=3, FP=11, FN=2]
2025-12-03 02:22:29,221 - BiLSTM_BRDWGD - INFO - y_pred mm min/max: 0.0, 20.73549461364746
2025-12-03 02:22:29,221 - BiLSTM_BRDWGD - INFO - y_TRUE mm min/max: 0.0, 55.400001525878906
2025-12-03 02:22:29,221 - BiLSTM_BRDWGD - INFO -  Gerando gráficos...
2025-12-03 02:22:29,519 - BiLSTM_BRDWGD - INFO -  Gráficos gerados...
2025-12-03 02:22:29,519 - BiLSTM_BRDWGD - INFO - ==========================================================================================
2025-12-03 02:22:29,519 - BiLSTM_BRDWGD - INFO - Execução finalizada com sucesso.
2025-12-03 02:22:29,519 - BiLSTM_BRDWGD - INFO - Dispositivo utilizado: cuda
2025-12-03 02:22:29,519 - BiLSTM_BRDWGD - INFO - ==========================================================================================
2025-12-03 02:22:35,593 - LSTM_BRDWGD - INFO - ==========================================================================================
2025-12-03 02:22:35,593 - LSTM_BRDWGD - INFO - Iniciando script LSTM (PyTorch) BRDWGD com suporte a GPU e logs detalhados.
2025-12-03 02:22:35,593 - LSTM_BRDWGD - INFO - ==========================================================================================
2025-12-03 02:22:35,594 - LSTM_BRDWGD - INFO - Iniciando experimento: lookback=30, hidden_dim=256, layers=2, lr=0.001, drop=0.5
2025-12-03 02:22:35,603 - LSTM_BRDWGD - INFO - Shape treino: torch.Size([5863, 30, 6]), teste: torch.Size([30, 30, 6])
2025-12-03 02:22:35,610 - LSTM_BRDWGD - INFO - Treinando por 500 épocas...
2025-12-03 02:22:36,252 - LSTM_BRDWGD - INFO - [EXP] Época 1/500 - Loss: 94.868903
2025-12-03 02:23:05,924 - LSTM_BRDWGD - INFO - [EXP] Época 50/500 - Loss: 55.009893
2025-12-03 02:23:32,452 - LSTM_BRDWGD - INFO - [EXP] Época 100/500 - Loss: 27.332349
2025-12-03 02:23:59,078 - LSTM_BRDWGD - INFO - [EXP] Época 150/500 - Loss: 4.899348
2025-12-03 02:24:25,966 - LSTM_BRDWGD - INFO - [EXP] Época 200/500 - Loss: 2.019947
2025-12-03 02:24:52,857 - LSTM_BRDWGD - INFO - [EXP] Época 250/500 - Loss: 0.940867
2025-12-03 02:25:19,674 - LSTM_BRDWGD - INFO - [EXP] Época 300/500 - Loss: 11.506583
2025-12-03 02:25:46,341 - LSTM_BRDWGD - INFO - [EXP] Época 350/500 - Loss: 0.449075
2025-12-03 02:26:13,143 - LSTM_BRDWGD - INFO - [EXP] Época 400/500 - Loss: 2.455836
2025-12-03 02:26:40,058 - LSTM_BRDWGD - INFO - [EXP] Época 450/500 - Loss: 0.564553
2025-12-03 02:27:06,980 - LSTM_BRDWGD - INFO - [EXP] Época 500/500 - Loss: 0.352211
2025-12-03 02:27:06,980 - LSTM_BRDWGD - INFO - Treinamento concluído em 4.52 minutos
2025-12-03 02:27:07,115 - LSTM_BRDWGD - INFO - Calculando erro para o train
2025-12-03 02:27:07,115 - LSTM_BRDWGD - INFO - RMSE: 0.3506
2025-12-03 02:27:07,115 - LSTM_BRDWGD - INFO - MSE : 0.1229
2025-12-03 02:27:07,115 - LSTM_BRDWGD - INFO - MAE : 0.1902
2025-12-03 02:27:07,116 - LSTM_BRDWGD - INFO - CSI (thr=1.0 mm): 0.9408  [TP=1446, FP=26, FN=65]
2025-12-03 02:27:07,116 - LSTM_BRDWGD - INFO - train_pred TRAIN mm min/max: 0.0, 155.5812225341797
2025-12-03 02:27:07,116 - LSTM_BRDWGD - INFO - train_TRUE TRAIN mm min/max: 0.0, 154.39999389648438
2025-12-03 02:27:07,116 - LSTM_BRDWGD - INFO -  Gerando gráficos TRAIN...
2025-12-03 02:27:07,487 - LSTM_BRDWGD - INFO -  Gráficos gerados TRAIN ...
2025-12-03 02:27:07,487 - LSTM_BRDWGD - INFO - Calculando erro para parte de teste
2025-12-03 02:27:07,488 - LSTM_BRDWGD - INFO - RMSE: 15.8453
2025-12-03 02:27:07,488 - LSTM_BRDWGD - INFO - MSE : 251.0751
2025-12-03 02:27:07,488 - LSTM_BRDWGD - INFO - MAE : 9.1842
2025-12-03 02:27:07,488 - LSTM_BRDWGD - INFO - CSI (thr=1.0 mm): 0.2000  [TP=4, FP=15, FN=1]
2025-12-03 02:27:07,488 - LSTM_BRDWGD - INFO - y_pred mm min/max: 0.0, 38.255592346191406
2025-12-03 02:27:07,488 - LSTM_BRDWGD - INFO - y_TRUE mm min/max: 0.0, 55.400001525878906
2025-12-03 02:27:07,488 - LSTM_BRDWGD - INFO -  Gerando gráficos...
2025-12-03 02:27:07,797 - LSTM_BRDWGD - INFO -  Gráficos gerados...
2025-12-03 02:27:07,797 - LSTM_BRDWGD - INFO - ==========================================================================================
2025-12-03 02:27:07,797 - LSTM_BRDWGD - INFO - Execução finalizada com sucesso.
2025-12-03 02:27:07,797 - LSTM_BRDWGD - INFO - Dispositivo utilizado: cuda
2025-12-03 02:27:07,797 - LSTM_BRDWGD - INFO - ==========================================================================================
2025-12-03 02:27:13,489 - BiLSTM_BRDWGD - INFO - ==========================================================================================
2025-12-03 02:27:13,489 - BiLSTM_BRDWGD - INFO - Iniciando script BILSTM (PyTorch) BRDWGD com suporte a GPU e logs detalhados.
2025-12-03 02:27:13,489 - BiLSTM_BRDWGD - INFO - ==========================================================================================
2025-12-03 02:27:13,489 - BiLSTM_BRDWGD - INFO - Iniciando experimento: lookback=30, hidden_dim=256, layers=2, lr=0.001, drop=0.5
2025-12-03 02:27:13,499 - BiLSTM_BRDWGD - INFO - Shape treino: torch.Size([5863, 30, 6]), teste: torch.Size([30, 30, 6])
2025-12-03 02:27:13,509 - BiLSTM_BRDWGD - INFO - Treinando por 500 épocas...
2025-12-03 02:27:14,362 - BiLSTM_BRDWGD - INFO - [EXP] Época 1/500 - Loss: 93.354156
2025-12-03 02:27:56,079 - BiLSTM_BRDWGD - INFO - [EXP] Época 50/500 - Loss: 46.512680
2025-12-03 02:28:38,658 - BiLSTM_BRDWGD - INFO - [EXP] Época 100/500 - Loss: 19.430974
2025-12-03 02:29:21,276 - BiLSTM_BRDWGD - INFO - [EXP] Época 150/500 - Loss: 8.350790
2025-12-03 02:30:04,019 - BiLSTM_BRDWGD - INFO - [EXP] Época 200/500 - Loss: 5.281415
2025-12-03 02:30:46,848 - BiLSTM_BRDWGD - INFO - [EXP] Época 250/500 - Loss: 10.189659
2025-12-03 02:31:30,193 - BiLSTM_BRDWGD - INFO - [EXP] Época 300/500 - Loss: 3.619475
2025-12-03 02:32:13,499 - BiLSTM_BRDWGD - INFO - [EXP] Época 350/500 - Loss: 3.834677
2025-12-03 02:32:56,810 - BiLSTM_BRDWGD - INFO - [EXP] Época 400/500 - Loss: 3.039389
2025-12-03 02:33:39,931 - BiLSTM_BRDWGD - INFO - [EXP] Época 450/500 - Loss: 3.021605
2025-12-03 02:34:22,539 - BiLSTM_BRDWGD - INFO - [EXP] Época 500/500 - Loss: 3.277402
2025-12-03 02:34:22,539 - BiLSTM_BRDWGD - INFO - Treinamento concluído em 7.15 minutos
2025-12-03 02:34:22,782 - BiLSTM_BRDWGD - INFO - Calculando erro para o train
2025-12-03 02:34:22,783 - BiLSTM_BRDWGD - INFO - RMSE: 1.1829
2025-12-03 02:34:22,783 - BiLSTM_BRDWGD - INFO - MSE : 1.3992
2025-12-03 02:34:22,783 - BiLSTM_BRDWGD - INFO - MAE : 0.4928
2025-12-03 02:34:22,783 - BiLSTM_BRDWGD - INFO - CSI (thr=1.0 mm): 0.7872  [TP=1324, FP=171, FN=187]
2025-12-03 02:34:22,783 - BiLSTM_BRDWGD - INFO - train_pred TRAIN mm min/max: 0.0, 154.44851684570312
2025-12-03 02:34:22,783 - BiLSTM_BRDWGD - INFO - train_TRUE TRAIN mm min/max: 0.0, 154.39999389648438
2025-12-03 02:34:22,783 - BiLSTM_BRDWGD - INFO -  Gerando gráficos TRAIN...
2025-12-03 02:34:23,185 - BiLSTM_BRDWGD - INFO -  Gráficos gerados TRAIN ...
2025-12-03 02:34:23,185 - BiLSTM_BRDWGD - INFO - Calculando erro para parte de teste
2025-12-03 02:34:23,186 - BiLSTM_BRDWGD - INFO - RMSE: 13.8703
2025-12-03 02:34:23,186 - BiLSTM_BRDWGD - INFO - MSE : 192.3843
2025-12-03 02:34:23,186 - BiLSTM_BRDWGD - INFO - MAE : 7.8444
2025-12-03 02:34:23,186 - BiLSTM_BRDWGD - INFO - CSI (thr=1.0 mm): 0.1765  [TP=3, FP=12, FN=2]
2025-12-03 02:34:23,186 - BiLSTM_BRDWGD - INFO - y_pred mm min/max: 0.0, 16.758258819580078
2025-12-03 02:34:23,186 - BiLSTM_BRDWGD - INFO - y_TRUE mm min/max: 0.0, 55.400001525878906
2025-12-03 02:34:23,186 - BiLSTM_BRDWGD - INFO -  Gerando gráficos...
2025-12-03 02:34:23,506 - BiLSTM_BRDWGD - INFO -  Gráficos gerados...
2025-12-03 02:34:23,506 - BiLSTM_BRDWGD - INFO - ==========================================================================================
2025-12-03 02:34:23,506 - BiLSTM_BRDWGD - INFO - Execução finalizada com sucesso.
2025-12-03 02:34:23,506 - BiLSTM_BRDWGD - INFO - Dispositivo utilizado: cuda
2025-12-03 02:34:23,506 - BiLSTM_BRDWGD - INFO - ==========================================================================================
2025-12-03 02:34:29,623 - LSTM_BRDWGD - INFO - ==========================================================================================
2025-12-03 02:34:29,624 - LSTM_BRDWGD - INFO - Iniciando script LSTM (PyTorch) BRDWGD com suporte a GPU e logs detalhados.
2025-12-03 02:34:29,624 - LSTM_BRDWGD - INFO - ==========================================================================================
2025-12-03 02:34:29,624 - LSTM_BRDWGD - INFO - Iniciando experimento: lookback=30, hidden_dim=32, layers=2, lr=0.001, drop=0.5
2025-12-03 02:34:29,634 - LSTM_BRDWGD - INFO - Shape treino: torch.Size([5863, 30, 6]), teste: torch.Size([30, 30, 6])
2025-12-03 02:34:29,635 - LSTM_BRDWGD - INFO - Treinando por 500 épocas...
2025-12-03 02:34:29,966 - LSTM_BRDWGD - INFO - [EXP] Época 1/500 - Loss: 98.296425
2025-12-03 02:34:46,051 - LSTM_BRDWGD - INFO - [EXP] Época 50/500 - Loss: 68.493943
2025-12-03 02:35:02,692 - LSTM_BRDWGD - INFO - [EXP] Época 100/500 - Loss: 49.766710
2025-12-03 02:35:19,296 - LSTM_BRDWGD - INFO - [EXP] Época 150/500 - Loss: 27.571457
2025-12-03 02:35:35,634 - LSTM_BRDWGD - INFO - [EXP] Época 200/500 - Loss: 20.777626
2025-12-03 02:35:51,921 - LSTM_BRDWGD - INFO - [EXP] Época 250/500 - Loss: 17.274369
2025-12-03 02:36:08,243 - LSTM_BRDWGD - INFO - [EXP] Época 300/500 - Loss: 15.161883
2025-12-03 02:36:24,536 - LSTM_BRDWGD - INFO - [EXP] Época 350/500 - Loss: 10.683044
2025-12-03 02:36:40,911 - LSTM_BRDWGD - INFO - [EXP] Época 400/500 - Loss: 8.749303
2025-12-03 02:36:57,078 - LSTM_BRDWGD - INFO - [EXP] Época 450/500 - Loss: 7.652820
2025-12-03 02:37:13,111 - LSTM_BRDWGD - INFO - [EXP] Época 500/500 - Loss: 13.449752
2025-12-03 02:37:13,111 - LSTM_BRDWGD - INFO - Treinamento concluído em 2.72 minutos
2025-12-03 02:37:13,154 - LSTM_BRDWGD - INFO - Calculando erro para o train
2025-12-03 02:37:13,155 - LSTM_BRDWGD - INFO - RMSE: 3.3934
2025-12-03 02:37:13,155 - LSTM_BRDWGD - INFO - MSE : 11.5154
2025-12-03 02:37:13,155 - LSTM_BRDWGD - INFO - MAE : 1.6712
2025-12-03 02:37:13,155 - LSTM_BRDWGD - INFO - CSI (thr=1.0 mm): 0.4463  [TP=1285, FP=1368, FN=226]
2025-12-03 02:37:13,155 - LSTM_BRDWGD - INFO - train_pred TRAIN mm min/max: 0.0, 137.4795684814453
2025-12-03 02:37:13,155 - LSTM_BRDWGD - INFO - train_TRUE TRAIN mm min/max: 0.0, 154.39999389648438
2025-12-03 02:37:13,155 - LSTM_BRDWGD - INFO -  Gerando gráficos TRAIN...
2025-12-03 02:37:13,636 - LSTM_BRDWGD - INFO -  Gráficos gerados TRAIN ...
2025-12-03 02:37:13,636 - LSTM_BRDWGD - INFO - Calculando erro para parte de teste
2025-12-03 02:37:13,637 - LSTM_BRDWGD - INFO - RMSE: 16.1370
2025-12-03 02:37:13,637 - LSTM_BRDWGD - INFO - MSE : 260.4015
2025-12-03 02:37:13,637 - LSTM_BRDWGD - INFO - MAE : 9.4770
2025-12-03 02:37:13,637 - LSTM_BRDWGD - INFO - CSI (thr=1.0 mm): 0.1667  [TP=4, FP=19, FN=1]
2025-12-03 02:37:13,637 - LSTM_BRDWGD - INFO - y_pred mm min/max: 0.0, 33.43267822265625
2025-12-03 02:37:13,637 - LSTM_BRDWGD - INFO - y_TRUE mm min/max: 0.0, 55.400001525878906
2025-12-03 02:37:13,637 - LSTM_BRDWGD - INFO -  Gerando gráficos...
2025-12-03 02:37:13,957 - LSTM_BRDWGD - INFO -  Gráficos gerados...
2025-12-03 02:37:13,957 - LSTM_BRDWGD - INFO - ==========================================================================================
2025-12-03 02:37:13,957 - LSTM_BRDWGD - INFO - Execução finalizada com sucesso.
2025-12-03 02:37:13,957 - LSTM_BRDWGD - INFO - Dispositivo utilizado: cuda
2025-12-03 02:37:13,957 - LSTM_BRDWGD - INFO - ==========================================================================================
2025-12-03 02:37:19,590 - BiLSTM_BRDWGD - INFO - ==========================================================================================
2025-12-03 02:37:19,590 - BiLSTM_BRDWGD - INFO - Iniciando script BILSTM (PyTorch) BRDWGD com suporte a GPU e logs detalhados.
2025-12-03 02:37:19,591 - BiLSTM_BRDWGD - INFO - ==========================================================================================
2025-12-03 02:37:19,591 - BiLSTM_BRDWGD - INFO - Iniciando experimento: lookback=30, hidden_dim=32, layers=2, lr=0.001, drop=0.5
2025-12-03 02:37:19,600 - BiLSTM_BRDWGD - INFO - Shape treino: torch.Size([5863, 30, 6]), teste: torch.Size([30, 30, 6])
2025-12-03 02:37:19,603 - BiLSTM_BRDWGD - INFO - Treinando por 500 épocas...
2025-12-03 02:37:20,026 - BiLSTM_BRDWGD - INFO - [EXP] Época 1/500 - Loss: 97.085287
2025-12-03 02:37:41,017 - BiLSTM_BRDWGD - INFO - [EXP] Época 50/500 - Loss: 70.231235
2025-12-03 02:38:02,635 - BiLSTM_BRDWGD - INFO - [EXP] Época 100/500 - Loss: 48.802829
2025-12-03 02:38:24,225 - BiLSTM_BRDWGD - INFO - [EXP] Época 150/500 - Loss: 38.027697
2025-12-03 02:38:45,575 - BiLSTM_BRDWGD - INFO - [EXP] Época 200/500 - Loss: 31.814202
2025-12-03 02:39:06,915 - BiLSTM_BRDWGD - INFO - [EXP] Época 250/500 - Loss: 29.311694
2025-12-03 02:39:28,288 - BiLSTM_BRDWGD - INFO - [EXP] Época 300/500 - Loss: 27.089538
2025-12-03 02:39:49,639 - BiLSTM_BRDWGD - INFO - [EXP] Época 350/500 - Loss: 26.500401
2025-12-03 02:40:10,639 - BiLSTM_BRDWGD - INFO - [EXP] Época 400/500 - Loss: 20.586009
2025-12-03 02:40:31,644 - BiLSTM_BRDWGD - INFO - [EXP] Época 450/500 - Loss: 19.346873
2025-12-03 02:40:52,643 - BiLSTM_BRDWGD - INFO - [EXP] Época 500/500 - Loss: 17.488600
2025-12-03 02:40:52,643 - BiLSTM_BRDWGD - INFO - Treinamento concluído em 3.55 minutos
2025-12-03 02:40:52,693 - BiLSTM_BRDWGD - INFO - Calculando erro para o train
2025-12-03 02:40:52,694 - BiLSTM_BRDWGD - INFO - RMSE: 3.3317
2025-12-03 02:40:52,694 - BiLSTM_BRDWGD - INFO - MSE : 11.1005
2025-12-03 02:40:52,694 - BiLSTM_BRDWGD - INFO - MAE : 1.5815
2025-12-03 02:40:52,694 - BiLSTM_BRDWGD - INFO - CSI (thr=1.0 mm): 0.4851  [TP=1217, FP=998, FN=294]
2025-12-03 02:40:52,694 - BiLSTM_BRDWGD - INFO - train_pred TRAIN mm min/max: 0.0, 134.11476135253906
2025-12-03 02:40:52,694 - BiLSTM_BRDWGD - INFO - train_TRUE TRAIN mm min/max: 0.0, 154.39999389648438
2025-12-03 02:40:52,694 - BiLSTM_BRDWGD - INFO -  Gerando gráficos TRAIN...
2025-12-03 02:40:53,094 - BiLSTM_BRDWGD - INFO -  Gráficos gerados TRAIN ...
2025-12-03 02:40:53,094 - BiLSTM_BRDWGD - INFO - Calculando erro para parte de teste
2025-12-03 02:40:53,095 - BiLSTM_BRDWGD - INFO - RMSE: 14.7271
2025-12-03 02:40:53,095 - BiLSTM_BRDWGD - INFO - MSE : 216.8870
2025-12-03 02:40:53,095 - BiLSTM_BRDWGD - INFO - MAE : 7.5058
2025-12-03 02:40:53,095 - BiLSTM_BRDWGD - INFO - CSI (thr=1.0 mm): 0.2222  [TP=4, FP=13, FN=1]
2025-12-03 02:40:53,095 - BiLSTM_BRDWGD - INFO - y_pred mm min/max: 0.0, 25.73324966430664
2025-12-03 02:40:53,095 - BiLSTM_BRDWGD - INFO - y_TRUE mm min/max: 0.0, 55.400001525878906
2025-12-03 02:40:53,095 - BiLSTM_BRDWGD - INFO -  Gerando gráficos...
2025-12-03 02:40:53,414 - BiLSTM_BRDWGD - INFO -  Gráficos gerados...
2025-12-03 02:40:53,414 - BiLSTM_BRDWGD - INFO - ==========================================================================================
2025-12-03 02:40:53,415 - BiLSTM_BRDWGD - INFO - Execução finalizada com sucesso.
2025-12-03 02:40:53,415 - BiLSTM_BRDWGD - INFO - Dispositivo utilizado: cuda
2025-12-03 02:40:53,415 - BiLSTM_BRDWGD - INFO - ==========================================================================================
2025-12-03 02:40:59,500 - LSTM_BRDWGD - INFO - ==========================================================================================
2025-12-03 02:40:59,500 - LSTM_BRDWGD - INFO - Iniciando script LSTM (PyTorch) BRDWGD com suporte a GPU e logs detalhados.
2025-12-03 02:40:59,500 - LSTM_BRDWGD - INFO - ==========================================================================================
2025-12-03 02:40:59,500 - LSTM_BRDWGD - INFO - Iniciando experimento: lookback=30, hidden_dim=64, layers=2, lr=0.001, drop=0.5
2025-12-03 02:40:59,508 - LSTM_BRDWGD - INFO - Shape treino: torch.Size([5863, 30, 6]), teste: torch.Size([30, 30, 6])
2025-12-03 02:40:59,510 - LSTM_BRDWGD - INFO - Treinando por 500 épocas...
2025-12-03 02:40:59,837 - LSTM_BRDWGD - INFO - [EXP] Época 1/500 - Loss: 98.678502
2025-12-03 02:41:15,768 - LSTM_BRDWGD - INFO - [EXP] Época 50/500 - Loss: 59.497390
2025-12-03 02:41:32,001 - LSTM_BRDWGD - INFO - [EXP] Época 100/500 - Loss: 29.196109
2025-12-03 02:41:48,233 - LSTM_BRDWGD - INFO - [EXP] Época 150/500 - Loss: 15.837432
2025-12-03 02:42:04,358 - LSTM_BRDWGD - INFO - [EXP] Época 200/500 - Loss: 12.982554
2025-12-03 02:42:20,392 - LSTM_BRDWGD - INFO - [EXP] Época 250/500 - Loss: 8.732817
2025-12-03 02:42:36,425 - LSTM_BRDWGD - INFO - [EXP] Época 300/500 - Loss: 7.256075
2025-12-03 02:42:52,459 - LSTM_BRDWGD - INFO - [EXP] Época 350/500 - Loss: 3.262082
2025-12-03 02:43:08,665 - LSTM_BRDWGD - INFO - [EXP] Época 400/500 - Loss: 6.133513
2025-12-03 02:43:24,964 - LSTM_BRDWGD - INFO - [EXP] Época 450/500 - Loss: 1.759798
2025-12-03 02:43:41,353 - LSTM_BRDWGD - INFO - [EXP] Época 500/500 - Loss: 1.619006
2025-12-03 02:43:41,353 - LSTM_BRDWGD - INFO - Treinamento concluído em 2.70 minutos
2025-12-03 02:43:41,396 - LSTM_BRDWGD - INFO - Calculando erro para o train
2025-12-03 02:43:41,397 - LSTM_BRDWGD - INFO - RMSE: 0.8830
2025-12-03 02:43:41,397 - LSTM_BRDWGD - INFO - MSE : 0.7797
2025-12-03 02:43:41,397 - LSTM_BRDWGD - INFO - MAE : 0.4680
2025-12-03 02:43:41,397 - LSTM_BRDWGD - INFO - CSI (thr=1.0 mm): 0.7685  [TP=1414, FP=329, FN=97]
2025-12-03 02:43:41,397 - LSTM_BRDWGD - INFO - train_pred TRAIN mm min/max: 0.0, 151.60165405273438
2025-12-03 02:43:41,397 - LSTM_BRDWGD - INFO - train_TRUE TRAIN mm min/max: 0.0, 154.39999389648438
2025-12-03 02:43:41,397 - LSTM_BRDWGD - INFO -  Gerando gráficos TRAIN...
2025-12-03 02:43:41,795 - LSTM_BRDWGD - INFO -  Gráficos gerados TRAIN ...
2025-12-03 02:43:41,795 - LSTM_BRDWGD - INFO - Calculando erro para parte de teste
2025-12-03 02:43:41,795 - LSTM_BRDWGD - INFO - RMSE: 19.3093
2025-12-03 02:43:41,795 - LSTM_BRDWGD - INFO - MSE : 372.8475
2025-12-03 02:43:41,795 - LSTM_BRDWGD - INFO - MAE : 10.6411
2025-12-03 02:43:41,795 - LSTM_BRDWGD - INFO - CSI (thr=1.0 mm): 0.1905  [TP=4, FP=16, FN=1]
2025-12-03 02:43:41,795 - LSTM_BRDWGD - INFO - y_pred mm min/max: 0.0, 63.339805603027344
2025-12-03 02:43:41,796 - LSTM_BRDWGD - INFO - y_TRUE mm min/max: 0.0, 55.400001525878906
2025-12-03 02:43:41,796 - LSTM_BRDWGD - INFO -  Gerando gráficos...
2025-12-03 02:43:42,145 - LSTM_BRDWGD - INFO -  Gráficos gerados...
2025-12-03 02:43:42,145 - LSTM_BRDWGD - INFO - ==========================================================================================
2025-12-03 02:43:42,145 - LSTM_BRDWGD - INFO - Execução finalizada com sucesso.
2025-12-03 02:43:42,145 - LSTM_BRDWGD - INFO - Dispositivo utilizado: cuda
2025-12-03 02:43:42,145 - LSTM_BRDWGD - INFO - ==========================================================================================
2025-12-03 02:43:47,856 - BiLSTM_BRDWGD - INFO - ==========================================================================================
2025-12-03 02:43:47,856 - BiLSTM_BRDWGD - INFO - Iniciando script BILSTM (PyTorch) BRDWGD com suporte a GPU e logs detalhados.
2025-12-03 02:43:47,857 - BiLSTM_BRDWGD - INFO - ==========================================================================================
2025-12-03 02:43:47,857 - BiLSTM_BRDWGD - INFO - Iniciando experimento: lookback=30, hidden_dim=64, layers=2, lr=0.001, drop=0.5
2025-12-03 02:43:47,867 - BiLSTM_BRDWGD - INFO - Shape treino: torch.Size([5863, 30, 6]), teste: torch.Size([30, 30, 6])
2025-12-03 02:43:47,869 - BiLSTM_BRDWGD - INFO - Treinando por 500 épocas...
2025-12-03 02:43:48,295 - BiLSTM_BRDWGD - INFO - [EXP] Época 1/500 - Loss: 96.121571
2025-12-03 02:44:09,065 - BiLSTM_BRDWGD - INFO - [EXP] Época 50/500 - Loss: 64.549829
2025-12-03 02:44:30,224 - BiLSTM_BRDWGD - INFO - [EXP] Época 100/500 - Loss: 38.895705
2025-12-03 02:44:51,417 - BiLSTM_BRDWGD - INFO - [EXP] Época 150/500 - Loss: 27.668359
2025-12-03 02:45:12,609 - BiLSTM_BRDWGD - INFO - [EXP] Época 200/500 - Loss: 23.744008
2025-12-03 02:45:33,821 - BiLSTM_BRDWGD - INFO - [EXP] Época 250/500 - Loss: 16.606065
2025-12-03 02:45:55,058 - BiLSTM_BRDWGD - INFO - [EXP] Época 300/500 - Loss: 13.283463
2025-12-03 02:46:16,267 - BiLSTM_BRDWGD - INFO - [EXP] Época 350/500 - Loss: 12.820978
2025-12-03 02:46:37,852 - BiLSTM_BRDWGD - INFO - [EXP] Época 400/500 - Loss: 9.776481
2025-12-03 02:46:59,252 - BiLSTM_BRDWGD - INFO - [EXP] Época 450/500 - Loss: 9.227351
2025-12-03 02:47:20,483 - BiLSTM_BRDWGD - INFO - [EXP] Época 500/500 - Loss: 8.143713
2025-12-03 02:47:20,483 - BiLSTM_BRDWGD - INFO - Treinamento concluído em 3.54 minutos
2025-12-03 02:47:20,556 - BiLSTM_BRDWGD - INFO - Calculando erro para o train
2025-12-03 02:47:20,557 - BiLSTM_BRDWGD - INFO - RMSE: 1.8800
2025-12-03 02:47:20,557 - BiLSTM_BRDWGD - INFO - MSE : 3.5343
2025-12-03 02:47:20,557 - BiLSTM_BRDWGD - INFO - MAE : 0.8850
2025-12-03 02:47:20,557 - BiLSTM_BRDWGD - INFO - CSI (thr=1.0 mm): 0.5912  [TP=1183, FP=490, FN=328]
2025-12-03 02:47:20,557 - BiLSTM_BRDWGD - INFO - train_pred TRAIN mm min/max: 0.0, 143.55569458007812
2025-12-03 02:47:20,557 - BiLSTM_BRDWGD - INFO - train_TRUE TRAIN mm min/max: 0.0, 154.39999389648438
2025-12-03 02:47:20,557 - BiLSTM_BRDWGD - INFO -  Gerando gráficos TRAIN...
2025-12-03 02:47:21,060 - BiLSTM_BRDWGD - INFO -  Gráficos gerados TRAIN ...
2025-12-03 02:47:21,060 - BiLSTM_BRDWGD - INFO - Calculando erro para parte de teste
2025-12-03 02:47:21,061 - BiLSTM_BRDWGD - INFO - RMSE: 14.0154
2025-12-03 02:47:21,061 - BiLSTM_BRDWGD - INFO - MSE : 196.4325
2025-12-03 02:47:21,061 - BiLSTM_BRDWGD - INFO - MAE : 6.4693
2025-12-03 02:47:21,061 - BiLSTM_BRDWGD - INFO - CSI (thr=1.0 mm): 0.1765  [TP=3, FP=12, FN=2]
2025-12-03 02:47:21,061 - BiLSTM_BRDWGD - INFO - y_pred mm min/max: 0.0, 23.773561477661133
2025-12-03 02:47:21,061 - BiLSTM_BRDWGD - INFO - y_TRUE mm min/max: 0.0, 55.400001525878906
2025-12-03 02:47:21,061 - BiLSTM_BRDWGD - INFO -  Gerando gráficos...
2025-12-03 02:47:21,372 - BiLSTM_BRDWGD - INFO -  Gráficos gerados...
2025-12-03 02:47:21,373 - BiLSTM_BRDWGD - INFO - ==========================================================================================
2025-12-03 02:47:21,373 - BiLSTM_BRDWGD - INFO - Execução finalizada com sucesso.
2025-12-03 02:47:21,373 - BiLSTM_BRDWGD - INFO - Dispositivo utilizado: cuda
2025-12-03 02:47:21,373 - BiLSTM_BRDWGD - INFO - ==========================================================================================
2025-12-03 02:47:27,403 - LSTM_BRDWGD - INFO - ==========================================================================================
2025-12-03 02:47:27,403 - LSTM_BRDWGD - INFO - Iniciando script LSTM (PyTorch) BRDWGD com suporte a GPU e logs detalhados.
2025-12-03 02:47:27,403 - LSTM_BRDWGD - INFO - ==========================================================================================
2025-12-03 02:47:27,404 - LSTM_BRDWGD - INFO - Iniciando experimento: lookback=30, hidden_dim=128, layers=2, lr=0.001, drop=0.5
2025-12-03 02:47:27,413 - LSTM_BRDWGD - INFO - Shape treino: torch.Size([5863, 30, 6]), teste: torch.Size([30, 30, 6])
2025-12-03 02:47:27,415 - LSTM_BRDWGD - INFO - Treinando por 500 épocas...
2025-12-03 02:47:27,742 - LSTM_BRDWGD - INFO - [EXP] Época 1/500 - Loss: 96.626869
2025-12-03 02:47:43,677 - LSTM_BRDWGD - INFO - [EXP] Época 50/500 - Loss: 52.376310
2025-12-03 02:47:59,953 - LSTM_BRDWGD - INFO - [EXP] Época 100/500 - Loss: 25.088731
2025-12-03 02:48:16,228 - LSTM_BRDWGD - INFO - [EXP] Época 150/500 - Loss: 11.595533
2025-12-03 02:48:32,505 - LSTM_BRDWGD - INFO - [EXP] Época 200/500 - Loss: 3.365937
2025-12-03 02:48:48,780 - LSTM_BRDWGD - INFO - [EXP] Época 250/500 - Loss: 2.733623
2025-12-03 02:49:04,996 - LSTM_BRDWGD - INFO - [EXP] Época 300/500 - Loss: 1.221174
2025-12-03 02:49:21,328 - LSTM_BRDWGD - INFO - [EXP] Época 350/500 - Loss: 0.558468
2025-12-03 02:49:37,704 - LSTM_BRDWGD - INFO - [EXP] Época 400/500 - Loss: 0.637159
2025-12-03 02:49:54,252 - LSTM_BRDWGD - INFO - [EXP] Época 450/500 - Loss: 0.635911
2025-12-03 02:50:10,791 - LSTM_BRDWGD - INFO - [EXP] Época 500/500 - Loss: 0.566251
2025-12-03 02:50:10,791 - LSTM_BRDWGD - INFO - Treinamento concluído em 2.72 minutos
2025-12-03 02:50:10,890 - LSTM_BRDWGD - INFO - Calculando erro para o train
2025-12-03 02:50:10,890 - LSTM_BRDWGD - INFO - RMSE: 0.4745
2025-12-03 02:50:10,891 - LSTM_BRDWGD - INFO - MSE : 0.2251
2025-12-03 02:50:10,891 - LSTM_BRDWGD - INFO - MAE : 0.2648
2025-12-03 02:50:10,891 - LSTM_BRDWGD - INFO - CSI (thr=1.0 mm): 0.9150  [TP=1474, FP=100, FN=37]
2025-12-03 02:50:10,891 - LSTM_BRDWGD - INFO - train_pred TRAIN mm min/max: 0.0, 154.08767700195312
2025-12-03 02:50:10,891 - LSTM_BRDWGD - INFO - train_TRUE TRAIN mm min/max: 0.0, 154.39999389648438
2025-12-03 02:50:10,891 - LSTM_BRDWGD - INFO -  Gerando gráficos TRAIN...
2025-12-03 02:50:11,264 - LSTM_BRDWGD - INFO -  Gráficos gerados TRAIN ...
2025-12-03 02:50:11,264 - LSTM_BRDWGD - INFO - Calculando erro para parte de teste
2025-12-03 02:50:11,265 - LSTM_BRDWGD - INFO - RMSE: 14.1467
2025-12-03 02:50:11,265 - LSTM_BRDWGD - INFO - MSE : 200.1300
2025-12-03 02:50:11,265 - LSTM_BRDWGD - INFO - MAE : 7.3895
2025-12-03 02:50:11,265 - LSTM_BRDWGD - INFO - CSI (thr=1.0 mm): 0.1905  [TP=4, FP=16, FN=1]
2025-12-03 02:50:11,265 - LSTM_BRDWGD - INFO - y_pred mm min/max: 0.0, 18.2699031829834
2025-12-03 02:50:11,265 - LSTM_BRDWGD - INFO - y_TRUE mm min/max: 0.0, 55.400001525878906
2025-12-03 02:50:11,265 - LSTM_BRDWGD - INFO -  Gerando gráficos...
2025-12-03 02:50:11,533 - LSTM_BRDWGD - INFO -  Gráficos gerados...
2025-12-03 02:50:11,533 - LSTM_BRDWGD - INFO - ==========================================================================================
2025-12-03 02:50:11,533 - LSTM_BRDWGD - INFO - Execução finalizada com sucesso.
2025-12-03 02:50:11,533 - LSTM_BRDWGD - INFO - Dispositivo utilizado: cuda
2025-12-03 02:50:11,533 - LSTM_BRDWGD - INFO - ==========================================================================================
2025-12-03 02:50:17,218 - BiLSTM_BRDWGD - INFO - ==========================================================================================
2025-12-03 02:50:17,219 - BiLSTM_BRDWGD - INFO - Iniciando script BILSTM (PyTorch) BRDWGD com suporte a GPU e logs detalhados.
2025-12-03 02:50:17,219 - BiLSTM_BRDWGD - INFO - ==========================================================================================
2025-12-03 02:50:17,219 - BiLSTM_BRDWGD - INFO - Iniciando experimento: lookback=30, hidden_dim=128, layers=2, lr=0.001, drop=0.5
2025-12-03 02:50:17,228 - BiLSTM_BRDWGD - INFO - Shape treino: torch.Size([5863, 30, 6]), teste: torch.Size([30, 30, 6])
2025-12-03 02:50:17,232 - BiLSTM_BRDWGD - INFO - Treinando por 500 épocas...
2025-12-03 02:50:17,680 - BiLSTM_BRDWGD - INFO - [EXP] Época 1/500 - Loss: 94.196676
2025-12-03 02:50:39,267 - BiLSTM_BRDWGD - INFO - [EXP] Época 50/500 - Loss: 54.638341
2025-12-03 02:51:01,236 - BiLSTM_BRDWGD - INFO - [EXP] Época 100/500 - Loss: 33.379144
2025-12-03 02:51:23,106 - BiLSTM_BRDWGD - INFO - [EXP] Época 150/500 - Loss: 23.016066
2025-12-03 02:51:44,914 - BiLSTM_BRDWGD - INFO - [EXP] Época 200/500 - Loss: 15.020761
2025-12-03 02:52:06,750 - BiLSTM_BRDWGD - INFO - [EXP] Época 250/500 - Loss: 10.254466
2025-12-03 02:52:28,567 - BiLSTM_BRDWGD - INFO - [EXP] Época 300/500 - Loss: 8.381937
2025-12-03 02:52:50,373 - BiLSTM_BRDWGD - INFO - [EXP] Época 350/500 - Loss: 5.568122
2025-12-03 02:53:12,178 - BiLSTM_BRDWGD - INFO - [EXP] Época 400/500 - Loss: 5.866949
2025-12-03 02:53:34,050 - BiLSTM_BRDWGD - INFO - [EXP] Época 450/500 - Loss: 4.518317
2025-12-03 02:53:56,014 - BiLSTM_BRDWGD - INFO - [EXP] Época 500/500 - Loss: 3.818310
2025-12-03 02:53:56,014 - BiLSTM_BRDWGD - INFO - Treinamento concluído em 3.65 minutos
2025-12-03 02:53:56,199 - BiLSTM_BRDWGD - INFO - Calculando erro para o train
2025-12-03 02:53:56,200 - BiLSTM_BRDWGD - INFO - RMSE: 1.3945
2025-12-03 02:53:56,200 - BiLSTM_BRDWGD - INFO - MSE : 1.9445
2025-12-03 02:53:56,200 - BiLSTM_BRDWGD - INFO - MAE : 0.6131
2025-12-03 02:53:56,200 - BiLSTM_BRDWGD - INFO - CSI (thr=1.0 mm): 0.7362  [TP=1278, FP=225, FN=233]
2025-12-03 02:53:56,200 - BiLSTM_BRDWGD - INFO - train_pred TRAIN mm min/max: 0.0, 152.4435272216797
2025-12-03 02:53:56,200 - BiLSTM_BRDWGD - INFO - train_TRUE TRAIN mm min/max: 0.0, 154.39999389648438
2025-12-03 02:53:56,200 - BiLSTM_BRDWGD - INFO -  Gerando gráficos TRAIN...
2025-12-03 02:53:56,710 - BiLSTM_BRDWGD - INFO -  Gráficos gerados TRAIN ...
2025-12-03 02:53:56,710 - BiLSTM_BRDWGD - INFO - Calculando erro para parte de teste
2025-12-03 02:53:56,711 - BiLSTM_BRDWGD - INFO - RMSE: 13.4518
2025-12-03 02:53:56,711 - BiLSTM_BRDWGD - INFO - MSE : 180.9505
2025-12-03 02:53:56,711 - BiLSTM_BRDWGD - INFO - MAE : 7.0555
2025-12-03 02:53:56,711 - BiLSTM_BRDWGD - INFO - CSI (thr=1.0 mm): 0.2000  [TP=3, FP=10, FN=2]
2025-12-03 02:53:56,711 - BiLSTM_BRDWGD - INFO - y_pred mm min/max: 0.0, 20.73345184326172
2025-12-03 02:53:56,711 - BiLSTM_BRDWGD - INFO - y_TRUE mm min/max: 0.0, 55.400001525878906
2025-12-03 02:53:56,711 - BiLSTM_BRDWGD - INFO -  Gerando gráficos...
2025-12-03 02:53:57,015 - BiLSTM_BRDWGD - INFO -  Gráficos gerados...
2025-12-03 02:53:57,015 - BiLSTM_BRDWGD - INFO - ==========================================================================================
2025-12-03 02:53:57,015 - BiLSTM_BRDWGD - INFO - Execução finalizada com sucesso.
2025-12-03 02:53:57,016 - BiLSTM_BRDWGD - INFO - Dispositivo utilizado: cuda
2025-12-03 02:53:57,016 - BiLSTM_BRDWGD - INFO - ==========================================================================================
2025-12-03 02:54:03,081 - LSTM_BRDWGD - INFO - ==========================================================================================
2025-12-03 02:54:03,081 - LSTM_BRDWGD - INFO - Iniciando script LSTM (PyTorch) BRDWGD com suporte a GPU e logs detalhados.
2025-12-03 02:54:03,081 - LSTM_BRDWGD - INFO - ==========================================================================================
2025-12-03 02:54:03,081 - LSTM_BRDWGD - INFO - Iniciando experimento: lookback=30, hidden_dim=256, layers=2, lr=0.001, drop=0.5
2025-12-03 02:54:03,091 - LSTM_BRDWGD - INFO - Shape treino: torch.Size([5863, 30, 6]), teste: torch.Size([30, 30, 6])
2025-12-03 02:54:03,097 - LSTM_BRDWGD - INFO - Treinando por 500 épocas...
2025-12-03 02:54:03,633 - LSTM_BRDWGD - INFO - [EXP] Época 1/500 - Loss: 95.366540
2025-12-03 02:54:29,687 - LSTM_BRDWGD - INFO - [EXP] Época 50/500 - Loss: 50.261954
2025-12-03 02:54:56,564 - LSTM_BRDWGD - INFO - [EXP] Época 100/500 - Loss: 18.386631
2025-12-03 02:55:23,467 - LSTM_BRDWGD - INFO - [EXP] Época 150/500 - Loss: 3.512693
2025-12-03 02:55:50,175 - LSTM_BRDWGD - INFO - [EXP] Época 200/500 - Loss: 1.429982
2025-12-03 02:56:16,910 - LSTM_BRDWGD - INFO - [EXP] Época 250/500 - Loss: 0.734335
2025-12-03 02:56:43,642 - LSTM_BRDWGD - INFO - [EXP] Época 300/500 - Loss: 1.230888
2025-12-03 02:57:10,361 - LSTM_BRDWGD - INFO - [EXP] Época 350/500 - Loss: 0.477808
2025-12-03 02:57:37,246 - LSTM_BRDWGD - INFO - [EXP] Época 400/500 - Loss: 0.579236
2025-12-03 02:58:04,255 - LSTM_BRDWGD - INFO - [EXP] Época 450/500 - Loss: 0.516979
2025-12-03 02:58:31,106 - LSTM_BRDWGD - INFO - [EXP] Época 500/500 - Loss: 1.039308
2025-12-03 02:58:31,106 - LSTM_BRDWGD - INFO - Treinamento concluído em 4.47 minutos
2025-12-03 02:58:31,239 - LSTM_BRDWGD - INFO - Calculando erro para o train
2025-12-03 02:58:31,239 - LSTM_BRDWGD - INFO - RMSE: 0.6424
2025-12-03 02:58:31,239 - LSTM_BRDWGD - INFO - MSE : 0.4127
2025-12-03 02:58:31,239 - LSTM_BRDWGD - INFO - MAE : 0.3180
2025-12-03 02:58:31,239 - LSTM_BRDWGD - INFO - CSI (thr=1.0 mm): 0.8662  [TP=1424, FP=133, FN=87]
2025-12-03 02:58:31,239 - LSTM_BRDWGD - INFO - train_pred TRAIN mm min/max: 0.0, 154.3217315673828
2025-12-03 02:58:31,239 - LSTM_BRDWGD - INFO - train_TRUE TRAIN mm min/max: 0.0, 154.39999389648438
2025-12-03 02:58:31,239 - LSTM_BRDWGD - INFO -  Gerando gráficos TRAIN...
2025-12-03 02:58:31,632 - LSTM_BRDWGD - INFO -  Gráficos gerados TRAIN ...
2025-12-03 02:58:31,632 - LSTM_BRDWGD - INFO - Calculando erro para parte de teste
2025-12-03 02:58:31,632 - LSTM_BRDWGD - INFO - RMSE: 14.2860
2025-12-03 02:58:31,632 - LSTM_BRDWGD - INFO - MSE : 204.0896
2025-12-03 02:58:31,632 - LSTM_BRDWGD - INFO - MAE : 6.9429
2025-12-03 02:58:31,632 - LSTM_BRDWGD - INFO - CSI (thr=1.0 mm): 0.1429  [TP=3, FP=16, FN=2]
2025-12-03 02:58:31,632 - LSTM_BRDWGD - INFO - y_pred mm min/max: 0.0, 10.94414234161377
2025-12-03 02:58:31,633 - LSTM_BRDWGD - INFO - y_TRUE mm min/max: 0.0, 55.400001525878906
2025-12-03 02:58:31,633 - LSTM_BRDWGD - INFO -  Gerando gráficos...
2025-12-03 02:58:31,937 - LSTM_BRDWGD - INFO -  Gráficos gerados...
2025-12-03 02:58:31,937 - LSTM_BRDWGD - INFO - ==========================================================================================
2025-12-03 02:58:31,937 - LSTM_BRDWGD - INFO - Execução finalizada com sucesso.
2025-12-03 02:58:31,937 - LSTM_BRDWGD - INFO - Dispositivo utilizado: cuda
2025-12-03 02:58:31,937 - LSTM_BRDWGD - INFO - ==========================================================================================
2025-12-03 02:58:37,583 - BiLSTM_BRDWGD - INFO - ==========================================================================================
2025-12-03 02:58:37,584 - BiLSTM_BRDWGD - INFO - Iniciando script BILSTM (PyTorch) BRDWGD com suporte a GPU e logs detalhados.
2025-12-03 02:58:37,584 - BiLSTM_BRDWGD - INFO - ==========================================================================================
2025-12-03 02:58:37,584 - BiLSTM_BRDWGD - INFO - Iniciando experimento: lookback=30, hidden_dim=256, layers=2, lr=0.001, drop=0.5
2025-12-03 02:58:37,593 - BiLSTM_BRDWGD - INFO - Shape treino: torch.Size([5863, 30, 6]), teste: torch.Size([30, 30, 6])
2025-12-03 02:58:37,607 - BiLSTM_BRDWGD - INFO - Treinando por 500 épocas...
2025-12-03 02:58:38,456 - BiLSTM_BRDWGD - INFO - [EXP] Época 1/500 - Loss: 93.503015
2025-12-03 02:59:19,989 - BiLSTM_BRDWGD - INFO - [EXP] Época 50/500 - Loss: 52.416303
2025-12-03 03:00:02,376 - BiLSTM_BRDWGD - INFO - [EXP] Época 100/500 - Loss: 35.087038
2025-12-03 03:00:45,153 - BiLSTM_BRDWGD - INFO - [EXP] Época 150/500 - Loss: 23.167439
2025-12-03 03:01:28,132 - BiLSTM_BRDWGD - INFO - [EXP] Época 200/500 - Loss: 11.151497
2025-12-03 03:02:11,216 - BiLSTM_BRDWGD - INFO - [EXP] Época 250/500 - Loss: 8.689579
2025-12-03 03:02:54,050 - BiLSTM_BRDWGD - INFO - [EXP] Época 300/500 - Loss: 5.730358
2025-12-03 03:03:37,003 - BiLSTM_BRDWGD - INFO - [EXP] Época 350/500 - Loss: 4.430089
2025-12-03 03:04:19,960 - BiLSTM_BRDWGD - INFO - [EXP] Época 400/500 - Loss: 4.275145
2025-12-03 03:05:03,371 - BiLSTM_BRDWGD - INFO - [EXP] Época 450/500 - Loss: 4.395780
2025-12-03 03:05:46,497 - BiLSTM_BRDWGD - INFO - [EXP] Época 500/500 - Loss: 4.553205
2025-12-03 03:05:46,497 - BiLSTM_BRDWGD - INFO - Treinamento concluído em 7.15 minutos
2025-12-03 03:05:46,741 - BiLSTM_BRDWGD - INFO - Calculando erro para o train
2025-12-03 03:05:46,742 - BiLSTM_BRDWGD - INFO - RMSE: 1.5681
2025-12-03 03:05:46,742 - BiLSTM_BRDWGD - INFO - MSE : 2.4589
2025-12-03 03:05:46,742 - BiLSTM_BRDWGD - INFO - MAE : 0.7128
2025-12-03 03:05:46,742 - BiLSTM_BRDWGD - INFO - CSI (thr=1.0 mm): 0.6916  [TP=1265, FP=318, FN=246]
2025-12-03 03:05:46,742 - BiLSTM_BRDWGD - INFO - train_pred TRAIN mm min/max: 0.0, 150.77818298339844
2025-12-03 03:05:46,742 - BiLSTM_BRDWGD - INFO - train_TRUE TRAIN mm min/max: 0.0, 154.39999389648438
2025-12-03 03:05:46,742 - BiLSTM_BRDWGD - INFO -  Gerando gráficos TRAIN...
2025-12-03 03:05:47,145 - BiLSTM_BRDWGD - INFO -  Gráficos gerados TRAIN ...
2025-12-03 03:05:47,145 - BiLSTM_BRDWGD - INFO - Calculando erro para parte de teste
2025-12-03 03:05:47,146 - BiLSTM_BRDWGD - INFO - RMSE: 14.2219
2025-12-03 03:05:47,146 - BiLSTM_BRDWGD - INFO - MSE : 202.2617
2025-12-03 03:05:47,146 - BiLSTM_BRDWGD - INFO - MAE : 7.7955
2025-12-03 03:05:47,146 - BiLSTM_BRDWGD - INFO - CSI (thr=1.0 mm): 0.2105  [TP=4, FP=14, FN=1]
2025-12-03 03:05:47,146 - BiLSTM_BRDWGD - INFO - y_pred mm min/max: 0.0, 16.792577743530273
2025-12-03 03:05:47,146 - BiLSTM_BRDWGD - INFO - y_TRUE mm min/max: 0.0, 55.400001525878906
2025-12-03 03:05:47,146 - BiLSTM_BRDWGD - INFO -  Gerando gráficos...
2025-12-03 03:05:47,427 - BiLSTM_BRDWGD - INFO -  Gráficos gerados...
2025-12-03 03:05:47,427 - BiLSTM_BRDWGD - INFO - ==========================================================================================
2025-12-03 03:05:47,427 - BiLSTM_BRDWGD - INFO - Execução finalizada com sucesso.
2025-12-03 03:05:47,427 - BiLSTM_BRDWGD - INFO - Dispositivo utilizado: cuda
2025-12-03 03:05:47,427 - BiLSTM_BRDWGD - INFO - ==========================================================================================
2025-12-03 03:05:53,481 - LSTM_BRDWGD - INFO - ==========================================================================================
2025-12-03 03:05:53,482 - LSTM_BRDWGD - INFO - Iniciando script LSTM (PyTorch) BRDWGD com suporte a GPU e logs detalhados.
2025-12-03 03:05:53,482 - LSTM_BRDWGD - INFO - ==========================================================================================
2025-12-03 03:05:53,482 - LSTM_BRDWGD - INFO - Iniciando experimento: lookback=30, hidden_dim=32, layers=2, lr=0.001, drop=0.5
2025-12-03 03:05:53,489 - LSTM_BRDWGD - INFO - Shape treino: torch.Size([5863, 30, 6]), teste: torch.Size([30, 30, 6])
2025-12-03 03:05:53,491 - LSTM_BRDWGD - INFO - Treinando por 500 épocas...
2025-12-03 03:05:53,817 - LSTM_BRDWGD - INFO - [EXP] Época 1/500 - Loss: 98.131231
2025-12-03 03:06:09,933 - LSTM_BRDWGD - INFO - [EXP] Época 50/500 - Loss: 73.188804
2025-12-03 03:06:26,483 - LSTM_BRDWGD - INFO - [EXP] Época 100/500 - Loss: 52.202328
2025-12-03 03:06:43,025 - LSTM_BRDWGD - INFO - [EXP] Época 150/500 - Loss: 36.537253
2025-12-03 03:06:59,571 - LSTM_BRDWGD - INFO - [EXP] Época 200/500 - Loss: 32.330574
2025-12-03 03:07:16,108 - LSTM_BRDWGD - INFO - [EXP] Época 250/500 - Loss: 21.097288
2025-12-03 03:07:32,475 - LSTM_BRDWGD - INFO - [EXP] Época 300/500 - Loss: 20.391415
2025-12-03 03:07:48,831 - LSTM_BRDWGD - INFO - [EXP] Época 350/500 - Loss: 13.679127
2025-12-03 03:08:05,189 - LSTM_BRDWGD - INFO - [EXP] Época 400/500 - Loss: 20.365932
2025-12-03 03:08:21,548 - LSTM_BRDWGD - INFO - [EXP] Época 450/500 - Loss: 12.781695
2025-12-03 03:08:37,907 - LSTM_BRDWGD - INFO - [EXP] Época 500/500 - Loss: 67.669519
2025-12-03 03:08:37,907 - LSTM_BRDWGD - INFO - Treinamento concluído em 2.74 minutos
2025-12-03 03:08:37,951 - LSTM_BRDWGD - INFO - Calculando erro para o train
2025-12-03 03:08:37,952 - LSTM_BRDWGD - INFO - RMSE: 7.1546
2025-12-03 03:08:37,952 - LSTM_BRDWGD - INFO - MSE : 51.1885
2025-12-03 03:08:37,952 - LSTM_BRDWGD - INFO - MAE : 3.3943
2025-12-03 03:08:37,952 - LSTM_BRDWGD - INFO - CSI (thr=1.0 mm): 0.3696  [TP=1284, FP=1963, FN=227]
2025-12-03 03:08:37,952 - LSTM_BRDWGD - INFO - train_pred TRAIN mm min/max: 0.0, 92.97309112548828
2025-12-03 03:08:37,952 - LSTM_BRDWGD - INFO - train_TRUE TRAIN mm min/max: 0.0, 154.39999389648438
2025-12-03 03:08:37,952 - LSTM_BRDWGD - INFO -  Gerando gráficos TRAIN...
2025-12-03 03:08:38,347 - LSTM_BRDWGD - INFO -  Gráficos gerados TRAIN ...
2025-12-03 03:08:38,348 - LSTM_BRDWGD - INFO - Calculando erro para parte de teste
2025-12-03 03:08:38,348 - LSTM_BRDWGD - INFO - RMSE: 15.8762
2025-12-03 03:08:38,348 - LSTM_BRDWGD - INFO - MSE : 252.0523
2025-12-03 03:08:38,348 - LSTM_BRDWGD - INFO - MAE : 10.2139
2025-12-03 03:08:38,348 - LSTM_BRDWGD - INFO - CSI (thr=1.0 mm): 0.1600  [TP=4, FP=20, FN=1]
2025-12-03 03:08:38,348 - LSTM_BRDWGD - INFO - y_pred mm min/max: 0.0, 32.14052963256836
2025-12-03 03:08:38,348 - LSTM_BRDWGD - INFO - y_TRUE mm min/max: 0.0, 55.400001525878906
2025-12-03 03:08:38,349 - LSTM_BRDWGD - INFO -  Gerando gráficos...
2025-12-03 03:08:38,662 - LSTM_BRDWGD - INFO -  Gráficos gerados...
2025-12-03 03:08:38,662 - LSTM_BRDWGD - INFO - ==========================================================================================
2025-12-03 03:08:38,663 - LSTM_BRDWGD - INFO - Execução finalizada com sucesso.
2025-12-03 03:08:38,663 - LSTM_BRDWGD - INFO - Dispositivo utilizado: cuda
2025-12-03 03:08:38,663 - LSTM_BRDWGD - INFO - ==========================================================================================
2025-12-03 03:08:44,285 - BiLSTM_BRDWGD - INFO - ==========================================================================================
2025-12-03 03:08:44,285 - BiLSTM_BRDWGD - INFO - Iniciando script BILSTM (PyTorch) BRDWGD com suporte a GPU e logs detalhados.
2025-12-03 03:08:44,285 - BiLSTM_BRDWGD - INFO - ==========================================================================================
2025-12-03 03:08:44,285 - BiLSTM_BRDWGD - INFO - Iniciando experimento: lookback=30, hidden_dim=32, layers=2, lr=0.001, drop=0.5
2025-12-03 03:08:44,295 - BiLSTM_BRDWGD - INFO - Shape treino: torch.Size([5863, 30, 6]), teste: torch.Size([30, 30, 6])
2025-12-03 03:08:44,297 - BiLSTM_BRDWGD - INFO - Treinando por 500 épocas...
2025-12-03 03:08:44,719 - BiLSTM_BRDWGD - INFO - [EXP] Época 1/500 - Loss: 111.346745
2025-12-03 03:09:05,336 - BiLSTM_BRDWGD - INFO - [EXP] Época 50/500 - Loss: 71.514197
2025-12-03 03:09:26,441 - BiLSTM_BRDWGD - INFO - [EXP] Época 100/500 - Loss: 53.447697
2025-12-03 03:09:47,842 - BiLSTM_BRDWGD - INFO - [EXP] Época 150/500 - Loss: 39.788179
2025-12-03 03:10:09,241 - BiLSTM_BRDWGD - INFO - [EXP] Época 200/500 - Loss: 37.635467
2025-12-03 03:10:30,636 - BiLSTM_BRDWGD - INFO - [EXP] Época 250/500 - Loss: 33.149947
2025-12-03 03:10:51,698 - BiLSTM_BRDWGD - INFO - [EXP] Época 300/500 - Loss: 26.115068
2025-12-03 03:11:12,805 - BiLSTM_BRDWGD - INFO - [EXP] Época 350/500 - Loss: 29.523089
2025-12-03 03:11:34,209 - BiLSTM_BRDWGD - INFO - [EXP] Época 400/500 - Loss: 22.329142
2025-12-03 03:11:55,614 - BiLSTM_BRDWGD - INFO - [EXP] Época 450/500 - Loss: 23.931735
2025-12-03 03:12:16,916 - BiLSTM_BRDWGD - INFO - [EXP] Época 500/500 - Loss: 21.383588
2025-12-03 03:12:16,916 - BiLSTM_BRDWGD - INFO - Treinamento concluído em 3.54 minutos
2025-12-03 03:12:16,967 - BiLSTM_BRDWGD - INFO - Calculando erro para o train
2025-12-03 03:12:16,968 - BiLSTM_BRDWGD - INFO - RMSE: 3.9547
2025-12-03 03:12:16,968 - BiLSTM_BRDWGD - INFO - MSE : 15.6393
2025-12-03 03:12:16,968 - BiLSTM_BRDWGD - INFO - MAE : 1.8269
2025-12-03 03:12:16,968 - BiLSTM_BRDWGD - INFO - CSI (thr=1.0 mm): 0.4559  [TP=1250, FP=1231, FN=261]
2025-12-03 03:12:16,968 - BiLSTM_BRDWGD - INFO - train_pred TRAIN mm min/max: 0.0, 135.89544677734375
2025-12-03 03:12:16,968 - BiLSTM_BRDWGD - INFO - train_TRUE TRAIN mm min/max: 0.0, 154.39999389648438
2025-12-03 03:12:16,968 - BiLSTM_BRDWGD - INFO -  Gerando gráficos TRAIN...
2025-12-03 03:12:17,376 - BiLSTM_BRDWGD - INFO -  Gráficos gerados TRAIN ...
2025-12-03 03:12:17,376 - BiLSTM_BRDWGD - INFO - Calculando erro para parte de teste
2025-12-03 03:12:17,377 - BiLSTM_BRDWGD - INFO - RMSE: 14.0004
2025-12-03 03:12:17,377 - BiLSTM_BRDWGD - INFO - MSE : 196.0117
2025-12-03 03:12:17,377 - BiLSTM_BRDWGD - INFO - MAE : 7.1024
2025-12-03 03:12:17,377 - BiLSTM_BRDWGD - INFO - CSI (thr=1.0 mm): 0.2353  [TP=4, FP=12, FN=1]
2025-12-03 03:12:17,377 - BiLSTM_BRDWGD - INFO - y_pred mm min/max: 0.0, 23.499317169189453
2025-12-03 03:12:17,377 - BiLSTM_BRDWGD - INFO - y_TRUE mm min/max: 0.0, 55.400001525878906
2025-12-03 03:12:17,377 - BiLSTM_BRDWGD - INFO -  Gerando gráficos...
2025-12-03 03:12:17,703 - BiLSTM_BRDWGD - INFO -  Gráficos gerados...
2025-12-03 03:12:17,703 - BiLSTM_BRDWGD - INFO - ==========================================================================================
2025-12-03 03:12:17,703 - BiLSTM_BRDWGD - INFO - Execução finalizada com sucesso.
2025-12-03 03:12:17,703 - BiLSTM_BRDWGD - INFO - Dispositivo utilizado: cuda
2025-12-03 03:12:17,703 - BiLSTM_BRDWGD - INFO - ==========================================================================================
2025-12-03 03:12:23,681 - LSTM_BRDWGD - INFO - ==========================================================================================
2025-12-03 03:12:23,681 - LSTM_BRDWGD - INFO - Iniciando script LSTM (PyTorch) BRDWGD com suporte a GPU e logs detalhados.
2025-12-03 03:12:23,682 - LSTM_BRDWGD - INFO - ==========================================================================================
2025-12-03 03:12:23,682 - LSTM_BRDWGD - INFO - Iniciando experimento: lookback=30, hidden_dim=64, layers=2, lr=0.001, drop=0.5
2025-12-03 03:12:23,691 - LSTM_BRDWGD - INFO - Shape treino: torch.Size([5863, 30, 6]), teste: torch.Size([30, 30, 6])
2025-12-03 03:12:23,693 - LSTM_BRDWGD - INFO - Treinando por 500 épocas...
2025-12-03 03:12:24,017 - LSTM_BRDWGD - INFO - [EXP] Época 1/500 - Loss: 97.147087
2025-12-03 03:12:39,794 - LSTM_BRDWGD - INFO - [EXP] Época 50/500 - Loss: 60.413206
2025-12-03 03:12:55,905 - LSTM_BRDWGD - INFO - [EXP] Época 100/500 - Loss: 26.023095
2025-12-03 03:13:12,371 - LSTM_BRDWGD - INFO - [EXP] Época 150/500 - Loss: 12.242972
2025-12-03 03:13:28,914 - LSTM_BRDWGD - INFO - [EXP] Época 200/500 - Loss: 27.179226
2025-12-03 03:13:45,454 - LSTM_BRDWGD - INFO - [EXP] Época 250/500 - Loss: 3.025372
2025-12-03 03:14:01,997 - LSTM_BRDWGD - INFO - [EXP] Época 300/500 - Loss: 1.570137
2025-12-03 03:14:18,519 - LSTM_BRDWGD - INFO - [EXP] Época 350/500 - Loss: 1.617255
2025-12-03 03:14:34,748 - LSTM_BRDWGD - INFO - [EXP] Época 400/500 - Loss: 1.345016
2025-12-03 03:14:51,132 - LSTM_BRDWGD - INFO - [EXP] Época 450/500 - Loss: 2.016878
2025-12-03 03:15:07,568 - LSTM_BRDWGD - INFO - [EXP] Época 500/500 - Loss: 1.565876
2025-12-03 03:15:07,569 - LSTM_BRDWGD - INFO - Treinamento concluído em 2.73 minutos
2025-12-03 03:15:07,613 - LSTM_BRDWGD - INFO - Calculando erro para o train
2025-12-03 03:15:07,614 - LSTM_BRDWGD - INFO - RMSE: 0.8417
2025-12-03 03:15:07,614 - LSTM_BRDWGD - INFO - MSE : 0.7085
2025-12-03 03:15:07,614 - LSTM_BRDWGD - INFO - MAE : 0.4524
2025-12-03 03:15:07,614 - LSTM_BRDWGD - INFO - CSI (thr=1.0 mm): 0.7806  [TP=1423, FP=312, FN=88]
2025-12-03 03:15:07,614 - LSTM_BRDWGD - INFO - train_pred TRAIN mm min/max: 0.0, 150.65557861328125
2025-12-03 03:15:07,614 - LSTM_BRDWGD - INFO - train_TRUE TRAIN mm min/max: 0.0, 154.39999389648438
2025-12-03 03:15:07,614 - LSTM_BRDWGD - INFO -  Gerando gráficos TRAIN...
2025-12-03 03:15:08,048 - LSTM_BRDWGD - INFO -  Gráficos gerados TRAIN ...
2025-12-03 03:15:08,048 - LSTM_BRDWGD - INFO - Calculando erro para parte de teste
2025-12-03 03:15:08,049 - LSTM_BRDWGD - INFO - RMSE: 15.4863
2025-12-03 03:15:08,049 - LSTM_BRDWGD - INFO - MSE : 239.8260
2025-12-03 03:15:08,049 - LSTM_BRDWGD - INFO - MAE : 8.5921
2025-12-03 03:15:08,049 - LSTM_BRDWGD - INFO - CSI (thr=1.0 mm): 0.2632  [TP=5, FP=14, FN=0]
2025-12-03 03:15:08,049 - LSTM_BRDWGD - INFO - y_pred mm min/max: 0.0, 29.845590591430664
2025-12-03 03:15:08,049 - LSTM_BRDWGD - INFO - y_TRUE mm min/max: 0.0, 55.400001525878906
2025-12-03 03:15:08,049 - LSTM_BRDWGD - INFO -  Gerando gráficos...
2025-12-03 03:15:08,389 - LSTM_BRDWGD - INFO -  Gráficos gerados...
2025-12-03 03:15:08,389 - LSTM_BRDWGD - INFO - ==========================================================================================
2025-12-03 03:15:08,389 - LSTM_BRDWGD - INFO - Execução finalizada com sucesso.
2025-12-03 03:15:08,389 - LSTM_BRDWGD - INFO - Dispositivo utilizado: cuda
2025-12-03 03:15:08,389 - LSTM_BRDWGD - INFO - ==========================================================================================
2025-12-03 03:15:14,009 - BiLSTM_BRDWGD - INFO - ==========================================================================================
2025-12-03 03:15:14,009 - BiLSTM_BRDWGD - INFO - Iniciando script BILSTM (PyTorch) BRDWGD com suporte a GPU e logs detalhados.
2025-12-03 03:15:14,009 - BiLSTM_BRDWGD - INFO - ==========================================================================================
2025-12-03 03:15:14,009 - BiLSTM_BRDWGD - INFO - Iniciando experimento: lookback=30, hidden_dim=64, layers=2, lr=0.001, drop=0.5
2025-12-03 03:15:14,018 - BiLSTM_BRDWGD - INFO - Shape treino: torch.Size([5863, 30, 6]), teste: torch.Size([30, 30, 6])
2025-12-03 03:15:14,021 - BiLSTM_BRDWGD - INFO - Treinando por 500 épocas...
2025-12-03 03:15:14,446 - BiLSTM_BRDWGD - INFO - [EXP] Época 1/500 - Loss: 95.919039
2025-12-03 03:15:35,276 - BiLSTM_BRDWGD - INFO - [EXP] Época 50/500 - Loss: 61.179845
2025-12-03 03:15:56,527 - BiLSTM_BRDWGD - INFO - [EXP] Época 100/500 - Loss: 44.094173
2025-12-03 03:16:17,780 - BiLSTM_BRDWGD - INFO - [EXP] Época 150/500 - Loss: 38.732026
2025-12-03 03:16:39,263 - BiLSTM_BRDWGD - INFO - [EXP] Época 200/500 - Loss: 25.230107
2025-12-03 03:17:00,801 - BiLSTM_BRDWGD - INFO - [EXP] Época 250/500 - Loss: 18.728641
2025-12-03 03:17:22,408 - BiLSTM_BRDWGD - INFO - [EXP] Época 300/500 - Loss: 14.995593
2025-12-03 03:17:43,806 - BiLSTM_BRDWGD - INFO - [EXP] Época 350/500 - Loss: 14.252659
2025-12-03 03:18:04,432 - BiLSTM_BRDWGD - INFO - [EXP] Época 400/500 - Loss: 10.042774
2025-12-03 03:18:25,504 - BiLSTM_BRDWGD - INFO - [EXP] Época 450/500 - Loss: 8.495638
2025-12-03 03:18:46,577 - BiLSTM_BRDWGD - INFO - [EXP] Época 500/500 - Loss: 7.449141
2025-12-03 03:18:46,577 - BiLSTM_BRDWGD - INFO - Treinamento concluído em 3.54 minutos
2025-12-03 03:18:46,651 - BiLSTM_BRDWGD - INFO - Calculando erro para o train
2025-12-03 03:18:46,652 - BiLSTM_BRDWGD - INFO - RMSE: 1.9675
2025-12-03 03:18:46,652 - BiLSTM_BRDWGD - INFO - MSE : 3.8711
2025-12-03 03:18:46,652 - BiLSTM_BRDWGD - INFO - MAE : 0.9028
2025-12-03 03:18:46,652 - BiLSTM_BRDWGD - INFO - CSI (thr=1.0 mm): 0.6192  [TP=1195, FP=419, FN=316]
2025-12-03 03:18:46,652 - BiLSTM_BRDWGD - INFO - train_pred TRAIN mm min/max: 0.0, 144.98236083984375
2025-12-03 03:18:46,652 - BiLSTM_BRDWGD - INFO - train_TRUE TRAIN mm min/max: 0.0, 154.39999389648438
2025-12-03 03:18:46,652 - BiLSTM_BRDWGD - INFO -  Gerando gráficos TRAIN...
2025-12-03 03:18:47,061 - BiLSTM_BRDWGD - INFO -  Gráficos gerados TRAIN ...
2025-12-03 03:18:47,061 - BiLSTM_BRDWGD - INFO - Calculando erro para parte de teste
2025-12-03 03:18:47,062 - BiLSTM_BRDWGD - INFO - RMSE: 13.9646
2025-12-03 03:18:47,062 - BiLSTM_BRDWGD - INFO - MSE : 195.0093
2025-12-03 03:18:47,062 - BiLSTM_BRDWGD - INFO - MAE : 7.2922
2025-12-03 03:18:47,062 - BiLSTM_BRDWGD - INFO - CSI (thr=1.0 mm): 0.2857  [TP=4, FP=9, FN=1]
2025-12-03 03:18:47,062 - BiLSTM_BRDWGD - INFO - y_pred mm min/max: 0.0, 14.98249340057373
2025-12-03 03:18:47,062 - BiLSTM_BRDWGD - INFO - y_TRUE mm min/max: 0.0, 55.400001525878906
2025-12-03 03:18:47,062 - BiLSTM_BRDWGD - INFO -  Gerando gráficos...
2025-12-03 03:18:47,337 - BiLSTM_BRDWGD - INFO -  Gráficos gerados...
2025-12-03 03:18:47,337 - BiLSTM_BRDWGD - INFO - ==========================================================================================
2025-12-03 03:18:47,337 - BiLSTM_BRDWGD - INFO - Execução finalizada com sucesso.
2025-12-03 03:18:47,337 - BiLSTM_BRDWGD - INFO - Dispositivo utilizado: cuda
2025-12-03 03:18:47,338 - BiLSTM_BRDWGD - INFO - ==========================================================================================
2025-12-03 03:18:53,407 - LSTM_BRDWGD - INFO - ==========================================================================================
2025-12-03 03:18:53,407 - LSTM_BRDWGD - INFO - Iniciando script LSTM (PyTorch) BRDWGD com suporte a GPU e logs detalhados.
2025-12-03 03:18:53,407 - LSTM_BRDWGD - INFO - ==========================================================================================
2025-12-03 03:18:53,408 - LSTM_BRDWGD - INFO - Iniciando experimento: lookback=30, hidden_dim=128, layers=2, lr=0.001, drop=0.5
2025-12-03 03:18:53,417 - LSTM_BRDWGD - INFO - Shape treino: torch.Size([5863, 30, 6]), teste: torch.Size([30, 30, 6])
2025-12-03 03:18:53,419 - LSTM_BRDWGD - INFO - Treinando por 500 épocas...
2025-12-03 03:18:53,744 - LSTM_BRDWGD - INFO - [EXP] Época 1/500 - Loss: 97.742514
2025-12-03 03:19:09,664 - LSTM_BRDWGD - INFO - [EXP] Época 50/500 - Loss: 56.746512
2025-12-03 03:19:25,158 - LSTM_BRDWGD - INFO - [EXP] Época 100/500 - Loss: 21.068526
2025-12-03 03:19:41,317 - LSTM_BRDWGD - INFO - [EXP] Época 150/500 - Loss: 6.571585
2025-12-03 03:19:57,593 - LSTM_BRDWGD - INFO - [EXP] Época 200/500 - Loss: 2.130378
2025-12-03 03:20:13,906 - LSTM_BRDWGD - INFO - [EXP] Época 250/500 - Loss: 1.049894
2025-12-03 03:20:30,208 - LSTM_BRDWGD - INFO - [EXP] Época 300/500 - Loss: 1.964979
2025-12-03 03:20:46,377 - LSTM_BRDWGD - INFO - [EXP] Época 350/500 - Loss: 8.356016
2025-12-03 03:21:02,543 - LSTM_BRDWGD - INFO - [EXP] Época 400/500 - Loss: 0.644799
2025-12-03 03:21:18,906 - LSTM_BRDWGD - INFO - [EXP] Época 450/500 - Loss: 4.791094
2025-12-03 03:21:35,539 - LSTM_BRDWGD - INFO - [EXP] Época 500/500 - Loss: 1.801082
2025-12-03 03:21:35,539 - LSTM_BRDWGD - INFO - Treinamento concluído em 2.70 minutos
2025-12-03 03:21:35,638 - LSTM_BRDWGD - INFO - Calculando erro para o train
2025-12-03 03:21:35,639 - LSTM_BRDWGD - INFO - RMSE: 2.3852
2025-12-03 03:21:35,639 - LSTM_BRDWGD - INFO - MSE : 5.6893
2025-12-03 03:21:35,639 - LSTM_BRDWGD - INFO - MAE : 1.1025
2025-12-03 03:21:35,639 - LSTM_BRDWGD - INFO - CSI (thr=1.0 mm): 0.5971  [TP=1359, FP=765, FN=152]
2025-12-03 03:21:35,639 - LSTM_BRDWGD - INFO - train_pred TRAIN mm min/max: 0.0, 150.54489135742188
2025-12-03 03:21:35,639 - LSTM_BRDWGD - INFO - train_TRUE TRAIN mm min/max: 0.0, 154.39999389648438
2025-12-03 03:21:35,639 - LSTM_BRDWGD - INFO -  Gerando gráficos TRAIN...
2025-12-03 03:21:36,081 - LSTM_BRDWGD - INFO -  Gráficos gerados TRAIN ...
2025-12-03 03:21:36,081 - LSTM_BRDWGD - INFO - Calculando erro para parte de teste
2025-12-03 03:21:36,082 - LSTM_BRDWGD - INFO - RMSE: 12.5383
2025-12-03 03:21:36,082 - LSTM_BRDWGD - INFO - MSE : 157.2097
2025-12-03 03:21:36,082 - LSTM_BRDWGD - INFO - MAE : 7.3433
2025-12-03 03:21:36,082 - LSTM_BRDWGD - INFO - CSI (thr=1.0 mm): 0.1579  [TP=3, FP=14, FN=2]
2025-12-03 03:21:36,082 - LSTM_BRDWGD - INFO - y_pred mm min/max: 0.0, 23.942312240600586
2025-12-03 03:21:36,082 - LSTM_BRDWGD - INFO - y_TRUE mm min/max: 0.0, 55.400001525878906
2025-12-03 03:21:36,082 - LSTM_BRDWGD - INFO -  Gerando gráficos...
2025-12-03 03:21:36,387 - LSTM_BRDWGD - INFO -  Gráficos gerados...
2025-12-03 03:21:36,387 - LSTM_BRDWGD - INFO - ==========================================================================================
2025-12-03 03:21:36,387 - LSTM_BRDWGD - INFO - Execução finalizada com sucesso.
2025-12-03 03:21:36,387 - LSTM_BRDWGD - INFO - Dispositivo utilizado: cuda
2025-12-03 03:21:36,387 - LSTM_BRDWGD - INFO - ==========================================================================================
2025-12-03 03:21:42,017 - BiLSTM_BRDWGD - INFO - ==========================================================================================
2025-12-03 03:21:42,017 - BiLSTM_BRDWGD - INFO - Iniciando script BILSTM (PyTorch) BRDWGD com suporte a GPU e logs detalhados.
2025-12-03 03:21:42,018 - BiLSTM_BRDWGD - INFO - ==========================================================================================
2025-12-03 03:21:42,018 - BiLSTM_BRDWGD - INFO - Iniciando experimento: lookback=30, hidden_dim=128, layers=2, lr=0.001, drop=0.5
2025-12-03 03:21:42,027 - BiLSTM_BRDWGD - INFO - Shape treino: torch.Size([5863, 30, 6]), teste: torch.Size([30, 30, 6])
2025-12-03 03:21:42,033 - BiLSTM_BRDWGD - INFO - Treinando por 500 épocas...
2025-12-03 03:21:42,483 - BiLSTM_BRDWGD - INFO - [EXP] Época 1/500 - Loss: 95.029737
2025-12-03 03:22:04,120 - BiLSTM_BRDWGD - INFO - [EXP] Época 50/500 - Loss: 63.996228
2025-12-03 03:22:26,079 - BiLSTM_BRDWGD - INFO - [EXP] Época 100/500 - Loss: 29.711014
2025-12-03 03:22:48,008 - BiLSTM_BRDWGD - INFO - [EXP] Época 150/500 - Loss: 22.181008
2025-12-03 03:23:09,945 - BiLSTM_BRDWGD - INFO - [EXP] Época 200/500 - Loss: 15.625738
2025-12-03 03:23:31,868 - BiLSTM_BRDWGD - INFO - [EXP] Época 250/500 - Loss: 9.812697
2025-12-03 03:23:53,799 - BiLSTM_BRDWGD - INFO - [EXP] Época 300/500 - Loss: 8.584670
2025-12-03 03:24:15,834 - BiLSTM_BRDWGD - INFO - [EXP] Época 350/500 - Loss: 7.661334
2025-12-03 03:24:37,811 - BiLSTM_BRDWGD - INFO - [EXP] Época 400/500 - Loss: 6.327780
2025-12-03 03:24:59,861 - BiLSTM_BRDWGD - INFO - [EXP] Época 450/500 - Loss: 6.198323
2025-12-03 03:25:21,943 - BiLSTM_BRDWGD - INFO - [EXP] Época 500/500 - Loss: 4.492783
2025-12-03 03:25:21,943 - BiLSTM_BRDWGD - INFO - Treinamento concluído em 3.67 minutos
2025-12-03 03:25:22,128 - BiLSTM_BRDWGD - INFO - Calculando erro para o train
2025-12-03 03:25:22,129 - BiLSTM_BRDWGD - INFO - RMSE: 1.5133
2025-12-03 03:25:22,129 - BiLSTM_BRDWGD - INFO - MSE : 2.2900
2025-12-03 03:25:22,129 - BiLSTM_BRDWGD - INFO - MAE : 0.6449
2025-12-03 03:25:22,129 - BiLSTM_BRDWGD - INFO - CSI (thr=1.0 mm): 0.7249  [TP=1233, FP=190, FN=278]
2025-12-03 03:25:22,129 - BiLSTM_BRDWGD - INFO - train_pred TRAIN mm min/max: 0.0, 157.04905700683594
2025-12-03 03:25:22,129 - BiLSTM_BRDWGD - INFO - train_TRUE TRAIN mm min/max: 0.0, 154.39999389648438
2025-12-03 03:25:22,129 - BiLSTM_BRDWGD - INFO -  Gerando gráficos TRAIN...
2025-12-03 03:25:22,543 - BiLSTM_BRDWGD - INFO -  Gráficos gerados TRAIN ...
2025-12-03 03:25:22,543 - BiLSTM_BRDWGD - INFO - Calculando erro para parte de teste
2025-12-03 03:25:22,544 - BiLSTM_BRDWGD - INFO - RMSE: 13.0300
2025-12-03 03:25:22,544 - BiLSTM_BRDWGD - INFO - MSE : 169.7798
2025-12-03 03:25:22,544 - BiLSTM_BRDWGD - INFO - MAE : 6.2924
2025-12-03 03:25:22,544 - BiLSTM_BRDWGD - INFO - CSI (thr=1.0 mm): 0.1765  [TP=3, FP=12, FN=2]
2025-12-03 03:25:22,544 - BiLSTM_BRDWGD - INFO - y_pred mm min/max: 0.0, 12.875313758850098
2025-12-03 03:25:22,544 - BiLSTM_BRDWGD - INFO - y_TRUE mm min/max: 0.0, 55.400001525878906
2025-12-03 03:25:22,544 - BiLSTM_BRDWGD - INFO -  Gerando gráficos...
2025-12-03 03:25:22,829 - BiLSTM_BRDWGD - INFO -  Gráficos gerados...
2025-12-03 03:25:22,830 - BiLSTM_BRDWGD - INFO - ==========================================================================================
2025-12-03 03:25:22,830 - BiLSTM_BRDWGD - INFO - Execução finalizada com sucesso.
2025-12-03 03:25:22,830 - BiLSTM_BRDWGD - INFO - Dispositivo utilizado: cuda
2025-12-03 03:25:22,830 - BiLSTM_BRDWGD - INFO - ==========================================================================================
2025-12-03 03:25:28,869 - LSTM_BRDWGD - INFO - ==========================================================================================
2025-12-03 03:25:28,869 - LSTM_BRDWGD - INFO - Iniciando script LSTM (PyTorch) BRDWGD com suporte a GPU e logs detalhados.
2025-12-03 03:25:28,869 - LSTM_BRDWGD - INFO - ==========================================================================================
2025-12-03 03:25:28,870 - LSTM_BRDWGD - INFO - Iniciando experimento: lookback=30, hidden_dim=256, layers=2, lr=0.001, drop=0.5
2025-12-03 03:25:28,879 - LSTM_BRDWGD - INFO - Shape treino: torch.Size([5863, 30, 6]), teste: torch.Size([30, 30, 6])
2025-12-03 03:25:28,883 - LSTM_BRDWGD - INFO - Treinando por 500 épocas...
2025-12-03 03:25:29,410 - LSTM_BRDWGD - INFO - [EXP] Época 1/500 - Loss: 94.567601
2025-12-03 03:25:54,909 - LSTM_BRDWGD - INFO - [EXP] Época 50/500 - Loss: 58.958184
2025-12-03 03:26:20,986 - LSTM_BRDWGD - INFO - [EXP] Época 100/500 - Loss: 19.149082
2025-12-03 03:26:47,507 - LSTM_BRDWGD - INFO - [EXP] Época 150/500 - Loss: 2.817985
2025-12-03 03:27:14,328 - LSTM_BRDWGD - INFO - [EXP] Época 200/500 - Loss: 1.713685
2025-12-03 03:27:41,145 - LSTM_BRDWGD - INFO - [EXP] Época 250/500 - Loss: 5.961539
2025-12-03 03:28:07,947 - LSTM_BRDWGD - INFO - [EXP] Época 300/500 - Loss: 0.466371
2025-12-03 03:28:42,091 - LSTM_BRDWGD - INFO - [EXP] Época 350/500 - Loss: 1.062280
2025-12-03 03:29:08,491 - LSTM_BRDWGD - INFO - [EXP] Época 400/500 - Loss: 12.859477
2025-12-03 03:29:35,317 - LSTM_BRDWGD - INFO - [EXP] Época 450/500 - Loss: 0.356913
2025-12-03 03:30:02,154 - LSTM_BRDWGD - INFO - [EXP] Época 500/500 - Loss: 0.300522
2025-12-03 03:30:02,155 - LSTM_BRDWGD - INFO - Treinamento concluído em 4.55 minutos
2025-12-03 03:30:02,287 - LSTM_BRDWGD - INFO - Calculando erro para o train
2025-12-03 03:30:02,288 - LSTM_BRDWGD - INFO - RMSE: 0.2575
2025-12-03 03:30:02,288 - LSTM_BRDWGD - INFO - MSE : 0.0663
2025-12-03 03:30:02,288 - LSTM_BRDWGD - INFO - MAE : 0.1472
2025-12-03 03:30:02,288 - LSTM_BRDWGD - INFO - CSI (thr=1.0 mm): 0.9597  [TP=1477, FP=28, FN=34]
2025-12-03 03:30:02,288 - LSTM_BRDWGD - INFO - train_pred TRAIN mm min/max: 0.0, 154.45623779296875
2025-12-03 03:30:02,288 - LSTM_BRDWGD - INFO - train_TRUE TRAIN mm min/max: 0.0, 154.39999389648438
2025-12-03 03:30:02,288 - LSTM_BRDWGD - INFO -  Gerando gráficos TRAIN...
2025-12-03 03:30:02,712 - LSTM_BRDWGD - INFO -  Gráficos gerados TRAIN ...
2025-12-03 03:30:02,712 - LSTM_BRDWGD - INFO - Calculando erro para parte de teste
2025-12-03 03:30:02,712 - LSTM_BRDWGD - INFO - RMSE: 14.5903
2025-12-03 03:30:02,712 - LSTM_BRDWGD - INFO - MSE : 212.8757
2025-12-03 03:30:02,712 - LSTM_BRDWGD - INFO - MAE : 8.1439
2025-12-03 03:30:02,713 - LSTM_BRDWGD - INFO - CSI (thr=1.0 mm): 0.1667  [TP=3, FP=13, FN=2]
2025-12-03 03:30:02,713 - LSTM_BRDWGD - INFO - y_pred mm min/max: 0.0, 25.783857345581055
2025-12-03 03:30:02,713 - LSTM_BRDWGD - INFO - y_TRUE mm min/max: 0.0, 55.400001525878906
2025-12-03 03:30:02,713 - LSTM_BRDWGD - INFO -  Gerando gráficos...
2025-12-03 03:30:03,015 - LSTM_BRDWGD - INFO -  Gráficos gerados...
2025-12-03 03:30:03,015 - LSTM_BRDWGD - INFO - ==========================================================================================
2025-12-03 03:30:03,015 - LSTM_BRDWGD - INFO - Execução finalizada com sucesso.
2025-12-03 03:30:03,015 - LSTM_BRDWGD - INFO - Dispositivo utilizado: cuda
2025-12-03 03:30:03,015 - LSTM_BRDWGD - INFO - ==========================================================================================
2025-12-03 03:30:08,659 - BiLSTM_BRDWGD - INFO - ==========================================================================================
2025-12-03 03:30:08,659 - BiLSTM_BRDWGD - INFO - Iniciando script BILSTM (PyTorch) BRDWGD com suporte a GPU e logs detalhados.
2025-12-03 03:30:08,660 - BiLSTM_BRDWGD - INFO - ==========================================================================================
2025-12-03 03:30:08,660 - BiLSTM_BRDWGD - INFO - Iniciando experimento: lookback=30, hidden_dim=256, layers=2, lr=0.001, drop=0.5
2025-12-03 03:30:08,669 - BiLSTM_BRDWGD - INFO - Shape treino: torch.Size([5863, 30, 6]), teste: torch.Size([30, 30, 6])
2025-12-03 03:30:08,680 - BiLSTM_BRDWGD - INFO - Treinando por 500 épocas...
2025-12-03 03:30:09,529 - BiLSTM_BRDWGD - INFO - [EXP] Época 1/500 - Loss: 93.080093
2025-12-03 03:30:51,058 - BiLSTM_BRDWGD - INFO - [EXP] Época 50/500 - Loss: 52.271982
2025-12-03 03:31:33,739 - BiLSTM_BRDWGD - INFO - [EXP] Época 100/500 - Loss: 31.329160
2025-12-03 03:32:16,626 - BiLSTM_BRDWGD - INFO - [EXP] Época 150/500 - Loss: 18.436485
2025-12-03 03:32:59,276 - BiLSTM_BRDWGD - INFO - [EXP] Época 200/500 - Loss: 9.565047
2025-12-03 03:33:42,255 - BiLSTM_BRDWGD - INFO - [EXP] Época 250/500 - Loss: 6.802732
2025-12-03 03:34:25,329 - BiLSTM_BRDWGD - INFO - [EXP] Época 300/500 - Loss: 5.319244
2025-12-03 03:35:08,689 - BiLSTM_BRDWGD - INFO - [EXP] Época 350/500 - Loss: 4.296953
2025-12-03 03:35:51,870 - BiLSTM_BRDWGD - INFO - [EXP] Época 400/500 - Loss: 4.093225
2025-12-03 03:36:35,253 - BiLSTM_BRDWGD - INFO - [EXP] Época 450/500 - Loss: 3.862162
2025-12-03 03:37:18,576 - BiLSTM_BRDWGD - INFO - [EXP] Época 500/500 - Loss: 5.752456
2025-12-03 03:37:18,576 - BiLSTM_BRDWGD - INFO - Treinamento concluído em 7.16 minutos
2025-12-03 03:37:18,820 - BiLSTM_BRDWGD - INFO - Calculando erro para o train
2025-12-03 03:37:18,821 - BiLSTM_BRDWGD - INFO - RMSE: 1.4997
2025-12-03 03:37:18,821 - BiLSTM_BRDWGD - INFO - MSE : 2.2490
2025-12-03 03:37:18,821 - BiLSTM_BRDWGD - INFO - MAE : 0.6918
2025-12-03 03:37:18,821 - BiLSTM_BRDWGD - INFO - CSI (thr=1.0 mm): 0.7135  [TP=1265, FP=262, FN=246]
2025-12-03 03:37:18,821 - BiLSTM_BRDWGD - INFO - train_pred TRAIN mm min/max: 0.0, 156.5475616455078
2025-12-03 03:37:18,821 - BiLSTM_BRDWGD - INFO - train_TRUE TRAIN mm min/max: 0.0, 154.39999389648438
2025-12-03 03:37:18,821 - BiLSTM_BRDWGD - INFO -  Gerando gráficos TRAIN...
2025-12-03 03:37:19,220 - BiLSTM_BRDWGD - INFO -  Gráficos gerados TRAIN ...
2025-12-03 03:37:19,220 - BiLSTM_BRDWGD - INFO - Calculando erro para parte de teste
2025-12-03 03:37:19,221 - BiLSTM_BRDWGD - INFO - RMSE: 16.0273
2025-12-03 03:37:19,221 - BiLSTM_BRDWGD - INFO - MSE : 256.8751
2025-12-03 03:37:19,221 - BiLSTM_BRDWGD - INFO - MAE : 8.0872
2025-12-03 03:37:19,221 - BiLSTM_BRDWGD - INFO - CSI (thr=1.0 mm): 0.2353  [TP=4, FP=12, FN=1]
2025-12-03 03:37:19,221 - BiLSTM_BRDWGD - INFO - y_pred mm min/max: 0.0, 44.107452392578125
2025-12-03 03:37:19,221 - BiLSTM_BRDWGD - INFO - y_TRUE mm min/max: 0.0, 55.400001525878906
2025-12-03 03:37:19,221 - BiLSTM_BRDWGD - INFO -  Gerando gráficos...
2025-12-03 03:37:19,519 - BiLSTM_BRDWGD - INFO -  Gráficos gerados...
2025-12-03 03:37:19,519 - BiLSTM_BRDWGD - INFO - ==========================================================================================
2025-12-03 03:37:19,519 - BiLSTM_BRDWGD - INFO - Execução finalizada com sucesso.
2025-12-03 03:37:19,519 - BiLSTM_BRDWGD - INFO - Dispositivo utilizado: cuda
2025-12-03 03:37:19,519 - BiLSTM_BRDWGD - INFO - ==========================================================================================
2025-12-03 03:37:25,622 - LSTM_BRDWGD - INFO - ==========================================================================================
2025-12-03 03:37:25,622 - LSTM_BRDWGD - INFO - Iniciando script LSTM (PyTorch) BRDWGD com suporte a GPU e logs detalhados.
2025-12-03 03:37:25,623 - LSTM_BRDWGD - INFO - ==========================================================================================
2025-12-03 03:37:25,623 - LSTM_BRDWGD - INFO - Iniciando experimento: lookback=30, hidden_dim=32, layers=2, lr=0.001, drop=0.5
2025-12-03 03:37:25,633 - LSTM_BRDWGD - INFO - Shape treino: torch.Size([5863, 30, 6]), teste: torch.Size([30, 30, 6])
2025-12-03 03:37:25,635 - LSTM_BRDWGD - INFO - Treinando por 500 épocas...
2025-12-03 03:37:25,964 - LSTM_BRDWGD - INFO - [EXP] Época 1/500 - Loss: 97.697732
2025-12-03 03:37:41,982 - LSTM_BRDWGD - INFO - [EXP] Época 50/500 - Loss: 69.218998
2025-12-03 03:37:58,331 - LSTM_BRDWGD - INFO - [EXP] Época 100/500 - Loss: 52.815903
2025-12-03 03:38:14,632 - LSTM_BRDWGD - INFO - [EXP] Época 150/500 - Loss: 38.042478
2025-12-03 03:38:30,881 - LSTM_BRDWGD - INFO - [EXP] Época 200/500 - Loss: 27.441375
2025-12-03 03:38:47,210 - LSTM_BRDWGD - INFO - [EXP] Época 250/500 - Loss: 18.505242
2025-12-03 03:39:03,544 - LSTM_BRDWGD - INFO - [EXP] Época 300/500 - Loss: 16.515325
2025-12-03 03:39:20,050 - LSTM_BRDWGD - INFO - [EXP] Época 350/500 - Loss: 11.694889
2025-12-03 03:39:36,653 - LSTM_BRDWGD - INFO - [EXP] Época 400/500 - Loss: 8.859937
2025-12-03 03:39:53,279 - LSTM_BRDWGD - INFO - [EXP] Época 450/500 - Loss: 10.306964
2025-12-03 03:40:09,901 - LSTM_BRDWGD - INFO - [EXP] Época 500/500 - Loss: 8.040650
2025-12-03 03:40:09,901 - LSTM_BRDWGD - INFO - Treinamento concluído em 2.74 minutos
2025-12-03 03:40:09,946 - LSTM_BRDWGD - INFO - Calculando erro para o train
2025-12-03 03:40:09,946 - LSTM_BRDWGD - INFO - RMSE: 2.9369
2025-12-03 03:40:09,946 - LSTM_BRDWGD - INFO - MSE : 8.6254
2025-12-03 03:40:09,946 - LSTM_BRDWGD - INFO - MAE : 1.4321
2025-12-03 03:40:09,946 - LSTM_BRDWGD - INFO - CSI (thr=1.0 mm): 0.4832  [TP=1294, FP=1167, FN=217]
2025-12-03 03:40:09,947 - LSTM_BRDWGD - INFO - train_pred TRAIN mm min/max: 0.0, 145.4729766845703
2025-12-03 03:40:09,947 - LSTM_BRDWGD - INFO - train_TRUE TRAIN mm min/max: 0.0, 154.39999389648438
2025-12-03 03:40:09,947 - LSTM_BRDWGD - INFO -  Gerando gráficos TRAIN...
2025-12-03 03:40:10,325 - LSTM_BRDWGD - INFO -  Gráficos gerados TRAIN ...
2025-12-03 03:40:10,325 - LSTM_BRDWGD - INFO - Calculando erro para parte de teste
2025-12-03 03:40:10,326 - LSTM_BRDWGD - INFO - RMSE: 16.2733
2025-12-03 03:40:10,326 - LSTM_BRDWGD - INFO - MSE : 264.8207
2025-12-03 03:40:10,326 - LSTM_BRDWGD - INFO - MAE : 10.1214
2025-12-03 03:40:10,326 - LSTM_BRDWGD - INFO - CSI (thr=1.0 mm): 0.1250  [TP=3, FP=19, FN=2]
2025-12-03 03:40:10,326 - LSTM_BRDWGD - INFO - y_pred mm min/max: 0.0, 31.277097702026367
2025-12-03 03:40:10,326 - LSTM_BRDWGD - INFO - y_TRUE mm min/max: 0.0, 55.400001525878906
2025-12-03 03:40:10,326 - LSTM_BRDWGD - INFO -  Gerando gráficos...
2025-12-03 03:40:10,603 - LSTM_BRDWGD - INFO -  Gráficos gerados...
2025-12-03 03:40:10,603 - LSTM_BRDWGD - INFO - ==========================================================================================
2025-12-03 03:40:10,603 - LSTM_BRDWGD - INFO - Execução finalizada com sucesso.
2025-12-03 03:40:10,603 - LSTM_BRDWGD - INFO - Dispositivo utilizado: cuda
2025-12-03 03:40:10,603 - LSTM_BRDWGD - INFO - ==========================================================================================
2025-12-03 03:40:16,252 - BiLSTM_BRDWGD - INFO - ==========================================================================================
2025-12-03 03:40:16,252 - BiLSTM_BRDWGD - INFO - Iniciando script BILSTM (PyTorch) BRDWGD com suporte a GPU e logs detalhados.
2025-12-03 03:40:16,253 - BiLSTM_BRDWGD - INFO - ==========================================================================================
2025-12-03 03:40:16,253 - BiLSTM_BRDWGD - INFO - Iniciando experimento: lookback=30, hidden_dim=32, layers=2, lr=0.001, drop=0.5
2025-12-03 03:40:16,262 - BiLSTM_BRDWGD - INFO - Shape treino: torch.Size([5863, 30, 6]), teste: torch.Size([30, 30, 6])
2025-12-03 03:40:16,265 - BiLSTM_BRDWGD - INFO - Treinando por 500 épocas...
2025-12-03 03:40:16,692 - BiLSTM_BRDWGD - INFO - [EXP] Época 1/500 - Loss: 97.155005
2025-12-03 03:40:37,820 - BiLSTM_BRDWGD - INFO - [EXP] Época 50/500 - Loss: 72.829446
2025-12-03 03:40:59,372 - BiLSTM_BRDWGD - INFO - [EXP] Época 100/500 - Loss: 55.365646
2025-12-03 03:41:20,572 - BiLSTM_BRDWGD - INFO - [EXP] Época 150/500 - Loss: 41.144208
2025-12-03 03:41:41,886 - BiLSTM_BRDWGD - INFO - [EXP] Época 200/500 - Loss: 42.092624
2025-12-03 03:42:03,111 - BiLSTM_BRDWGD - INFO - [EXP] Época 250/500 - Loss: 28.937682
2025-12-03 03:42:24,253 - BiLSTM_BRDWGD - INFO - [EXP] Época 300/500 - Loss: 27.166294
2025-12-03 03:42:45,701 - BiLSTM_BRDWGD - INFO - [EXP] Época 350/500 - Loss: 26.218761
2025-12-03 03:43:07,152 - BiLSTM_BRDWGD - INFO - [EXP] Época 400/500 - Loss: 24.237742
2025-12-03 03:43:28,543 - BiLSTM_BRDWGD - INFO - [EXP] Época 450/500 - Loss: 21.957594
2025-12-03 03:43:50,063 - BiLSTM_BRDWGD - INFO - [EXP] Época 500/500 - Loss: 21.852561
2025-12-03 03:43:50,063 - BiLSTM_BRDWGD - INFO - Treinamento concluído em 3.56 minutos
2025-12-03 03:43:50,115 - BiLSTM_BRDWGD - INFO - Calculando erro para o train
2025-12-03 03:43:50,116 - BiLSTM_BRDWGD - INFO - RMSE: 3.8640
2025-12-03 03:43:50,116 - BiLSTM_BRDWGD - INFO - MSE : 14.9303
2025-12-03 03:43:50,116 - BiLSTM_BRDWGD - INFO - MAE : 1.8138
2025-12-03 03:43:50,116 - BiLSTM_BRDWGD - INFO - CSI (thr=1.0 mm): 0.4653  [TP=1259, FP=1195, FN=252]
2025-12-03 03:43:50,116 - BiLSTM_BRDWGD - INFO - train_pred TRAIN mm min/max: 0.0, 137.19949340820312
2025-12-03 03:43:50,116 - BiLSTM_BRDWGD - INFO - train_TRUE TRAIN mm min/max: 0.0, 154.39999389648438
2025-12-03 03:43:50,116 - BiLSTM_BRDWGD - INFO -  Gerando gráficos TRAIN...
2025-12-03 03:43:50,550 - BiLSTM_BRDWGD - INFO -  Gráficos gerados TRAIN ...
2025-12-03 03:43:50,550 - BiLSTM_BRDWGD - INFO - Calculando erro para parte de teste
2025-12-03 03:43:50,551 - BiLSTM_BRDWGD - INFO - RMSE: 12.3348
2025-12-03 03:43:50,551 - BiLSTM_BRDWGD - INFO - MSE : 152.1463
2025-12-03 03:43:50,551 - BiLSTM_BRDWGD - INFO - MAE : 6.7039
2025-12-03 03:43:50,551 - BiLSTM_BRDWGD - INFO - CSI (thr=1.0 mm): 0.3125  [TP=5, FP=11, FN=0]
2025-12-03 03:43:50,551 - BiLSTM_BRDWGD - INFO - y_pred mm min/max: 0.0, 25.636390686035156
2025-12-03 03:43:50,551 - BiLSTM_BRDWGD - INFO - y_TRUE mm min/max: 0.0, 55.400001525878906
2025-12-03 03:43:50,551 - BiLSTM_BRDWGD - INFO -  Gerando gráficos...
2025-12-03 03:43:50,844 - BiLSTM_BRDWGD - INFO -  Gráficos gerados...
2025-12-03 03:43:50,844 - BiLSTM_BRDWGD - INFO - ==========================================================================================
2025-12-03 03:43:50,845 - BiLSTM_BRDWGD - INFO - Execução finalizada com sucesso.
2025-12-03 03:43:50,845 - BiLSTM_BRDWGD - INFO - Dispositivo utilizado: cuda
2025-12-03 03:43:50,845 - BiLSTM_BRDWGD - INFO - ==========================================================================================
2025-12-03 03:43:57,004 - LSTM_BRDWGD - INFO - ==========================================================================================
2025-12-03 03:43:57,005 - LSTM_BRDWGD - INFO - Iniciando script LSTM (PyTorch) BRDWGD com suporte a GPU e logs detalhados.
2025-12-03 03:43:57,005 - LSTM_BRDWGD - INFO - ==========================================================================================
2025-12-03 03:43:57,005 - LSTM_BRDWGD - INFO - Iniciando experimento: lookback=30, hidden_dim=64, layers=2, lr=0.001, drop=0.5
2025-12-03 03:43:57,015 - LSTM_BRDWGD - INFO - Shape treino: torch.Size([5863, 30, 6]), teste: torch.Size([30, 30, 6])
2025-12-03 03:43:57,017 - LSTM_BRDWGD - INFO - Treinando por 500 épocas...
2025-12-03 03:43:57,343 - LSTM_BRDWGD - INFO - [EXP] Época 1/500 - Loss: 97.025979
2025-12-03 03:44:13,356 - LSTM_BRDWGD - INFO - [EXP] Época 50/500 - Loss: 56.517196
2025-12-03 03:44:29,864 - LSTM_BRDWGD - INFO - [EXP] Época 100/500 - Loss: 35.222727
2025-12-03 03:44:46,320 - LSTM_BRDWGD - INFO - [EXP] Época 150/500 - Loss: 17.099952
2025-12-03 03:45:02,780 - LSTM_BRDWGD - INFO - [EXP] Época 200/500 - Loss: 33.202055
2025-12-03 03:45:19,322 - LSTM_BRDWGD - INFO - [EXP] Época 250/500 - Loss: 4.823058
2025-12-03 03:45:35,842 - LSTM_BRDWGD - INFO - [EXP] Época 300/500 - Loss: 3.543737
2025-12-03 03:45:52,074 - LSTM_BRDWGD - INFO - [EXP] Época 350/500 - Loss: 3.811468
2025-12-03 03:46:08,412 - LSTM_BRDWGD - INFO - [EXP] Época 400/500 - Loss: 1.891321
2025-12-03 03:46:24,907 - LSTM_BRDWGD - INFO - [EXP] Época 450/500 - Loss: 1.866447
2025-12-03 03:46:41,259 - LSTM_BRDWGD - INFO - [EXP] Época 500/500 - Loss: 1.574444
2025-12-03 03:46:41,259 - LSTM_BRDWGD - INFO - Treinamento concluído em 2.74 minutos
2025-12-03 03:46:41,304 - LSTM_BRDWGD - INFO - Calculando erro para o train
2025-12-03 03:46:41,305 - LSTM_BRDWGD - INFO - RMSE: 1.0644
2025-12-03 03:46:41,305 - LSTM_BRDWGD - INFO - MSE : 1.1329
2025-12-03 03:46:41,305 - LSTM_BRDWGD - INFO - MAE : 0.5274
2025-12-03 03:46:41,305 - LSTM_BRDWGD - INFO - CSI (thr=1.0 mm): 0.7235  [TP=1392, FP=413, FN=119]
2025-12-03 03:46:41,305 - LSTM_BRDWGD - INFO - train_pred TRAIN mm min/max: 0.0, 151.2792510986328
2025-12-03 03:46:41,305 - LSTM_BRDWGD - INFO - train_TRUE TRAIN mm min/max: 0.0, 154.39999389648438
2025-12-03 03:46:41,305 - LSTM_BRDWGD - INFO -  Gerando gráficos TRAIN...
2025-12-03 03:46:41,751 - LSTM_BRDWGD - INFO -  Gráficos gerados TRAIN ...
2025-12-03 03:46:41,752 - LSTM_BRDWGD - INFO - Calculando erro para parte de teste
2025-12-03 03:46:41,752 - LSTM_BRDWGD - INFO - RMSE: 17.5633
2025-12-03 03:46:41,752 - LSTM_BRDWGD - INFO - MSE : 308.4692
2025-12-03 03:46:41,752 - LSTM_BRDWGD - INFO - MAE : 10.1080
2025-12-03 03:46:41,752 - LSTM_BRDWGD - INFO - CSI (thr=1.0 mm): 0.1429  [TP=3, FP=16, FN=2]
2025-12-03 03:46:41,752 - LSTM_BRDWGD - INFO - y_pred mm min/max: 0.0, 48.889686584472656
2025-12-03 03:46:41,752 - LSTM_BRDWGD - INFO - y_TRUE mm min/max: 0.0, 55.400001525878906
2025-12-03 03:46:41,753 - LSTM_BRDWGD - INFO -  Gerando gráficos...
2025-12-03 03:46:42,191 - LSTM_BRDWGD - INFO -  Gráficos gerados...
2025-12-03 03:46:42,191 - LSTM_BRDWGD - INFO - ==========================================================================================
2025-12-03 03:46:42,191 - LSTM_BRDWGD - INFO - Execução finalizada com sucesso.
2025-12-03 03:46:42,191 - LSTM_BRDWGD - INFO - Dispositivo utilizado: cuda
2025-12-03 03:46:42,191 - LSTM_BRDWGD - INFO - ==========================================================================================
2025-12-03 03:46:47,815 - BiLSTM_BRDWGD - INFO - ==========================================================================================
2025-12-03 03:46:47,815 - BiLSTM_BRDWGD - INFO - Iniciando script BILSTM (PyTorch) BRDWGD com suporte a GPU e logs detalhados.
2025-12-03 03:46:47,815 - BiLSTM_BRDWGD - INFO - ==========================================================================================
2025-12-03 03:46:47,815 - BiLSTM_BRDWGD - INFO - Iniciando experimento: lookback=30, hidden_dim=64, layers=2, lr=0.001, drop=0.5
2025-12-03 03:46:47,825 - BiLSTM_BRDWGD - INFO - Shape treino: torch.Size([5863, 30, 6]), teste: torch.Size([30, 30, 6])
2025-12-03 03:46:47,829 - BiLSTM_BRDWGD - INFO - Treinando por 500 épocas...
2025-12-03 03:46:48,259 - BiLSTM_BRDWGD - INFO - [EXP] Época 1/500 - Loss: 95.987920
2025-12-03 03:47:09,514 - BiLSTM_BRDWGD - INFO - [EXP] Época 50/500 - Loss: 58.825675
2025-12-03 03:47:30,881 - BiLSTM_BRDWGD - INFO - [EXP] Época 100/500 - Loss: 29.709778
2025-12-03 03:47:52,134 - BiLSTM_BRDWGD - INFO - [EXP] Época 150/500 - Loss: 24.956542
2025-12-03 03:48:13,400 - BiLSTM_BRDWGD - INFO - [EXP] Época 200/500 - Loss: 19.051444
2025-12-03 03:48:35,072 - BiLSTM_BRDWGD - INFO - [EXP] Época 250/500 - Loss: 24.539168
2025-12-03 03:48:57,004 - BiLSTM_BRDWGD - INFO - [EXP] Época 300/500 - Loss: 13.447269
2025-12-03 03:49:18,932 - BiLSTM_BRDWGD - INFO - [EXP] Época 350/500 - Loss: 10.641157
2025-12-03 03:49:40,718 - BiLSTM_BRDWGD - INFO - [EXP] Época 400/500 - Loss: 8.558164
2025-12-03 03:50:02,355 - BiLSTM_BRDWGD - INFO - [EXP] Época 450/500 - Loss: 18.656505
2025-12-03 03:50:23,957 - BiLSTM_BRDWGD - INFO - [EXP] Época 500/500 - Loss: 7.188375
2025-12-03 03:50:23,957 - BiLSTM_BRDWGD - INFO - Treinamento concluído em 3.60 minutos
2025-12-03 03:50:24,032 - BiLSTM_BRDWGD - INFO - Calculando erro para o train
2025-12-03 03:50:24,032 - BiLSTM_BRDWGD - INFO - RMSE: 1.9651
2025-12-03 03:50:24,032 - BiLSTM_BRDWGD - INFO - MSE : 3.8614
2025-12-03 03:50:24,032 - BiLSTM_BRDWGD - INFO - MAE : 0.9141
2025-12-03 03:50:24,032 - BiLSTM_BRDWGD - INFO - CSI (thr=1.0 mm): 0.6170  [TP=1218, FP=463, FN=293]
2025-12-03 03:50:24,032 - BiLSTM_BRDWGD - INFO - train_pred TRAIN mm min/max: 0.0, 147.80084228515625
2025-12-03 03:50:24,032 - BiLSTM_BRDWGD - INFO - train_TRUE TRAIN mm min/max: 0.0, 154.39999389648438
2025-12-03 03:50:24,033 - BiLSTM_BRDWGD - INFO -  Gerando gráficos TRAIN...
2025-12-03 03:50:24,427 - BiLSTM_BRDWGD - INFO -  Gráficos gerados TRAIN ...
2025-12-03 03:50:24,427 - BiLSTM_BRDWGD - INFO - Calculando erro para parte de teste
2025-12-03 03:50:24,427 - BiLSTM_BRDWGD - INFO - RMSE: 14.0722
2025-12-03 03:50:24,427 - BiLSTM_BRDWGD - INFO - MSE : 198.0262
2025-12-03 03:50:24,427 - BiLSTM_BRDWGD - INFO - MAE : 7.6788
2025-12-03 03:50:24,428 - BiLSTM_BRDWGD - INFO - CSI (thr=1.0 mm): 0.1429  [TP=3, FP=16, FN=2]
2025-12-03 03:50:24,428 - BiLSTM_BRDWGD - INFO - y_pred mm min/max: 0.0, 23.686580657958984
2025-12-03 03:50:24,428 - BiLSTM_BRDWGD - INFO - y_TRUE mm min/max: 0.0, 55.400001525878906
2025-12-03 03:50:24,428 - BiLSTM_BRDWGD - INFO -  Gerando gráficos...
2025-12-03 03:50:24,746 - BiLSTM_BRDWGD - INFO -  Gráficos gerados...
2025-12-03 03:50:24,746 - BiLSTM_BRDWGD - INFO - ==========================================================================================
2025-12-03 03:50:24,746 - BiLSTM_BRDWGD - INFO - Execução finalizada com sucesso.
2025-12-03 03:50:24,746 - BiLSTM_BRDWGD - INFO - Dispositivo utilizado: cuda
2025-12-03 03:50:24,746 - BiLSTM_BRDWGD - INFO - ==========================================================================================
2025-12-03 03:50:30,713 - LSTM_BRDWGD - INFO - ==========================================================================================
2025-12-03 03:50:30,714 - LSTM_BRDWGD - INFO - Iniciando script LSTM (PyTorch) BRDWGD com suporte a GPU e logs detalhados.
2025-12-03 03:50:30,714 - LSTM_BRDWGD - INFO - ==========================================================================================
2025-12-03 03:50:30,714 - LSTM_BRDWGD - INFO - Iniciando experimento: lookback=30, hidden_dim=128, layers=2, lr=0.001, drop=0.5
2025-12-03 03:50:30,724 - LSTM_BRDWGD - INFO - Shape treino: torch.Size([5863, 30, 6]), teste: torch.Size([30, 30, 6])
2025-12-03 03:50:30,726 - LSTM_BRDWGD - INFO - Treinando por 500 épocas...
2025-12-03 03:50:31,057 - LSTM_BRDWGD - INFO - [EXP] Época 1/500 - Loss: 95.023444
2025-12-03 03:50:47,157 - LSTM_BRDWGD - INFO - [EXP] Época 50/500 - Loss: 55.738343
2025-12-03 03:51:03,590 - LSTM_BRDWGD - INFO - [EXP] Época 100/500 - Loss: 44.984665
2025-12-03 03:51:20,021 - LSTM_BRDWGD - INFO - [EXP] Época 150/500 - Loss: 7.564772
2025-12-03 03:51:36,679 - LSTM_BRDWGD - INFO - [EXP] Época 200/500 - Loss: 2.441251
2025-12-03 03:51:53,373 - LSTM_BRDWGD - INFO - [EXP] Época 250/500 - Loss: 4.383255
2025-12-03 03:52:10,059 - LSTM_BRDWGD - INFO - [EXP] Época 300/500 - Loss: 6.469255
2025-12-03 03:52:26,483 - LSTM_BRDWGD - INFO - [EXP] Época 350/500 - Loss: 1.470579
2025-12-03 03:52:42,847 - LSTM_BRDWGD - INFO - [EXP] Época 400/500 - Loss: 0.772287
2025-12-03 03:52:59,164 - LSTM_BRDWGD - INFO - [EXP] Época 450/500 - Loss: 0.440955
2025-12-03 03:53:15,732 - LSTM_BRDWGD - INFO - [EXP] Época 500/500 - Loss: 0.485153
2025-12-03 03:53:15,732 - LSTM_BRDWGD - INFO - Treinamento concluído em 2.75 minutos
2025-12-03 03:53:15,831 - LSTM_BRDWGD - INFO - Calculando erro para o train
2025-12-03 03:53:15,832 - LSTM_BRDWGD - INFO - RMSE: 0.3951
2025-12-03 03:53:15,832 - LSTM_BRDWGD - INFO - MSE : 0.1561
2025-12-03 03:53:15,832 - LSTM_BRDWGD - INFO - MAE : 0.2053
2025-12-03 03:53:15,832 - LSTM_BRDWGD - INFO - CSI (thr=1.0 mm): 0.9231  [TP=1429, FP=37, FN=82]
2025-12-03 03:53:15,832 - LSTM_BRDWGD - INFO - train_pred TRAIN mm min/max: 0.0, 153.77142333984375
2025-12-03 03:53:15,832 - LSTM_BRDWGD - INFO - train_TRUE TRAIN mm min/max: 0.0, 154.39999389648438
2025-12-03 03:53:15,832 - LSTM_BRDWGD - INFO -  Gerando gráficos TRAIN...
2025-12-03 03:53:16,230 - LSTM_BRDWGD - INFO -  Gráficos gerados TRAIN ...
2025-12-03 03:53:16,230 - LSTM_BRDWGD - INFO - Calculando erro para parte de teste
2025-12-03 03:53:16,231 - LSTM_BRDWGD - INFO - RMSE: 15.9302
2025-12-03 03:53:16,231 - LSTM_BRDWGD - INFO - MSE : 253.7720
2025-12-03 03:53:16,231 - LSTM_BRDWGD - INFO - MAE : 8.9673
2025-12-03 03:53:16,231 - LSTM_BRDWGD - INFO - CSI (thr=1.0 mm): 0.1500  [TP=3, FP=15, FN=2]
2025-12-03 03:53:16,231 - LSTM_BRDWGD - INFO - y_pred mm min/max: 0.0, 27.58932876586914
2025-12-03 03:53:16,231 - LSTM_BRDWGD - INFO - y_TRUE mm min/max: 0.0, 55.400001525878906
2025-12-03 03:53:16,231 - LSTM_BRDWGD - INFO -  Gerando gráficos...
2025-12-03 03:53:16,499 - LSTM_BRDWGD - INFO -  Gráficos gerados...
2025-12-03 03:53:16,499 - LSTM_BRDWGD - INFO - ==========================================================================================
2025-12-03 03:53:16,499 - LSTM_BRDWGD - INFO - Execução finalizada com sucesso.
2025-12-03 03:53:16,499 - LSTM_BRDWGD - INFO - Dispositivo utilizado: cuda
2025-12-03 03:53:16,499 - LSTM_BRDWGD - INFO - ==========================================================================================
2025-12-03 03:53:22,142 - BiLSTM_BRDWGD - INFO - ==========================================================================================
2025-12-03 03:53:22,142 - BiLSTM_BRDWGD - INFO - Iniciando script BILSTM (PyTorch) BRDWGD com suporte a GPU e logs detalhados.
2025-12-03 03:53:22,142 - BiLSTM_BRDWGD - INFO - ==========================================================================================
2025-12-03 03:53:22,143 - BiLSTM_BRDWGD - INFO - Iniciando experimento: lookback=30, hidden_dim=128, layers=2, lr=0.001, drop=0.5
2025-12-03 03:53:22,152 - BiLSTM_BRDWGD - INFO - Shape treino: torch.Size([5863, 30, 6]), teste: torch.Size([30, 30, 6])
2025-12-03 03:53:22,156 - BiLSTM_BRDWGD - INFO - Treinando por 500 épocas...
2025-12-03 03:53:22,607 - BiLSTM_BRDWGD - INFO - [EXP] Época 1/500 - Loss: 95.074623
2025-12-03 03:53:44,206 - BiLSTM_BRDWGD - INFO - [EXP] Época 50/500 - Loss: 54.128576
2025-12-03 03:54:06,150 - BiLSTM_BRDWGD - INFO - [EXP] Época 100/500 - Loss: 24.799181
2025-12-03 03:54:28,054 - BiLSTM_BRDWGD - INFO - [EXP] Época 150/500 - Loss: 17.598367
2025-12-03 03:54:50,019 - BiLSTM_BRDWGD - INFO - [EXP] Época 200/500 - Loss: 8.955558
2025-12-03 03:55:11,992 - BiLSTM_BRDWGD - INFO - [EXP] Época 250/500 - Loss: 8.521308
2025-12-03 03:55:33,987 - BiLSTM_BRDWGD - INFO - [EXP] Época 300/500 - Loss: 6.677186
2025-12-03 03:55:55,901 - BiLSTM_BRDWGD - INFO - [EXP] Época 350/500 - Loss: 4.717393
2025-12-03 03:56:17,854 - BiLSTM_BRDWGD - INFO - [EXP] Época 400/500 - Loss: 4.740433
2025-12-03 03:56:39,928 - BiLSTM_BRDWGD - INFO - [EXP] Época 450/500 - Loss: 4.520032
2025-12-03 03:57:01,999 - BiLSTM_BRDWGD - INFO - [EXP] Época 500/500 - Loss: 4.560002
2025-12-03 03:57:01,999 - BiLSTM_BRDWGD - INFO - Treinamento concluído em 3.66 minutos
2025-12-03 03:57:02,185 - BiLSTM_BRDWGD - INFO - Calculando erro para o train
2025-12-03 03:57:02,186 - BiLSTM_BRDWGD - INFO - RMSE: 1.3889
2025-12-03 03:57:02,186 - BiLSTM_BRDWGD - INFO - MSE : 1.9291
2025-12-03 03:57:02,186 - BiLSTM_BRDWGD - INFO - MAE : 0.5999
2025-12-03 03:57:02,186 - BiLSTM_BRDWGD - INFO - CSI (thr=1.0 mm): 0.7273  [TP=1232, FP=183, FN=279]
2025-12-03 03:57:02,186 - BiLSTM_BRDWGD - INFO - train_pred TRAIN mm min/max: 0.0, 150.5555877685547
2025-12-03 03:57:02,186 - BiLSTM_BRDWGD - INFO - train_TRUE TRAIN mm min/max: 0.0, 154.39999389648438
2025-12-03 03:57:02,186 - BiLSTM_BRDWGD - INFO -  Gerando gráficos TRAIN...
2025-12-03 03:57:02,603 - BiLSTM_BRDWGD - INFO -  Gráficos gerados TRAIN ...
2025-12-03 03:57:02,603 - BiLSTM_BRDWGD - INFO - Calculando erro para parte de teste
2025-12-03 03:57:02,604 - BiLSTM_BRDWGD - INFO - RMSE: 16.0998
2025-12-03 03:57:02,604 - BiLSTM_BRDWGD - INFO - MSE : 259.2044
2025-12-03 03:57:02,604 - BiLSTM_BRDWGD - INFO - MAE : 9.0397
2025-12-03 03:57:02,604 - BiLSTM_BRDWGD - INFO - CSI (thr=1.0 mm): 0.1875  [TP=3, FP=11, FN=2]
2025-12-03 03:57:02,604 - BiLSTM_BRDWGD - INFO - y_pred mm min/max: 0.0, 31.592113494873047
2025-12-03 03:57:02,604 - BiLSTM_BRDWGD - INFO - y_TRUE mm min/max: 0.0, 55.400001525878906
2025-12-03 03:57:02,604 - BiLSTM_BRDWGD - INFO -  Gerando gráficos...
2025-12-03 03:57:02,900 - BiLSTM_BRDWGD - INFO -  Gráficos gerados...
2025-12-03 03:57:02,900 - BiLSTM_BRDWGD - INFO - ==========================================================================================
2025-12-03 03:57:02,900 - BiLSTM_BRDWGD - INFO - Execução finalizada com sucesso.
2025-12-03 03:57:02,900 - BiLSTM_BRDWGD - INFO - Dispositivo utilizado: cuda
2025-12-03 03:57:02,900 - BiLSTM_BRDWGD - INFO - ==========================================================================================
2025-12-03 03:57:08,971 - LSTM_BRDWGD - INFO - ==========================================================================================
2025-12-03 03:57:08,972 - LSTM_BRDWGD - INFO - Iniciando script LSTM (PyTorch) BRDWGD com suporte a GPU e logs detalhados.
2025-12-03 03:57:08,972 - LSTM_BRDWGD - INFO - ==========================================================================================
2025-12-03 03:57:08,972 - LSTM_BRDWGD - INFO - Iniciando experimento: lookback=30, hidden_dim=256, layers=2, lr=0.001, drop=0.5
2025-12-03 03:57:08,981 - LSTM_BRDWGD - INFO - Shape treino: torch.Size([5863, 30, 6]), teste: torch.Size([30, 30, 6])
2025-12-03 03:57:08,987 - LSTM_BRDWGD - INFO - Treinando por 500 épocas...
2025-12-03 03:57:09,533 - LSTM_BRDWGD - INFO - [EXP] Época 1/500 - Loss: 93.489785
2025-12-03 03:57:35,838 - LSTM_BRDWGD - INFO - [EXP] Época 50/500 - Loss: 52.605929
2025-12-03 03:58:02,835 - LSTM_BRDWGD - INFO - [EXP] Época 100/500 - Loss: 24.171647
2025-12-03 03:58:29,806 - LSTM_BRDWGD - INFO - [EXP] Época 150/500 - Loss: 3.136290
2025-12-03 03:58:56,717 - LSTM_BRDWGD - INFO - [EXP] Época 200/500 - Loss: 1.925041
2025-12-03 03:59:23,623 - LSTM_BRDWGD - INFO - [EXP] Época 250/500 - Loss: 1.051339
2025-12-03 03:59:50,677 - LSTM_BRDWGD - INFO - [EXP] Época 300/500 - Loss: 1.063421
2025-12-03 04:00:17,583 - LSTM_BRDWGD - INFO - [EXP] Época 350/500 - Loss: 0.591660
2025-12-03 04:00:44,491 - LSTM_BRDWGD - INFO - [EXP] Época 400/500 - Loss: 0.494686
2025-12-03 04:01:11,470 - LSTM_BRDWGD - INFO - [EXP] Época 450/500 - Loss: 0.452733
2025-12-03 04:01:38,622 - LSTM_BRDWGD - INFO - [EXP] Época 500/500 - Loss: 0.445888
2025-12-03 04:01:38,622 - LSTM_BRDWGD - INFO - Treinamento concluído em 4.49 minutos
2025-12-03 04:01:38,759 - LSTM_BRDWGD - INFO - Calculando erro para o train
2025-12-03 04:01:38,760 - LSTM_BRDWGD - INFO - RMSE: 0.4185
2025-12-03 04:01:38,760 - LSTM_BRDWGD - INFO - MSE : 0.1751
2025-12-03 04:01:38,760 - LSTM_BRDWGD - INFO - MAE : 0.2221
2025-12-03 04:01:38,760 - LSTM_BRDWGD - INFO - CSI (thr=1.0 mm): 0.9231  [TP=1453, FP=63, FN=58]
2025-12-03 04:01:38,760 - LSTM_BRDWGD - INFO - train_pred TRAIN mm min/max: 0.0, 155.1539306640625
2025-12-03 04:01:38,760 - LSTM_BRDWGD - INFO - train_TRUE TRAIN mm min/max: 0.0, 154.39999389648438
2025-12-03 04:01:38,760 - LSTM_BRDWGD - INFO -  Gerando gráficos TRAIN...
2025-12-03 04:01:39,176 - LSTM_BRDWGD - INFO -  Gráficos gerados TRAIN ...
2025-12-03 04:01:39,176 - LSTM_BRDWGD - INFO - Calculando erro para parte de teste
2025-12-03 04:01:39,176 - LSTM_BRDWGD - INFO - RMSE: 14.9852
2025-12-03 04:01:39,176 - LSTM_BRDWGD - INFO - MSE : 224.5571
2025-12-03 04:01:39,176 - LSTM_BRDWGD - INFO - MAE : 7.3470
2025-12-03 04:01:39,177 - LSTM_BRDWGD - INFO - CSI (thr=1.0 mm): 0.1500  [TP=3, FP=15, FN=2]
2025-12-03 04:01:39,177 - LSTM_BRDWGD - INFO - y_pred mm min/max: 0.0, 25.068416595458984
2025-12-03 04:01:39,177 - LSTM_BRDWGD - INFO - y_TRUE mm min/max: 0.0, 55.400001525878906
2025-12-03 04:01:39,177 - LSTM_BRDWGD - INFO -  Gerando gráficos...
2025-12-03 04:01:39,434 - LSTM_BRDWGD - INFO -  Gráficos gerados...
2025-12-03 04:01:39,434 - LSTM_BRDWGD - INFO - ==========================================================================================
2025-12-03 04:01:39,434 - LSTM_BRDWGD - INFO - Execução finalizada com sucesso.
2025-12-03 04:01:39,434 - LSTM_BRDWGD - INFO - Dispositivo utilizado: cuda
2025-12-03 04:01:39,434 - LSTM_BRDWGD - INFO - ==========================================================================================
2025-12-03 04:01:45,041 - BiLSTM_BRDWGD - INFO - ==========================================================================================
2025-12-03 04:01:45,042 - BiLSTM_BRDWGD - INFO - Iniciando script BILSTM (PyTorch) BRDWGD com suporte a GPU e logs detalhados.
2025-12-03 04:01:45,042 - BiLSTM_BRDWGD - INFO - ==========================================================================================
2025-12-03 04:01:45,042 - BiLSTM_BRDWGD - INFO - Iniciando experimento: lookback=30, hidden_dim=256, layers=2, lr=0.001, drop=0.5
2025-12-03 04:01:45,051 - BiLSTM_BRDWGD - INFO - Shape treino: torch.Size([5863, 30, 6]), teste: torch.Size([30, 30, 6])
2025-12-03 04:01:45,065 - BiLSTM_BRDWGD - INFO - Treinando por 500 épocas...
2025-12-03 04:01:45,924 - BiLSTM_BRDWGD - INFO - [EXP] Época 1/500 - Loss: 93.647387
2025-12-03 04:02:27,969 - BiLSTM_BRDWGD - INFO - [EXP] Época 50/500 - Loss: 51.122728
2025-12-03 04:03:11,104 - BiLSTM_BRDWGD - INFO - [EXP] Época 100/500 - Loss: 23.212014
2025-12-03 04:03:54,599 - BiLSTM_BRDWGD - INFO - [EXP] Época 150/500 - Loss: 12.268540
2025-12-03 04:04:37,973 - BiLSTM_BRDWGD - INFO - [EXP] Época 200/500 - Loss: 20.328576
2025-12-03 04:05:21,478 - BiLSTM_BRDWGD - INFO - [EXP] Época 250/500 - Loss: 5.201156
2025-12-03 04:06:04,987 - BiLSTM_BRDWGD - INFO - [EXP] Época 300/500 - Loss: 3.669886
2025-12-03 04:06:48,501 - BiLSTM_BRDWGD - INFO - [EXP] Época 350/500 - Loss: 3.450729
2025-12-03 04:07:31,714 - BiLSTM_BRDWGD - INFO - [EXP] Época 400/500 - Loss: 2.915136
2025-12-03 04:08:14,617 - BiLSTM_BRDWGD - INFO - [EXP] Época 450/500 - Loss: 2.618956
2025-12-03 04:08:57,528 - BiLSTM_BRDWGD - INFO - [EXP] Época 500/500 - Loss: 2.636643
2025-12-03 04:08:57,528 - BiLSTM_BRDWGD - INFO - Treinamento concluído em 7.21 minutos
2025-12-03 04:08:57,773 - BiLSTM_BRDWGD - INFO - Calculando erro para o train
2025-12-03 04:08:57,774 - BiLSTM_BRDWGD - INFO - RMSE: 0.9832
2025-12-03 04:08:57,774 - BiLSTM_BRDWGD - INFO - MSE : 0.9667
2025-12-03 04:08:57,774 - BiLSTM_BRDWGD - INFO - MAE : 0.4168
2025-12-03 04:08:57,774 - BiLSTM_BRDWGD - INFO - CSI (thr=1.0 mm): 0.8355  [TP=1315, FP=63, FN=196]
2025-12-03 04:08:57,774 - BiLSTM_BRDWGD - INFO - train_pred TRAIN mm min/max: 0.0, 150.98312377929688
2025-12-03 04:08:57,774 - BiLSTM_BRDWGD - INFO - train_TRUE TRAIN mm min/max: 0.0, 154.39999389648438
2025-12-03 04:08:57,774 - BiLSTM_BRDWGD - INFO -  Gerando gráficos TRAIN...
2025-12-03 04:08:58,198 - BiLSTM_BRDWGD - INFO -  Gráficos gerados TRAIN ...
2025-12-03 04:08:58,198 - BiLSTM_BRDWGD - INFO - Calculando erro para parte de teste
2025-12-03 04:08:58,199 - BiLSTM_BRDWGD - INFO - RMSE: 15.4802
2025-12-03 04:08:58,199 - BiLSTM_BRDWGD - INFO - MSE : 239.6356
2025-12-03 04:08:58,199 - BiLSTM_BRDWGD - INFO - MAE : 8.0179
2025-12-03 04:08:58,199 - BiLSTM_BRDWGD - INFO - CSI (thr=1.0 mm): 0.1333  [TP=2, FP=10, FN=3]
2025-12-03 04:08:58,199 - BiLSTM_BRDWGD - INFO - y_pred mm min/max: 0.0, 24.46006965637207
2025-12-03 04:08:58,199 - BiLSTM_BRDWGD - INFO - y_TRUE mm min/max: 0.0, 55.400001525878906
2025-12-03 04:08:58,199 - BiLSTM_BRDWGD - INFO -  Gerando gráficos...
2025-12-03 04:08:58,563 - BiLSTM_BRDWGD - INFO -  Gráficos gerados...
2025-12-03 04:08:58,563 - BiLSTM_BRDWGD - INFO - ==========================================================================================
2025-12-03 04:08:58,563 - BiLSTM_BRDWGD - INFO - Execução finalizada com sucesso.
2025-12-03 04:08:58,563 - BiLSTM_BRDWGD - INFO - Dispositivo utilizado: cuda
2025-12-03 04:08:58,563 - BiLSTM_BRDWGD - INFO - ==========================================================================================
2025-12-03 04:09:04,590 - LSTM_BRDWGD - INFO - ==========================================================================================
2025-12-03 04:09:04,590 - LSTM_BRDWGD - INFO - Iniciando script LSTM (PyTorch) BRDWGD com suporte a GPU e logs detalhados.
2025-12-03 04:09:04,591 - LSTM_BRDWGD - INFO - ==========================================================================================
2025-12-03 04:09:04,591 - LSTM_BRDWGD - INFO - Iniciando experimento: lookback=30, hidden_dim=32, layers=2, lr=0.001, drop=0.5
2025-12-03 04:09:04,597 - LSTM_BRDWGD - INFO - Shape treino: torch.Size([5863, 30, 6]), teste: torch.Size([30, 30, 6])
2025-12-03 04:09:04,599 - LSTM_BRDWGD - INFO - Treinando por 500 épocas...
2025-12-03 04:09:04,927 - LSTM_BRDWGD - INFO - [EXP] Época 1/500 - Loss: 97.337788
2025-12-03 04:09:21,086 - LSTM_BRDWGD - INFO - [EXP] Época 50/500 - Loss: 66.844896
2025-12-03 04:09:37,617 - LSTM_BRDWGD - INFO - [EXP] Época 100/500 - Loss: 39.521715
2025-12-03 04:09:54,143 - LSTM_BRDWGD - INFO - [EXP] Época 150/500 - Loss: 29.311182
2025-12-03 04:10:10,691 - LSTM_BRDWGD - INFO - [EXP] Época 200/500 - Loss: 18.992685
2025-12-03 04:10:27,345 - LSTM_BRDWGD - INFO - [EXP] Época 250/500 - Loss: 16.790630
2025-12-03 04:10:43,997 - LSTM_BRDWGD - INFO - [EXP] Época 300/500 - Loss: 11.390501
2025-12-03 04:11:00,648 - LSTM_BRDWGD - INFO - [EXP] Época 350/500 - Loss: 68.431563
2025-12-03 04:11:17,297 - LSTM_BRDWGD - INFO - [EXP] Época 400/500 - Loss: 18.370373
2025-12-03 04:11:33,956 - LSTM_BRDWGD - INFO - [EXP] Época 450/500 - Loss: 52.619718
2025-12-03 04:11:50,251 - LSTM_BRDWGD - INFO - [EXP] Época 500/500 - Loss: 14.792249
2025-12-03 04:11:50,251 - LSTM_BRDWGD - INFO - Treinamento concluído em 2.76 minutos
2025-12-03 04:11:50,296 - LSTM_BRDWGD - INFO - Calculando erro para o train
2025-12-03 04:11:50,296 - LSTM_BRDWGD - INFO - RMSE: 2.6611
2025-12-03 04:11:50,296 - LSTM_BRDWGD - INFO - MSE : 7.0813
2025-12-03 04:11:50,296 - LSTM_BRDWGD - INFO - MAE : 1.4201
2025-12-03 04:11:50,296 - LSTM_BRDWGD - INFO - CSI (thr=1.0 mm): 0.4655  [TP=1277, FP=1232, FN=234]
2025-12-03 04:11:50,297 - LSTM_BRDWGD - INFO - train_pred TRAIN mm min/max: 0.0, 134.8387908935547
2025-12-03 04:11:50,297 - LSTM_BRDWGD - INFO - train_TRUE TRAIN mm min/max: 0.0, 154.39999389648438
2025-12-03 04:11:50,297 - LSTM_BRDWGD - INFO -  Gerando gráficos TRAIN...
2025-12-03 04:11:50,670 - LSTM_BRDWGD - INFO -  Gráficos gerados TRAIN ...
2025-12-03 04:11:50,670 - LSTM_BRDWGD - INFO - Calculando erro para parte de teste
2025-12-03 04:11:50,671 - LSTM_BRDWGD - INFO - RMSE: 20.8758
2025-12-03 04:11:50,671 - LSTM_BRDWGD - INFO - MSE : 435.7975
2025-12-03 04:11:50,671 - LSTM_BRDWGD - INFO - MAE : 11.3532
2025-12-03 04:11:50,671 - LSTM_BRDWGD - INFO - CSI (thr=1.0 mm): 0.1500  [TP=3, FP=15, FN=2]
2025-12-03 04:11:50,671 - LSTM_BRDWGD - INFO - y_pred mm min/max: 0.0, 63.082801818847656
2025-12-03 04:11:50,671 - LSTM_BRDWGD - INFO - y_TRUE mm min/max: 0.0, 55.400001525878906
2025-12-03 04:11:50,671 - LSTM_BRDWGD - INFO -  Gerando gráficos...
2025-12-03 04:11:51,004 - LSTM_BRDWGD - INFO -  Gráficos gerados...
2025-12-03 04:11:51,005 - LSTM_BRDWGD - INFO - ==========================================================================================
2025-12-03 04:11:51,005 - LSTM_BRDWGD - INFO - Execução finalizada com sucesso.
2025-12-03 04:11:51,005 - LSTM_BRDWGD - INFO - Dispositivo utilizado: cuda
2025-12-03 04:11:51,005 - LSTM_BRDWGD - INFO - ==========================================================================================
2025-12-03 04:11:56,652 - BiLSTM_BRDWGD - INFO - ==========================================================================================
2025-12-03 04:11:56,653 - BiLSTM_BRDWGD - INFO - Iniciando script BILSTM (PyTorch) BRDWGD com suporte a GPU e logs detalhados.
2025-12-03 04:11:56,653 - BiLSTM_BRDWGD - INFO - ==========================================================================================
2025-12-03 04:11:56,653 - BiLSTM_BRDWGD - INFO - Iniciando experimento: lookback=30, hidden_dim=32, layers=2, lr=0.001, drop=0.5
2025-12-03 04:11:56,662 - BiLSTM_BRDWGD - INFO - Shape treino: torch.Size([5863, 30, 6]), teste: torch.Size([30, 30, 6])
2025-12-03 04:11:56,665 - BiLSTM_BRDWGD - INFO - Treinando por 500 épocas...
2025-12-03 04:11:57,091 - BiLSTM_BRDWGD - INFO - [EXP] Época 1/500 - Loss: 97.504157
2025-12-03 04:12:17,893 - BiLSTM_BRDWGD - INFO - [EXP] Época 50/500 - Loss: 73.210041
2025-12-03 04:12:39,114 - BiLSTM_BRDWGD - INFO - [EXP] Época 100/500 - Loss: 57.265724
2025-12-03 04:13:00,542 - BiLSTM_BRDWGD - INFO - [EXP] Época 150/500 - Loss: 44.566413
2025-12-03 04:13:21,952 - BiLSTM_BRDWGD - INFO - [EXP] Época 200/500 - Loss: 35.983089
2025-12-03 04:13:43,356 - BiLSTM_BRDWGD - INFO - [EXP] Época 250/500 - Loss: 31.038494
2025-12-03 04:14:04,756 - BiLSTM_BRDWGD - INFO - [EXP] Época 300/500 - Loss: 28.599009
2025-12-03 04:14:26,156 - BiLSTM_BRDWGD - INFO - [EXP] Época 350/500 - Loss: 22.397964
2025-12-03 04:14:47,561 - BiLSTM_BRDWGD - INFO - [EXP] Época 400/500 - Loss: 21.310763
2025-12-03 04:15:09,049 - BiLSTM_BRDWGD - INFO - [EXP] Época 450/500 - Loss: 20.499695
2025-12-03 04:15:30,658 - BiLSTM_BRDWGD - INFO - [EXP] Época 500/500 - Loss: 15.839749
2025-12-03 04:15:30,658 - BiLSTM_BRDWGD - INFO - Treinamento concluído em 3.57 minutos
2025-12-03 04:15:30,710 - BiLSTM_BRDWGD - INFO - Calculando erro para o train
2025-12-03 04:15:30,711 - BiLSTM_BRDWGD - INFO - RMSE: 3.2668
2025-12-03 04:15:30,711 - BiLSTM_BRDWGD - INFO - MSE : 10.6723
2025-12-03 04:15:30,711 - BiLSTM_BRDWGD - INFO - MAE : 1.5883
2025-12-03 04:15:30,711 - BiLSTM_BRDWGD - INFO - CSI (thr=1.0 mm): 0.4799  [TP=1230, FP=1052, FN=281]
2025-12-03 04:15:30,711 - BiLSTM_BRDWGD - INFO - train_pred TRAIN mm min/max: 0.0, 134.20799255371094
2025-12-03 04:15:30,711 - BiLSTM_BRDWGD - INFO - train_TRUE TRAIN mm min/max: 0.0, 154.39999389648438
2025-12-03 04:15:30,711 - BiLSTM_BRDWGD - INFO -  Gerando gráficos TRAIN...
2025-12-03 04:15:31,219 - BiLSTM_BRDWGD - INFO -  Gráficos gerados TRAIN ...
2025-12-03 04:15:31,219 - BiLSTM_BRDWGD - INFO - Calculando erro para parte de teste
2025-12-03 04:15:31,220 - BiLSTM_BRDWGD - INFO - RMSE: 16.0973
2025-12-03 04:15:31,220 - BiLSTM_BRDWGD - INFO - MSE : 259.1217
2025-12-03 04:15:31,220 - BiLSTM_BRDWGD - INFO - MAE : 8.7782
2025-12-03 04:15:31,220 - BiLSTM_BRDWGD - INFO - CSI (thr=1.0 mm): 0.1579  [TP=3, FP=14, FN=2]
2025-12-03 04:15:31,220 - BiLSTM_BRDWGD - INFO - y_pred mm min/max: 0.0, 33.02680969238281
2025-12-03 04:15:31,220 - BiLSTM_BRDWGD - INFO - y_TRUE mm min/max: 0.0, 55.400001525878906
2025-12-03 04:15:31,220 - BiLSTM_BRDWGD - INFO -  Gerando gráficos...
2025-12-03 04:15:31,540 - BiLSTM_BRDWGD - INFO -  Gráficos gerados...
2025-12-03 04:15:31,541 - BiLSTM_BRDWGD - INFO - ==========================================================================================
2025-12-03 04:15:31,541 - BiLSTM_BRDWGD - INFO - Execução finalizada com sucesso.
2025-12-03 04:15:31,541 - BiLSTM_BRDWGD - INFO - Dispositivo utilizado: cuda
2025-12-03 04:15:31,541 - BiLSTM_BRDWGD - INFO - ==========================================================================================
2025-12-03 04:15:37,768 - LSTM_BRDWGD - INFO - ==========================================================================================
2025-12-03 04:15:37,768 - LSTM_BRDWGD - INFO - Iniciando script LSTM (PyTorch) BRDWGD com suporte a GPU e logs detalhados.
2025-12-03 04:15:37,768 - LSTM_BRDWGD - INFO - ==========================================================================================
2025-12-03 04:15:37,768 - LSTM_BRDWGD - INFO - Iniciando experimento: lookback=30, hidden_dim=64, layers=2, lr=0.001, drop=0.5
2025-12-03 04:15:37,777 - LSTM_BRDWGD - INFO - Shape treino: torch.Size([5863, 30, 6]), teste: torch.Size([30, 30, 6])
2025-12-03 04:15:37,779 - LSTM_BRDWGD - INFO - Treinando por 500 épocas...
2025-12-03 04:15:38,109 - LSTM_BRDWGD - INFO - [EXP] Época 1/500 - Loss: 96.956154
2025-12-03 04:15:54,057 - LSTM_BRDWGD - INFO - [EXP] Época 50/500 - Loss: 60.575734
2025-12-03 04:16:10,324 - LSTM_BRDWGD - INFO - [EXP] Época 100/500 - Loss: 27.574882
2025-12-03 04:16:26,574 - LSTM_BRDWGD - INFO - [EXP] Época 150/500 - Loss: 15.880247
2025-12-03 04:16:42,824 - LSTM_BRDWGD - INFO - [EXP] Época 200/500 - Loss: 7.117364
2025-12-03 04:16:59,067 - LSTM_BRDWGD - INFO - [EXP] Época 250/500 - Loss: 3.983478
2025-12-03 04:17:15,402 - LSTM_BRDWGD - INFO - [EXP] Época 300/500 - Loss: 2.888712
2025-12-03 04:17:31,757 - LSTM_BRDWGD - INFO - [EXP] Época 350/500 - Loss: 1.911773
2025-12-03 04:17:48,012 - LSTM_BRDWGD - INFO - [EXP] Época 400/500 - Loss: 1.504699
2025-12-03 04:18:04,295 - LSTM_BRDWGD - INFO - [EXP] Época 450/500 - Loss: 10.895157
2025-12-03 04:18:20,619 - LSTM_BRDWGD - INFO - [EXP] Época 500/500 - Loss: 1.500576
2025-12-03 04:18:20,620 - LSTM_BRDWGD - INFO - Treinamento concluído em 2.71 minutos
2025-12-03 04:18:20,663 - LSTM_BRDWGD - INFO - Calculando erro para o train
2025-12-03 04:18:20,664 - LSTM_BRDWGD - INFO - RMSE: 0.8824
2025-12-03 04:18:20,664 - LSTM_BRDWGD - INFO - MSE : 0.7787
2025-12-03 04:18:20,664 - LSTM_BRDWGD - INFO - MAE : 0.4309
2025-12-03 04:18:20,664 - LSTM_BRDWGD - INFO - CSI (thr=1.0 mm): 0.7973  [TP=1373, FP=211, FN=138]
2025-12-03 04:18:20,664 - LSTM_BRDWGD - INFO - train_pred TRAIN mm min/max: 0.0, 150.5113983154297
2025-12-03 04:18:20,664 - LSTM_BRDWGD - INFO - train_TRUE TRAIN mm min/max: 0.0, 154.39999389648438
2025-12-03 04:18:20,664 - LSTM_BRDWGD - INFO -  Gerando gráficos TRAIN...
2025-12-03 04:18:21,052 - LSTM_BRDWGD - INFO -  Gráficos gerados TRAIN ...
2025-12-03 04:18:21,052 - LSTM_BRDWGD - INFO - Calculando erro para parte de teste
2025-12-03 04:18:21,053 - LSTM_BRDWGD - INFO - RMSE: 19.0276
2025-12-03 04:18:21,053 - LSTM_BRDWGD - INFO - MSE : 362.0487
2025-12-03 04:18:21,053 - LSTM_BRDWGD - INFO - MAE : 12.0099
2025-12-03 04:18:21,053 - LSTM_BRDWGD - INFO - CSI (thr=1.0 mm): 0.0909  [TP=2, FP=17, FN=3]
2025-12-03 04:18:21,053 - LSTM_BRDWGD - INFO - y_pred mm min/max: 0.0, 38.21010971069336
2025-12-03 04:18:21,053 - LSTM_BRDWGD - INFO - y_TRUE mm min/max: 0.0, 55.400001525878906
2025-12-03 04:18:21,053 - LSTM_BRDWGD - INFO -  Gerando gráficos...
2025-12-03 04:18:21,386 - LSTM_BRDWGD - INFO -  Gráficos gerados...
2025-12-03 04:18:21,386 - LSTM_BRDWGD - INFO - ==========================================================================================
2025-12-03 04:18:21,386 - LSTM_BRDWGD - INFO - Execução finalizada com sucesso.
2025-12-03 04:18:21,386 - LSTM_BRDWGD - INFO - Dispositivo utilizado: cuda
2025-12-03 04:18:21,386 - LSTM_BRDWGD - INFO - ==========================================================================================
2025-12-03 04:18:27,014 - BiLSTM_BRDWGD - INFO - ==========================================================================================
2025-12-03 04:18:27,014 - BiLSTM_BRDWGD - INFO - Iniciando script BILSTM (PyTorch) BRDWGD com suporte a GPU e logs detalhados.
2025-12-03 04:18:27,014 - BiLSTM_BRDWGD - INFO - ==========================================================================================
2025-12-03 04:18:27,015 - BiLSTM_BRDWGD - INFO - Iniciando experimento: lookback=30, hidden_dim=64, layers=2, lr=0.001, drop=0.5
2025-12-03 04:18:27,024 - BiLSTM_BRDWGD - INFO - Shape treino: torch.Size([5863, 30, 6]), teste: torch.Size([30, 30, 6])
2025-12-03 04:18:27,026 - BiLSTM_BRDWGD - INFO - Treinando por 500 épocas...
2025-12-03 04:18:27,449 - BiLSTM_BRDWGD - INFO - [EXP] Época 1/500 - Loss: 99.988348
2025-12-03 04:18:48,195 - BiLSTM_BRDWGD - INFO - [EXP] Época 50/500 - Loss: 60.812215
2025-12-03 04:19:09,593 - BiLSTM_BRDWGD - INFO - [EXP] Época 100/500 - Loss: 31.853530
2025-12-03 04:19:30,988 - BiLSTM_BRDWGD - INFO - [EXP] Época 150/500 - Loss: 22.283869
2025-12-03 04:19:52,389 - BiLSTM_BRDWGD - INFO - [EXP] Época 200/500 - Loss: 17.164402
2025-12-03 04:20:13,808 - BiLSTM_BRDWGD - INFO - [EXP] Época 250/500 - Loss: 12.933908
2025-12-03 04:20:35,185 - BiLSTM_BRDWGD - INFO - [EXP] Época 300/500 - Loss: 12.364893
2025-12-03 04:20:56,542 - BiLSTM_BRDWGD - INFO - [EXP] Época 350/500 - Loss: 10.602905
2025-12-03 04:21:17,817 - BiLSTM_BRDWGD - INFO - [EXP] Época 400/500 - Loss: 10.241475
2025-12-03 04:21:39,317 - BiLSTM_BRDWGD - INFO - [EXP] Época 450/500 - Loss: 8.928538
2025-12-03 04:22:00,945 - BiLSTM_BRDWGD - INFO - [EXP] Época 500/500 - Loss: 20.596941
2025-12-03 04:22:00,945 - BiLSTM_BRDWGD - INFO - Treinamento concluído em 3.57 minutos
2025-12-03 04:22:01,020 - BiLSTM_BRDWGD - INFO - Calculando erro para o train
2025-12-03 04:22:01,020 - BiLSTM_BRDWGD - INFO - RMSE: 3.1409
2025-12-03 04:22:01,020 - BiLSTM_BRDWGD - INFO - MSE : 9.8651
2025-12-03 04:22:01,020 - BiLSTM_BRDWGD - INFO - MAE : 1.4081
2025-12-03 04:22:01,020 - BiLSTM_BRDWGD - INFO - CSI (thr=1.0 mm): 0.5245  [TP=1275, FP=920, FN=236]
2025-12-03 04:22:01,021 - BiLSTM_BRDWGD - INFO - train_pred TRAIN mm min/max: 0.0, 146.37513732910156
2025-12-03 04:22:01,021 - BiLSTM_BRDWGD - INFO - train_TRUE TRAIN mm min/max: 0.0, 154.39999389648438
2025-12-03 04:22:01,021 - BiLSTM_BRDWGD - INFO -  Gerando gráficos TRAIN...
2025-12-03 04:22:01,445 - BiLSTM_BRDWGD - INFO -  Gráficos gerados TRAIN ...
2025-12-03 04:22:01,445 - BiLSTM_BRDWGD - INFO - Calculando erro para parte de teste
2025-12-03 04:22:01,445 - BiLSTM_BRDWGD - INFO - RMSE: 15.4019
2025-12-03 04:22:01,446 - BiLSTM_BRDWGD - INFO - MSE : 237.2187
2025-12-03 04:22:01,446 - BiLSTM_BRDWGD - INFO - MAE : 7.5091
2025-12-03 04:22:01,446 - BiLSTM_BRDWGD - INFO - CSI (thr=1.0 mm): 0.1429  [TP=2, FP=9, FN=3]
2025-12-03 04:22:01,446 - BiLSTM_BRDWGD - INFO - y_pred mm min/max: 0.0, 25.673572540283203
2025-12-03 04:22:01,446 - BiLSTM_BRDWGD - INFO - y_TRUE mm min/max: 0.0, 55.400001525878906
2025-12-03 04:22:01,446 - BiLSTM_BRDWGD - INFO -  Gerando gráficos...
2025-12-03 04:22:01,741 - BiLSTM_BRDWGD - INFO -  Gráficos gerados...
2025-12-03 04:22:01,742 - BiLSTM_BRDWGD - INFO - ==========================================================================================
2025-12-03 04:22:01,742 - BiLSTM_BRDWGD - INFO - Execução finalizada com sucesso.
2025-12-03 04:22:01,742 - BiLSTM_BRDWGD - INFO - Dispositivo utilizado: cuda
2025-12-03 04:22:01,742 - BiLSTM_BRDWGD - INFO - ==========================================================================================
2025-12-03 04:22:07,817 - LSTM_BRDWGD - INFO - ==========================================================================================
2025-12-03 04:22:07,818 - LSTM_BRDWGD - INFO - Iniciando script LSTM (PyTorch) BRDWGD com suporte a GPU e logs detalhados.
2025-12-03 04:22:07,818 - LSTM_BRDWGD - INFO - ==========================================================================================
2025-12-03 04:22:07,818 - LSTM_BRDWGD - INFO - Iniciando experimento: lookback=30, hidden_dim=128, layers=2, lr=0.001, drop=0.5
2025-12-03 04:22:07,827 - LSTM_BRDWGD - INFO - Shape treino: torch.Size([5863, 30, 6]), teste: torch.Size([30, 30, 6])
2025-12-03 04:22:07,830 - LSTM_BRDWGD - INFO - Treinando por 500 épocas...
2025-12-03 04:22:08,158 - LSTM_BRDWGD - INFO - [EXP] Época 1/500 - Loss: 94.660635
2025-12-03 04:22:24,151 - LSTM_BRDWGD - INFO - [EXP] Época 50/500 - Loss: 51.679821
2025-12-03 04:22:40,471 - LSTM_BRDWGD - INFO - [EXP] Época 100/500 - Loss: 18.415991
2025-12-03 04:22:56,795 - LSTM_BRDWGD - INFO - [EXP] Época 150/500 - Loss: 5.225822
2025-12-03 04:23:13,119 - LSTM_BRDWGD - INFO - [EXP] Época 200/500 - Loss: 10.797149
2025-12-03 04:23:29,443 - LSTM_BRDWGD - INFO - [EXP] Época 250/500 - Loss: 1.050300
2025-12-03 04:23:45,760 - LSTM_BRDWGD - INFO - [EXP] Época 300/500 - Loss: 0.695619
2025-12-03 04:24:02,065 - LSTM_BRDWGD - INFO - [EXP] Época 350/500 - Loss: 0.904988
2025-12-03 04:24:18,367 - LSTM_BRDWGD - INFO - [EXP] Época 400/500 - Loss: 0.683590
2025-12-03 04:24:34,753 - LSTM_BRDWGD - INFO - [EXP] Época 450/500 - Loss: 0.659584
2025-12-03 04:24:51,305 - LSTM_BRDWGD - INFO - [EXP] Época 500/500 - Loss: 0.558075
2025-12-03 04:24:51,305 - LSTM_BRDWGD - INFO - Treinamento concluído em 2.72 minutos
2025-12-03 04:24:51,404 - LSTM_BRDWGD - INFO - Calculando erro para o train
2025-12-03 04:24:51,405 - LSTM_BRDWGD - INFO - RMSE: 0.4707
2025-12-03 04:24:51,405 - LSTM_BRDWGD - INFO - MSE : 0.2216
2025-12-03 04:24:51,405 - LSTM_BRDWGD - INFO - MAE : 0.2648
2025-12-03 04:24:51,405 - LSTM_BRDWGD - INFO - CSI (thr=1.0 mm): 0.8983  [TP=1475, FP=131, FN=36]
2025-12-03 04:24:51,405 - LSTM_BRDWGD - INFO - train_pred TRAIN mm min/max: 0.0, 153.34722900390625
2025-12-03 04:24:51,405 - LSTM_BRDWGD - INFO - train_TRUE TRAIN mm min/max: 0.0, 154.39999389648438
2025-12-03 04:24:51,405 - LSTM_BRDWGD - INFO -  Gerando gráficos TRAIN...
2025-12-03 04:24:51,805 - LSTM_BRDWGD - INFO -  Gráficos gerados TRAIN ...
2025-12-03 04:24:51,805 - LSTM_BRDWGD - INFO - Calculando erro para parte de teste
2025-12-03 04:24:51,806 - LSTM_BRDWGD - INFO - RMSE: 15.3894
2025-12-03 04:24:51,806 - LSTM_BRDWGD - INFO - MSE : 236.8338
2025-12-03 04:24:51,806 - LSTM_BRDWGD - INFO - MAE : 8.3649
2025-12-03 04:24:51,806 - LSTM_BRDWGD - INFO - CSI (thr=1.0 mm): 0.0870  [TP=2, FP=18, FN=3]
2025-12-03 04:24:51,806 - LSTM_BRDWGD - INFO - y_pred mm min/max: 0.0, 21.286075592041016
2025-12-03 04:24:51,806 - LSTM_BRDWGD - INFO - y_TRUE mm min/max: 0.0, 55.400001525878906
2025-12-03 04:24:51,806 - LSTM_BRDWGD - INFO -  Gerando gráficos...
2025-12-03 04:24:52,082 - LSTM_BRDWGD - INFO -  Gráficos gerados...
2025-12-03 04:24:52,083 - LSTM_BRDWGD - INFO - ==========================================================================================
2025-12-03 04:24:52,083 - LSTM_BRDWGD - INFO - Execução finalizada com sucesso.
2025-12-03 04:24:52,083 - LSTM_BRDWGD - INFO - Dispositivo utilizado: cuda
2025-12-03 04:24:52,083 - LSTM_BRDWGD - INFO - ==========================================================================================
2025-12-03 04:24:57,740 - BiLSTM_BRDWGD - INFO - ==========================================================================================
2025-12-03 04:24:57,741 - BiLSTM_BRDWGD - INFO - Iniciando script BILSTM (PyTorch) BRDWGD com suporte a GPU e logs detalhados.
2025-12-03 04:24:57,741 - BiLSTM_BRDWGD - INFO - ==========================================================================================
2025-12-03 04:24:57,741 - BiLSTM_BRDWGD - INFO - Iniciando experimento: lookback=30, hidden_dim=128, layers=2, lr=0.001, drop=0.5
2025-12-03 04:24:57,750 - BiLSTM_BRDWGD - INFO - Shape treino: torch.Size([5863, 30, 6]), teste: torch.Size([30, 30, 6])
2025-12-03 04:24:57,754 - BiLSTM_BRDWGD - INFO - Treinando por 500 épocas...
2025-12-03 04:24:58,205 - BiLSTM_BRDWGD - INFO - [EXP] Época 1/500 - Loss: 94.531765
2025-12-03 04:25:19,828 - BiLSTM_BRDWGD - INFO - [EXP] Época 50/500 - Loss: 56.060866
2025-12-03 04:25:41,818 - BiLSTM_BRDWGD - INFO - [EXP] Época 100/500 - Loss: 28.161144
2025-12-03 04:26:03,764 - BiLSTM_BRDWGD - INFO - [EXP] Época 150/500 - Loss: 21.015228
2025-12-03 04:26:25,709 - BiLSTM_BRDWGD - INFO - [EXP] Época 200/500 - Loss: 13.475053
2025-12-03 04:26:47,685 - BiLSTM_BRDWGD - INFO - [EXP] Época 250/500 - Loss: 9.768330
2025-12-03 04:27:09,652 - BiLSTM_BRDWGD - INFO - [EXP] Época 300/500 - Loss: 11.756783
2025-12-03 04:27:31,621 - BiLSTM_BRDWGD - INFO - [EXP] Época 350/500 - Loss: 7.202600
2025-12-03 04:27:53,549 - BiLSTM_BRDWGD - INFO - [EXP] Época 400/500 - Loss: 6.022101
2025-12-03 04:28:15,503 - BiLSTM_BRDWGD - INFO - [EXP] Época 450/500 - Loss: 8.766363
2025-12-03 04:28:37,502 - BiLSTM_BRDWGD - INFO - [EXP] Época 500/500 - Loss: 4.405968
2025-12-03 04:28:37,502 - BiLSTM_BRDWGD - INFO - Treinamento concluído em 3.66 minutos
2025-12-03 04:28:37,688 - BiLSTM_BRDWGD - INFO - Calculando erro para o train
2025-12-03 04:28:37,688 - BiLSTM_BRDWGD - INFO - RMSE: 1.3554
2025-12-03 04:28:37,688 - BiLSTM_BRDWGD - INFO - MSE : 1.8370
2025-12-03 04:28:37,689 - BiLSTM_BRDWGD - INFO - MAE : 0.6118
2025-12-03 04:28:37,689 - BiLSTM_BRDWGD - INFO - CSI (thr=1.0 mm): 0.7403  [TP=1274, FP=210, FN=237]
2025-12-03 04:28:37,689 - BiLSTM_BRDWGD - INFO - train_pred TRAIN mm min/max: 0.0, 154.98883056640625
2025-12-03 04:28:37,689 - BiLSTM_BRDWGD - INFO - train_TRUE TRAIN mm min/max: 0.0, 154.39999389648438
2025-12-03 04:28:37,689 - BiLSTM_BRDWGD - INFO -  Gerando gráficos TRAIN...
2025-12-03 04:28:38,153 - BiLSTM_BRDWGD - INFO -  Gráficos gerados TRAIN ...
2025-12-03 04:28:38,153 - BiLSTM_BRDWGD - INFO - Calculando erro para parte de teste
2025-12-03 04:28:38,154 - BiLSTM_BRDWGD - INFO - RMSE: 13.2940
2025-12-03 04:28:38,154 - BiLSTM_BRDWGD - INFO - MSE : 176.7310
2025-12-03 04:28:38,154 - BiLSTM_BRDWGD - INFO - MAE : 7.7888
2025-12-03 04:28:38,154 - BiLSTM_BRDWGD - INFO - CSI (thr=1.0 mm): 0.2353  [TP=4, FP=12, FN=1]
2025-12-03 04:28:38,154 - BiLSTM_BRDWGD - INFO - y_pred mm min/max: 0.0, 26.959632873535156
2025-12-03 04:28:38,154 - BiLSTM_BRDWGD - INFO - y_TRUE mm min/max: 0.0, 55.400001525878906
2025-12-03 04:28:38,154 - BiLSTM_BRDWGD - INFO -  Gerando gráficos...
2025-12-03 04:28:38,422 - BiLSTM_BRDWGD - INFO -  Gráficos gerados...
2025-12-03 04:28:38,422 - BiLSTM_BRDWGD - INFO - ==========================================================================================
2025-12-03 04:28:38,422 - BiLSTM_BRDWGD - INFO - Execução finalizada com sucesso.
2025-12-03 04:28:38,422 - BiLSTM_BRDWGD - INFO - Dispositivo utilizado: cuda
2025-12-03 04:28:38,422 - BiLSTM_BRDWGD - INFO - ==========================================================================================
2025-12-03 04:28:44,459 - LSTM_BRDWGD - INFO - ==========================================================================================
2025-12-03 04:28:44,459 - LSTM_BRDWGD - INFO - Iniciando script LSTM (PyTorch) BRDWGD com suporte a GPU e logs detalhados.
2025-12-03 04:28:44,459 - LSTM_BRDWGD - INFO - ==========================================================================================
2025-12-03 04:28:44,459 - LSTM_BRDWGD - INFO - Iniciando experimento: lookback=30, hidden_dim=256, layers=2, lr=0.001, drop=0.5
2025-12-03 04:28:44,468 - LSTM_BRDWGD - INFO - Shape treino: torch.Size([5863, 30, 6]), teste: torch.Size([30, 30, 6])
2025-12-03 04:28:44,473 - LSTM_BRDWGD - INFO - Treinando por 500 épocas...
2025-12-03 04:28:45,013 - LSTM_BRDWGD - INFO - [EXP] Época 1/500 - Loss: 93.328355
2025-12-03 04:29:11,159 - LSTM_BRDWGD - INFO - [EXP] Época 50/500 - Loss: 50.391728
2025-12-03 04:29:37,925 - LSTM_BRDWGD - INFO - [EXP] Época 100/500 - Loss: 36.912132
2025-12-03 04:30:04,667 - LSTM_BRDWGD - INFO - [EXP] Época 150/500 - Loss: 1.984088
2025-12-03 04:30:31,379 - LSTM_BRDWGD - INFO - [EXP] Época 200/500 - Loss: 0.957427
2025-12-03 04:30:58,128 - LSTM_BRDWGD - INFO - [EXP] Época 250/500 - Loss: 0.555216
2025-12-03 04:31:25,105 - LSTM_BRDWGD - INFO - [EXP] Época 300/500 - Loss: 0.668421
2025-12-03 04:31:52,099 - LSTM_BRDWGD - INFO - [EXP] Época 350/500 - Loss: 0.407341
2025-12-03 04:32:19,012 - LSTM_BRDWGD - INFO - [EXP] Época 400/500 - Loss: 0.482274
2025-12-03 04:32:45,760 - LSTM_BRDWGD - INFO - [EXP] Época 450/500 - Loss: 0.379942
2025-12-03 04:33:12,509 - LSTM_BRDWGD - INFO - [EXP] Época 500/500 - Loss: 0.264129
2025-12-03 04:33:12,509 - LSTM_BRDWGD - INFO - Treinamento concluído em 4.47 minutos
2025-12-03 04:33:12,643 - LSTM_BRDWGD - INFO - Calculando erro para o train
2025-12-03 04:33:12,644 - LSTM_BRDWGD - INFO - RMSE: 0.3048
2025-12-03 04:33:12,644 - LSTM_BRDWGD - INFO - MSE : 0.0929
2025-12-03 04:33:12,644 - LSTM_BRDWGD - INFO - MAE : 0.1466
2025-12-03 04:33:12,644 - LSTM_BRDWGD - INFO - CSI (thr=1.0 mm): 0.9419  [TP=1443, FP=21, FN=68]
2025-12-03 04:33:12,644 - LSTM_BRDWGD - INFO - train_pred TRAIN mm min/max: 0.0, 153.72740173339844
2025-12-03 04:33:12,644 - LSTM_BRDWGD - INFO - train_TRUE TRAIN mm min/max: 0.0, 154.39999389648438
2025-12-03 04:33:12,644 - LSTM_BRDWGD - INFO -  Gerando gráficos TRAIN...
2025-12-03 04:33:13,087 - LSTM_BRDWGD - INFO -  Gráficos gerados TRAIN ...
2025-12-03 04:33:13,088 - LSTM_BRDWGD - INFO - Calculando erro para parte de teste
2025-12-03 04:33:13,088 - LSTM_BRDWGD - INFO - RMSE: 14.8142
2025-12-03 04:33:13,088 - LSTM_BRDWGD - INFO - MSE : 219.4618
2025-12-03 04:33:13,088 - LSTM_BRDWGD - INFO - MAE : 7.8698
2025-12-03 04:33:13,088 - LSTM_BRDWGD - INFO - CSI (thr=1.0 mm): 0.1429  [TP=3, FP=16, FN=2]
2025-12-03 04:33:13,088 - LSTM_BRDWGD - INFO - y_pred mm min/max: 0.0, 23.02674102783203
2025-12-03 04:33:13,088 - LSTM_BRDWGD - INFO - y_TRUE mm min/max: 0.0, 55.400001525878906
2025-12-03 04:33:13,088 - LSTM_BRDWGD - INFO -  Gerando gráficos...
2025-12-03 04:33:13,384 - LSTM_BRDWGD - INFO -  Gráficos gerados...
2025-12-03 04:33:13,384 - LSTM_BRDWGD - INFO - ==========================================================================================
2025-12-03 04:33:13,384 - LSTM_BRDWGD - INFO - Execução finalizada com sucesso.
2025-12-03 04:33:13,384 - LSTM_BRDWGD - INFO - Dispositivo utilizado: cuda
2025-12-03 04:33:13,384 - LSTM_BRDWGD - INFO - ==========================================================================================
2025-12-03 04:33:19,138 - BiLSTM_BRDWGD - INFO - ==========================================================================================
2025-12-03 04:33:19,138 - BiLSTM_BRDWGD - INFO - Iniciando script BILSTM (PyTorch) BRDWGD com suporte a GPU e logs detalhados.
2025-12-03 04:33:19,138 - BiLSTM_BRDWGD - INFO - ==========================================================================================
2025-12-03 04:33:19,138 - BiLSTM_BRDWGD - INFO - Iniciando experimento: lookback=30, hidden_dim=256, layers=2, lr=0.001, drop=0.5
2025-12-03 04:33:19,148 - BiLSTM_BRDWGD - INFO - Shape treino: torch.Size([5863, 30, 6]), teste: torch.Size([30, 30, 6])
2025-12-03 04:33:19,158 - BiLSTM_BRDWGD - INFO - Treinando por 500 épocas...
2025-12-03 04:33:20,011 - BiLSTM_BRDWGD - INFO - [EXP] Época 1/500 - Loss: 93.504584
2025-12-03 04:34:01,733 - BiLSTM_BRDWGD - INFO - [EXP] Época 50/500 - Loss: 53.513596
2025-12-03 04:34:44,808 - BiLSTM_BRDWGD - INFO - [EXP] Época 100/500 - Loss: 28.578567
2025-12-03 04:35:28,286 - BiLSTM_BRDWGD - INFO - [EXP] Época 150/500 - Loss: 12.742823
2025-12-03 04:36:11,180 - BiLSTM_BRDWGD - INFO - [EXP] Época 200/500 - Loss: 7.012164
2025-12-03 04:36:54,020 - BiLSTM_BRDWGD - INFO - [EXP] Época 250/500 - Loss: 6.502205
2025-12-03 04:37:36,859 - BiLSTM_BRDWGD - INFO - [EXP] Época 300/500 - Loss: 4.121739
2025-12-03 04:38:20,136 - BiLSTM_BRDWGD - INFO - [EXP] Época 350/500 - Loss: 3.830183
2025-12-03 04:39:03,750 - BiLSTM_BRDWGD - INFO - [EXP] Época 400/500 - Loss: 3.270915
2025-12-03 04:39:47,367 - BiLSTM_BRDWGD - INFO - [EXP] Época 450/500 - Loss: 3.495751
2025-12-03 04:40:30,977 - BiLSTM_BRDWGD - INFO - [EXP] Época 500/500 - Loss: 3.577283
2025-12-03 04:40:30,977 - BiLSTM_BRDWGD - INFO - Treinamento concluído em 7.20 minutos
2025-12-03 04:40:31,220 - BiLSTM_BRDWGD - INFO - Calculando erro para o train
2025-12-03 04:40:31,221 - BiLSTM_BRDWGD - INFO - RMSE: 1.1603
2025-12-03 04:40:31,221 - BiLSTM_BRDWGD - INFO - MSE : 1.3462
2025-12-03 04:40:31,221 - BiLSTM_BRDWGD - INFO - MAE : 0.4988
2025-12-03 04:40:31,221 - BiLSTM_BRDWGD - INFO - CSI (thr=1.0 mm): 0.7951  [TP=1277, FP=95, FN=234]
2025-12-03 04:40:31,221 - BiLSTM_BRDWGD - INFO - train_pred TRAIN mm min/max: 0.0, 157.65370178222656
2025-12-03 04:40:31,221 - BiLSTM_BRDWGD - INFO - train_TRUE TRAIN mm min/max: 0.0, 154.39999389648438
2025-12-03 04:40:31,221 - BiLSTM_BRDWGD - INFO -  Gerando gráficos TRAIN...
2025-12-03 04:40:31,615 - BiLSTM_BRDWGD - INFO -  Gráficos gerados TRAIN ...
2025-12-03 04:40:31,615 - BiLSTM_BRDWGD - INFO - Calculando erro para parte de teste
2025-12-03 04:40:31,615 - BiLSTM_BRDWGD - INFO - RMSE: 13.9668
2025-12-03 04:40:31,615 - BiLSTM_BRDWGD - INFO - MSE : 195.0710
2025-12-03 04:40:31,615 - BiLSTM_BRDWGD - INFO - MAE : 6.6244
2025-12-03 04:40:31,616 - BiLSTM_BRDWGD - INFO - CSI (thr=1.0 mm): 0.2308  [TP=3, FP=8, FN=2]
2025-12-03 04:40:31,616 - BiLSTM_BRDWGD - INFO - y_pred mm min/max: 0.0, 28.970020294189453
2025-12-03 04:40:31,616 - BiLSTM_BRDWGD - INFO - y_TRUE mm min/max: 0.0, 55.400001525878906
2025-12-03 04:40:31,616 - BiLSTM_BRDWGD - INFO -  Gerando gráficos...
2025-12-03 04:40:31,879 - BiLSTM_BRDWGD - INFO -  Gráficos gerados...
2025-12-03 04:40:31,879 - BiLSTM_BRDWGD - INFO - ==========================================================================================
2025-12-03 04:40:31,879 - BiLSTM_BRDWGD - INFO - Execução finalizada com sucesso.
2025-12-03 04:40:31,879 - BiLSTM_BRDWGD - INFO - Dispositivo utilizado: cuda
2025-12-03 04:40:31,879 - BiLSTM_BRDWGD - INFO - ==========================================================================================
2025-12-03 04:40:37,907 - LSTM_BRDWGD - INFO - ==========================================================================================
2025-12-03 04:40:37,907 - LSTM_BRDWGD - INFO - Iniciando script LSTM (PyTorch) BRDWGD com suporte a GPU e logs detalhados.
2025-12-03 04:40:37,908 - LSTM_BRDWGD - INFO - ==========================================================================================
2025-12-03 04:40:37,908 - LSTM_BRDWGD - INFO - Iniciando experimento: lookback=30, hidden_dim=32, layers=2, lr=0.001, drop=0.5
2025-12-03 04:40:37,915 - LSTM_BRDWGD - INFO - Shape treino: torch.Size([5863, 30, 6]), teste: torch.Size([30, 30, 6])
2025-12-03 04:40:37,917 - LSTM_BRDWGD - INFO - Treinando por 500 épocas...
2025-12-03 04:40:38,250 - LSTM_BRDWGD - INFO - [EXP] Época 1/500 - Loss: 98.049268
2025-12-03 04:40:54,584 - LSTM_BRDWGD - INFO - [EXP] Época 50/500 - Loss: 68.316785
2025-12-03 04:41:11,185 - LSTM_BRDWGD - INFO - [EXP] Época 100/500 - Loss: 44.602365
2025-12-03 04:41:26,859 - LSTM_BRDWGD - INFO - [EXP] Época 150/500 - Loss: 32.026381
2025-12-03 04:41:42,531 - LSTM_BRDWGD - INFO - [EXP] Época 200/500 - Loss: 25.552308
2025-12-03 04:41:58,707 - LSTM_BRDWGD - INFO - [EXP] Época 250/500 - Loss: 17.906019
2025-12-03 04:42:15,124 - LSTM_BRDWGD - INFO - [EXP] Época 300/500 - Loss: 12.408466
2025-12-03 04:42:31,462 - LSTM_BRDWGD - INFO - [EXP] Época 350/500 - Loss: 64.095228
2025-12-03 04:42:47,789 - LSTM_BRDWGD - INFO - [EXP] Época 400/500 - Loss: 8.694510
2025-12-03 04:43:04,358 - LSTM_BRDWGD - INFO - [EXP] Época 450/500 - Loss: 6.836089
2025-12-03 04:43:20,947 - LSTM_BRDWGD - INFO - [EXP] Época 500/500 - Loss: 5.551239
2025-12-03 04:43:20,947 - LSTM_BRDWGD - INFO - Treinamento concluído em 2.72 minutos
2025-12-03 04:43:20,991 - LSTM_BRDWGD - INFO - Calculando erro para o train
2025-12-03 04:43:20,992 - LSTM_BRDWGD - INFO - RMSE: 2.0527
2025-12-03 04:43:20,992 - LSTM_BRDWGD - INFO - MSE : 4.2135
2025-12-03 04:43:20,992 - LSTM_BRDWGD - INFO - MAE : 1.0589
2025-12-03 04:43:20,992 - LSTM_BRDWGD - INFO - CSI (thr=1.0 mm): 0.5078  [TP=1309, FP=1067, FN=202]
2025-12-03 04:43:20,992 - LSTM_BRDWGD - INFO - train_pred TRAIN mm min/max: 0.0, 144.8155059814453
2025-12-03 04:43:20,992 - LSTM_BRDWGD - INFO - train_TRUE TRAIN mm min/max: 0.0, 154.39999389648438
2025-12-03 04:43:20,992 - LSTM_BRDWGD - INFO -  Gerando gráficos TRAIN...
2025-12-03 04:43:21,473 - LSTM_BRDWGD - INFO -  Gráficos gerados TRAIN ...
2025-12-03 04:43:21,473 - LSTM_BRDWGD - INFO - Calculando erro para parte de teste
2025-12-03 04:43:21,473 - LSTM_BRDWGD - INFO - RMSE: 14.5798
2025-12-03 04:43:21,473 - LSTM_BRDWGD - INFO - MSE : 212.5717
2025-12-03 04:43:21,473 - LSTM_BRDWGD - INFO - MAE : 9.2607
2025-12-03 04:43:21,473 - LSTM_BRDWGD - INFO - CSI (thr=1.0 mm): 0.1667  [TP=4, FP=19, FN=1]
2025-12-03 04:43:21,473 - LSTM_BRDWGD - INFO - y_pred mm min/max: 0.0, 37.35149002075195
2025-12-03 04:43:21,474 - LSTM_BRDWGD - INFO - y_TRUE mm min/max: 0.0, 55.400001525878906
2025-12-03 04:43:21,474 - LSTM_BRDWGD - INFO -  Gerando gráficos...
2025-12-03 04:43:21,770 - LSTM_BRDWGD - INFO -  Gráficos gerados...
2025-12-03 04:43:21,770 - LSTM_BRDWGD - INFO - ==========================================================================================
2025-12-03 04:43:21,770 - LSTM_BRDWGD - INFO - Execução finalizada com sucesso.
2025-12-03 04:43:21,770 - LSTM_BRDWGD - INFO - Dispositivo utilizado: cuda
2025-12-03 04:43:21,770 - LSTM_BRDWGD - INFO - ==========================================================================================
2025-12-03 04:43:27,400 - BiLSTM_BRDWGD - INFO - ==========================================================================================
2025-12-03 04:43:27,400 - BiLSTM_BRDWGD - INFO - Iniciando script BILSTM (PyTorch) BRDWGD com suporte a GPU e logs detalhados.
2025-12-03 04:43:27,401 - BiLSTM_BRDWGD - INFO - ==========================================================================================
2025-12-03 04:43:27,401 - BiLSTM_BRDWGD - INFO - Iniciando experimento: lookback=30, hidden_dim=32, layers=2, lr=0.001, drop=0.5
2025-12-03 04:43:27,411 - BiLSTM_BRDWGD - INFO - Shape treino: torch.Size([5863, 30, 6]), teste: torch.Size([30, 30, 6])
2025-12-03 04:43:27,413 - BiLSTM_BRDWGD - INFO - Treinando por 500 épocas...
2025-12-03 04:43:27,845 - BiLSTM_BRDWGD - INFO - [EXP] Época 1/500 - Loss: 98.269442
2025-12-03 04:43:48,651 - BiLSTM_BRDWGD - INFO - [EXP] Época 50/500 - Loss: 69.886217
2025-12-03 04:44:09,873 - BiLSTM_BRDWGD - INFO - [EXP] Época 100/500 - Loss: 56.496677
2025-12-03 04:44:31,077 - BiLSTM_BRDWGD - INFO - [EXP] Época 150/500 - Loss: 39.469534
2025-12-03 04:44:52,275 - BiLSTM_BRDWGD - INFO - [EXP] Época 200/500 - Loss: 38.458283
2025-12-03 04:45:13,518 - BiLSTM_BRDWGD - INFO - [EXP] Época 250/500 - Loss: 29.244196
2025-12-03 04:45:35,066 - BiLSTM_BRDWGD - INFO - [EXP] Época 300/500 - Loss: 24.814019
2025-12-03 04:45:56,612 - BiLSTM_BRDWGD - INFO - [EXP] Época 350/500 - Loss: 24.242268
2025-12-03 04:46:18,287 - BiLSTM_BRDWGD - INFO - [EXP] Época 400/500 - Loss: 25.018067
2025-12-03 04:46:39,963 - BiLSTM_BRDWGD - INFO - [EXP] Época 450/500 - Loss: 20.980332
2025-12-03 04:47:01,590 - BiLSTM_BRDWGD - INFO - [EXP] Época 500/500 - Loss: 20.571400
2025-12-03 04:47:01,590 - BiLSTM_BRDWGD - INFO - Treinamento concluído em 3.57 minutos
2025-12-03 04:47:01,643 - BiLSTM_BRDWGD - INFO - Calculando erro para o train
2025-12-03 04:47:01,644 - BiLSTM_BRDWGD - INFO - RMSE: 3.7513
2025-12-03 04:47:01,644 - BiLSTM_BRDWGD - INFO - MSE : 14.0719
2025-12-03 04:47:01,644 - BiLSTM_BRDWGD - INFO - MAE : 1.7734
2025-12-03 04:47:01,644 - BiLSTM_BRDWGD - INFO - CSI (thr=1.0 mm): 0.4611  [TP=1258, FP=1217, FN=253]
2025-12-03 04:47:01,644 - BiLSTM_BRDWGD - INFO - train_pred TRAIN mm min/max: 0.0, 143.24526977539062
2025-12-03 04:47:01,644 - BiLSTM_BRDWGD - INFO - train_TRUE TRAIN mm min/max: 0.0, 154.39999389648438
2025-12-03 04:47:01,644 - BiLSTM_BRDWGD - INFO -  Gerando gráficos TRAIN...
2025-12-03 04:47:02,041 - BiLSTM_BRDWGD - INFO -  Gráficos gerados TRAIN ...
2025-12-03 04:47:02,041 - BiLSTM_BRDWGD - INFO - Calculando erro para parte de teste
2025-12-03 04:47:02,042 - BiLSTM_BRDWGD - INFO - RMSE: 14.2770
2025-12-03 04:47:02,042 - BiLSTM_BRDWGD - INFO - MSE : 203.8315
2025-12-03 04:47:02,042 - BiLSTM_BRDWGD - INFO - MAE : 6.7469
2025-12-03 04:47:02,042 - BiLSTM_BRDWGD - INFO - CSI (thr=1.0 mm): 0.2500  [TP=4, FP=11, FN=1]
2025-12-03 04:47:02,042 - BiLSTM_BRDWGD - INFO - y_pred mm min/max: 0.0, 16.7209415435791
2025-12-03 04:47:02,042 - BiLSTM_BRDWGD - INFO - y_TRUE mm min/max: 0.0, 55.400001525878906
2025-12-03 04:47:02,042 - BiLSTM_BRDWGD - INFO -  Gerando gráficos...
2025-12-03 04:47:02,313 - BiLSTM_BRDWGD - INFO -  Gráficos gerados...
2025-12-03 04:47:02,313 - BiLSTM_BRDWGD - INFO - ==========================================================================================
2025-12-03 04:47:02,313 - BiLSTM_BRDWGD - INFO - Execução finalizada com sucesso.
2025-12-03 04:47:02,313 - BiLSTM_BRDWGD - INFO - Dispositivo utilizado: cuda
2025-12-03 04:47:02,313 - BiLSTM_BRDWGD - INFO - ==========================================================================================
2025-12-03 04:47:08,349 - LSTM_BRDWGD - INFO - ==========================================================================================
2025-12-03 04:47:08,349 - LSTM_BRDWGD - INFO - Iniciando script LSTM (PyTorch) BRDWGD com suporte a GPU e logs detalhados.
2025-12-03 04:47:08,350 - LSTM_BRDWGD - INFO - ==========================================================================================
2025-12-03 04:47:08,350 - LSTM_BRDWGD - INFO - Iniciando experimento: lookback=30, hidden_dim=64, layers=2, lr=0.001, drop=0.5
2025-12-03 04:47:08,359 - LSTM_BRDWGD - INFO - Shape treino: torch.Size([5863, 30, 6]), teste: torch.Size([30, 30, 6])
2025-12-03 04:47:08,361 - LSTM_BRDWGD - INFO - Treinando por 500 épocas...
2025-12-03 04:47:08,692 - LSTM_BRDWGD - INFO - [EXP] Época 1/500 - Loss: 98.154631
2025-12-03 04:47:24,798 - LSTM_BRDWGD - INFO - [EXP] Época 50/500 - Loss: 60.703726
2025-12-03 04:47:41,311 - LSTM_BRDWGD - INFO - [EXP] Época 100/500 - Loss: 28.389616
2025-12-03 04:47:57,842 - LSTM_BRDWGD - INFO - [EXP] Época 150/500 - Loss: 12.894123
2025-12-03 04:48:14,371 - LSTM_BRDWGD - INFO - [EXP] Época 200/500 - Loss: 5.809910
2025-12-03 04:48:30,896 - LSTM_BRDWGD - INFO - [EXP] Época 250/500 - Loss: 3.630791
2025-12-03 04:48:47,426 - LSTM_BRDWGD - INFO - [EXP] Época 300/500 - Loss: 3.873104
2025-12-03 04:49:03,956 - LSTM_BRDWGD - INFO - [EXP] Época 350/500 - Loss: 1.775176
2025-12-03 04:49:20,482 - LSTM_BRDWGD - INFO - [EXP] Época 400/500 - Loss: 1.318884
2025-12-03 04:49:37,010 - LSTM_BRDWGD - INFO - [EXP] Época 450/500 - Loss: 1.089278
2025-12-03 04:49:53,544 - LSTM_BRDWGD - INFO - [EXP] Época 500/500 - Loss: 0.909183
2025-12-03 04:49:53,544 - LSTM_BRDWGD - INFO - Treinamento concluído em 2.75 minutos
2025-12-03 04:49:53,589 - LSTM_BRDWGD - INFO - Calculando erro para o train
2025-12-03 04:49:53,590 - LSTM_BRDWGD - INFO - RMSE: 0.5686
2025-12-03 04:49:53,590 - LSTM_BRDWGD - INFO - MSE : 0.3233
2025-12-03 04:49:53,590 - LSTM_BRDWGD - INFO - MAE : 0.2782
2025-12-03 04:49:53,590 - LSTM_BRDWGD - INFO - CSI (thr=1.0 mm): 0.8777  [TP=1421, FP=108, FN=90]
2025-12-03 04:49:53,590 - LSTM_BRDWGD - INFO - train_pred TRAIN mm min/max: 0.0, 150.72833251953125
2025-12-03 04:49:53,590 - LSTM_BRDWGD - INFO - train_TRUE TRAIN mm min/max: 0.0, 154.39999389648438
2025-12-03 04:49:53,590 - LSTM_BRDWGD - INFO -  Gerando gráficos TRAIN...
2025-12-03 04:49:54,036 - LSTM_BRDWGD - INFO -  Gráficos gerados TRAIN ...
2025-12-03 04:49:54,045 - LSTM_BRDWGD - INFO - Calculando erro para parte de teste
2025-12-03 04:49:54,046 - LSTM_BRDWGD - INFO - RMSE: 14.3543
2025-12-03 04:49:54,046 - LSTM_BRDWGD - INFO - MSE : 206.0449
2025-12-03 04:49:54,046 - LSTM_BRDWGD - INFO - MAE : 7.5854
2025-12-03 04:49:54,046 - LSTM_BRDWGD - INFO - CSI (thr=1.0 mm): 0.1905  [TP=4, FP=16, FN=1]
2025-12-03 04:49:54,046 - LSTM_BRDWGD - INFO - y_pred mm min/max: 0.0, 14.038215637207031
2025-12-03 04:49:54,046 - LSTM_BRDWGD - INFO - y_TRUE mm min/max: 0.0, 55.400001525878906
2025-12-03 04:49:54,046 - LSTM_BRDWGD - INFO -  Gerando gráficos...
2025-12-03 04:49:54,342 - LSTM_BRDWGD - INFO -  Gráficos gerados...
2025-12-03 04:49:54,343 - LSTM_BRDWGD - INFO - ==========================================================================================
2025-12-03 04:49:54,343 - LSTM_BRDWGD - INFO - Execução finalizada com sucesso.
2025-12-03 04:49:54,343 - LSTM_BRDWGD - INFO - Dispositivo utilizado: cuda
2025-12-03 04:49:54,343 - LSTM_BRDWGD - INFO - ==========================================================================================
2025-12-03 04:50:00,016 - BiLSTM_BRDWGD - INFO - ==========================================================================================
2025-12-03 04:50:00,016 - BiLSTM_BRDWGD - INFO - Iniciando script BILSTM (PyTorch) BRDWGD com suporte a GPU e logs detalhados.
2025-12-03 04:50:00,016 - BiLSTM_BRDWGD - INFO - ==========================================================================================
2025-12-03 04:50:00,017 - BiLSTM_BRDWGD - INFO - Iniciando experimento: lookback=30, hidden_dim=64, layers=2, lr=0.001, drop=0.5
2025-12-03 04:50:00,026 - BiLSTM_BRDWGD - INFO - Shape treino: torch.Size([5863, 30, 6]), teste: torch.Size([30, 30, 6])
2025-12-03 04:50:00,029 - BiLSTM_BRDWGD - INFO - Treinando por 500 épocas...
2025-12-03 04:50:00,456 - BiLSTM_BRDWGD - INFO - [EXP] Época 1/500 - Loss: 97.039407
2025-12-03 04:50:21,537 - BiLSTM_BRDWGD - INFO - [EXP] Época 50/500 - Loss: 62.615200
2025-12-03 04:50:43,274 - BiLSTM_BRDWGD - INFO - [EXP] Época 100/500 - Loss: 39.705882
2025-12-03 04:51:05,007 - BiLSTM_BRDWGD - INFO - [EXP] Época 150/500 - Loss: 29.149717
2025-12-03 04:51:26,743 - BiLSTM_BRDWGD - INFO - [EXP] Época 200/500 - Loss: 21.083395
2025-12-03 04:51:48,473 - BiLSTM_BRDWGD - INFO - [EXP] Época 250/500 - Loss: 15.299909
2025-12-03 04:52:10,201 - BiLSTM_BRDWGD - INFO - [EXP] Época 300/500 - Loss: 12.238816
2025-12-03 04:52:31,467 - BiLSTM_BRDWGD - INFO - [EXP] Época 350/500 - Loss: 10.553897
2025-12-03 04:52:52,740 - BiLSTM_BRDWGD - INFO - [EXP] Época 400/500 - Loss: 9.010757
2025-12-03 04:53:14,177 - BiLSTM_BRDWGD - INFO - [EXP] Época 450/500 - Loss: 9.694497
2025-12-03 04:53:35,611 - BiLSTM_BRDWGD - INFO - [EXP] Época 500/500 - Loss: 9.476388
2025-12-03 04:53:35,611 - BiLSTM_BRDWGD - INFO - Treinamento concluído em 3.59 minutos
2025-12-03 04:53:35,685 - BiLSTM_BRDWGD - INFO - Calculando erro para o train
2025-12-03 04:53:35,686 - BiLSTM_BRDWGD - INFO - RMSE: 3.3850
2025-12-03 04:53:35,686 - BiLSTM_BRDWGD - INFO - MSE : 11.4581
2025-12-03 04:53:35,686 - BiLSTM_BRDWGD - INFO - MAE : 1.5878
2025-12-03 04:53:35,686 - BiLSTM_BRDWGD - INFO - CSI (thr=1.0 mm): 0.4884  [TP=1241, FP=1030, FN=270]
2025-12-03 04:53:35,686 - BiLSTM_BRDWGD - INFO - train_pred TRAIN mm min/max: 0.0, 142.28211975097656
2025-12-03 04:53:35,686 - BiLSTM_BRDWGD - INFO - train_TRUE TRAIN mm min/max: 0.0, 154.39999389648438
2025-12-03 04:53:35,686 - BiLSTM_BRDWGD - INFO -  Gerando gráficos TRAIN...
2025-12-03 04:53:36,317 - BiLSTM_BRDWGD - INFO -  Gráficos gerados TRAIN ...
2025-12-03 04:53:36,317 - BiLSTM_BRDWGD - INFO - Calculando erro para parte de teste
2025-12-03 04:53:36,317 - BiLSTM_BRDWGD - INFO - RMSE: 14.8334
2025-12-03 04:53:36,317 - BiLSTM_BRDWGD - INFO - MSE : 220.0296
2025-12-03 04:53:36,317 - BiLSTM_BRDWGD - INFO - MAE : 7.7495
2025-12-03 04:53:36,317 - BiLSTM_BRDWGD - INFO - CSI (thr=1.0 mm): 0.1667  [TP=3, FP=13, FN=2]
2025-12-03 04:53:36,317 - BiLSTM_BRDWGD - INFO - y_pred mm min/max: 0.0, 30.99698829650879
2025-12-03 04:53:36,318 - BiLSTM_BRDWGD - INFO - y_TRUE mm min/max: 0.0, 55.400001525878906
2025-12-03 04:53:36,318 - BiLSTM_BRDWGD - INFO -  Gerando gráficos...
2025-12-03 04:53:36,640 - BiLSTM_BRDWGD - INFO -  Gráficos gerados...
2025-12-03 04:53:36,640 - BiLSTM_BRDWGD - INFO - ==========================================================================================
2025-12-03 04:53:36,640 - BiLSTM_BRDWGD - INFO - Execução finalizada com sucesso.
2025-12-03 04:53:36,640 - BiLSTM_BRDWGD - INFO - Dispositivo utilizado: cuda
2025-12-03 04:53:36,640 - BiLSTM_BRDWGD - INFO - ==========================================================================================
2025-12-03 04:53:42,721 - LSTM_BRDWGD - INFO - ==========================================================================================
2025-12-03 04:53:42,721 - LSTM_BRDWGD - INFO - Iniciando script LSTM (PyTorch) BRDWGD com suporte a GPU e logs detalhados.
2025-12-03 04:53:42,722 - LSTM_BRDWGD - INFO - ==========================================================================================
2025-12-03 04:53:42,722 - LSTM_BRDWGD - INFO - Iniciando experimento: lookback=30, hidden_dim=128, layers=2, lr=0.001, drop=0.5
2025-12-03 04:53:42,731 - LSTM_BRDWGD - INFO - Shape treino: torch.Size([5863, 30, 6]), teste: torch.Size([30, 30, 6])
2025-12-03 04:53:42,733 - LSTM_BRDWGD - INFO - Treinando por 500 épocas...
2025-12-03 04:53:43,058 - LSTM_BRDWGD - INFO - [EXP] Época 1/500 - Loss: 95.426873
2025-12-03 04:53:58,906 - LSTM_BRDWGD - INFO - [EXP] Época 50/500 - Loss: 65.338633
2025-12-03 04:54:15,206 - LSTM_BRDWGD - INFO - [EXP] Época 100/500 - Loss: 24.562574
2025-12-03 04:54:31,508 - LSTM_BRDWGD - INFO - [EXP] Época 150/500 - Loss: 22.979361
2025-12-03 04:54:47,809 - LSTM_BRDWGD - INFO - [EXP] Época 200/500 - Loss: 5.512954
2025-12-03 04:55:04,116 - LSTM_BRDWGD - INFO - [EXP] Época 250/500 - Loss: 2.603135
2025-12-03 04:55:20,356 - LSTM_BRDWGD - INFO - [EXP] Época 300/500 - Loss: 2.952783
2025-12-03 04:55:36,494 - LSTM_BRDWGD - INFO - [EXP] Época 350/500 - Loss: 1.057621
2025-12-03 04:55:52,631 - LSTM_BRDWGD - INFO - [EXP] Época 400/500 - Loss: 0.961108
2025-12-03 04:56:08,771 - LSTM_BRDWGD - INFO - [EXP] Época 450/500 - Loss: 1.267899
2025-12-03 04:56:24,909 - LSTM_BRDWGD - INFO - [EXP] Época 500/500 - Loss: 3.183251
2025-12-03 04:56:24,909 - LSTM_BRDWGD - INFO - Treinamento concluído em 2.70 minutos
2025-12-03 04:56:25,008 - LSTM_BRDWGD - INFO - Calculando erro para o train
2025-12-03 04:56:25,008 - LSTM_BRDWGD - INFO - RMSE: 1.1400
2025-12-03 04:56:25,008 - LSTM_BRDWGD - INFO - MSE : 1.2996
2025-12-03 04:56:25,008 - LSTM_BRDWGD - INFO - MAE : 0.6005
2025-12-03 04:56:25,008 - LSTM_BRDWGD - INFO - CSI (thr=1.0 mm): 0.6691  [TP=1371, FP=538, FN=140]
2025-12-03 04:56:25,008 - LSTM_BRDWGD - INFO - train_pred TRAIN mm min/max: 0.0, 156.12916564941406
2025-12-03 04:56:25,009 - LSTM_BRDWGD - INFO - train_TRUE TRAIN mm min/max: 0.0, 154.39999389648438
2025-12-03 04:56:25,009 - LSTM_BRDWGD - INFO -  Gerando gráficos TRAIN...
2025-12-03 04:56:25,406 - LSTM_BRDWGD - INFO -  Gráficos gerados TRAIN ...
2025-12-03 04:56:25,406 - LSTM_BRDWGD - INFO - Calculando erro para parte de teste
2025-12-03 04:56:25,406 - LSTM_BRDWGD - INFO - RMSE: 14.5606
2025-12-03 04:56:25,407 - LSTM_BRDWGD - INFO - MSE : 212.0099
2025-12-03 04:56:25,407 - LSTM_BRDWGD - INFO - MAE : 8.0570
2025-12-03 04:56:25,407 - LSTM_BRDWGD - INFO - CSI (thr=1.0 mm): 0.1429  [TP=3, FP=16, FN=2]
2025-12-03 04:56:25,407 - LSTM_BRDWGD - INFO - y_pred mm min/max: 0.0, 26.702577590942383
2025-12-03 04:56:25,407 - LSTM_BRDWGD - INFO - y_TRUE mm min/max: 0.0, 55.400001525878906
2025-12-03 04:56:25,407 - LSTM_BRDWGD - INFO -  Gerando gráficos...
2025-12-03 04:56:25,708 - LSTM_BRDWGD - INFO -  Gráficos gerados...
2025-12-03 04:56:25,709 - LSTM_BRDWGD - INFO - ==========================================================================================
2025-12-03 04:56:25,709 - LSTM_BRDWGD - INFO - Execução finalizada com sucesso.
2025-12-03 04:56:25,709 - LSTM_BRDWGD - INFO - Dispositivo utilizado: cuda
2025-12-03 04:56:25,709 - LSTM_BRDWGD - INFO - ==========================================================================================
2025-12-03 04:56:31,386 - BiLSTM_BRDWGD - INFO - ==========================================================================================
2025-12-03 04:56:31,387 - BiLSTM_BRDWGD - INFO - Iniciando script BILSTM (PyTorch) BRDWGD com suporte a GPU e logs detalhados.
2025-12-03 04:56:31,387 - BiLSTM_BRDWGD - INFO - ==========================================================================================
2025-12-03 04:56:31,387 - BiLSTM_BRDWGD - INFO - Iniciando experimento: lookback=30, hidden_dim=128, layers=2, lr=0.001, drop=0.5
2025-12-03 04:56:31,396 - BiLSTM_BRDWGD - INFO - Shape treino: torch.Size([5863, 30, 6]), teste: torch.Size([30, 30, 6])
2025-12-03 04:56:31,402 - BiLSTM_BRDWGD - INFO - Treinando por 500 épocas...
2025-12-03 04:56:31,851 - BiLSTM_BRDWGD - INFO - [EXP] Época 1/500 - Loss: 103.529875
2025-12-03 04:56:53,464 - BiLSTM_BRDWGD - INFO - [EXP] Época 50/500 - Loss: 54.310481
2025-12-03 04:57:15,398 - BiLSTM_BRDWGD - INFO - [EXP] Época 100/500 - Loss: 25.179798
2025-12-03 04:57:37,365 - BiLSTM_BRDWGD - INFO - [EXP] Época 150/500 - Loss: 14.961670
2025-12-03 04:57:59,347 - BiLSTM_BRDWGD - INFO - [EXP] Época 200/500 - Loss: 9.540892
2025-12-03 04:58:21,329 - BiLSTM_BRDWGD - INFO - [EXP] Época 250/500 - Loss: 7.882074
2025-12-03 04:58:43,311 - BiLSTM_BRDWGD - INFO - [EXP] Época 300/500 - Loss: 7.347312
2025-12-03 04:59:05,293 - BiLSTM_BRDWGD - INFO - [EXP] Época 350/500 - Loss: 7.272143
2025-12-03 04:59:27,276 - BiLSTM_BRDWGD - INFO - [EXP] Época 400/500 - Loss: 4.677491
2025-12-03 04:59:49,328 - BiLSTM_BRDWGD - INFO - [EXP] Época 450/500 - Loss: 6.892474
2025-12-03 05:00:11,403 - BiLSTM_BRDWGD - INFO - [EXP] Época 500/500 - Loss: 3.659947
2025-12-03 05:00:11,403 - BiLSTM_BRDWGD - INFO - Treinamento concluído em 3.67 minutos
2025-12-03 05:00:11,589 - BiLSTM_BRDWGD - INFO - Calculando erro para o train
2025-12-03 05:00:11,589 - BiLSTM_BRDWGD - INFO - RMSE: 1.3249
2025-12-03 05:00:11,589 - BiLSTM_BRDWGD - INFO - MSE : 1.7553
2025-12-03 05:00:11,590 - BiLSTM_BRDWGD - INFO - MAE : 0.5785
2025-12-03 05:00:11,590 - BiLSTM_BRDWGD - INFO - CSI (thr=1.0 mm): 0.7403  [TP=1240, FP=164, FN=271]
2025-12-03 05:00:11,590 - BiLSTM_BRDWGD - INFO - train_pred TRAIN mm min/max: 0.0, 149.02520751953125
2025-12-03 05:00:11,590 - BiLSTM_BRDWGD - INFO - train_TRUE TRAIN mm min/max: 0.0, 154.39999389648438
2025-12-03 05:00:11,590 - BiLSTM_BRDWGD - INFO -  Gerando gráficos TRAIN...
2025-12-03 05:00:11,985 - BiLSTM_BRDWGD - INFO -  Gráficos gerados TRAIN ...
2025-12-03 05:00:11,985 - BiLSTM_BRDWGD - INFO - Calculando erro para parte de teste
2025-12-03 05:00:11,986 - BiLSTM_BRDWGD - INFO - RMSE: 14.1574
2025-12-03 05:00:11,986 - BiLSTM_BRDWGD - INFO - MSE : 200.4332
2025-12-03 05:00:11,986 - BiLSTM_BRDWGD - INFO - MAE : 6.3061
2025-12-03 05:00:11,986 - BiLSTM_BRDWGD - INFO - CSI (thr=1.0 mm): 0.2308  [TP=3, FP=8, FN=2]
2025-12-03 05:00:11,986 - BiLSTM_BRDWGD - INFO - y_pred mm min/max: 0.0, 18.093496322631836
2025-12-03 05:00:11,986 - BiLSTM_BRDWGD - INFO - y_TRUE mm min/max: 0.0, 55.400001525878906
2025-12-03 05:00:11,986 - BiLSTM_BRDWGD - INFO -  Gerando gráficos...
2025-12-03 05:00:12,282 - BiLSTM_BRDWGD - INFO -  Gráficos gerados...
2025-12-03 05:00:12,282 - BiLSTM_BRDWGD - INFO - ==========================================================================================
2025-12-03 05:00:12,282 - BiLSTM_BRDWGD - INFO - Execução finalizada com sucesso.
2025-12-03 05:00:12,282 - BiLSTM_BRDWGD - INFO - Dispositivo utilizado: cuda
2025-12-03 05:00:12,282 - BiLSTM_BRDWGD - INFO - ==========================================================================================
2025-12-03 05:00:18,349 - LSTM_BRDWGD - INFO - ==========================================================================================
2025-12-03 05:00:18,349 - LSTM_BRDWGD - INFO - Iniciando script LSTM (PyTorch) BRDWGD com suporte a GPU e logs detalhados.
2025-12-03 05:00:18,349 - LSTM_BRDWGD - INFO - ==========================================================================================
2025-12-03 05:00:18,350 - LSTM_BRDWGD - INFO - Iniciando experimento: lookback=30, hidden_dim=256, layers=2, lr=0.001, drop=0.5
2025-12-03 05:00:18,359 - LSTM_BRDWGD - INFO - Shape treino: torch.Size([5863, 30, 6]), teste: torch.Size([30, 30, 6])
2025-12-03 05:00:18,363 - LSTM_BRDWGD - INFO - Treinando por 500 épocas...
2025-12-03 05:00:18,905 - LSTM_BRDWGD - INFO - [EXP] Época 1/500 - Loss: 95.320121
2025-12-03 05:00:44,972 - LSTM_BRDWGD - INFO - [EXP] Época 50/500 - Loss: 50.640410
2025-12-03 05:01:11,846 - LSTM_BRDWGD - INFO - [EXP] Época 100/500 - Loss: 16.877671
2025-12-03 05:01:38,464 - LSTM_BRDWGD - INFO - [EXP] Época 150/500 - Loss: 2.942304
2025-12-03 05:02:05,019 - LSTM_BRDWGD - INFO - [EXP] Época 200/500 - Loss: 1.022950
2025-12-03 05:02:31,567 - LSTM_BRDWGD - INFO - [EXP] Época 250/500 - Loss: 14.769568
2025-12-03 05:02:58,163 - LSTM_BRDWGD - INFO - [EXP] Época 300/500 - Loss: 0.891356
2025-12-03 05:03:24,833 - LSTM_BRDWGD - INFO - [EXP] Época 350/500 - Loss: 1.139049
2025-12-03 05:03:51,793 - LSTM_BRDWGD - INFO - [EXP] Época 400/500 - Loss: 0.782775
2025-12-03 05:04:18,726 - LSTM_BRDWGD - INFO - [EXP] Época 450/500 - Loss: 0.509869
2025-12-03 05:04:45,327 - LSTM_BRDWGD - INFO - [EXP] Época 500/500 - Loss: 0.350499
2025-12-03 05:04:45,327 - LSTM_BRDWGD - INFO - Treinamento concluído em 4.45 minutos
2025-12-03 05:04:45,458 - LSTM_BRDWGD - INFO - Calculando erro para o train
2025-12-03 05:04:45,459 - LSTM_BRDWGD - INFO - RMSE: 0.3432
2025-12-03 05:04:45,459 - LSTM_BRDWGD - INFO - MSE : 0.1178
2025-12-03 05:04:45,459 - LSTM_BRDWGD - INFO - MAE : 0.1690
2025-12-03 05:04:45,459 - LSTM_BRDWGD - INFO - CSI (thr=1.0 mm): 0.9527  [TP=1469, FP=31, FN=42]
2025-12-03 05:04:45,459 - LSTM_BRDWGD - INFO - train_pred TRAIN mm min/max: 0.0, 155.38427734375
2025-12-03 05:04:45,459 - LSTM_BRDWGD - INFO - train_TRUE TRAIN mm min/max: 0.0, 154.39999389648438
2025-12-03 05:04:45,459 - LSTM_BRDWGD - INFO -  Gerando gráficos TRAIN...
2025-12-03 05:04:45,812 - LSTM_BRDWGD - INFO -  Gráficos gerados TRAIN ...
2025-12-03 05:04:45,812 - LSTM_BRDWGD - INFO - Calculando erro para parte de teste
2025-12-03 05:04:45,813 - LSTM_BRDWGD - INFO - RMSE: 13.2586
2025-12-03 05:04:45,813 - LSTM_BRDWGD - INFO - MSE : 175.7903
2025-12-03 05:04:45,813 - LSTM_BRDWGD - INFO - MAE : 7.2792
2025-12-03 05:04:45,813 - LSTM_BRDWGD - INFO - CSI (thr=1.0 mm): 0.1364  [TP=3, FP=17, FN=2]
2025-12-03 05:04:45,813 - LSTM_BRDWGD - INFO - y_pred mm min/max: 0.0, 17.036949157714844
2025-12-03 05:04:45,813 - LSTM_BRDWGD - INFO - y_TRUE mm min/max: 0.0, 55.400001525878906
2025-12-03 05:04:45,813 - LSTM_BRDWGD - INFO -  Gerando gráficos...
2025-12-03 05:04:46,064 - LSTM_BRDWGD - INFO -  Gráficos gerados...
2025-12-03 05:04:46,064 - LSTM_BRDWGD - INFO - ==========================================================================================
2025-12-03 05:04:46,064 - LSTM_BRDWGD - INFO - Execução finalizada com sucesso.
2025-12-03 05:04:46,064 - LSTM_BRDWGD - INFO - Dispositivo utilizado: cuda
2025-12-03 05:04:46,065 - LSTM_BRDWGD - INFO - ==========================================================================================
2025-12-03 05:04:51,694 - BiLSTM_BRDWGD - INFO - ==========================================================================================
2025-12-03 05:04:51,694 - BiLSTM_BRDWGD - INFO - Iniciando script BILSTM (PyTorch) BRDWGD com suporte a GPU e logs detalhados.
2025-12-03 05:04:51,694 - BiLSTM_BRDWGD - INFO - ==========================================================================================
2025-12-03 05:04:51,695 - BiLSTM_BRDWGD - INFO - Iniciando experimento: lookback=30, hidden_dim=256, layers=2, lr=0.001, drop=0.5
2025-12-03 05:04:51,704 - BiLSTM_BRDWGD - INFO - Shape treino: torch.Size([5863, 30, 6]), teste: torch.Size([30, 30, 6])
2025-12-03 05:04:51,714 - BiLSTM_BRDWGD - INFO - Treinando por 500 épocas...
2025-12-03 05:04:52,567 - BiLSTM_BRDWGD - INFO - [EXP] Época 1/500 - Loss: 93.389082
2025-12-03 05:05:34,320 - BiLSTM_BRDWGD - INFO - [EXP] Época 50/500 - Loss: 51.692727
2025-12-03 05:06:17,055 - BiLSTM_BRDWGD - INFO - [EXP] Época 100/500 - Loss: 25.484650
2025-12-03 05:07:00,280 - BiLSTM_BRDWGD - INFO - [EXP] Época 150/500 - Loss: 18.215290
2025-12-03 05:07:43,349 - BiLSTM_BRDWGD - INFO - [EXP] Época 200/500 - Loss: 9.282618
2025-12-03 05:08:25,954 - BiLSTM_BRDWGD - INFO - [EXP] Época 250/500 - Loss: 5.759901
2025-12-03 05:09:08,811 - BiLSTM_BRDWGD - INFO - [EXP] Época 300/500 - Loss: 4.458560
2025-12-03 05:09:51,522 - BiLSTM_BRDWGD - INFO - [EXP] Época 350/500 - Loss: 3.920277
2025-12-03 05:10:33,922 - BiLSTM_BRDWGD - INFO - [EXP] Época 400/500 - Loss: 3.156731
2025-12-03 05:11:16,277 - BiLSTM_BRDWGD - INFO - [EXP] Época 450/500 - Loss: 2.719210
2025-12-03 05:11:58,609 - BiLSTM_BRDWGD - INFO - [EXP] Época 500/500 - Loss: 2.653939
2025-12-03 05:11:58,609 - BiLSTM_BRDWGD - INFO - Treinamento concluído em 7.11 minutos
2025-12-03 05:11:58,852 - BiLSTM_BRDWGD - INFO - Calculando erro para o train
2025-12-03 05:11:58,853 - BiLSTM_BRDWGD - INFO - RMSE: 1.0496
2025-12-03 05:11:58,853 - BiLSTM_BRDWGD - INFO - MSE : 1.1016
2025-12-03 05:11:58,853 - BiLSTM_BRDWGD - INFO - MAE : 0.4409
2025-12-03 05:11:58,853 - BiLSTM_BRDWGD - INFO - CSI (thr=1.0 mm): 0.8081  [TP=1301, FP=99, FN=210]
2025-12-03 05:11:58,853 - BiLSTM_BRDWGD - INFO - train_pred TRAIN mm min/max: 0.0, 157.08253479003906
2025-12-03 05:11:58,853 - BiLSTM_BRDWGD - INFO - train_TRUE TRAIN mm min/max: 0.0, 154.39999389648438
2025-12-03 05:11:58,853 - BiLSTM_BRDWGD - INFO -  Gerando gráficos TRAIN...
2025-12-03 05:11:59,214 - BiLSTM_BRDWGD - INFO -  Gráficos gerados TRAIN ...
2025-12-03 05:11:59,214 - BiLSTM_BRDWGD - INFO - Calculando erro para parte de teste
2025-12-03 05:11:59,215 - BiLSTM_BRDWGD - INFO - RMSE: 15.6678
2025-12-03 05:11:59,215 - BiLSTM_BRDWGD - INFO - MSE : 245.4786
2025-12-03 05:11:59,215 - BiLSTM_BRDWGD - INFO - MAE : 7.8198
2025-12-03 05:11:59,215 - BiLSTM_BRDWGD - INFO - CSI (thr=1.0 mm): 0.2000  [TP=3, FP=10, FN=2]
2025-12-03 05:11:59,215 - BiLSTM_BRDWGD - INFO - y_pred mm min/max: 0.0, 38.257694244384766
2025-12-03 05:11:59,215 - BiLSTM_BRDWGD - INFO - y_TRUE mm min/max: 0.0, 55.400001525878906
2025-12-03 05:11:59,215 - BiLSTM_BRDWGD - INFO -  Gerando gráficos...
2025-12-03 05:11:59,494 - BiLSTM_BRDWGD - INFO -  Gráficos gerados...
2025-12-03 05:11:59,494 - BiLSTM_BRDWGD - INFO - ==========================================================================================
2025-12-03 05:11:59,494 - BiLSTM_BRDWGD - INFO - Execução finalizada com sucesso.
2025-12-03 05:11:59,495 - BiLSTM_BRDWGD - INFO - Dispositivo utilizado: cuda
2025-12-03 05:11:59,495 - BiLSTM_BRDWGD - INFO - ==========================================================================================
2025-12-03 05:12:05,531 - LSTM_BRDWGD - INFO - ==========================================================================================
2025-12-03 05:12:05,532 - LSTM_BRDWGD - INFO - Iniciando script LSTM (PyTorch) BRDWGD com suporte a GPU e logs detalhados.
2025-12-03 05:12:05,532 - LSTM_BRDWGD - INFO - ==========================================================================================
2025-12-03 05:12:05,532 - LSTM_BRDWGD - INFO - Iniciando experimento: lookback=30, hidden_dim=32, layers=2, lr=0.001, drop=0.5
2025-12-03 05:12:05,542 - LSTM_BRDWGD - INFO - Shape treino: torch.Size([5863, 30, 6]), teste: torch.Size([30, 30, 6])
2025-12-03 05:12:05,543 - LSTM_BRDWGD - INFO - Treinando por 500 épocas...
2025-12-03 05:12:05,872 - LSTM_BRDWGD - INFO - [EXP] Época 1/500 - Loss: 97.891516
2025-12-03 05:12:21,988 - LSTM_BRDWGD - INFO - [EXP] Época 50/500 - Loss: 69.195934
2025-12-03 05:12:38,364 - LSTM_BRDWGD - INFO - [EXP] Época 100/500 - Loss: 52.407197
2025-12-03 05:12:54,727 - LSTM_BRDWGD - INFO - [EXP] Época 150/500 - Loss: 32.423231
2025-12-03 05:13:11,214 - LSTM_BRDWGD - INFO - [EXP] Época 200/500 - Loss: 30.436782
2025-12-03 05:13:27,839 - LSTM_BRDWGD - INFO - [EXP] Época 250/500 - Loss: 19.456067
2025-12-03 05:13:44,391 - LSTM_BRDWGD - INFO - [EXP] Época 300/500 - Loss: 14.512305
2025-12-03 05:14:01,059 - LSTM_BRDWGD - INFO - [EXP] Época 350/500 - Loss: 22.989257
2025-12-03 05:14:17,689 - LSTM_BRDWGD - INFO - [EXP] Época 400/500 - Loss: 34.172208
2025-12-03 05:14:34,319 - LSTM_BRDWGD - INFO - [EXP] Época 450/500 - Loss: 8.152547
2025-12-03 05:14:50,950 - LSTM_BRDWGD - INFO - [EXP] Época 500/500 - Loss: 6.173774
2025-12-03 05:14:50,950 - LSTM_BRDWGD - INFO - Treinamento concluído em 2.76 minutos
2025-12-03 05:14:50,996 - LSTM_BRDWGD - INFO - Calculando erro para o train
2025-12-03 05:14:50,997 - LSTM_BRDWGD - INFO - RMSE: 2.0717
2025-12-03 05:14:50,997 - LSTM_BRDWGD - INFO - MSE : 4.2919
2025-12-03 05:14:50,997 - LSTM_BRDWGD - INFO - MAE : 1.0353
2025-12-03 05:14:50,997 - LSTM_BRDWGD - INFO - CSI (thr=1.0 mm): 0.5154  [TP=1321, FP=1052, FN=190]
2025-12-03 05:14:50,997 - LSTM_BRDWGD - INFO - train_pred TRAIN mm min/max: 0.0, 144.5157928466797
2025-12-03 05:14:50,997 - LSTM_BRDWGD - INFO - train_TRUE TRAIN mm min/max: 0.0, 154.39999389648438
2025-12-03 05:14:50,997 - LSTM_BRDWGD - INFO -  Gerando gráficos TRAIN...
2025-12-03 05:14:51,402 - LSTM_BRDWGD - INFO -  Gráficos gerados TRAIN ...
2025-12-03 05:14:51,402 - LSTM_BRDWGD - INFO - Calculando erro para parte de teste
2025-12-03 05:14:51,403 - LSTM_BRDWGD - INFO - RMSE: 18.2007
2025-12-03 05:14:51,403 - LSTM_BRDWGD - INFO - MSE : 331.2638
2025-12-03 05:14:51,403 - LSTM_BRDWGD - INFO - MAE : 10.0648
2025-12-03 05:14:51,403 - LSTM_BRDWGD - INFO - CSI (thr=1.0 mm): 0.0952  [TP=2, FP=16, FN=3]
2025-12-03 05:14:51,403 - LSTM_BRDWGD - INFO - y_pred mm min/max: 0.0, 51.52770233154297
2025-12-03 05:14:51,403 - LSTM_BRDWGD - INFO - y_TRUE mm min/max: 0.0, 55.400001525878906
2025-12-03 05:14:51,403 - LSTM_BRDWGD - INFO -  Gerando gráficos...
2025-12-03 05:14:51,679 - LSTM_BRDWGD - INFO -  Gráficos gerados...
2025-12-03 05:14:51,679 - LSTM_BRDWGD - INFO - ==========================================================================================
2025-12-03 05:14:51,679 - LSTM_BRDWGD - INFO - Execução finalizada com sucesso.
2025-12-03 05:14:51,679 - LSTM_BRDWGD - INFO - Dispositivo utilizado: cuda
2025-12-03 05:14:51,679 - LSTM_BRDWGD - INFO - ==========================================================================================
2025-12-03 05:14:57,340 - BiLSTM_BRDWGD - INFO - ==========================================================================================
2025-12-03 05:14:57,341 - BiLSTM_BRDWGD - INFO - Iniciando script BILSTM (PyTorch) BRDWGD com suporte a GPU e logs detalhados.
2025-12-03 05:14:57,341 - BiLSTM_BRDWGD - INFO - ==========================================================================================
2025-12-03 05:14:57,341 - BiLSTM_BRDWGD - INFO - Iniciando experimento: lookback=30, hidden_dim=32, layers=2, lr=0.001, drop=0.5
2025-12-03 05:14:57,351 - BiLSTM_BRDWGD - INFO - Shape treino: torch.Size([5863, 30, 6]), teste: torch.Size([30, 30, 6])
2025-12-03 05:14:57,354 - BiLSTM_BRDWGD - INFO - Treinando por 500 épocas...
2025-12-03 05:14:57,778 - BiLSTM_BRDWGD - INFO - [EXP] Época 1/500 - Loss: 98.020925
2025-12-03 05:15:18,655 - BiLSTM_BRDWGD - INFO - [EXP] Época 50/500 - Loss: 72.502598
2025-12-03 05:15:39,922 - BiLSTM_BRDWGD - INFO - [EXP] Época 100/500 - Loss: 52.091547
2025-12-03 05:16:01,285 - BiLSTM_BRDWGD - INFO - [EXP] Época 150/500 - Loss: 46.376071
2025-12-03 05:16:22,846 - BiLSTM_BRDWGD - INFO - [EXP] Época 200/500 - Loss: 32.317310
2025-12-03 05:16:44,233 - BiLSTM_BRDWGD - INFO - [EXP] Época 250/500 - Loss: 26.809215
2025-12-03 05:17:05,625 - BiLSTM_BRDWGD - INFO - [EXP] Época 300/500 - Loss: 23.974559
2025-12-03 05:17:27,012 - BiLSTM_BRDWGD - INFO - [EXP] Época 350/500 - Loss: 33.276766
2025-12-03 05:17:48,130 - BiLSTM_BRDWGD - INFO - [EXP] Época 400/500 - Loss: 22.780380
2025-12-03 05:18:09,260 - BiLSTM_BRDWGD - INFO - [EXP] Época 450/500 - Loss: 19.930965
2025-12-03 05:18:30,681 - BiLSTM_BRDWGD - INFO - [EXP] Época 500/500 - Loss: 17.529004
2025-12-03 05:18:30,681 - BiLSTM_BRDWGD - INFO - Treinamento concluído em 3.56 minutos
2025-12-03 05:18:30,733 - BiLSTM_BRDWGD - INFO - Calculando erro para o train
2025-12-03 05:18:30,733 - BiLSTM_BRDWGD - INFO - RMSE: 3.4717
2025-12-03 05:18:30,733 - BiLSTM_BRDWGD - INFO - MSE : 12.0527
2025-12-03 05:18:30,733 - BiLSTM_BRDWGD - INFO - MAE : 1.6136
2025-12-03 05:18:30,733 - BiLSTM_BRDWGD - INFO - CSI (thr=1.0 mm): 0.4842  [TP=1195, FP=957, FN=316]
2025-12-03 05:18:30,733 - BiLSTM_BRDWGD - INFO - train_pred TRAIN mm min/max: 0.0, 133.99765014648438
2025-12-03 05:18:30,733 - BiLSTM_BRDWGD - INFO - train_TRUE TRAIN mm min/max: 0.0, 154.39999389648438
2025-12-03 05:18:30,734 - BiLSTM_BRDWGD - INFO -  Gerando gráficos TRAIN...
2025-12-03 05:18:31,126 - BiLSTM_BRDWGD - INFO -  Gráficos gerados TRAIN ...
2025-12-03 05:18:31,126 - BiLSTM_BRDWGD - INFO - Calculando erro para parte de teste
2025-12-03 05:18:31,127 - BiLSTM_BRDWGD - INFO - RMSE: 16.2227
2025-12-03 05:18:31,127 - BiLSTM_BRDWGD - INFO - MSE : 263.1768
2025-12-03 05:18:31,127 - BiLSTM_BRDWGD - INFO - MAE : 8.9015
2025-12-03 05:18:31,127 - BiLSTM_BRDWGD - INFO - CSI (thr=1.0 mm): 0.2222  [TP=4, FP=13, FN=1]
2025-12-03 05:18:31,127 - BiLSTM_BRDWGD - INFO - y_pred mm min/max: 0.0, 32.51639938354492
2025-12-03 05:18:31,127 - BiLSTM_BRDWGD - INFO - y_TRUE mm min/max: 0.0, 55.400001525878906
2025-12-03 05:18:31,127 - BiLSTM_BRDWGD - INFO -  Gerando gráficos...
2025-12-03 05:18:31,412 - BiLSTM_BRDWGD - INFO -  Gráficos gerados...
2025-12-03 05:18:31,412 - BiLSTM_BRDWGD - INFO - ==========================================================================================
2025-12-03 05:18:31,412 - BiLSTM_BRDWGD - INFO - Execução finalizada com sucesso.
2025-12-03 05:18:31,412 - BiLSTM_BRDWGD - INFO - Dispositivo utilizado: cuda
2025-12-03 05:18:31,412 - BiLSTM_BRDWGD - INFO - ==========================================================================================
2025-12-03 05:18:37,464 - LSTM_BRDWGD - INFO - ==========================================================================================
2025-12-03 05:18:37,465 - LSTM_BRDWGD - INFO - Iniciando script LSTM (PyTorch) BRDWGD com suporte a GPU e logs detalhados.
2025-12-03 05:18:37,465 - LSTM_BRDWGD - INFO - ==========================================================================================
2025-12-03 05:18:37,465 - LSTM_BRDWGD - INFO - Iniciando experimento: lookback=30, hidden_dim=64, layers=2, lr=0.001, drop=0.5
2025-12-03 05:18:37,474 - LSTM_BRDWGD - INFO - Shape treino: torch.Size([5863, 30, 6]), teste: torch.Size([30, 30, 6])
2025-12-03 05:18:37,476 - LSTM_BRDWGD - INFO - Treinando por 500 épocas...
2025-12-03 05:18:37,806 - LSTM_BRDWGD - INFO - [EXP] Época 1/500 - Loss: 97.582780
2025-12-03 05:18:53,685 - LSTM_BRDWGD - INFO - [EXP] Época 50/500 - Loss: 61.505766
2025-12-03 05:19:10,025 - LSTM_BRDWGD - INFO - [EXP] Época 100/500 - Loss: 27.774003
2025-12-03 05:19:26,447 - LSTM_BRDWGD - INFO - [EXP] Época 150/500 - Loss: 18.909945
2025-12-03 05:19:42,866 - LSTM_BRDWGD - INFO - [EXP] Época 200/500 - Loss: 9.985926
2025-12-03 05:19:59,345 - LSTM_BRDWGD - INFO - [EXP] Época 250/500 - Loss: 3.643137
2025-12-03 05:20:15,925 - LSTM_BRDWGD - INFO - [EXP] Época 300/500 - Loss: 2.467714
2025-12-03 05:20:32,502 - LSTM_BRDWGD - INFO - [EXP] Época 350/500 - Loss: 2.266832
2025-12-03 05:20:49,080 - LSTM_BRDWGD - INFO - [EXP] Época 400/500 - Loss: 19.486759
2025-12-03 05:21:05,659 - LSTM_BRDWGD - INFO - [EXP] Época 450/500 - Loss: 1.369116
2025-12-03 05:21:22,240 - LSTM_BRDWGD - INFO - [EXP] Época 500/500 - Loss: 0.887839
2025-12-03 05:21:22,240 - LSTM_BRDWGD - INFO - Treinamento concluído em 2.75 minutos
2025-12-03 05:21:22,283 - LSTM_BRDWGD - INFO - Calculando erro para o train
2025-12-03 05:21:22,284 - LSTM_BRDWGD - INFO - RMSE: 0.6347
2025-12-03 05:21:22,284 - LSTM_BRDWGD - INFO - MSE : 0.4029
2025-12-03 05:21:22,284 - LSTM_BRDWGD - INFO - MAE : 0.3467
2025-12-03 05:21:22,284 - LSTM_BRDWGD - INFO - CSI (thr=1.0 mm): 0.8310  [TP=1426, FP=205, FN=85]
2025-12-03 05:21:22,284 - LSTM_BRDWGD - INFO - train_pred TRAIN mm min/max: 0.0, 151.79592895507812
2025-12-03 05:21:22,284 - LSTM_BRDWGD - INFO - train_TRUE TRAIN mm min/max: 0.0, 154.39999389648438
2025-12-03 05:21:22,284 - LSTM_BRDWGD - INFO -  Gerando gráficos TRAIN...
2025-12-03 05:21:22,669 - LSTM_BRDWGD - INFO -  Gráficos gerados TRAIN ...
2025-12-03 05:21:22,669 - LSTM_BRDWGD - INFO - Calculando erro para parte de teste
2025-12-03 05:21:22,669 - LSTM_BRDWGD - INFO - RMSE: 15.9896
2025-12-03 05:21:22,670 - LSTM_BRDWGD - INFO - MSE : 255.6667
2025-12-03 05:21:22,670 - LSTM_BRDWGD - INFO - MAE : 9.0496
2025-12-03 05:21:22,670 - LSTM_BRDWGD - INFO - CSI (thr=1.0 mm): 0.2353  [TP=4, FP=12, FN=1]
2025-12-03 05:21:22,670 - LSTM_BRDWGD - INFO - y_pred mm min/max: 0.0, 27.121131896972656
2025-12-03 05:21:22,670 - LSTM_BRDWGD - INFO - y_TRUE mm min/max: 0.0, 55.400001525878906
2025-12-03 05:21:22,670 - LSTM_BRDWGD - INFO -  Gerando gráficos...
2025-12-03 05:21:23,073 - LSTM_BRDWGD - INFO -  Gráficos gerados...
2025-12-03 05:21:23,073 - LSTM_BRDWGD - INFO - ==========================================================================================
2025-12-03 05:21:23,073 - LSTM_BRDWGD - INFO - Execução finalizada com sucesso.
2025-12-03 05:21:23,073 - LSTM_BRDWGD - INFO - Dispositivo utilizado: cuda
2025-12-03 05:21:23,073 - LSTM_BRDWGD - INFO - ==========================================================================================
2025-12-03 05:21:28,804 - BiLSTM_BRDWGD - INFO - ==========================================================================================
2025-12-03 05:21:28,805 - BiLSTM_BRDWGD - INFO - Iniciando script BILSTM (PyTorch) BRDWGD com suporte a GPU e logs detalhados.
2025-12-03 05:21:28,805 - BiLSTM_BRDWGD - INFO - ==========================================================================================
2025-12-03 05:21:28,805 - BiLSTM_BRDWGD - INFO - Iniciando experimento: lookback=30, hidden_dim=64, layers=2, lr=0.001, drop=0.5
2025-12-03 05:21:28,814 - BiLSTM_BRDWGD - INFO - Shape treino: torch.Size([5863, 30, 6]), teste: torch.Size([30, 30, 6])
2025-12-03 05:21:28,817 - BiLSTM_BRDWGD - INFO - Treinando por 500 épocas...
2025-12-03 05:21:29,245 - BiLSTM_BRDWGD - INFO - [EXP] Época 1/500 - Loss: 96.790718
2025-12-03 05:21:50,269 - BiLSTM_BRDWGD - INFO - [EXP] Época 50/500 - Loss: 61.534165
2025-12-03 05:22:11,839 - BiLSTM_BRDWGD - INFO - [EXP] Época 100/500 - Loss: 35.067244
2025-12-03 05:22:33,110 - BiLSTM_BRDWGD - INFO - [EXP] Época 150/500 - Loss: 25.188897
2025-12-03 05:22:54,237 - BiLSTM_BRDWGD - INFO - [EXP] Época 200/500 - Loss: 25.435637
2025-12-03 05:23:15,451 - BiLSTM_BRDWGD - INFO - [EXP] Época 250/500 - Loss: 16.204422
2025-12-03 05:23:36,880 - BiLSTM_BRDWGD - INFO - [EXP] Época 300/500 - Loss: 11.071824
2025-12-03 05:23:58,315 - BiLSTM_BRDWGD - INFO - [EXP] Época 350/500 - Loss: 9.280737
2025-12-03 05:24:19,755 - BiLSTM_BRDWGD - INFO - [EXP] Época 400/500 - Loss: 8.996066
2025-12-03 05:24:41,267 - BiLSTM_BRDWGD - INFO - [EXP] Época 450/500 - Loss: 6.934289
2025-12-03 05:25:02,919 - BiLSTM_BRDWGD - INFO - [EXP] Época 500/500 - Loss: 7.757058
2025-12-03 05:25:02,919 - BiLSTM_BRDWGD - INFO - Treinamento concluído em 3.57 minutos
2025-12-03 05:25:02,993 - BiLSTM_BRDWGD - INFO - Calculando erro para o train
2025-12-03 05:25:02,993 - BiLSTM_BRDWGD - INFO - RMSE: 2.1489
2025-12-03 05:25:02,993 - BiLSTM_BRDWGD - INFO - MSE : 4.6179
2025-12-03 05:25:02,994 - BiLSTM_BRDWGD - INFO - MAE : 0.9952
2025-12-03 05:25:02,994 - BiLSTM_BRDWGD - INFO - CSI (thr=1.0 mm): 0.5811  [TP=1240, FP=623, FN=271]
2025-12-03 05:25:02,994 - BiLSTM_BRDWGD - INFO - train_pred TRAIN mm min/max: 0.0, 144.92434692382812
2025-12-03 05:25:02,994 - BiLSTM_BRDWGD - INFO - train_TRUE TRAIN mm min/max: 0.0, 154.39999389648438
2025-12-03 05:25:02,994 - BiLSTM_BRDWGD - INFO -  Gerando gráficos TRAIN...
2025-12-03 05:25:03,404 - BiLSTM_BRDWGD - INFO -  Gráficos gerados TRAIN ...
2025-12-03 05:25:03,404 - BiLSTM_BRDWGD - INFO - Calculando erro para parte de teste
2025-12-03 05:25:03,404 - BiLSTM_BRDWGD - INFO - RMSE: 18.1715
2025-12-03 05:25:03,404 - BiLSTM_BRDWGD - INFO - MSE : 330.2027
2025-12-03 05:25:03,404 - BiLSTM_BRDWGD - INFO - MAE : 10.6026
2025-12-03 05:25:03,405 - BiLSTM_BRDWGD - INFO - CSI (thr=1.0 mm): 0.2105  [TP=4, FP=14, FN=1]
2025-12-03 05:25:03,405 - BiLSTM_BRDWGD - INFO - y_pred mm min/max: 0.0, 45.73211669921875
2025-12-03 05:25:03,405 - BiLSTM_BRDWGD - INFO - y_TRUE mm min/max: 0.0, 55.400001525878906
2025-12-03 05:25:03,405 - BiLSTM_BRDWGD - INFO -  Gerando gráficos...
2025-12-03 05:25:03,700 - BiLSTM_BRDWGD - INFO -  Gráficos gerados...
2025-12-03 05:25:03,700 - BiLSTM_BRDWGD - INFO - ==========================================================================================
2025-12-03 05:25:03,700 - BiLSTM_BRDWGD - INFO - Execução finalizada com sucesso.
2025-12-03 05:25:03,700 - BiLSTM_BRDWGD - INFO - Dispositivo utilizado: cuda
2025-12-03 05:25:03,701 - BiLSTM_BRDWGD - INFO - ==========================================================================================
2025-12-03 05:25:09,775 - LSTM_BRDWGD - INFO - ==========================================================================================
2025-12-03 05:25:09,775 - LSTM_BRDWGD - INFO - Iniciando script LSTM (PyTorch) BRDWGD com suporte a GPU e logs detalhados.
2025-12-03 05:25:09,776 - LSTM_BRDWGD - INFO - ==========================================================================================
2025-12-03 05:25:09,776 - LSTM_BRDWGD - INFO - Iniciando experimento: lookback=30, hidden_dim=128, layers=2, lr=0.001, drop=0.5
2025-12-03 05:25:09,785 - LSTM_BRDWGD - INFO - Shape treino: torch.Size([5863, 30, 6]), teste: torch.Size([30, 30, 6])
2025-12-03 05:25:09,787 - LSTM_BRDWGD - INFO - Treinando por 500 épocas...
2025-12-03 05:25:10,115 - LSTM_BRDWGD - INFO - [EXP] Época 1/500 - Loss: 95.745723
2025-12-03 05:25:26,103 - LSTM_BRDWGD - INFO - [EXP] Época 50/500 - Loss: 54.395582
2025-12-03 05:25:42,558 - LSTM_BRDWGD - INFO - [EXP] Época 100/500 - Loss: 26.581994
2025-12-03 05:25:58,836 - LSTM_BRDWGD - INFO - [EXP] Época 150/500 - Loss: 9.790780
2025-12-03 05:26:15,119 - LSTM_BRDWGD - INFO - [EXP] Época 200/500 - Loss: 10.182722
2025-12-03 05:26:31,393 - LSTM_BRDWGD - INFO - [EXP] Época 250/500 - Loss: 1.521928
2025-12-03 05:26:47,666 - LSTM_BRDWGD - INFO - [EXP] Época 300/500 - Loss: 1.537792
2025-12-03 05:27:04,134 - LSTM_BRDWGD - INFO - [EXP] Época 350/500 - Loss: 1.528444
2025-12-03 05:27:20,927 - LSTM_BRDWGD - INFO - [EXP] Época 400/500 - Loss: 1.081089
2025-12-03 05:27:37,723 - LSTM_BRDWGD - INFO - [EXP] Época 450/500 - Loss: 0.668615
2025-12-03 05:27:54,433 - LSTM_BRDWGD - INFO - [EXP] Época 500/500 - Loss: 0.699452
2025-12-03 05:27:54,434 - LSTM_BRDWGD - INFO - Treinamento concluído em 2.74 minutos
2025-12-03 05:27:54,532 - LSTM_BRDWGD - INFO - Calculando erro para o train
2025-12-03 05:27:54,533 - LSTM_BRDWGD - INFO - RMSE: 0.4976
2025-12-03 05:27:54,533 - LSTM_BRDWGD - INFO - MSE : 0.2477
2025-12-03 05:27:54,533 - LSTM_BRDWGD - INFO - MAE : 0.2772
2025-12-03 05:27:54,533 - LSTM_BRDWGD - INFO - CSI (thr=1.0 mm): 0.8973  [TP=1441, FP=95, FN=70]
2025-12-03 05:27:54,533 - LSTM_BRDWGD - INFO - train_pred TRAIN mm min/max: 0.0, 153.2445068359375
2025-12-03 05:27:54,533 - LSTM_BRDWGD - INFO - train_TRUE TRAIN mm min/max: 0.0, 154.39999389648438
2025-12-03 05:27:54,533 - LSTM_BRDWGD - INFO -  Gerando gráficos TRAIN...
2025-12-03 05:27:54,957 - LSTM_BRDWGD - INFO -  Gráficos gerados TRAIN ...
2025-12-03 05:27:54,957 - LSTM_BRDWGD - INFO - Calculando erro para parte de teste
2025-12-03 05:27:54,958 - LSTM_BRDWGD - INFO - RMSE: 14.6416
2025-12-03 05:27:54,958 - LSTM_BRDWGD - INFO - MSE : 214.3766
2025-12-03 05:27:54,958 - LSTM_BRDWGD - INFO - MAE : 7.7031
2025-12-03 05:27:54,958 - LSTM_BRDWGD - INFO - CSI (thr=1.0 mm): 0.1579  [TP=3, FP=14, FN=2]
2025-12-03 05:27:54,958 - LSTM_BRDWGD - INFO - y_pred mm min/max: 0.0, 16.3985595703125
2025-12-03 05:27:54,958 - LSTM_BRDWGD - INFO - y_TRUE mm min/max: 0.0, 55.400001525878906
2025-12-03 05:27:54,958 - LSTM_BRDWGD - INFO -  Gerando gráficos...
2025-12-03 05:27:55,269 - LSTM_BRDWGD - INFO -  Gráficos gerados...
2025-12-03 05:27:55,269 - LSTM_BRDWGD - INFO - ==========================================================================================
2025-12-03 05:27:55,269 - LSTM_BRDWGD - INFO - Execução finalizada com sucesso.
2025-12-03 05:27:55,269 - LSTM_BRDWGD - INFO - Dispositivo utilizado: cuda
2025-12-03 05:27:55,269 - LSTM_BRDWGD - INFO - ==========================================================================================
2025-12-03 05:28:00,908 - BiLSTM_BRDWGD - INFO - ==========================================================================================
2025-12-03 05:28:00,908 - BiLSTM_BRDWGD - INFO - Iniciando script BILSTM (PyTorch) BRDWGD com suporte a GPU e logs detalhados.
2025-12-03 05:28:00,908 - BiLSTM_BRDWGD - INFO - ==========================================================================================
2025-12-03 05:28:00,909 - BiLSTM_BRDWGD - INFO - Iniciando experimento: lookback=30, hidden_dim=128, layers=2, lr=0.001, drop=0.5
2025-12-03 05:28:00,918 - BiLSTM_BRDWGD - INFO - Shape treino: torch.Size([5863, 30, 6]), teste: torch.Size([30, 30, 6])
2025-12-03 05:28:00,922 - BiLSTM_BRDWGD - INFO - Treinando por 500 épocas...
2025-12-03 05:28:01,373 - BiLSTM_BRDWGD - INFO - [EXP] Época 1/500 - Loss: 95.106073
2025-12-03 05:28:22,933 - BiLSTM_BRDWGD - INFO - [EXP] Época 50/500 - Loss: 56.583952
2025-12-03 05:28:44,905 - BiLSTM_BRDWGD - INFO - [EXP] Época 100/500 - Loss: 30.569839
2025-12-03 05:29:06,851 - BiLSTM_BRDWGD - INFO - [EXP] Época 150/500 - Loss: 18.825230
2025-12-03 05:29:28,829 - BiLSTM_BRDWGD - INFO - [EXP] Época 200/500 - Loss: 12.121985
2025-12-03 05:29:50,979 - BiLSTM_BRDWGD - INFO - [EXP] Época 250/500 - Loss: 11.539616
2025-12-03 05:30:13,130 - BiLSTM_BRDWGD - INFO - [EXP] Época 300/500 - Loss: 9.927543
2025-12-03 05:30:35,279 - BiLSTM_BRDWGD - INFO - [EXP] Época 350/500 - Loss: 6.374050
2025-12-03 05:30:57,430 - BiLSTM_BRDWGD - INFO - [EXP] Época 400/500 - Loss: 7.019562
2025-12-03 05:31:19,468 - BiLSTM_BRDWGD - INFO - [EXP] Época 450/500 - Loss: 4.559818
2025-12-03 05:31:41,621 - BiLSTM_BRDWGD - INFO - [EXP] Época 500/500 - Loss: 4.563580
2025-12-03 05:31:41,621 - BiLSTM_BRDWGD - INFO - Treinamento concluído em 3.68 minutos
2025-12-03 05:31:41,807 - BiLSTM_BRDWGD - INFO - Calculando erro para o train
2025-12-03 05:31:41,808 - BiLSTM_BRDWGD - INFO - RMSE: 1.4458
2025-12-03 05:31:41,808 - BiLSTM_BRDWGD - INFO - MSE : 2.0903
2025-12-03 05:31:41,808 - BiLSTM_BRDWGD - INFO - MAE : 0.6434
2025-12-03 05:31:41,808 - BiLSTM_BRDWGD - INFO - CSI (thr=1.0 mm): 0.7118  [TP=1247, FP=241, FN=264]
2025-12-03 05:31:41,808 - BiLSTM_BRDWGD - INFO - train_pred TRAIN mm min/max: 0.0, 143.75413513183594
2025-12-03 05:31:41,808 - BiLSTM_BRDWGD - INFO - train_TRUE TRAIN mm min/max: 0.0, 154.39999389648438
2025-12-03 05:31:41,808 - BiLSTM_BRDWGD - INFO -  Gerando gráficos TRAIN...
2025-12-03 05:31:42,202 - BiLSTM_BRDWGD - INFO -  Gráficos gerados TRAIN ...
2025-12-03 05:31:42,202 - BiLSTM_BRDWGD - INFO - Calculando erro para parte de teste
2025-12-03 05:31:42,203 - BiLSTM_BRDWGD - INFO - RMSE: 15.1471
2025-12-03 05:31:42,203 - BiLSTM_BRDWGD - INFO - MSE : 229.4343
2025-12-03 05:31:42,203 - BiLSTM_BRDWGD - INFO - MAE : 7.5966
2025-12-03 05:31:42,203 - BiLSTM_BRDWGD - INFO - CSI (thr=1.0 mm): 0.2000  [TP=3, FP=10, FN=2]
2025-12-03 05:31:42,203 - BiLSTM_BRDWGD - INFO - y_pred mm min/max: 0.0, 29.06913948059082
2025-12-03 05:31:42,203 - BiLSTM_BRDWGD - INFO - y_TRUE mm min/max: 0.0, 55.400001525878906
2025-12-03 05:31:42,203 - BiLSTM_BRDWGD - INFO -  Gerando gráficos...
2025-12-03 05:31:42,501 - BiLSTM_BRDWGD - INFO -  Gráficos gerados...
2025-12-03 05:31:42,501 - BiLSTM_BRDWGD - INFO - ==========================================================================================
2025-12-03 05:31:42,501 - BiLSTM_BRDWGD - INFO - Execução finalizada com sucesso.
2025-12-03 05:31:42,501 - BiLSTM_BRDWGD - INFO - Dispositivo utilizado: cuda
2025-12-03 05:31:42,502 - BiLSTM_BRDWGD - INFO - ==========================================================================================
2025-12-03 05:31:48,524 - LSTM_BRDWGD - INFO - ==========================================================================================
2025-12-03 05:31:48,524 - LSTM_BRDWGD - INFO - Iniciando script LSTM (PyTorch) BRDWGD com suporte a GPU e logs detalhados.
2025-12-03 05:31:48,524 - LSTM_BRDWGD - INFO - ==========================================================================================
2025-12-03 05:31:48,525 - LSTM_BRDWGD - INFO - Iniciando experimento: lookback=30, hidden_dim=256, layers=2, lr=0.001, drop=0.5
2025-12-03 05:31:48,532 - LSTM_BRDWGD - INFO - Shape treino: torch.Size([5863, 30, 6]), teste: torch.Size([30, 30, 6])
2025-12-03 05:31:48,538 - LSTM_BRDWGD - INFO - Treinando por 500 épocas...
2025-12-03 05:31:49,084 - LSTM_BRDWGD - INFO - [EXP] Época 1/500 - Loss: 95.485722
2025-12-03 05:32:15,571 - LSTM_BRDWGD - INFO - [EXP] Época 50/500 - Loss: 56.183028
2025-12-03 05:32:42,371 - LSTM_BRDWGD - INFO - [EXP] Época 100/500 - Loss: 30.810267
2025-12-03 05:33:09,169 - LSTM_BRDWGD - INFO - [EXP] Época 150/500 - Loss: 43.833115
2025-12-03 05:33:36,176 - LSTM_BRDWGD - INFO - [EXP] Época 200/500 - Loss: 3.284515
2025-12-03 05:34:03,184 - LSTM_BRDWGD - INFO - [EXP] Época 250/500 - Loss: 1.237692
2025-12-03 05:34:29,977 - LSTM_BRDWGD - INFO - [EXP] Época 300/500 - Loss: 0.795453
2025-12-03 05:34:56,771 - LSTM_BRDWGD - INFO - [EXP] Época 350/500 - Loss: 0.781820
2025-12-03 05:35:23,572 - LSTM_BRDWGD - INFO - [EXP] Época 400/500 - Loss: 0.868729
2025-12-03 05:35:50,211 - LSTM_BRDWGD - INFO - [EXP] Época 450/500 - Loss: 0.578383
2025-12-03 05:36:16,764 - LSTM_BRDWGD - INFO - [EXP] Época 500/500 - Loss: 0.320885
2025-12-03 05:36:16,764 - LSTM_BRDWGD - INFO - Treinamento concluído em 4.47 minutos
2025-12-03 05:36:16,897 - LSTM_BRDWGD - INFO - Calculando erro para o train
2025-12-03 05:36:16,897 - LSTM_BRDWGD - INFO - RMSE: 0.3410
2025-12-03 05:36:16,897 - LSTM_BRDWGD - INFO - MSE : 0.1163
2025-12-03 05:36:16,897 - LSTM_BRDWGD - INFO - MAE : 0.1481
2025-12-03 05:36:16,898 - LSTM_BRDWGD - INFO - CSI (thr=1.0 mm): 0.9377  [TP=1429, FP=13, FN=82]
2025-12-03 05:36:16,898 - LSTM_BRDWGD - INFO - train_pred TRAIN mm min/max: 0.0, 153.9007110595703
2025-12-03 05:36:16,898 - LSTM_BRDWGD - INFO - train_TRUE TRAIN mm min/max: 0.0, 154.39999389648438
2025-12-03 05:36:16,898 - LSTM_BRDWGD - INFO -  Gerando gráficos TRAIN...
2025-12-03 05:36:17,296 - LSTM_BRDWGD - INFO -  Gráficos gerados TRAIN ...
2025-12-03 05:36:17,297 - LSTM_BRDWGD - INFO - Calculando erro para parte de teste
2025-12-03 05:36:17,297 - LSTM_BRDWGD - INFO - RMSE: 13.5527
2025-12-03 05:36:17,297 - LSTM_BRDWGD - INFO - MSE : 183.6758
2025-12-03 05:36:17,297 - LSTM_BRDWGD - INFO - MAE : 8.0221
2025-12-03 05:36:17,297 - LSTM_BRDWGD - INFO - CSI (thr=1.0 mm): 0.1429  [TP=3, FP=16, FN=2]
2025-12-03 05:36:17,297 - LSTM_BRDWGD - INFO - y_pred mm min/max: 0.0, 19.766389846801758
2025-12-03 05:36:17,297 - LSTM_BRDWGD - INFO - y_TRUE mm min/max: 0.0, 55.400001525878906
2025-12-03 05:36:17,297 - LSTM_BRDWGD - INFO -  Gerando gráficos...
2025-12-03 05:36:17,582 - LSTM_BRDWGD - INFO -  Gráficos gerados...
2025-12-03 05:36:17,582 - LSTM_BRDWGD - INFO - ==========================================================================================
2025-12-03 05:36:17,582 - LSTM_BRDWGD - INFO - Execução finalizada com sucesso.
2025-12-03 05:36:17,582 - LSTM_BRDWGD - INFO - Dispositivo utilizado: cuda
2025-12-03 05:36:17,582 - LSTM_BRDWGD - INFO - ==========================================================================================
2025-12-03 05:36:23,240 - BiLSTM_BRDWGD - INFO - ==========================================================================================
2025-12-03 05:36:23,241 - BiLSTM_BRDWGD - INFO - Iniciando script BILSTM (PyTorch) BRDWGD com suporte a GPU e logs detalhados.
2025-12-03 05:36:23,241 - BiLSTM_BRDWGD - INFO - ==========================================================================================
2025-12-03 05:36:23,241 - BiLSTM_BRDWGD - INFO - Iniciando experimento: lookback=30, hidden_dim=256, layers=2, lr=0.001, drop=0.5
2025-12-03 05:36:23,248 - BiLSTM_BRDWGD - INFO - Shape treino: torch.Size([5863, 30, 6]), teste: torch.Size([30, 30, 6])
2025-12-03 05:36:23,263 - BiLSTM_BRDWGD - INFO - Treinando por 500 épocas...
2025-12-03 05:36:24,111 - BiLSTM_BRDWGD - INFO - [EXP] Época 1/500 - Loss: 93.139377
2025-12-03 05:37:06,161 - BiLSTM_BRDWGD - INFO - [EXP] Época 50/500 - Loss: 57.246879
2025-12-03 05:37:49,069 - BiLSTM_BRDWGD - INFO - [EXP] Época 100/500 - Loss: 27.080513
2025-12-03 05:38:31,970 - BiLSTM_BRDWGD - INFO - [EXP] Época 150/500 - Loss: 13.854381
2025-12-03 05:39:15,421 - BiLSTM_BRDWGD - INFO - [EXP] Época 200/500 - Loss: 8.368154
2025-12-03 05:39:59,058 - BiLSTM_BRDWGD - INFO - [EXP] Época 250/500 - Loss: 5.842382
2025-12-03 05:40:42,020 - BiLSTM_BRDWGD - INFO - [EXP] Época 300/500 - Loss: 4.616089
2025-12-03 05:41:24,923 - BiLSTM_BRDWGD - INFO - [EXP] Época 350/500 - Loss: 4.035605
2025-12-03 05:42:07,826 - BiLSTM_BRDWGD - INFO - [EXP] Época 400/500 - Loss: 3.744117
2025-12-03 05:42:50,160 - BiLSTM_BRDWGD - INFO - [EXP] Época 450/500 - Loss: 3.309847
2025-12-03 05:43:32,455 - BiLSTM_BRDWGD - INFO - [EXP] Época 500/500 - Loss: 3.153585
2025-12-03 05:43:32,455 - BiLSTM_BRDWGD - INFO - Treinamento concluído em 7.15 minutos
2025-12-03 05:43:32,698 - BiLSTM_BRDWGD - INFO - Calculando erro para o train
2025-12-03 05:43:32,699 - BiLSTM_BRDWGD - INFO - RMSE: 1.0417
2025-12-03 05:43:32,699 - BiLSTM_BRDWGD - INFO - MSE : 1.0851
2025-12-03 05:43:32,699 - BiLSTM_BRDWGD - INFO - MAE : 0.4721
2025-12-03 05:43:32,699 - BiLSTM_BRDWGD - INFO - CSI (thr=1.0 mm): 0.7955  [TP=1315, FP=142, FN=196]
2025-12-03 05:43:32,699 - BiLSTM_BRDWGD - INFO - train_pred TRAIN mm min/max: 0.0, 154.1974334716797
2025-12-03 05:43:32,699 - BiLSTM_BRDWGD - INFO - train_TRUE TRAIN mm min/max: 0.0, 154.39999389648438
2025-12-03 05:43:32,699 - BiLSTM_BRDWGD - INFO -  Gerando gráficos TRAIN...
2025-12-03 05:43:33,087 - BiLSTM_BRDWGD - INFO -  Gráficos gerados TRAIN ...
2025-12-03 05:43:33,087 - BiLSTM_BRDWGD - INFO - Calculando erro para parte de teste
2025-12-03 05:43:33,088 - BiLSTM_BRDWGD - INFO - RMSE: 15.7167
2025-12-03 05:43:33,088 - BiLSTM_BRDWGD - INFO - MSE : 247.0139
2025-12-03 05:43:33,088 - BiLSTM_BRDWGD - INFO - MAE : 8.3097
2025-12-03 05:43:33,088 - BiLSTM_BRDWGD - INFO - CSI (thr=1.0 mm): 0.1765  [TP=3, FP=12, FN=2]
2025-12-03 05:43:33,088 - BiLSTM_BRDWGD - INFO - y_pred mm min/max: 0.0, 31.16103172302246
2025-12-03 05:43:33,088 - BiLSTM_BRDWGD - INFO - y_TRUE mm min/max: 0.0, 55.400001525878906
2025-12-03 05:43:33,088 - BiLSTM_BRDWGD - INFO -  Gerando gráficos...
2025-12-03 05:43:33,369 - BiLSTM_BRDWGD - INFO -  Gráficos gerados...
2025-12-03 05:43:33,369 - BiLSTM_BRDWGD - INFO - ==========================================================================================
2025-12-03 05:43:33,369 - BiLSTM_BRDWGD - INFO - Execução finalizada com sucesso.
2025-12-03 05:43:33,369 - BiLSTM_BRDWGD - INFO - Dispositivo utilizado: cuda
2025-12-03 05:43:33,369 - BiLSTM_BRDWGD - INFO - ==========================================================================================
2025-12-03 05:43:39,396 - LSTM_BRDWGD - INFO - ==========================================================================================
2025-12-03 05:43:39,397 - LSTM_BRDWGD - INFO - Iniciando script LSTM (PyTorch) BRDWGD com suporte a GPU e logs detalhados.
2025-12-03 05:43:39,397 - LSTM_BRDWGD - INFO - ==========================================================================================
2025-12-03 05:43:39,397 - LSTM_BRDWGD - INFO - Iniciando experimento: lookback=30, hidden_dim=32, layers=2, lr=0.001, drop=0.5
2025-12-03 05:43:39,407 - LSTM_BRDWGD - INFO - Shape treino: torch.Size([5863, 30, 6]), teste: torch.Size([30, 30, 6])
2025-12-03 05:43:39,408 - LSTM_BRDWGD - INFO - Treinando por 500 épocas...
2025-12-03 05:43:39,731 - LSTM_BRDWGD - INFO - [EXP] Época 1/500 - Loss: 98.378761
2025-12-03 05:43:55,625 - LSTM_BRDWGD - INFO - [EXP] Época 50/500 - Loss: 69.827346
2025-12-03 05:44:12,071 - LSTM_BRDWGD - INFO - [EXP] Época 100/500 - Loss: 45.025822
2025-12-03 05:44:28,520 - LSTM_BRDWGD - INFO - [EXP] Época 150/500 - Loss: 31.652086
2025-12-03 05:44:44,939 - LSTM_BRDWGD - INFO - [EXP] Época 200/500 - Loss: 20.286765
2025-12-03 05:45:01,236 - LSTM_BRDWGD - INFO - [EXP] Época 250/500 - Loss: 30.562929
2025-12-03 05:45:17,544 - LSTM_BRDWGD - INFO - [EXP] Época 300/500 - Loss: 16.178205
2025-12-03 05:45:33,805 - LSTM_BRDWGD - INFO - [EXP] Época 350/500 - Loss: 9.595307
2025-12-03 05:45:50,118 - LSTM_BRDWGD - INFO - [EXP] Época 400/500 - Loss: 7.950196
2025-12-03 05:46:06,678 - LSTM_BRDWGD - INFO - [EXP] Época 450/500 - Loss: 6.079316
2025-12-03 05:46:23,237 - LSTM_BRDWGD - INFO - [EXP] Época 500/500 - Loss: 6.954897
2025-12-03 05:46:23,238 - LSTM_BRDWGD - INFO - Treinamento concluído em 2.73 minutos
2025-12-03 05:46:23,283 - LSTM_BRDWGD - INFO - Calculando erro para o train
2025-12-03 05:46:23,283 - LSTM_BRDWGD - INFO - RMSE: 1.9763
2025-12-03 05:46:23,283 - LSTM_BRDWGD - INFO - MSE : 3.9056
2025-12-03 05:46:23,283 - LSTM_BRDWGD - INFO - MAE : 0.9735
2025-12-03 05:46:23,283 - LSTM_BRDWGD - INFO - CSI (thr=1.0 mm): 0.5427  [TP=1304, FP=892, FN=207]
2025-12-03 05:46:23,283 - LSTM_BRDWGD - INFO - train_pred TRAIN mm min/max: 0.0, 139.36012268066406
2025-12-03 05:46:23,284 - LSTM_BRDWGD - INFO - train_TRUE TRAIN mm min/max: 0.0, 154.39999389648438
2025-12-03 05:46:23,284 - LSTM_BRDWGD - INFO -  Gerando gráficos TRAIN...
2025-12-03 05:46:23,676 - LSTM_BRDWGD - INFO -  Gráficos gerados TRAIN ...
2025-12-03 05:46:23,676 - LSTM_BRDWGD - INFO - Calculando erro para parte de teste
2025-12-03 05:46:23,677 - LSTM_BRDWGD - INFO - RMSE: 15.7349
2025-12-03 05:46:23,677 - LSTM_BRDWGD - INFO - MSE : 247.5859
2025-12-03 05:46:23,677 - LSTM_BRDWGD - INFO - MAE : 8.3781
2025-12-03 05:46:23,677 - LSTM_BRDWGD - INFO - CSI (thr=1.0 mm): 0.1500  [TP=3, FP=15, FN=2]
2025-12-03 05:46:23,677 - LSTM_BRDWGD - INFO - y_pred mm min/max: 0.0, 56.2309684753418
2025-12-03 05:46:23,677 - LSTM_BRDWGD - INFO - y_TRUE mm min/max: 0.0, 55.400001525878906
2025-12-03 05:46:23,677 - LSTM_BRDWGD - INFO -  Gerando gráficos...
2025-12-03 05:46:23,988 - LSTM_BRDWGD - INFO -  Gráficos gerados...
2025-12-03 05:46:23,988 - LSTM_BRDWGD - INFO - ==========================================================================================
2025-12-03 05:46:23,988 - LSTM_BRDWGD - INFO - Execução finalizada com sucesso.
2025-12-03 05:46:23,988 - LSTM_BRDWGD - INFO - Dispositivo utilizado: cuda
2025-12-03 05:46:23,988 - LSTM_BRDWGD - INFO - ==========================================================================================
2025-12-03 05:46:29,703 - BiLSTM_BRDWGD - INFO - ==========================================================================================
2025-12-03 05:46:29,704 - BiLSTM_BRDWGD - INFO - Iniciando script BILSTM (PyTorch) BRDWGD com suporte a GPU e logs detalhados.
2025-12-03 05:46:29,704 - BiLSTM_BRDWGD - INFO - ==========================================================================================
2025-12-03 05:46:29,704 - BiLSTM_BRDWGD - INFO - Iniciando experimento: lookback=30, hidden_dim=32, layers=2, lr=0.001, drop=0.5
2025-12-03 05:46:29,713 - BiLSTM_BRDWGD - INFO - Shape treino: torch.Size([5863, 30, 6]), teste: torch.Size([30, 30, 6])
2025-12-03 05:46:29,716 - BiLSTM_BRDWGD - INFO - Treinando por 500 épocas...
2025-12-03 05:46:30,136 - BiLSTM_BRDWGD - INFO - [EXP] Época 1/500 - Loss: 98.753624
2025-12-03 05:46:50,753 - BiLSTM_BRDWGD - INFO - [EXP] Época 50/500 - Loss: 73.797610
2025-12-03 05:47:11,929 - BiLSTM_BRDWGD - INFO - [EXP] Época 100/500 - Loss: 55.467749
2025-12-03 05:47:33,096 - BiLSTM_BRDWGD - INFO - [EXP] Época 150/500 - Loss: 46.226949
2025-12-03 05:47:54,263 - BiLSTM_BRDWGD - INFO - [EXP] Época 200/500 - Loss: 33.411862
2025-12-03 05:48:15,423 - BiLSTM_BRDWGD - INFO - [EXP] Época 250/500 - Loss: 28.293883
2025-12-03 05:48:36,715 - BiLSTM_BRDWGD - INFO - [EXP] Época 300/500 - Loss: 27.080015
2025-12-03 05:48:58,226 - BiLSTM_BRDWGD - INFO - [EXP] Época 350/500 - Loss: 23.819213
2025-12-03 05:49:19,587 - BiLSTM_BRDWGD - INFO - [EXP] Época 400/500 - Loss: 24.808529
2025-12-03 05:49:40,866 - BiLSTM_BRDWGD - INFO - [EXP] Época 450/500 - Loss: 34.195714
2025-12-03 05:50:02,376 - BiLSTM_BRDWGD - INFO - [EXP] Época 500/500 - Loss: 18.822155
2025-12-03 05:50:02,376 - BiLSTM_BRDWGD - INFO - Treinamento concluído em 3.54 minutos
2025-12-03 05:50:02,428 - BiLSTM_BRDWGD - INFO - Calculando erro para o train
2025-12-03 05:50:02,428 - BiLSTM_BRDWGD - INFO - RMSE: 3.7373
2025-12-03 05:50:02,428 - BiLSTM_BRDWGD - INFO - MSE : 13.9671
2025-12-03 05:50:02,428 - BiLSTM_BRDWGD - INFO - MAE : 1.8540
2025-12-03 05:50:02,429 - BiLSTM_BRDWGD - INFO - CSI (thr=1.0 mm): 0.4510  [TP=1256, FP=1274, FN=255]
2025-12-03 05:50:02,429 - BiLSTM_BRDWGD - INFO - train_pred TRAIN mm min/max: 0.0, 138.57359313964844
2025-12-03 05:50:02,429 - BiLSTM_BRDWGD - INFO - train_TRUE TRAIN mm min/max: 0.0, 154.39999389648438
2025-12-03 05:50:02,429 - BiLSTM_BRDWGD - INFO -  Gerando gráficos TRAIN...
2025-12-03 05:50:02,860 - BiLSTM_BRDWGD - INFO -  Gráficos gerados TRAIN ...
2025-12-03 05:50:02,861 - BiLSTM_BRDWGD - INFO - Calculando erro para parte de teste
2025-12-03 05:50:02,861 - BiLSTM_BRDWGD - INFO - RMSE: 20.6075
2025-12-03 05:50:02,861 - BiLSTM_BRDWGD - INFO - MSE : 424.6677
2025-12-03 05:50:02,861 - BiLSTM_BRDWGD - INFO - MAE : 11.9881
2025-12-03 05:50:02,861 - BiLSTM_BRDWGD - INFO - CSI (thr=1.0 mm): 0.1600  [TP=4, FP=20, FN=1]
2025-12-03 05:50:02,861 - BiLSTM_BRDWGD - INFO - y_pred mm min/max: 0.0, 59.50898361206055
2025-12-03 05:50:02,861 - BiLSTM_BRDWGD - INFO - y_TRUE mm min/max: 0.0, 55.400001525878906
2025-12-03 05:50:02,862 - BiLSTM_BRDWGD - INFO -  Gerando gráficos...
2025-12-03 05:50:03,275 - BiLSTM_BRDWGD - INFO -  Gráficos gerados...
2025-12-03 05:50:03,275 - BiLSTM_BRDWGD - INFO - ==========================================================================================
2025-12-03 05:50:03,275 - BiLSTM_BRDWGD - INFO - Execução finalizada com sucesso.
2025-12-03 05:50:03,276 - BiLSTM_BRDWGD - INFO - Dispositivo utilizado: cuda
2025-12-03 05:50:03,276 - BiLSTM_BRDWGD - INFO - ==========================================================================================
2025-12-03 05:50:09,331 - LSTM_BRDWGD - INFO - ==========================================================================================
2025-12-03 05:50:09,331 - LSTM_BRDWGD - INFO - Iniciando script LSTM (PyTorch) BRDWGD com suporte a GPU e logs detalhados.
2025-12-03 05:50:09,332 - LSTM_BRDWGD - INFO - ==========================================================================================
2025-12-03 05:50:09,332 - LSTM_BRDWGD - INFO - Iniciando experimento: lookback=30, hidden_dim=64, layers=2, lr=0.001, drop=0.5
2025-12-03 05:50:09,341 - LSTM_BRDWGD - INFO - Shape treino: torch.Size([5863, 30, 6]), teste: torch.Size([30, 30, 6])
2025-12-03 05:50:09,343 - LSTM_BRDWGD - INFO - Treinando por 500 épocas...
2025-12-03 05:50:09,671 - LSTM_BRDWGD - INFO - [EXP] Época 1/500 - Loss: 97.096003
2025-12-03 05:50:25,606 - LSTM_BRDWGD - INFO - [EXP] Época 50/500 - Loss: 56.056709
2025-12-03 05:50:41,873 - LSTM_BRDWGD - INFO - [EXP] Época 100/500 - Loss: 47.792756
2025-12-03 05:50:58,222 - LSTM_BRDWGD - INFO - [EXP] Época 150/500 - Loss: 17.449854
2025-12-03 05:51:14,694 - LSTM_BRDWGD - INFO - [EXP] Época 200/500 - Loss: 7.303268
2025-12-03 05:51:31,243 - LSTM_BRDWGD - INFO - [EXP] Época 250/500 - Loss: 3.921879
2025-12-03 05:51:47,628 - LSTM_BRDWGD - INFO - [EXP] Época 300/500 - Loss: 4.823590
2025-12-03 05:52:04,015 - LSTM_BRDWGD - INFO - [EXP] Época 350/500 - Loss: 1.976964
2025-12-03 05:52:20,386 - LSTM_BRDWGD - INFO - [EXP] Época 400/500 - Loss: 1.894929
2025-12-03 05:52:36,707 - LSTM_BRDWGD - INFO - [EXP] Época 450/500 - Loss: 1.463196
2025-12-03 05:52:52,974 - LSTM_BRDWGD - INFO - [EXP] Época 500/500 - Loss: 1.283575
2025-12-03 05:52:52,974 - LSTM_BRDWGD - INFO - Treinamento concluído em 2.73 minutos
2025-12-03 05:52:53,018 - LSTM_BRDWGD - INFO - Calculando erro para o train
2025-12-03 05:52:53,180 - LSTM_BRDWGD - INFO - RMSE: 1.0224
2025-12-03 05:52:53,180 - LSTM_BRDWGD - INFO - MSE : 1.0453
2025-12-03 05:52:53,181 - LSTM_BRDWGD - INFO - MAE : 0.5273
2025-12-03 05:52:53,181 - LSTM_BRDWGD - INFO - CSI (thr=1.0 mm): 0.7151  [TP=1393, FP=437, FN=118]
2025-12-03 05:52:53,181 - LSTM_BRDWGD - INFO - train_pred TRAIN mm min/max: 0.0, 150.810546875
2025-12-03 05:52:53,181 - LSTM_BRDWGD - INFO - train_TRUE TRAIN mm min/max: 0.0, 154.39999389648438
2025-12-03 05:52:53,181 - LSTM_BRDWGD - INFO -  Gerando gráficos TRAIN...
2025-12-03 05:52:53,585 - LSTM_BRDWGD - INFO -  Gráficos gerados TRAIN ...
2025-12-03 05:52:53,585 - LSTM_BRDWGD - INFO - Calculando erro para parte de teste
2025-12-03 05:52:53,586 - LSTM_BRDWGD - INFO - RMSE: 16.0626
2025-12-03 05:52:53,586 - LSTM_BRDWGD - INFO - MSE : 258.0061
2025-12-03 05:52:53,586 - LSTM_BRDWGD - INFO - MAE : 8.8792
2025-12-03 05:52:53,586 - LSTM_BRDWGD - INFO - CSI (thr=1.0 mm): 0.0952  [TP=2, FP=16, FN=3]
2025-12-03 05:52:53,586 - LSTM_BRDWGD - INFO - y_pred mm min/max: 0.0, 30.2889404296875
2025-12-03 05:52:53,586 - LSTM_BRDWGD - INFO - y_TRUE mm min/max: 0.0, 55.400001525878906
2025-12-03 05:52:53,586 - LSTM_BRDWGD - INFO -  Gerando gráficos...
2025-12-03 05:52:53,886 - LSTM_BRDWGD - INFO -  Gráficos gerados...
2025-12-03 05:52:53,887 - LSTM_BRDWGD - INFO - ==========================================================================================
2025-12-03 05:52:53,887 - LSTM_BRDWGD - INFO - Execução finalizada com sucesso.
2025-12-03 05:52:53,887 - LSTM_BRDWGD - INFO - Dispositivo utilizado: cuda
2025-12-03 05:52:53,887 - LSTM_BRDWGD - INFO - ==========================================================================================
2025-12-03 05:52:59,581 - BiLSTM_BRDWGD - INFO - ==========================================================================================
2025-12-03 05:52:59,581 - BiLSTM_BRDWGD - INFO - Iniciando script BILSTM (PyTorch) BRDWGD com suporte a GPU e logs detalhados.
2025-12-03 05:52:59,582 - BiLSTM_BRDWGD - INFO - ==========================================================================================
2025-12-03 05:52:59,582 - BiLSTM_BRDWGD - INFO - Iniciando experimento: lookback=30, hidden_dim=64, layers=2, lr=0.001, drop=0.5
2025-12-03 05:52:59,589 - BiLSTM_BRDWGD - INFO - Shape treino: torch.Size([5863, 30, 6]), teste: torch.Size([30, 30, 6])
2025-12-03 05:52:59,593 - BiLSTM_BRDWGD - INFO - Treinando por 500 épocas...
2025-12-03 05:53:00,020 - BiLSTM_BRDWGD - INFO - [EXP] Época 1/500 - Loss: 94.900628
2025-12-03 05:53:21,091 - BiLSTM_BRDWGD - INFO - [EXP] Época 50/500 - Loss: 63.745447
2025-12-03 05:53:42,713 - BiLSTM_BRDWGD - INFO - [EXP] Época 100/500 - Loss: 38.778318
2025-12-03 05:54:04,329 - BiLSTM_BRDWGD - INFO - [EXP] Época 150/500 - Loss: 50.405439
2025-12-03 05:54:25,945 - BiLSTM_BRDWGD - INFO - [EXP] Época 200/500 - Loss: 23.707976
2025-12-03 05:54:47,563 - BiLSTM_BRDWGD - INFO - [EXP] Época 250/500 - Loss: 19.603415
2025-12-03 05:55:09,179 - BiLSTM_BRDWGD - INFO - [EXP] Época 300/500 - Loss: 17.866058
2025-12-03 05:55:30,804 - BiLSTM_BRDWGD - INFO - [EXP] Época 350/500 - Loss: 15.401604
2025-12-03 05:55:52,111 - BiLSTM_BRDWGD - INFO - [EXP] Época 400/500 - Loss: 10.779214
2025-12-03 05:56:13,396 - BiLSTM_BRDWGD - INFO - [EXP] Época 450/500 - Loss: 9.431832
2025-12-03 05:56:34,831 - BiLSTM_BRDWGD - INFO - [EXP] Época 500/500 - Loss: 9.679115
2025-12-03 05:56:34,831 - BiLSTM_BRDWGD - INFO - Treinamento concluído em 3.59 minutos
2025-12-03 05:56:34,906 - BiLSTM_BRDWGD - INFO - Calculando erro para o train
2025-12-03 05:56:34,907 - BiLSTM_BRDWGD - INFO - RMSE: 2.4170
2025-12-03 05:56:34,907 - BiLSTM_BRDWGD - INFO - MSE : 5.8421
2025-12-03 05:56:34,907 - BiLSTM_BRDWGD - INFO - MAE : 1.0687
2025-12-03 05:56:34,907 - BiLSTM_BRDWGD - INFO - CSI (thr=1.0 mm): 0.5711  [TP=1221, FP=627, FN=290]
2025-12-03 05:56:34,907 - BiLSTM_BRDWGD - INFO - train_pred TRAIN mm min/max: 0.0, 144.5281982421875
2025-12-03 05:56:34,907 - BiLSTM_BRDWGD - INFO - train_TRUE TRAIN mm min/max: 0.0, 154.39999389648438
2025-12-03 05:56:34,907 - BiLSTM_BRDWGD - INFO -  Gerando gráficos TRAIN...
2025-12-03 05:56:35,295 - BiLSTM_BRDWGD - INFO -  Gráficos gerados TRAIN ...
2025-12-03 05:56:35,295 - BiLSTM_BRDWGD - INFO - Calculando erro para parte de teste
2025-12-03 05:56:35,296 - BiLSTM_BRDWGD - INFO - RMSE: 12.9284
2025-12-03 05:56:35,296 - BiLSTM_BRDWGD - INFO - MSE : 167.1431
2025-12-03 05:56:35,296 - BiLSTM_BRDWGD - INFO - MAE : 6.4432
2025-12-03 05:56:35,296 - BiLSTM_BRDWGD - INFO - CSI (thr=1.0 mm): 0.1667  [TP=3, FP=13, FN=2]
2025-12-03 05:56:35,296 - BiLSTM_BRDWGD - INFO - y_pred mm min/max: 0.12275293469429016, 17.938623428344727
2025-12-03 05:56:35,296 - BiLSTM_BRDWGD - INFO - y_TRUE mm min/max: 0.0, 55.400001525878906
2025-12-03 05:56:35,296 - BiLSTM_BRDWGD - INFO -  Gerando gráficos...
2025-12-03 05:56:35,584 - BiLSTM_BRDWGD - INFO -  Gráficos gerados...
2025-12-03 05:56:35,584 - BiLSTM_BRDWGD - INFO - ==========================================================================================
2025-12-03 05:56:35,584 - BiLSTM_BRDWGD - INFO - Execução finalizada com sucesso.
2025-12-03 05:56:35,584 - BiLSTM_BRDWGD - INFO - Dispositivo utilizado: cuda
2025-12-03 05:56:35,584 - BiLSTM_BRDWGD - INFO - ==========================================================================================
2025-12-03 05:56:41,607 - LSTM_BRDWGD - INFO - ==========================================================================================
2025-12-03 05:56:41,607 - LSTM_BRDWGD - INFO - Iniciando script LSTM (PyTorch) BRDWGD com suporte a GPU e logs detalhados.
2025-12-03 05:56:41,607 - LSTM_BRDWGD - INFO - ==========================================================================================
2025-12-03 05:56:41,607 - LSTM_BRDWGD - INFO - Iniciando experimento: lookback=30, hidden_dim=128, layers=2, lr=0.001, drop=0.5
2025-12-03 05:56:41,617 - LSTM_BRDWGD - INFO - Shape treino: torch.Size([5863, 30, 6]), teste: torch.Size([30, 30, 6])
2025-12-03 05:56:41,619 - LSTM_BRDWGD - INFO - Treinando por 500 épocas...
2025-12-03 05:56:41,946 - LSTM_BRDWGD - INFO - [EXP] Época 1/500 - Loss: 96.527013
2025-12-03 05:56:58,154 - LSTM_BRDWGD - INFO - [EXP] Época 50/500 - Loss: 52.014931
2025-12-03 05:57:14,745 - LSTM_BRDWGD - INFO - [EXP] Época 100/500 - Loss: 20.603588
2025-12-03 05:57:31,356 - LSTM_BRDWGD - INFO - [EXP] Época 150/500 - Loss: 38.030847
2025-12-03 05:57:48,071 - LSTM_BRDWGD - INFO - [EXP] Época 200/500 - Loss: 3.259456
2025-12-03 05:58:04,765 - LSTM_BRDWGD - INFO - [EXP] Época 250/500 - Loss: 1.727678
2025-12-03 05:58:21,427 - LSTM_BRDWGD - INFO - [EXP] Época 300/500 - Loss: 0.955478
2025-12-03 05:58:38,153 - LSTM_BRDWGD - INFO - [EXP] Época 350/500 - Loss: 1.060862
2025-12-03 05:58:54,879 - LSTM_BRDWGD - INFO - [EXP] Época 400/500 - Loss: 0.511044
2025-12-03 05:59:11,605 - LSTM_BRDWGD - INFO - [EXP] Época 450/500 - Loss: 0.369048
2025-12-03 05:59:28,352 - LSTM_BRDWGD - INFO - [EXP] Época 500/500 - Loss: 1.542616
2025-12-03 05:59:28,352 - LSTM_BRDWGD - INFO - Treinamento concluído em 2.78 minutos
2025-12-03 05:59:28,451 - LSTM_BRDWGD - INFO - Calculando erro para o train
2025-12-03 05:59:28,452 - LSTM_BRDWGD - INFO - RMSE: 0.7378
2025-12-03 05:59:28,452 - LSTM_BRDWGD - INFO - MSE : 0.5444
2025-12-03 05:59:28,452 - LSTM_BRDWGD - INFO - MAE : 0.4118
2025-12-03 05:59:28,452 - LSTM_BRDWGD - INFO - CSI (thr=1.0 mm): 0.7638  [TP=1400, FP=322, FN=111]
2025-12-03 05:59:28,452 - LSTM_BRDWGD - INFO - train_pred TRAIN mm min/max: 0.0, 153.15440368652344
2025-12-03 05:59:28,452 - LSTM_BRDWGD - INFO - train_TRUE TRAIN mm min/max: 0.0, 154.39999389648438
2025-12-03 05:59:28,452 - LSTM_BRDWGD - INFO -  Gerando gráficos TRAIN...
2025-12-03 05:59:28,867 - LSTM_BRDWGD - INFO -  Gráficos gerados TRAIN ...
2025-12-03 05:59:28,867 - LSTM_BRDWGD - INFO - Calculando erro para parte de teste
2025-12-03 05:59:28,867 - LSTM_BRDWGD - INFO - RMSE: 14.3275
2025-12-03 05:59:28,867 - LSTM_BRDWGD - INFO - MSE : 205.2768
2025-12-03 05:59:28,868 - LSTM_BRDWGD - INFO - MAE : 7.9394
2025-12-03 05:59:28,868 - LSTM_BRDWGD - INFO - CSI (thr=1.0 mm): 0.2381  [TP=5, FP=16, FN=0]
2025-12-03 05:59:28,868 - LSTM_BRDWGD - INFO - y_pred mm min/max: 0.0, 17.573631286621094
2025-12-03 05:59:28,868 - LSTM_BRDWGD - INFO - y_TRUE mm min/max: 0.0, 55.400001525878906
2025-12-03 05:59:28,868 - LSTM_BRDWGD - INFO -  Gerando gráficos...
2025-12-03 05:59:29,173 - LSTM_BRDWGD - INFO -  Gráficos gerados...
2025-12-03 05:59:29,173 - LSTM_BRDWGD - INFO - ==========================================================================================
2025-12-03 05:59:29,173 - LSTM_BRDWGD - INFO - Execução finalizada com sucesso.
2025-12-03 05:59:29,173 - LSTM_BRDWGD - INFO - Dispositivo utilizado: cuda
2025-12-03 05:59:29,173 - LSTM_BRDWGD - INFO - ==========================================================================================
2025-12-03 05:59:34,825 - BiLSTM_BRDWGD - INFO - ==========================================================================================
2025-12-03 05:59:34,825 - BiLSTM_BRDWGD - INFO - Iniciando script BILSTM (PyTorch) BRDWGD com suporte a GPU e logs detalhados.
2025-12-03 05:59:34,825 - BiLSTM_BRDWGD - INFO - ==========================================================================================
2025-12-03 05:59:34,825 - BiLSTM_BRDWGD - INFO - Iniciando experimento: lookback=30, hidden_dim=128, layers=2, lr=0.001, drop=0.5
2025-12-03 05:59:34,833 - BiLSTM_BRDWGD - INFO - Shape treino: torch.Size([5863, 30, 6]), teste: torch.Size([30, 30, 6])
2025-12-03 05:59:34,837 - BiLSTM_BRDWGD - INFO - Treinando por 500 épocas...
2025-12-03 05:59:35,293 - BiLSTM_BRDWGD - INFO - [EXP] Época 1/500 - Loss: 95.068409
2025-12-03 05:59:56,941 - BiLSTM_BRDWGD - INFO - [EXP] Época 50/500 - Loss: 51.601698
2025-12-03 06:00:18,943 - BiLSTM_BRDWGD - INFO - [EXP] Época 100/500 - Loss: 25.748762
2025-12-03 06:00:40,894 - BiLSTM_BRDWGD - INFO - [EXP] Época 150/500 - Loss: 18.124929
2025-12-03 06:01:02,842 - BiLSTM_BRDWGD - INFO - [EXP] Época 200/500 - Loss: 13.479483
2025-12-03 06:01:24,726 - BiLSTM_BRDWGD - INFO - [EXP] Época 250/500 - Loss: 7.940119
2025-12-03 06:01:46,639 - BiLSTM_BRDWGD - INFO - [EXP] Época 300/500 - Loss: 7.728727
2025-12-03 06:02:08,477 - BiLSTM_BRDWGD - INFO - [EXP] Época 350/500 - Loss: 6.269442
2025-12-03 06:02:30,317 - BiLSTM_BRDWGD - INFO - [EXP] Época 400/500 - Loss: 5.758371
2025-12-03 06:02:52,245 - BiLSTM_BRDWGD - INFO - [EXP] Época 450/500 - Loss: 6.237179
2025-12-03 06:03:14,182 - BiLSTM_BRDWGD - INFO - [EXP] Época 500/500 - Loss: 3.745035
2025-12-03 06:03:14,182 - BiLSTM_BRDWGD - INFO - Treinamento concluído em 3.66 minutos
2025-12-03 06:03:14,367 - BiLSTM_BRDWGD - INFO - Calculando erro para o train
2025-12-03 06:03:14,368 - BiLSTM_BRDWGD - INFO - RMSE: 1.3237
2025-12-03 06:03:14,368 - BiLSTM_BRDWGD - INFO - MSE : 1.7522
2025-12-03 06:03:14,368 - BiLSTM_BRDWGD - INFO - MAE : 0.6174
2025-12-03 06:03:14,368 - BiLSTM_BRDWGD - INFO - CSI (thr=1.0 mm): 0.7155  [TP=1280, FP=278, FN=231]
2025-12-03 06:03:14,368 - BiLSTM_BRDWGD - INFO - train_pred TRAIN mm min/max: 0.0, 154.6845245361328
2025-12-03 06:03:14,368 - BiLSTM_BRDWGD - INFO - train_TRUE TRAIN mm min/max: 0.0, 154.39999389648438
2025-12-03 06:03:14,368 - BiLSTM_BRDWGD - INFO -  Gerando gráficos TRAIN...
2025-12-03 06:03:14,768 - BiLSTM_BRDWGD - INFO -  Gráficos gerados TRAIN ...
2025-12-03 06:03:14,768 - BiLSTM_BRDWGD - INFO - Calculando erro para parte de teste
2025-12-03 06:03:14,769 - BiLSTM_BRDWGD - INFO - RMSE: 14.7638
2025-12-03 06:03:14,769 - BiLSTM_BRDWGD - INFO - MSE : 217.9708
2025-12-03 06:03:14,769 - BiLSTM_BRDWGD - INFO - MAE : 8.8107
2025-12-03 06:03:14,769 - BiLSTM_BRDWGD - INFO - CSI (thr=1.0 mm): 0.1667  [TP=3, FP=13, FN=2]
2025-12-03 06:03:14,769 - BiLSTM_BRDWGD - INFO - y_pred mm min/max: 0.0, 41.85920715332031
2025-12-03 06:03:14,769 - BiLSTM_BRDWGD - INFO - y_TRUE mm min/max: 0.0, 55.400001525878906
2025-12-03 06:03:14,769 - BiLSTM_BRDWGD - INFO -  Gerando gráficos...
2025-12-03 06:03:15,072 - BiLSTM_BRDWGD - INFO -  Gráficos gerados...
2025-12-03 06:03:15,072 - BiLSTM_BRDWGD - INFO - ==========================================================================================
2025-12-03 06:03:15,072 - BiLSTM_BRDWGD - INFO - Execução finalizada com sucesso.
2025-12-03 06:03:15,072 - BiLSTM_BRDWGD - INFO - Dispositivo utilizado: cuda
2025-12-03 06:03:15,072 - BiLSTM_BRDWGD - INFO - ==========================================================================================
2025-12-03 06:03:21,072 - LSTM_BRDWGD - INFO - ==========================================================================================
2025-12-03 06:03:21,072 - LSTM_BRDWGD - INFO - Iniciando script LSTM (PyTorch) BRDWGD com suporte a GPU e logs detalhados.
2025-12-03 06:03:21,072 - LSTM_BRDWGD - INFO - ==========================================================================================
2025-12-03 06:03:21,072 - LSTM_BRDWGD - INFO - Iniciando experimento: lookback=30, hidden_dim=256, layers=2, lr=0.001, drop=0.5
2025-12-03 06:03:21,082 - LSTM_BRDWGD - INFO - Shape treino: torch.Size([5863, 30, 6]), teste: torch.Size([30, 30, 6])
2025-12-03 06:03:21,088 - LSTM_BRDWGD - INFO - Treinando por 500 épocas...
2025-12-03 06:03:21,627 - LSTM_BRDWGD - INFO - [EXP] Época 1/500 - Loss: 94.352224
2025-12-03 06:03:47,686 - LSTM_BRDWGD - INFO - [EXP] Época 50/500 - Loss: 45.825222
2025-12-03 06:04:14,306 - LSTM_BRDWGD - INFO - [EXP] Época 100/500 - Loss: 10.313179
2025-12-03 06:04:41,076 - LSTM_BRDWGD - INFO - [EXP] Época 150/500 - Loss: 1.612956
2025-12-03 06:05:08,012 - LSTM_BRDWGD - INFO - [EXP] Época 200/500 - Loss: 5.089091
2025-12-03 06:05:34,859 - LSTM_BRDWGD - INFO - [EXP] Época 250/500 - Loss: 1.078841
2025-12-03 06:06:01,690 - LSTM_BRDWGD - INFO - [EXP] Época 300/500 - Loss: 0.831621
2025-12-03 06:06:28,519 - LSTM_BRDWGD - INFO - [EXP] Época 350/500 - Loss: 0.517983
2025-12-03 06:06:55,347 - LSTM_BRDWGD - INFO - [EXP] Época 400/500 - Loss: 0.421155
2025-12-03 06:07:22,177 - LSTM_BRDWGD - INFO - [EXP] Época 450/500 - Loss: 0.371937
2025-12-03 06:07:48,796 - LSTM_BRDWGD - INFO - [EXP] Época 500/500 - Loss: 0.799202
2025-12-03 06:07:48,796 - LSTM_BRDWGD - INFO - Treinamento concluído em 4.46 minutos
2025-12-03 06:07:48,927 - LSTM_BRDWGD - INFO - Calculando erro para o train
2025-12-03 06:07:48,927 - LSTM_BRDWGD - INFO - RMSE: 0.4690
2025-12-03 06:07:48,927 - LSTM_BRDWGD - INFO - MSE : 0.2200
2025-12-03 06:07:48,927 - LSTM_BRDWGD - INFO - MAE : 0.2194
2025-12-03 06:07:48,928 - LSTM_BRDWGD - INFO - CSI (thr=1.0 mm): 0.9245  [TP=1444, FP=51, FN=67]
2025-12-03 06:07:48,928 - LSTM_BRDWGD - INFO - train_pred TRAIN mm min/max: 0.0, 154.17552185058594
2025-12-03 06:07:48,928 - LSTM_BRDWGD - INFO - train_TRUE TRAIN mm min/max: 0.0, 154.39999389648438
2025-12-03 06:07:48,928 - LSTM_BRDWGD - INFO -  Gerando gráficos TRAIN...
2025-12-03 06:07:49,376 - LSTM_BRDWGD - INFO -  Gráficos gerados TRAIN ...
2025-12-03 06:07:49,376 - LSTM_BRDWGD - INFO - Calculando erro para parte de teste
2025-12-03 06:07:49,376 - LSTM_BRDWGD - INFO - RMSE: 14.8363
2025-12-03 06:07:49,376 - LSTM_BRDWGD - INFO - MSE : 220.1148
2025-12-03 06:07:49,376 - LSTM_BRDWGD - INFO - MAE : 8.4878
2025-12-03 06:07:49,376 - LSTM_BRDWGD - INFO - CSI (thr=1.0 mm): 0.1739  [TP=4, FP=18, FN=1]
2025-12-03 06:07:49,377 - LSTM_BRDWGD - INFO - y_pred mm min/max: 0.0, 37.50468826293945
2025-12-03 06:07:49,377 - LSTM_BRDWGD - INFO - y_TRUE mm min/max: 0.0, 55.400001525878906
2025-12-03 06:07:49,377 - LSTM_BRDWGD - INFO -  Gerando gráficos...
2025-12-03 06:07:49,672 - LSTM_BRDWGD - INFO -  Gráficos gerados...
2025-12-03 06:07:49,672 - LSTM_BRDWGD - INFO - ==========================================================================================
2025-12-03 06:07:49,672 - LSTM_BRDWGD - INFO - Execução finalizada com sucesso.
2025-12-03 06:07:49,672 - LSTM_BRDWGD - INFO - Dispositivo utilizado: cuda
2025-12-03 06:07:49,672 - LSTM_BRDWGD - INFO - ==========================================================================================
2025-12-03 06:07:55,393 - BiLSTM_BRDWGD - INFO - ==========================================================================================
2025-12-03 06:07:55,394 - BiLSTM_BRDWGD - INFO - Iniciando script BILSTM (PyTorch) BRDWGD com suporte a GPU e logs detalhados.
2025-12-03 06:07:55,394 - BiLSTM_BRDWGD - INFO - ==========================================================================================
2025-12-03 06:07:55,394 - BiLSTM_BRDWGD - INFO - Iniciando experimento: lookback=30, hidden_dim=256, layers=2, lr=0.001, drop=0.5
2025-12-03 06:07:55,404 - BiLSTM_BRDWGD - INFO - Shape treino: torch.Size([5863, 30, 6]), teste: torch.Size([30, 30, 6])
2025-12-03 06:07:55,414 - BiLSTM_BRDWGD - INFO - Treinando por 500 épocas...
2025-12-03 06:07:56,242 - BiLSTM_BRDWGD - INFO - [EXP] Época 1/500 - Loss: 94.863626
2025-12-03 06:08:37,128 - BiLSTM_BRDWGD - INFO - [EXP] Época 50/500 - Loss: 55.088437
2025-12-03 06:09:19,592 - BiLSTM_BRDWGD - INFO - [EXP] Época 100/500 - Loss: 27.350251
2025-12-03 06:10:02,358 - BiLSTM_BRDWGD - INFO - [EXP] Época 150/500 - Loss: 14.061999
2025-12-03 06:10:45,387 - BiLSTM_BRDWGD - INFO - [EXP] Época 200/500 - Loss: 6.886620
2025-12-03 06:11:28,414 - BiLSTM_BRDWGD - INFO - [EXP] Época 250/500 - Loss: 5.222576
2025-12-03 06:12:11,417 - BiLSTM_BRDWGD - INFO - [EXP] Época 300/500 - Loss: 4.202242
2025-12-03 06:12:53,807 - BiLSTM_BRDWGD - INFO - [EXP] Época 350/500 - Loss: 21.808563
2025-12-03 06:13:35,838 - BiLSTM_BRDWGD - INFO - [EXP] Época 400/500 - Loss: 3.443324
2025-12-03 06:14:18,590 - BiLSTM_BRDWGD - INFO - [EXP] Época 450/500 - Loss: 3.455139
2025-12-03 06:15:01,439 - BiLSTM_BRDWGD - INFO - [EXP] Época 500/500 - Loss: 3.161965
2025-12-03 06:15:01,439 - BiLSTM_BRDWGD - INFO - Treinamento concluído em 7.10 minutos
2025-12-03 06:15:01,685 - BiLSTM_BRDWGD - INFO - Calculando erro para o train
2025-12-03 06:15:01,685 - BiLSTM_BRDWGD - INFO - RMSE: 1.1701
2025-12-03 06:15:01,685 - BiLSTM_BRDWGD - INFO - MSE : 1.3692
2025-12-03 06:15:01,686 - BiLSTM_BRDWGD - INFO - MAE : 0.4820
2025-12-03 06:15:01,686 - BiLSTM_BRDWGD - INFO - CSI (thr=1.0 mm): 0.8006  [TP=1281, FP=89, FN=230]
2025-12-03 06:15:01,686 - BiLSTM_BRDWGD - INFO - train_pred TRAIN mm min/max: 0.0, 147.85598754882812
2025-12-03 06:15:01,686 - BiLSTM_BRDWGD - INFO - train_TRUE TRAIN mm min/max: 0.0, 154.39999389648438
2025-12-03 06:15:01,686 - BiLSTM_BRDWGD - INFO -  Gerando gráficos TRAIN...
2025-12-03 06:15:02,073 - BiLSTM_BRDWGD - INFO -  Gráficos gerados TRAIN ...
2025-12-03 06:15:02,074 - BiLSTM_BRDWGD - INFO - Calculando erro para parte de teste
2025-12-03 06:15:02,074 - BiLSTM_BRDWGD - INFO - RMSE: 14.8600
2025-12-03 06:15:02,074 - BiLSTM_BRDWGD - INFO - MSE : 220.8203
2025-12-03 06:15:02,074 - BiLSTM_BRDWGD - INFO - MAE : 7.5451
2025-12-03 06:15:02,074 - BiLSTM_BRDWGD - INFO - CSI (thr=1.0 mm): 0.1667  [TP=3, FP=13, FN=2]
2025-12-03 06:15:02,074 - BiLSTM_BRDWGD - INFO - y_pred mm min/max: 0.0, 33.80693054199219
2025-12-03 06:15:02,074 - BiLSTM_BRDWGD - INFO - y_TRUE mm min/max: 0.0, 55.400001525878906
2025-12-03 06:15:02,074 - BiLSTM_BRDWGD - INFO -  Gerando gráficos...
2025-12-03 06:15:02,364 - BiLSTM_BRDWGD - INFO -  Gráficos gerados...
2025-12-03 06:15:02,364 - BiLSTM_BRDWGD - INFO - ==========================================================================================
2025-12-03 06:15:02,365 - BiLSTM_BRDWGD - INFO - Execução finalizada com sucesso.
2025-12-03 06:15:02,365 - BiLSTM_BRDWGD - INFO - Dispositivo utilizado: cuda
2025-12-03 06:15:02,365 - BiLSTM_BRDWGD - INFO - ==========================================================================================
2025-12-03 06:15:08,302 - LSTM_BRDWGD - INFO - ==========================================================================================
2025-12-03 06:15:08,302 - LSTM_BRDWGD - INFO - Iniciando script LSTM (PyTorch) BRDWGD com suporte a GPU e logs detalhados.
2025-12-03 06:15:08,303 - LSTM_BRDWGD - INFO - ==========================================================================================
2025-12-03 06:15:08,303 - LSTM_BRDWGD - INFO - Iniciando experimento: lookback=30, hidden_dim=32, layers=2, lr=0.001, drop=0.5
2025-12-03 06:15:08,312 - LSTM_BRDWGD - INFO - Shape treino: torch.Size([5863, 30, 6]), teste: torch.Size([30, 30, 6])
2025-12-03 06:15:08,314 - LSTM_BRDWGD - INFO - Treinando por 500 épocas...
2025-12-03 06:15:08,641 - LSTM_BRDWGD - INFO - [EXP] Época 1/500 - Loss: 98.220001
2025-12-03 06:15:24,540 - LSTM_BRDWGD - INFO - [EXP] Época 50/500 - Loss: 68.302154
2025-12-03 06:15:40,761 - LSTM_BRDWGD - INFO - [EXP] Época 100/500 - Loss: 49.884077
2025-12-03 06:15:57,004 - LSTM_BRDWGD - INFO - [EXP] Época 150/500 - Loss: 31.904613
2025-12-03 06:16:13,239 - LSTM_BRDWGD - INFO - [EXP] Época 200/500 - Loss: 58.726644
2025-12-03 06:16:29,475 - LSTM_BRDWGD - INFO - [EXP] Época 250/500 - Loss: 21.628516
2025-12-03 06:16:45,739 - LSTM_BRDWGD - INFO - [EXP] Época 300/500 - Loss: 27.844152
2025-12-03 06:17:02,001 - LSTM_BRDWGD - INFO - [EXP] Época 350/500 - Loss: 16.643382
2025-12-03 06:17:18,238 - LSTM_BRDWGD - INFO - [EXP] Época 400/500 - Loss: 18.323565
2025-12-03 06:17:34,471 - LSTM_BRDWGD - INFO - [EXP] Época 450/500 - Loss: 37.161681
2025-12-03 06:17:50,702 - LSTM_BRDWGD - INFO - [EXP] Época 500/500 - Loss: 13.252493
2025-12-03 06:17:50,702 - LSTM_BRDWGD - INFO - Treinamento concluído em 2.71 minutos
2025-12-03 06:17:50,745 - LSTM_BRDWGD - INFO - Calculando erro para o train
2025-12-03 06:17:50,746 - LSTM_BRDWGD - INFO - RMSE: 3.0594
2025-12-03 06:17:50,746 - LSTM_BRDWGD - INFO - MSE : 9.3601
2025-12-03 06:17:50,746 - LSTM_BRDWGD - INFO - MAE : 1.4942
2025-12-03 06:17:50,746 - LSTM_BRDWGD - INFO - CSI (thr=1.0 mm): 0.4435  [TP=1307, FP=1436, FN=204]
2025-12-03 06:17:50,746 - LSTM_BRDWGD - INFO - train_pred TRAIN mm min/max: 0.0, 142.9058380126953
2025-12-03 06:17:50,746 - LSTM_BRDWGD - INFO - train_TRUE TRAIN mm min/max: 0.0, 154.39999389648438
2025-12-03 06:17:50,746 - LSTM_BRDWGD - INFO -  Gerando gráficos TRAIN...
2025-12-03 06:17:51,211 - LSTM_BRDWGD - INFO -  Gráficos gerados TRAIN ...
2025-12-03 06:17:51,211 - LSTM_BRDWGD - INFO - Calculando erro para parte de teste
2025-12-03 06:17:51,212 - LSTM_BRDWGD - INFO - RMSE: 16.7763
2025-12-03 06:17:51,212 - LSTM_BRDWGD - INFO - MSE : 281.4450
2025-12-03 06:17:51,212 - LSTM_BRDWGD - INFO - MAE : 8.8402
2025-12-03 06:17:51,212 - LSTM_BRDWGD - INFO - CSI (thr=1.0 mm): 0.1500  [TP=3, FP=15, FN=2]
2025-12-03 06:17:51,212 - LSTM_BRDWGD - INFO - y_pred mm min/max: 0.0, 45.13898849487305
2025-12-03 06:17:51,212 - LSTM_BRDWGD - INFO - y_TRUE mm min/max: 0.0, 55.400001525878906
2025-12-03 06:17:51,212 - LSTM_BRDWGD - INFO -  Gerando gráficos...
2025-12-03 06:17:51,519 - LSTM_BRDWGD - INFO -  Gráficos gerados...
2025-12-03 06:17:51,520 - LSTM_BRDWGD - INFO - ==========================================================================================
2025-12-03 06:17:51,520 - LSTM_BRDWGD - INFO - Execução finalizada com sucesso.
2025-12-03 06:17:51,520 - LSTM_BRDWGD - INFO - Dispositivo utilizado: cuda
2025-12-03 06:17:51,520 - LSTM_BRDWGD - INFO - ==========================================================================================
2025-12-03 06:17:57,222 - BiLSTM_BRDWGD - INFO - ==========================================================================================
2025-12-03 06:17:57,222 - BiLSTM_BRDWGD - INFO - Iniciando script BILSTM (PyTorch) BRDWGD com suporte a GPU e logs detalhados.
2025-12-03 06:17:57,223 - BiLSTM_BRDWGD - INFO - ==========================================================================================
2025-12-03 06:17:57,223 - BiLSTM_BRDWGD - INFO - Iniciando experimento: lookback=30, hidden_dim=32, layers=2, lr=0.001, drop=0.5
2025-12-03 06:17:57,232 - BiLSTM_BRDWGD - INFO - Shape treino: torch.Size([5863, 30, 6]), teste: torch.Size([30, 30, 6])
2025-12-03 06:17:57,234 - BiLSTM_BRDWGD - INFO - Treinando por 500 épocas...
2025-12-03 06:17:57,659 - BiLSTM_BRDWGD - INFO - [EXP] Época 1/500 - Loss: 98.380596
2025-12-03 06:18:18,681 - BiLSTM_BRDWGD - INFO - [EXP] Época 50/500 - Loss: 73.774359
2025-12-03 06:18:40,241 - BiLSTM_BRDWGD - INFO - [EXP] Época 100/500 - Loss: 53.761433
2025-12-03 06:19:01,804 - BiLSTM_BRDWGD - INFO - [EXP] Época 150/500 - Loss: 40.519868
2025-12-03 06:19:23,011 - BiLSTM_BRDWGD - INFO - [EXP] Época 200/500 - Loss: 36.498094
2025-12-03 06:19:44,218 - BiLSTM_BRDWGD - INFO - [EXP] Época 250/500 - Loss: 28.754034
2025-12-03 06:20:05,654 - BiLSTM_BRDWGD - INFO - [EXP] Época 300/500 - Loss: 24.977430
2025-12-03 06:20:26,999 - BiLSTM_BRDWGD - INFO - [EXP] Época 350/500 - Loss: 23.554797
2025-12-03 06:20:48,248 - BiLSTM_BRDWGD - INFO - [EXP] Época 400/500 - Loss: 21.710448
2025-12-03 06:21:09,582 - BiLSTM_BRDWGD - INFO - [EXP] Época 450/500 - Loss: 18.965407
2025-12-03 06:21:30,840 - BiLSTM_BRDWGD - INFO - [EXP] Época 500/500 - Loss: 18.821394
2025-12-03 06:21:30,840 - BiLSTM_BRDWGD - INFO - Treinamento concluído em 3.56 minutos
2025-12-03 06:21:30,893 - BiLSTM_BRDWGD - INFO - Calculando erro para o train
2025-12-03 06:21:30,894 - BiLSTM_BRDWGD - INFO - RMSE: 3.5235
2025-12-03 06:21:30,894 - BiLSTM_BRDWGD - INFO - MSE : 12.4150
2025-12-03 06:21:30,894 - BiLSTM_BRDWGD - INFO - MAE : 1.6984
2025-12-03 06:21:30,894 - BiLSTM_BRDWGD - INFO - CSI (thr=1.0 mm): 0.4641  [TP=1268, FP=1221, FN=243]
2025-12-03 06:21:30,894 - BiLSTM_BRDWGD - INFO - train_pred TRAIN mm min/max: 0.0, 147.1641387939453
2025-12-03 06:21:30,894 - BiLSTM_BRDWGD - INFO - train_TRUE TRAIN mm min/max: 0.0, 154.39999389648438
2025-12-03 06:21:30,894 - BiLSTM_BRDWGD - INFO -  Gerando gráficos TRAIN...
2025-12-03 06:21:31,333 - BiLSTM_BRDWGD - INFO -  Gráficos gerados TRAIN ...
2025-12-03 06:21:31,333 - BiLSTM_BRDWGD - INFO - Calculando erro para parte de teste
2025-12-03 06:21:31,334 - BiLSTM_BRDWGD - INFO - RMSE: 16.0012
2025-12-03 06:21:31,334 - BiLSTM_BRDWGD - INFO - MSE : 256.0379
2025-12-03 06:21:31,334 - BiLSTM_BRDWGD - INFO - MAE : 8.1700
2025-12-03 06:21:31,334 - BiLSTM_BRDWGD - INFO - CSI (thr=1.0 mm): 0.2000  [TP=4, FP=15, FN=1]
2025-12-03 06:21:31,334 - BiLSTM_BRDWGD - INFO - y_pred mm min/max: 0.04726088047027588, 48.04497528076172
2025-12-03 06:21:31,334 - BiLSTM_BRDWGD - INFO - y_TRUE mm min/max: 0.0, 55.400001525878906
2025-12-03 06:21:31,334 - BiLSTM_BRDWGD - INFO -  Gerando gráficos...
2025-12-03 06:21:31,619 - BiLSTM_BRDWGD - INFO -  Gráficos gerados...
2025-12-03 06:21:31,619 - BiLSTM_BRDWGD - INFO - ==========================================================================================
2025-12-03 06:21:31,620 - BiLSTM_BRDWGD - INFO - Execução finalizada com sucesso.
2025-12-03 06:21:31,620 - BiLSTM_BRDWGD - INFO - Dispositivo utilizado: cuda
2025-12-03 06:21:31,620 - BiLSTM_BRDWGD - INFO - ==========================================================================================
2025-12-03 06:21:37,666 - LSTM_BRDWGD - INFO - ==========================================================================================
2025-12-03 06:21:37,666 - LSTM_BRDWGD - INFO - Iniciando script LSTM (PyTorch) BRDWGD com suporte a GPU e logs detalhados.
2025-12-03 06:21:37,666 - LSTM_BRDWGD - INFO - ==========================================================================================
2025-12-03 06:21:37,666 - LSTM_BRDWGD - INFO - Iniciando experimento: lookback=30, hidden_dim=64, layers=2, lr=0.001, drop=0.5
2025-12-03 06:21:37,676 - LSTM_BRDWGD - INFO - Shape treino: torch.Size([5863, 30, 6]), teste: torch.Size([30, 30, 6])
2025-12-03 06:21:37,677 - LSTM_BRDWGD - INFO - Treinando por 500 épocas...
2025-12-03 06:21:37,994 - LSTM_BRDWGD - INFO - [EXP] Época 1/500 - Loss: 96.782938
2025-12-03 06:21:53,975 - LSTM_BRDWGD - INFO - [EXP] Época 50/500 - Loss: 60.305174
2025-12-03 06:22:09,914 - LSTM_BRDWGD - INFO - [EXP] Época 100/500 - Loss: 27.972175
2025-12-03 06:22:25,642 - LSTM_BRDWGD - INFO - [EXP] Época 150/500 - Loss: 14.778544
2025-12-03 06:22:41,379 - LSTM_BRDWGD - INFO - [EXP] Época 200/500 - Loss: 7.282913
2025-12-03 06:22:57,110 - LSTM_BRDWGD - INFO - [EXP] Época 250/500 - Loss: 3.161552
2025-12-03 06:23:12,839 - LSTM_BRDWGD - INFO - [EXP] Época 300/500 - Loss: 1.716548
2025-12-03 06:23:28,630 - LSTM_BRDWGD - INFO - [EXP] Época 350/500 - Loss: 2.377064
2025-12-03 06:23:45,158 - LSTM_BRDWGD - INFO - [EXP] Época 400/500 - Loss: 0.994569
2025-12-03 06:24:01,581 - LSTM_BRDWGD - INFO - [EXP] Época 450/500 - Loss: 1.162387
2025-12-03 06:24:18,078 - LSTM_BRDWGD - INFO - [EXP] Época 500/500 - Loss: 3.860369
2025-12-03 06:24:18,078 - LSTM_BRDWGD - INFO - Treinamento concluído em 2.67 minutos
2025-12-03 06:24:18,123 - LSTM_BRDWGD - INFO - Calculando erro para o train
2025-12-03 06:24:18,123 - LSTM_BRDWGD - INFO - RMSE: 1.0789
2025-12-03 06:24:18,123 - LSTM_BRDWGD - INFO - MSE : 1.1641
2025-12-03 06:24:18,123 - LSTM_BRDWGD - INFO - MAE : 0.5992
2025-12-03 06:24:18,124 - LSTM_BRDWGD - INFO - CSI (thr=1.0 mm): 0.6893  [TP=1400, FP=520, FN=111]
2025-12-03 06:24:18,124 - LSTM_BRDWGD - INFO - train_pred TRAIN mm min/max: 0.0, 150.25885009765625
2025-12-03 06:24:18,124 - LSTM_BRDWGD - INFO - train_TRUE TRAIN mm min/max: 0.0, 154.39999389648438
2025-12-03 06:24:18,124 - LSTM_BRDWGD - INFO -  Gerando gráficos TRAIN...
2025-12-03 06:24:18,589 - LSTM_BRDWGD - INFO -  Gráficos gerados TRAIN ...
2025-12-03 06:24:18,589 - LSTM_BRDWGD - INFO - Calculando erro para parte de teste
2025-12-03 06:24:18,590 - LSTM_BRDWGD - INFO - RMSE: 11.9253
2025-12-03 06:24:18,590 - LSTM_BRDWGD - INFO - MSE : 142.2120
2025-12-03 06:24:18,590 - LSTM_BRDWGD - INFO - MAE : 6.5795
2025-12-03 06:24:18,590 - LSTM_BRDWGD - INFO - CSI (thr=1.0 mm): 0.1818  [TP=4, FP=17, FN=1]
2025-12-03 06:24:18,590 - LSTM_BRDWGD - INFO - y_pred mm min/max: 0.0, 25.780014038085938
2025-12-03 06:24:18,590 - LSTM_BRDWGD - INFO - y_TRUE mm min/max: 0.0, 55.400001525878906
2025-12-03 06:24:18,590 - LSTM_BRDWGD - INFO -  Gerando gráficos...
2025-12-03 06:24:18,895 - LSTM_BRDWGD - INFO -  Gráficos gerados...
2025-12-03 06:24:18,895 - LSTM_BRDWGD - INFO - ==========================================================================================
2025-12-03 06:24:18,895 - LSTM_BRDWGD - INFO - Execução finalizada com sucesso.
2025-12-03 06:24:18,895 - LSTM_BRDWGD - INFO - Dispositivo utilizado: cuda
2025-12-03 06:24:18,895 - LSTM_BRDWGD - INFO - ==========================================================================================
2025-12-03 06:24:24,556 - BiLSTM_BRDWGD - INFO - ==========================================================================================
2025-12-03 06:24:24,556 - BiLSTM_BRDWGD - INFO - Iniciando script BILSTM (PyTorch) BRDWGD com suporte a GPU e logs detalhados.
2025-12-03 06:24:24,556 - BiLSTM_BRDWGD - INFO - ==========================================================================================
2025-12-03 06:24:24,556 - BiLSTM_BRDWGD - INFO - Iniciando experimento: lookback=30, hidden_dim=64, layers=2, lr=0.001, drop=0.5
2025-12-03 06:24:24,565 - BiLSTM_BRDWGD - INFO - Shape treino: torch.Size([5863, 30, 6]), teste: torch.Size([30, 30, 6])
2025-12-03 06:24:24,568 - BiLSTM_BRDWGD - INFO - Treinando por 500 épocas...
2025-12-03 06:24:24,998 - BiLSTM_BRDWGD - INFO - [EXP] Época 1/500 - Loss: 96.234513
2025-12-03 06:24:45,982 - BiLSTM_BRDWGD - INFO - [EXP] Época 50/500 - Loss: 59.010408
2025-12-03 06:25:07,445 - BiLSTM_BRDWGD - INFO - [EXP] Época 100/500 - Loss: 36.334980
2025-12-03 06:25:28,957 - BiLSTM_BRDWGD - INFO - [EXP] Época 150/500 - Loss: 26.662119
2025-12-03 06:25:50,668 - BiLSTM_BRDWGD - INFO - [EXP] Época 200/500 - Loss: 18.872647
2025-12-03 06:26:12,256 - BiLSTM_BRDWGD - INFO - [EXP] Época 250/500 - Loss: 14.233466
2025-12-03 06:26:33,854 - BiLSTM_BRDWGD - INFO - [EXP] Época 300/500 - Loss: 12.129143
2025-12-03 06:26:55,446 - BiLSTM_BRDWGD - INFO - [EXP] Época 350/500 - Loss: 19.200053
2025-12-03 06:27:17,039 - BiLSTM_BRDWGD - INFO - [EXP] Época 400/500 - Loss: 9.166259
2025-12-03 06:27:38,592 - BiLSTM_BRDWGD - INFO - [EXP] Época 450/500 - Loss: 8.945610
2025-12-03 06:28:00,151 - BiLSTM_BRDWGD - INFO - [EXP] Época 500/500 - Loss: 7.681715
2025-12-03 06:28:00,151 - BiLSTM_BRDWGD - INFO - Treinamento concluído em 3.59 minutos
2025-12-03 06:28:00,225 - BiLSTM_BRDWGD - INFO - Calculando erro para o train
2025-12-03 06:28:00,226 - BiLSTM_BRDWGD - INFO - RMSE: 2.1518
2025-12-03 06:28:00,226 - BiLSTM_BRDWGD - INFO - MSE : 4.6303
2025-12-03 06:28:00,226 - BiLSTM_BRDWGD - INFO - MAE : 0.9480
2025-12-03 06:28:00,226 - BiLSTM_BRDWGD - INFO - CSI (thr=1.0 mm): 0.5880  [TP=1206, FP=540, FN=305]
2025-12-03 06:28:00,226 - BiLSTM_BRDWGD - INFO - train_pred TRAIN mm min/max: 0.0, 148.60609436035156
2025-12-03 06:28:00,226 - BiLSTM_BRDWGD - INFO - train_TRUE TRAIN mm min/max: 0.0, 154.39999389648438
2025-12-03 06:28:00,226 - BiLSTM_BRDWGD - INFO -  Gerando gráficos TRAIN...
2025-12-03 06:28:00,587 - BiLSTM_BRDWGD - INFO -  Gráficos gerados TRAIN ...
2025-12-03 06:28:00,587 - BiLSTM_BRDWGD - INFO - Calculando erro para parte de teste
2025-12-03 06:28:00,587 - BiLSTM_BRDWGD - INFO - RMSE: 15.9870
2025-12-03 06:28:00,587 - BiLSTM_BRDWGD - INFO - MSE : 255.5854
2025-12-03 06:28:00,587 - BiLSTM_BRDWGD - INFO - MAE : 7.8626
2025-12-03 06:28:00,587 - BiLSTM_BRDWGD - INFO - CSI (thr=1.0 mm): 0.2500  [TP=4, FP=11, FN=1]
2025-12-03 06:28:00,587 - BiLSTM_BRDWGD - INFO - y_pred mm min/max: 0.0, 46.079524993896484
2025-12-03 06:28:00,588 - BiLSTM_BRDWGD - INFO - y_TRUE mm min/max: 0.0, 55.400001525878906
2025-12-03 06:28:00,588 - BiLSTM_BRDWGD - INFO -  Gerando gráficos...
2025-12-03 06:28:00,920 - BiLSTM_BRDWGD - INFO -  Gráficos gerados...
2025-12-03 06:28:00,920 - BiLSTM_BRDWGD - INFO - ==========================================================================================
2025-12-03 06:28:00,920 - BiLSTM_BRDWGD - INFO - Execução finalizada com sucesso.
2025-12-03 06:28:00,920 - BiLSTM_BRDWGD - INFO - Dispositivo utilizado: cuda
2025-12-03 06:28:00,920 - BiLSTM_BRDWGD - INFO - ==========================================================================================
2025-12-03 06:28:06,959 - LSTM_BRDWGD - INFO - ==========================================================================================
2025-12-03 06:28:06,960 - LSTM_BRDWGD - INFO - Iniciando script LSTM (PyTorch) BRDWGD com suporte a GPU e logs detalhados.
2025-12-03 06:28:06,960 - LSTM_BRDWGD - INFO - ==========================================================================================
2025-12-03 06:28:06,960 - LSTM_BRDWGD - INFO - Iniciando experimento: lookback=30, hidden_dim=128, layers=2, lr=0.001, drop=0.5
2025-12-03 06:28:06,969 - LSTM_BRDWGD - INFO - Shape treino: torch.Size([5863, 30, 6]), teste: torch.Size([30, 30, 6])
2025-12-03 06:28:06,971 - LSTM_BRDWGD - INFO - Treinando por 500 épocas...
2025-12-03 06:28:07,298 - LSTM_BRDWGD - INFO - [EXP] Época 1/500 - Loss: 95.758293
2025-12-03 06:28:23,399 - LSTM_BRDWGD - INFO - [EXP] Época 50/500 - Loss: 56.060518
2025-12-03 06:28:39,917 - LSTM_BRDWGD - INFO - [EXP] Época 100/500 - Loss: 18.683683
2025-12-03 06:28:56,436 - LSTM_BRDWGD - INFO - [EXP] Época 150/500 - Loss: 3.990446
2025-12-03 06:29:12,954 - LSTM_BRDWGD - INFO - [EXP] Época 200/500 - Loss: 1.298658
2025-12-03 06:29:29,478 - LSTM_BRDWGD - INFO - [EXP] Época 250/500 - Loss: 1.213547
2025-12-03 06:29:45,978 - LSTM_BRDWGD - INFO - [EXP] Época 300/500 - Loss: 0.829038
2025-12-03 06:30:02,506 - LSTM_BRDWGD - INFO - [EXP] Época 350/500 - Loss: 0.819052
2025-12-03 06:30:19,010 - LSTM_BRDWGD - INFO - [EXP] Época 400/500 - Loss: 30.868845
2025-12-03 06:30:35,383 - LSTM_BRDWGD - INFO - [EXP] Época 450/500 - Loss: 0.686692
2025-12-03 06:30:51,790 - LSTM_BRDWGD - INFO - [EXP] Época 500/500 - Loss: 0.468011
2025-12-03 06:30:51,790 - LSTM_BRDWGD - INFO - Treinamento concluído em 2.75 minutos
2025-12-03 06:30:51,889 - LSTM_BRDWGD - INFO - Calculando erro para o train
2025-12-03 06:30:51,890 - LSTM_BRDWGD - INFO - RMSE: 0.4288
2025-12-03 06:30:51,890 - LSTM_BRDWGD - INFO - MSE : 0.1839
2025-12-03 06:30:51,890 - LSTM_BRDWGD - INFO - MAE : 0.2418
2025-12-03 06:30:51,890 - LSTM_BRDWGD - INFO - CSI (thr=1.0 mm): 0.9140  [TP=1467, FP=94, FN=44]
2025-12-03 06:30:51,890 - LSTM_BRDWGD - INFO - train_pred TRAIN mm min/max: 0.0, 152.2469482421875
2025-12-03 06:30:51,890 - LSTM_BRDWGD - INFO - train_TRUE TRAIN mm min/max: 0.0, 154.39999389648438
2025-12-03 06:30:51,890 - LSTM_BRDWGD - INFO -  Gerando gráficos TRAIN...
2025-12-03 06:30:52,382 - LSTM_BRDWGD - INFO -  Gráficos gerados TRAIN ...
2025-12-03 06:30:52,382 - LSTM_BRDWGD - INFO - Calculando erro para parte de teste
2025-12-03 06:30:52,383 - LSTM_BRDWGD - INFO - RMSE: 14.5229
2025-12-03 06:30:52,383 - LSTM_BRDWGD - INFO - MSE : 210.9155
2025-12-03 06:30:52,383 - LSTM_BRDWGD - INFO - MAE : 7.8928
2025-12-03 06:30:52,383 - LSTM_BRDWGD - INFO - CSI (thr=1.0 mm): 0.1818  [TP=4, FP=17, FN=1]
2025-12-03 06:30:52,383 - LSTM_BRDWGD - INFO - y_pred mm min/max: 0.0, 30.88154411315918
2025-12-03 06:30:52,383 - LSTM_BRDWGD - INFO - y_TRUE mm min/max: 0.0, 55.400001525878906
2025-12-03 06:30:52,383 - LSTM_BRDWGD - INFO -  Gerando gráficos...
2025-12-03 06:30:52,665 - LSTM_BRDWGD - INFO -  Gráficos gerados...
2025-12-03 06:30:52,665 - LSTM_BRDWGD - INFO - ==========================================================================================
2025-12-03 06:30:52,665 - LSTM_BRDWGD - INFO - Execução finalizada com sucesso.
2025-12-03 06:30:52,665 - LSTM_BRDWGD - INFO - Dispositivo utilizado: cuda
2025-12-03 06:30:52,665 - LSTM_BRDWGD - INFO - ==========================================================================================
2025-12-03 06:30:58,356 - BiLSTM_BRDWGD - INFO - ==========================================================================================
2025-12-03 06:30:58,356 - BiLSTM_BRDWGD - INFO - Iniciando script BILSTM (PyTorch) BRDWGD com suporte a GPU e logs detalhados.
2025-12-03 06:30:58,356 - BiLSTM_BRDWGD - INFO - ==========================================================================================
2025-12-03 06:30:58,357 - BiLSTM_BRDWGD - INFO - Iniciando experimento: lookback=30, hidden_dim=128, layers=2, lr=0.001, drop=0.5
2025-12-03 06:30:58,366 - BiLSTM_BRDWGD - INFO - Shape treino: torch.Size([5863, 30, 6]), teste: torch.Size([30, 30, 6])
2025-12-03 06:30:58,370 - BiLSTM_BRDWGD - INFO - Treinando por 500 épocas...
2025-12-03 06:30:58,820 - BiLSTM_BRDWGD - INFO - [EXP] Época 1/500 - Loss: 94.720257
2025-12-03 06:31:20,474 - BiLSTM_BRDWGD - INFO - [EXP] Época 50/500 - Loss: 56.771296
2025-12-03 06:31:42,455 - BiLSTM_BRDWGD - INFO - [EXP] Época 100/500 - Loss: 28.059781
2025-12-03 06:32:04,319 - BiLSTM_BRDWGD - INFO - [EXP] Época 150/500 - Loss: 16.752142
2025-12-03 06:32:26,211 - BiLSTM_BRDWGD - INFO - [EXP] Época 200/500 - Loss: 11.028692
2025-12-03 06:32:48,116 - BiLSTM_BRDWGD - INFO - [EXP] Época 250/500 - Loss: 8.578394
2025-12-03 06:33:10,019 - BiLSTM_BRDWGD - INFO - [EXP] Época 300/500 - Loss: 6.267223
2025-12-03 06:33:31,916 - BiLSTM_BRDWGD - INFO - [EXP] Época 350/500 - Loss: 5.860893
2025-12-03 06:33:53,848 - BiLSTM_BRDWGD - INFO - [EXP] Época 400/500 - Loss: 5.208694
2025-12-03 06:34:15,850 - BiLSTM_BRDWGD - INFO - [EXP] Época 450/500 - Loss: 4.449798
2025-12-03 06:34:37,853 - BiLSTM_BRDWGD - INFO - [EXP] Época 500/500 - Loss: 3.852064
2025-12-03 06:34:37,853 - BiLSTM_BRDWGD - INFO - Treinamento concluído em 3.66 minutos
2025-12-03 06:34:38,038 - BiLSTM_BRDWGD - INFO - Calculando erro para o train
2025-12-03 06:34:38,039 - BiLSTM_BRDWGD - INFO - RMSE: 1.2516
2025-12-03 06:34:38,039 - BiLSTM_BRDWGD - INFO - MSE : 1.5665
2025-12-03 06:34:38,039 - BiLSTM_BRDWGD - INFO - MAE : 0.5492
2025-12-03 06:34:38,039 - BiLSTM_BRDWGD - INFO - CSI (thr=1.0 mm): 0.7393  [TP=1239, FP=165, FN=272]
2025-12-03 06:34:38,039 - BiLSTM_BRDWGD - INFO - train_pred TRAIN mm min/max: 0.0, 153.34014892578125
2025-12-03 06:34:38,039 - BiLSTM_BRDWGD - INFO - train_TRUE TRAIN mm min/max: 0.0, 154.39999389648438
2025-12-03 06:34:38,039 - BiLSTM_BRDWGD - INFO -  Gerando gráficos TRAIN...
2025-12-03 06:34:38,453 - BiLSTM_BRDWGD - INFO -  Gráficos gerados TRAIN ...
2025-12-03 06:34:38,453 - BiLSTM_BRDWGD - INFO - Calculando erro para parte de teste
2025-12-03 06:34:38,454 - BiLSTM_BRDWGD - INFO - RMSE: 15.8445
2025-12-03 06:34:38,454 - BiLSTM_BRDWGD - INFO - MSE : 251.0471
2025-12-03 06:34:38,454 - BiLSTM_BRDWGD - INFO - MAE : 8.6545
2025-12-03 06:34:38,454 - BiLSTM_BRDWGD - INFO - CSI (thr=1.0 mm): 0.1667  [TP=3, FP=13, FN=2]
2025-12-03 06:34:38,454 - BiLSTM_BRDWGD - INFO - y_pred mm min/max: 0.0, 28.296354293823242
2025-12-03 06:34:38,454 - BiLSTM_BRDWGD - INFO - y_TRUE mm min/max: 0.0, 55.400001525878906
2025-12-03 06:34:38,454 - BiLSTM_BRDWGD - INFO -  Gerando gráficos...
2025-12-03 06:34:38,749 - BiLSTM_BRDWGD - INFO -  Gráficos gerados...
2025-12-03 06:34:38,749 - BiLSTM_BRDWGD - INFO - ==========================================================================================
2025-12-03 06:34:38,750 - BiLSTM_BRDWGD - INFO - Execução finalizada com sucesso.
2025-12-03 06:34:38,750 - BiLSTM_BRDWGD - INFO - Dispositivo utilizado: cuda
2025-12-03 06:34:38,750 - BiLSTM_BRDWGD - INFO - ==========================================================================================
2025-12-03 06:34:44,827 - LSTM_BRDWGD - INFO - ==========================================================================================
2025-12-03 06:34:44,827 - LSTM_BRDWGD - INFO - Iniciando script LSTM (PyTorch) BRDWGD com suporte a GPU e logs detalhados.
2025-12-03 06:34:44,827 - LSTM_BRDWGD - INFO - ==========================================================================================
2025-12-03 06:34:44,828 - LSTM_BRDWGD - INFO - Iniciando experimento: lookback=30, hidden_dim=256, layers=2, lr=0.001, drop=0.5
2025-12-03 06:34:44,837 - LSTM_BRDWGD - INFO - Shape treino: torch.Size([5863, 30, 6]), teste: torch.Size([30, 30, 6])
2025-12-03 06:34:44,843 - LSTM_BRDWGD - INFO - Treinando por 500 épocas...
2025-12-03 06:34:45,381 - LSTM_BRDWGD - INFO - [EXP] Época 1/500 - Loss: 93.412500
2025-12-03 06:35:11,497 - LSTM_BRDWGD - INFO - [EXP] Época 50/500 - Loss: 48.008143
2025-12-03 06:35:38,413 - LSTM_BRDWGD - INFO - [EXP] Época 100/500 - Loss: 11.620050
2025-12-03 06:36:05,335 - LSTM_BRDWGD - INFO - [EXP] Época 150/500 - Loss: 2.365487
2025-12-03 06:36:32,255 - LSTM_BRDWGD - INFO - [EXP] Época 200/500 - Loss: 0.610047
2025-12-03 06:36:59,153 - LSTM_BRDWGD - INFO - [EXP] Época 250/500 - Loss: 0.733234
2025-12-03 06:37:26,095 - LSTM_BRDWGD - INFO - [EXP] Época 300/500 - Loss: 0.448861
2025-12-03 06:37:52,725 - LSTM_BRDWGD - INFO - [EXP] Época 350/500 - Loss: 0.577735
2025-12-03 06:38:19,495 - LSTM_BRDWGD - INFO - [EXP] Época 400/500 - Loss: 0.383961
2025-12-03 06:38:46,140 - LSTM_BRDWGD - INFO - [EXP] Época 450/500 - Loss: 0.317574
2025-12-03 06:39:12,738 - LSTM_BRDWGD - INFO - [EXP] Época 500/500 - Loss: 0.315033
2025-12-03 06:39:12,739 - LSTM_BRDWGD - INFO - Treinamento concluído em 4.46 minutos
2025-12-03 06:39:12,871 - LSTM_BRDWGD - INFO - Calculando erro para o train
2025-12-03 06:39:12,872 - LSTM_BRDWGD - INFO - RMSE: 0.2408
2025-12-03 06:39:12,872 - LSTM_BRDWGD - INFO - MSE : 0.0580
2025-12-03 06:39:12,872 - LSTM_BRDWGD - INFO - MAE : 0.1315
2025-12-03 06:39:12,872 - LSTM_BRDWGD - INFO - CSI (thr=1.0 mm): 0.9508  [TP=1448, FP=12, FN=63]
2025-12-03 06:39:12,872 - LSTM_BRDWGD - INFO - train_pred TRAIN mm min/max: 0.0, 153.9048309326172
2025-12-03 06:39:12,872 - LSTM_BRDWGD - INFO - train_TRUE TRAIN mm min/max: 0.0, 154.39999389648438
2025-12-03 06:39:12,872 - LSTM_BRDWGD - INFO -  Gerando gráficos TRAIN...
2025-12-03 06:39:13,264 - LSTM_BRDWGD - INFO -  Gráficos gerados TRAIN ...
2025-12-03 06:39:13,264 - LSTM_BRDWGD - INFO - Calculando erro para parte de teste
2025-12-03 06:39:13,265 - LSTM_BRDWGD - INFO - RMSE: 15.1427
2025-12-03 06:39:13,265 - LSTM_BRDWGD - INFO - MSE : 229.3025
2025-12-03 06:39:13,265 - LSTM_BRDWGD - INFO - MAE : 8.0119
2025-12-03 06:39:13,265 - LSTM_BRDWGD - INFO - CSI (thr=1.0 mm): 0.1667  [TP=3, FP=13, FN=2]
2025-12-03 06:39:13,265 - LSTM_BRDWGD - INFO - y_pred mm min/max: 0.0, 22.979673385620117
2025-12-03 06:39:13,265 - LSTM_BRDWGD - INFO - y_TRUE mm min/max: 0.0, 55.400001525878906
2025-12-03 06:39:13,265 - LSTM_BRDWGD - INFO -  Gerando gráficos...
2025-12-03 06:39:13,565 - LSTM_BRDWGD - INFO -  Gráficos gerados...
2025-12-03 06:39:13,565 - LSTM_BRDWGD - INFO - ==========================================================================================
2025-12-03 06:39:13,565 - LSTM_BRDWGD - INFO - Execução finalizada com sucesso.
2025-12-03 06:39:13,565 - LSTM_BRDWGD - INFO - Dispositivo utilizado: cuda
2025-12-03 06:39:13,565 - LSTM_BRDWGD - INFO - ==========================================================================================
2025-12-03 06:39:19,176 - BiLSTM_BRDWGD - INFO - ==========================================================================================
2025-12-03 06:39:19,177 - BiLSTM_BRDWGD - INFO - Iniciando script BILSTM (PyTorch) BRDWGD com suporte a GPU e logs detalhados.
2025-12-03 06:39:19,177 - BiLSTM_BRDWGD - INFO - ==========================================================================================
2025-12-03 06:39:19,177 - BiLSTM_BRDWGD - INFO - Iniciando experimento: lookback=30, hidden_dim=256, layers=2, lr=0.001, drop=0.5
2025-12-03 06:39:19,186 - BiLSTM_BRDWGD - INFO - Shape treino: torch.Size([5863, 30, 6]), teste: torch.Size([30, 30, 6])
2025-12-03 06:39:19,196 - BiLSTM_BRDWGD - INFO - Treinando por 500 épocas...
2025-12-03 06:39:20,052 - BiLSTM_BRDWGD - INFO - [EXP] Época 1/500 - Loss: 93.953092
2025-12-03 06:40:02,247 - BiLSTM_BRDWGD - INFO - [EXP] Época 50/500 - Loss: 59.709930
2025-12-03 06:40:45,535 - BiLSTM_BRDWGD - INFO - [EXP] Época 100/500 - Loss: 24.995585
2025-12-03 06:41:28,891 - BiLSTM_BRDWGD - INFO - [EXP] Época 150/500 - Loss: 12.255734
2025-12-03 06:42:12,240 - BiLSTM_BRDWGD - INFO - [EXP] Época 200/500 - Loss: 8.577615
2025-12-03 06:42:54,671 - BiLSTM_BRDWGD - INFO - [EXP] Época 250/500 - Loss: 5.294996
2025-12-03 06:43:37,215 - BiLSTM_BRDWGD - INFO - [EXP] Época 300/500 - Loss: 4.291035
2025-12-03 06:44:19,556 - BiLSTM_BRDWGD - INFO - [EXP] Época 350/500 - Loss: 4.057442
2025-12-03 06:45:02,083 - BiLSTM_BRDWGD - INFO - [EXP] Época 400/500 - Loss: 3.446541
2025-12-03 06:45:45,218 - BiLSTM_BRDWGD - INFO - [EXP] Época 450/500 - Loss: 2.907619
2025-12-03 06:46:27,836 - BiLSTM_BRDWGD - INFO - [EXP] Época 500/500 - Loss: 3.138151
2025-12-03 06:46:27,836 - BiLSTM_BRDWGD - INFO - Treinamento concluído em 7.14 minutos
2025-12-03 06:46:28,080 - BiLSTM_BRDWGD - INFO - Calculando erro para o train
2025-12-03 06:46:28,081 - BiLSTM_BRDWGD - INFO - RMSE: 1.0726
2025-12-03 06:46:28,081 - BiLSTM_BRDWGD - INFO - MSE : 1.1505
2025-12-03 06:46:28,081 - BiLSTM_BRDWGD - INFO - MAE : 0.4453
2025-12-03 06:46:28,081 - BiLSTM_BRDWGD - INFO - CSI (thr=1.0 mm): 0.8054  [TP=1279, FP=77, FN=232]
2025-12-03 06:46:28,081 - BiLSTM_BRDWGD - INFO - train_pred TRAIN mm min/max: 0.0, 152.8088836669922
2025-12-03 06:46:28,081 - BiLSTM_BRDWGD - INFO - train_TRUE TRAIN mm min/max: 0.0, 154.39999389648438
2025-12-03 06:46:28,081 - BiLSTM_BRDWGD - INFO -  Gerando gráficos TRAIN...
2025-12-03 06:46:28,470 - BiLSTM_BRDWGD - INFO -  Gráficos gerados TRAIN ...
2025-12-03 06:46:28,470 - BiLSTM_BRDWGD - INFO - Calculando erro para parte de teste
2025-12-03 06:46:28,471 - BiLSTM_BRDWGD - INFO - RMSE: 16.3911
2025-12-03 06:46:28,471 - BiLSTM_BRDWGD - INFO - MSE : 268.6674
2025-12-03 06:46:28,471 - BiLSTM_BRDWGD - INFO - MAE : 9.2926
2025-12-03 06:46:28,471 - BiLSTM_BRDWGD - INFO - CSI (thr=1.0 mm): 0.1765  [TP=3, FP=12, FN=2]
2025-12-03 06:46:28,471 - BiLSTM_BRDWGD - INFO - y_pred mm min/max: 0.0, 31.496238708496094
2025-12-03 06:46:28,471 - BiLSTM_BRDWGD - INFO - y_TRUE mm min/max: 0.0, 55.400001525878906
2025-12-03 06:46:28,471 - BiLSTM_BRDWGD - INFO -  Gerando gráficos...
2025-12-03 06:46:28,748 - BiLSTM_BRDWGD - INFO -  Gráficos gerados...
2025-12-03 06:46:28,748 - BiLSTM_BRDWGD - INFO - ==========================================================================================
2025-12-03 06:46:28,748 - BiLSTM_BRDWGD - INFO - Execução finalizada com sucesso.
2025-12-03 06:46:28,748 - BiLSTM_BRDWGD - INFO - Dispositivo utilizado: cuda
2025-12-03 06:46:28,748 - BiLSTM_BRDWGD - INFO - ==========================================================================================
2025-12-03 06:46:34,775 - LSTM_BRDWGD - INFO - ==========================================================================================
2025-12-03 06:46:34,775 - LSTM_BRDWGD - INFO - Iniciando script LSTM (PyTorch) BRDWGD com suporte a GPU e logs detalhados.
2025-12-03 06:46:34,775 - LSTM_BRDWGD - INFO - ==========================================================================================
2025-12-03 06:46:34,775 - LSTM_BRDWGD - INFO - Iniciando experimento: lookback=30, hidden_dim=32, layers=2, lr=0.001, drop=0.5
2025-12-03 06:46:34,785 - LSTM_BRDWGD - INFO - Shape treino: torch.Size([5863, 30, 6]), teste: torch.Size([30, 30, 6])
2025-12-03 06:46:34,787 - LSTM_BRDWGD - INFO - Treinando por 500 épocas...
2025-12-03 06:46:35,115 - LSTM_BRDWGD - INFO - [EXP] Época 1/500 - Loss: 98.045280
2025-12-03 06:46:51,104 - LSTM_BRDWGD - INFO - [EXP] Época 50/500 - Loss: 71.561667
2025-12-03 06:47:06,867 - LSTM_BRDWGD - INFO - [EXP] Época 100/500 - Loss: 54.783117
2025-12-03 06:47:22,614 - LSTM_BRDWGD - INFO - [EXP] Época 150/500 - Loss: 47.651971
2025-12-03 06:47:38,704 - LSTM_BRDWGD - INFO - [EXP] Época 200/500 - Loss: 33.053972
2025-12-03 06:47:54,764 - LSTM_BRDWGD - INFO - [EXP] Época 250/500 - Loss: 23.598655
2025-12-03 06:48:10,822 - LSTM_BRDWGD - INFO - [EXP] Época 300/500 - Loss: 20.673929
2025-12-03 06:48:26,911 - LSTM_BRDWGD - INFO - [EXP] Época 350/500 - Loss: 26.685850
2025-12-03 06:48:43,072 - LSTM_BRDWGD - INFO - [EXP] Época 400/500 - Loss: 13.793883
2025-12-03 06:48:59,220 - LSTM_BRDWGD - INFO - [EXP] Época 450/500 - Loss: 9.589906
2025-12-03 06:49:15,498 - LSTM_BRDWGD - INFO - [EXP] Época 500/500 - Loss: 8.950926
2025-12-03 06:49:15,498 - LSTM_BRDWGD - INFO - Treinamento concluído em 2.68 minutos
2025-12-03 06:49:15,541 - LSTM_BRDWGD - INFO - Calculando erro para o train
2025-12-03 06:49:15,542 - LSTM_BRDWGD - INFO - RMSE: 2.5070
2025-12-03 06:49:15,542 - LSTM_BRDWGD - INFO - MSE : 6.2852
2025-12-03 06:49:15,542 - LSTM_BRDWGD - INFO - MAE : 1.2496
2025-12-03 06:49:15,542 - LSTM_BRDWGD - INFO - CSI (thr=1.0 mm): 0.4777  [TP=1272, FP=1152, FN=239]
2025-12-03 06:49:15,542 - LSTM_BRDWGD - INFO - train_pred TRAIN mm min/max: 0.0, 139.50086975097656
2025-12-03 06:49:15,542 - LSTM_BRDWGD - INFO - train_TRUE TRAIN mm min/max: 0.0, 154.39999389648438
2025-12-03 06:49:15,542 - LSTM_BRDWGD - INFO -  Gerando gráficos TRAIN...
2025-12-03 06:49:15,945 - LSTM_BRDWGD - INFO -  Gráficos gerados TRAIN ...
2025-12-03 06:49:15,945 - LSTM_BRDWGD - INFO - Calculando erro para parte de teste
2025-12-03 06:49:15,946 - LSTM_BRDWGD - INFO - RMSE: 14.9486
2025-12-03 06:49:15,946 - LSTM_BRDWGD - INFO - MSE : 223.4615
2025-12-03 06:49:15,946 - LSTM_BRDWGD - INFO - MAE : 8.4619
2025-12-03 06:49:15,946 - LSTM_BRDWGD - INFO - CSI (thr=1.0 mm): 0.2000  [TP=4, FP=15, FN=1]
2025-12-03 06:49:15,946 - LSTM_BRDWGD - INFO - y_pred mm min/max: 0.0, 38.565147399902344
2025-12-03 06:49:15,946 - LSTM_BRDWGD - INFO - y_TRUE mm min/max: 0.0, 55.400001525878906
2025-12-03 06:49:15,946 - LSTM_BRDWGD - INFO -  Gerando gráficos...
2025-12-03 06:49:16,255 - LSTM_BRDWGD - INFO -  Gráficos gerados...
2025-12-03 06:49:16,256 - LSTM_BRDWGD - INFO - ==========================================================================================
2025-12-03 06:49:16,256 - LSTM_BRDWGD - INFO - Execução finalizada com sucesso.
2025-12-03 06:49:16,256 - LSTM_BRDWGD - INFO - Dispositivo utilizado: cuda
2025-12-03 06:49:16,256 - LSTM_BRDWGD - INFO - ==========================================================================================
2025-12-03 06:49:21,940 - BiLSTM_BRDWGD - INFO - ==========================================================================================
2025-12-03 06:49:21,940 - BiLSTM_BRDWGD - INFO - Iniciando script BILSTM (PyTorch) BRDWGD com suporte a GPU e logs detalhados.
2025-12-03 06:49:21,941 - BiLSTM_BRDWGD - INFO - ==========================================================================================
2025-12-03 06:49:21,941 - BiLSTM_BRDWGD - INFO - Iniciando experimento: lookback=30, hidden_dim=32, layers=2, lr=0.001, drop=0.5
2025-12-03 06:49:21,951 - BiLSTM_BRDWGD - INFO - Shape treino: torch.Size([5863, 30, 6]), teste: torch.Size([30, 30, 6])
2025-12-03 06:49:21,954 - BiLSTM_BRDWGD - INFO - Treinando por 500 épocas...
2025-12-03 06:49:22,378 - BiLSTM_BRDWGD - INFO - [EXP] Época 1/500 - Loss: 97.670915
2025-12-03 06:49:42,970 - BiLSTM_BRDWGD - INFO - [EXP] Época 50/500 - Loss: 75.911281
2025-12-03 06:50:03,983 - BiLSTM_BRDWGD - INFO - [EXP] Época 100/500 - Loss: 56.893087
2025-12-03 06:50:25,004 - BiLSTM_BRDWGD - INFO - [EXP] Época 150/500 - Loss: 46.029776
2025-12-03 06:50:46,030 - BiLSTM_BRDWGD - INFO - [EXP] Época 200/500 - Loss: 36.126488
2025-12-03 06:51:07,044 - BiLSTM_BRDWGD - INFO - [EXP] Época 250/500 - Loss: 65.843917
2025-12-03 06:51:28,573 - BiLSTM_BRDWGD - INFO - [EXP] Época 300/500 - Loss: 29.103383
2025-12-03 06:51:49,337 - BiLSTM_BRDWGD - INFO - [EXP] Época 350/500 - Loss: 25.678312
2025-12-03 06:52:10,490 - BiLSTM_BRDWGD - INFO - [EXP] Época 400/500 - Loss: 24.733892
2025-12-03 06:52:31,650 - BiLSTM_BRDWGD - INFO - [EXP] Época 450/500 - Loss: 22.045569
2025-12-03 06:52:52,804 - BiLSTM_BRDWGD - INFO - [EXP] Época 500/500 - Loss: 24.676989
2025-12-03 06:52:52,804 - BiLSTM_BRDWGD - INFO - Treinamento concluído em 3.51 minutos
2025-12-03 06:52:52,856 - BiLSTM_BRDWGD - INFO - Calculando erro para o train
2025-12-03 06:52:52,856 - BiLSTM_BRDWGD - INFO - RMSE: 4.4523
2025-12-03 06:52:52,856 - BiLSTM_BRDWGD - INFO - MSE : 19.8228
2025-12-03 06:52:52,857 - BiLSTM_BRDWGD - INFO - MAE : 2.0509
2025-12-03 06:52:52,857 - BiLSTM_BRDWGD - INFO - CSI (thr=1.0 mm): 0.4688  [TP=1232, FP=1117, FN=279]
2025-12-03 06:52:52,857 - BiLSTM_BRDWGD - INFO - train_pred TRAIN mm min/max: 0.0, 136.87205505371094
2025-12-03 06:52:52,857 - BiLSTM_BRDWGD - INFO - train_TRUE TRAIN mm min/max: 0.0, 154.39999389648438
2025-12-03 06:52:52,857 - BiLSTM_BRDWGD - INFO -  Gerando gráficos TRAIN...
2025-12-03 06:52:53,241 - BiLSTM_BRDWGD - INFO -  Gráficos gerados TRAIN ...
2025-12-03 06:52:53,241 - BiLSTM_BRDWGD - INFO - Calculando erro para parte de teste
2025-12-03 06:52:53,242 - BiLSTM_BRDWGD - INFO - RMSE: 18.2013
2025-12-03 06:52:53,242 - BiLSTM_BRDWGD - INFO - MSE : 331.2884
2025-12-03 06:52:53,242 - BiLSTM_BRDWGD - INFO - MAE : 9.2325
2025-12-03 06:52:53,242 - BiLSTM_BRDWGD - INFO - CSI (thr=1.0 mm): 0.1875  [TP=3, FP=11, FN=2]
2025-12-03 06:52:53,242 - BiLSTM_BRDWGD - INFO - y_pred mm min/max: 0.0, 59.915069580078125
2025-12-03 06:52:53,242 - BiLSTM_BRDWGD - INFO - y_TRUE mm min/max: 0.0, 55.400001525878906
2025-12-03 06:52:53,242 - BiLSTM_BRDWGD - INFO -  Gerando gráficos...
2025-12-03 06:52:53,695 - BiLSTM_BRDWGD - INFO -  Gráficos gerados...
2025-12-03 06:52:53,696 - BiLSTM_BRDWGD - INFO - ==========================================================================================
2025-12-03 06:52:53,696 - BiLSTM_BRDWGD - INFO - Execução finalizada com sucesso.
2025-12-03 06:52:53,696 - BiLSTM_BRDWGD - INFO - Dispositivo utilizado: cuda
2025-12-03 06:52:53,696 - BiLSTM_BRDWGD - INFO - ==========================================================================================
2025-12-03 06:52:59,697 - LSTM_BRDWGD - INFO - ==========================================================================================
2025-12-03 06:52:59,697 - LSTM_BRDWGD - INFO - Iniciando script LSTM (PyTorch) BRDWGD com suporte a GPU e logs detalhados.
2025-12-03 06:52:59,697 - LSTM_BRDWGD - INFO - ==========================================================================================
2025-12-03 06:52:59,697 - LSTM_BRDWGD - INFO - Iniciando experimento: lookback=30, hidden_dim=64, layers=2, lr=0.001, drop=0.5
2025-12-03 06:52:59,707 - LSTM_BRDWGD - INFO - Shape treino: torch.Size([5863, 30, 6]), teste: torch.Size([30, 30, 6])
2025-12-03 06:52:59,709 - LSTM_BRDWGD - INFO - Treinando por 500 épocas...
2025-12-03 06:53:00,037 - LSTM_BRDWGD - INFO - [EXP] Época 1/500 - Loss: 98.049001
2025-12-03 06:53:15,957 - LSTM_BRDWGD - INFO - [EXP] Época 50/500 - Loss: 60.964491
2025-12-03 06:53:32,391 - LSTM_BRDWGD - INFO - [EXP] Época 100/500 - Loss: 28.845831
2025-12-03 06:53:48,876 - LSTM_BRDWGD - INFO - [EXP] Época 150/500 - Loss: 17.668277
2025-12-03 06:54:05,361 - LSTM_BRDWGD - INFO - [EXP] Época 200/500 - Loss: 7.601051
2025-12-03 06:54:21,846 - LSTM_BRDWGD - INFO - [EXP] Época 250/500 - Loss: 5.236675
2025-12-03 06:54:38,332 - LSTM_BRDWGD - INFO - [EXP] Época 300/500 - Loss: 4.543473
2025-12-03 06:54:54,918 - LSTM_BRDWGD - INFO - [EXP] Época 350/500 - Loss: 3.075121
2025-12-03 06:55:11,553 - LSTM_BRDWGD - INFO - [EXP] Época 400/500 - Loss: 2.616205
2025-12-03 06:55:28,171 - LSTM_BRDWGD - INFO - [EXP] Época 450/500 - Loss: 1.618935
2025-12-03 06:55:44,787 - LSTM_BRDWGD - INFO - [EXP] Época 500/500 - Loss: 1.213790
2025-12-03 06:55:44,787 - LSTM_BRDWGD - INFO - Treinamento concluído em 2.75 minutos
2025-12-03 06:55:44,833 - LSTM_BRDWGD - INFO - Calculando erro para o train
2025-12-03 06:55:44,834 - LSTM_BRDWGD - INFO - RMSE: 0.7929
2025-12-03 06:55:44,834 - LSTM_BRDWGD - INFO - MSE : 0.6287
2025-12-03 06:55:44,834 - LSTM_BRDWGD - INFO - MAE : 0.3756
2025-12-03 06:55:44,834 - LSTM_BRDWGD - INFO - CSI (thr=1.0 mm): 0.8163  [TP=1395, FP=198, FN=116]
2025-12-03 06:55:44,834 - LSTM_BRDWGD - INFO - train_pred TRAIN mm min/max: 0.0, 153.07948303222656
2025-12-03 06:55:44,834 - LSTM_BRDWGD - INFO - train_TRUE TRAIN mm min/max: 0.0, 154.39999389648438
2025-12-03 06:55:44,834 - LSTM_BRDWGD - INFO -  Gerando gráficos TRAIN...
2025-12-03 06:55:45,197 - LSTM_BRDWGD - INFO -  Gráficos gerados TRAIN ...
2025-12-03 06:55:45,197 - LSTM_BRDWGD - INFO - Calculando erro para parte de teste
2025-12-03 06:55:45,198 - LSTM_BRDWGD - INFO - RMSE: 14.4820
2025-12-03 06:55:45,198 - LSTM_BRDWGD - INFO - MSE : 209.7291
2025-12-03 06:55:45,198 - LSTM_BRDWGD - INFO - MAE : 8.1864
2025-12-03 06:55:45,198 - LSTM_BRDWGD - INFO - CSI (thr=1.0 mm): 0.1429  [TP=3, FP=16, FN=2]
2025-12-03 06:55:45,198 - LSTM_BRDWGD - INFO - y_pred mm min/max: 0.0, 26.378616333007812
2025-12-03 06:55:45,198 - LSTM_BRDWGD - INFO - y_TRUE mm min/max: 0.0, 55.400001525878906
2025-12-03 06:55:45,198 - LSTM_BRDWGD - INFO -  Gerando gráficos...
2025-12-03 06:55:45,512 - LSTM_BRDWGD - INFO -  Gráficos gerados...
2025-12-03 06:55:45,512 - LSTM_BRDWGD - INFO - ==========================================================================================
2025-12-03 06:55:45,512 - LSTM_BRDWGD - INFO - Execução finalizada com sucesso.
2025-12-03 06:55:45,513 - LSTM_BRDWGD - INFO - Dispositivo utilizado: cuda
2025-12-03 06:55:45,513 - LSTM_BRDWGD - INFO - ==========================================================================================
2025-12-03 06:55:51,165 - BiLSTM_BRDWGD - INFO - ==========================================================================================
2025-12-03 06:55:51,165 - BiLSTM_BRDWGD - INFO - Iniciando script BILSTM (PyTorch) BRDWGD com suporte a GPU e logs detalhados.
2025-12-03 06:55:51,165 - BiLSTM_BRDWGD - INFO - ==========================================================================================
2025-12-03 06:55:51,166 - BiLSTM_BRDWGD - INFO - Iniciando experimento: lookback=30, hidden_dim=64, layers=2, lr=0.001, drop=0.5
2025-12-03 06:55:51,175 - BiLSTM_BRDWGD - INFO - Shape treino: torch.Size([5863, 30, 6]), teste: torch.Size([30, 30, 6])
2025-12-03 06:55:51,178 - BiLSTM_BRDWGD - INFO - Treinando por 500 épocas...
2025-12-03 06:55:51,610 - BiLSTM_BRDWGD - INFO - [EXP] Época 1/500 - Loss: 95.437588
2025-12-03 06:56:12,923 - BiLSTM_BRDWGD - INFO - [EXP] Época 50/500 - Loss: 65.479829
2025-12-03 06:56:34,671 - BiLSTM_BRDWGD - INFO - [EXP] Época 100/500 - Loss: 38.506740
2025-12-03 06:56:56,515 - BiLSTM_BRDWGD - INFO - [EXP] Época 150/500 - Loss: 30.933869
2025-12-03 06:57:18,231 - BiLSTM_BRDWGD - INFO - [EXP] Época 200/500 - Loss: 28.624295
2025-12-03 06:57:39,761 - BiLSTM_BRDWGD - INFO - [EXP] Época 250/500 - Loss: 20.182668
2025-12-03 06:58:01,462 - BiLSTM_BRDWGD - INFO - [EXP] Época 300/500 - Loss: 19.451048
2025-12-03 06:58:23,141 - BiLSTM_BRDWGD - INFO - [EXP] Época 350/500 - Loss: 13.084411
2025-12-03 06:58:44,487 - BiLSTM_BRDWGD - INFO - [EXP] Época 400/500 - Loss: 11.138252
2025-12-03 06:59:05,833 - BiLSTM_BRDWGD - INFO - [EXP] Época 450/500 - Loss: 9.948391
2025-12-03 06:59:27,254 - BiLSTM_BRDWGD - INFO - [EXP] Época 500/500 - Loss: 8.514413
2025-12-03 06:59:27,254 - BiLSTM_BRDWGD - INFO - Treinamento concluído em 3.60 minutos
2025-12-03 06:59:27,329 - BiLSTM_BRDWGD - INFO - Calculando erro para o train
2025-12-03 06:59:27,330 - BiLSTM_BRDWGD - INFO - RMSE: 2.1161
2025-12-03 06:59:27,330 - BiLSTM_BRDWGD - INFO - MSE : 4.4780
2025-12-03 06:59:27,330 - BiLSTM_BRDWGD - INFO - MAE : 0.9232
2025-12-03 06:59:27,330 - BiLSTM_BRDWGD - INFO - CSI (thr=1.0 mm): 0.5995  [TP=1196, FP=484, FN=315]
2025-12-03 06:59:27,330 - BiLSTM_BRDWGD - INFO - train_pred TRAIN mm min/max: 0.0, 147.415283203125
2025-12-03 06:59:27,330 - BiLSTM_BRDWGD - INFO - train_TRUE TRAIN mm min/max: 0.0, 154.39999389648438
2025-12-03 06:59:27,330 - BiLSTM_BRDWGD - INFO -  Gerando gráficos TRAIN...
2025-12-03 06:59:27,794 - BiLSTM_BRDWGD - INFO -  Gráficos gerados TRAIN ...
2025-12-03 06:59:27,794 - BiLSTM_BRDWGD - INFO - Calculando erro para parte de teste
2025-12-03 06:59:27,795 - BiLSTM_BRDWGD - INFO - RMSE: 12.4660
2025-12-03 06:59:27,795 - BiLSTM_BRDWGD - INFO - MSE : 155.4011
2025-12-03 06:59:27,795 - BiLSTM_BRDWGD - INFO - MAE : 6.6950
2025-12-03 06:59:27,795 - BiLSTM_BRDWGD - INFO - CSI (thr=1.0 mm): 0.1765  [TP=3, FP=12, FN=2]
2025-12-03 06:59:27,795 - BiLSTM_BRDWGD - INFO - y_pred mm min/max: 0.0, 25.331525802612305
2025-12-03 06:59:27,795 - BiLSTM_BRDWGD - INFO - y_TRUE mm min/max: 0.0, 55.400001525878906
2025-12-03 06:59:27,795 - BiLSTM_BRDWGD - INFO -  Gerando gráficos...
2025-12-03 06:59:28,094 - BiLSTM_BRDWGD - INFO -  Gráficos gerados...
2025-12-03 06:59:28,094 - BiLSTM_BRDWGD - INFO - ==========================================================================================
2025-12-03 06:59:28,095 - BiLSTM_BRDWGD - INFO - Execução finalizada com sucesso.
2025-12-03 06:59:28,095 - BiLSTM_BRDWGD - INFO - Dispositivo utilizado: cuda
2025-12-03 06:59:28,095 - BiLSTM_BRDWGD - INFO - ==========================================================================================
2025-12-03 06:59:34,126 - LSTM_BRDWGD - INFO - ==========================================================================================
2025-12-03 06:59:34,127 - LSTM_BRDWGD - INFO - Iniciando script LSTM (PyTorch) BRDWGD com suporte a GPU e logs detalhados.
2025-12-03 06:59:34,127 - LSTM_BRDWGD - INFO - ==========================================================================================
2025-12-03 06:59:34,127 - LSTM_BRDWGD - INFO - Iniciando experimento: lookback=30, hidden_dim=128, layers=2, lr=0.001, drop=0.5
2025-12-03 06:59:34,137 - LSTM_BRDWGD - INFO - Shape treino: torch.Size([5863, 30, 6]), teste: torch.Size([30, 30, 6])
2025-12-03 06:59:34,140 - LSTM_BRDWGD - INFO - Treinando por 500 épocas...
2025-12-03 06:59:34,469 - LSTM_BRDWGD - INFO - [EXP] Época 1/500 - Loss: 95.392437
2025-12-03 06:59:50,519 - LSTM_BRDWGD - INFO - [EXP] Época 50/500 - Loss: 47.791429
2025-12-03 07:00:06,897 - LSTM_BRDWGD - INFO - [EXP] Época 100/500 - Loss: 23.145317
2025-12-03 07:00:23,346 - LSTM_BRDWGD - INFO - [EXP] Época 150/500 - Loss: 4.704289
2025-12-03 07:00:40,035 - LSTM_BRDWGD - INFO - [EXP] Época 200/500 - Loss: 2.097067
2025-12-03 07:00:56,781 - LSTM_BRDWGD - INFO - [EXP] Época 250/500 - Loss: 3.327653
2025-12-03 07:01:13,418 - LSTM_BRDWGD - INFO - [EXP] Época 300/500 - Loss: 0.899475
2025-12-03 07:01:30,050 - LSTM_BRDWGD - INFO - [EXP] Época 350/500 - Loss: 1.154508
2025-12-03 07:01:46,625 - LSTM_BRDWGD - INFO - [EXP] Época 400/500 - Loss: 0.540237
2025-12-03 07:02:03,133 - LSTM_BRDWGD - INFO - [EXP] Época 450/500 - Loss: 0.650077
2025-12-03 07:02:19,638 - LSTM_BRDWGD - INFO - [EXP] Época 500/500 - Loss: 0.786261
2025-12-03 07:02:19,638 - LSTM_BRDWGD - INFO - Treinamento concluído em 2.76 minutos
2025-12-03 07:02:19,738 - LSTM_BRDWGD - INFO - Calculando erro para o train
2025-12-03 07:02:19,738 - LSTM_BRDWGD - INFO - RMSE: 0.6208
2025-12-03 07:02:19,739 - LSTM_BRDWGD - INFO - MSE : 0.3855
2025-12-03 07:02:19,739 - LSTM_BRDWGD - INFO - MAE : 0.3098
2025-12-03 07:02:19,739 - LSTM_BRDWGD - INFO - CSI (thr=1.0 mm): 0.8870  [TP=1421, FP=91, FN=90]
2025-12-03 07:02:19,739 - LSTM_BRDWGD - INFO - train_pred TRAIN mm min/max: 0.0, 152.31985473632812
2025-12-03 07:02:19,739 - LSTM_BRDWGD - INFO - train_TRUE TRAIN mm min/max: 0.0, 154.39999389648438
2025-12-03 07:02:19,739 - LSTM_BRDWGD - INFO -  Gerando gráficos TRAIN...
2025-12-03 07:02:20,131 - LSTM_BRDWGD - INFO -  Gráficos gerados TRAIN ...
2025-12-03 07:02:20,131 - LSTM_BRDWGD - INFO - Calculando erro para parte de teste
2025-12-03 07:02:20,132 - LSTM_BRDWGD - INFO - RMSE: 13.9201
2025-12-03 07:02:20,132 - LSTM_BRDWGD - INFO - MSE : 193.7683
2025-12-03 07:02:20,132 - LSTM_BRDWGD - INFO - MAE : 7.4529
2025-12-03 07:02:20,132 - LSTM_BRDWGD - INFO - CSI (thr=1.0 mm): 0.2000  [TP=4, FP=15, FN=1]
2025-12-03 07:02:20,132 - LSTM_BRDWGD - INFO - y_pred mm min/max: 0.0, 16.66822624206543
2025-12-03 07:02:20,132 - LSTM_BRDWGD - INFO - y_TRUE mm min/max: 0.0, 55.400001525878906
2025-12-03 07:02:20,132 - LSTM_BRDWGD - INFO -  Gerando gráficos...
2025-12-03 07:02:20,436 - LSTM_BRDWGD - INFO -  Gráficos gerados...
2025-12-03 07:02:20,436 - LSTM_BRDWGD - INFO - ==========================================================================================
2025-12-03 07:02:20,436 - LSTM_BRDWGD - INFO - Execução finalizada com sucesso.
2025-12-03 07:02:20,436 - LSTM_BRDWGD - INFO - Dispositivo utilizado: cuda
2025-12-03 07:02:20,436 - LSTM_BRDWGD - INFO - ==========================================================================================
2025-12-03 07:02:26,077 - BiLSTM_BRDWGD - INFO - ==========================================================================================
2025-12-03 07:02:26,077 - BiLSTM_BRDWGD - INFO - Iniciando script BILSTM (PyTorch) BRDWGD com suporte a GPU e logs detalhados.
2025-12-03 07:02:26,077 - BiLSTM_BRDWGD - INFO - ==========================================================================================
2025-12-03 07:02:26,078 - BiLSTM_BRDWGD - INFO - Iniciando experimento: lookback=30, hidden_dim=128, layers=2, lr=0.001, drop=0.5
2025-12-03 07:02:26,087 - BiLSTM_BRDWGD - INFO - Shape treino: torch.Size([5863, 30, 6]), teste: torch.Size([30, 30, 6])
2025-12-03 07:02:26,092 - BiLSTM_BRDWGD - INFO - Treinando por 500 épocas...
2025-12-03 07:02:26,546 - BiLSTM_BRDWGD - INFO - [EXP] Época 1/500 - Loss: 94.271315
2025-12-03 07:02:48,206 - BiLSTM_BRDWGD - INFO - [EXP] Época 50/500 - Loss: 56.816863
2025-12-03 07:03:10,217 - BiLSTM_BRDWGD - INFO - [EXP] Época 100/500 - Loss: 34.419256
2025-12-03 07:03:32,179 - BiLSTM_BRDWGD - INFO - [EXP] Época 150/500 - Loss: 20.269486
2025-12-03 07:03:54,141 - BiLSTM_BRDWGD - INFO - [EXP] Época 200/500 - Loss: 10.423321
2025-12-03 07:04:16,100 - BiLSTM_BRDWGD - INFO - [EXP] Época 250/500 - Loss: 8.824107
2025-12-03 07:04:38,060 - BiLSTM_BRDWGD - INFO - [EXP] Época 300/500 - Loss: 7.276948
2025-12-03 07:05:00,017 - BiLSTM_BRDWGD - INFO - [EXP] Época 350/500 - Loss: 6.469124
2025-12-03 07:05:21,974 - BiLSTM_BRDWGD - INFO - [EXP] Época 400/500 - Loss: 5.975112
2025-12-03 07:05:44,023 - BiLSTM_BRDWGD - INFO - [EXP] Época 450/500 - Loss: 4.717680
2025-12-03 07:06:06,079 - BiLSTM_BRDWGD - INFO - [EXP] Época 500/500 - Loss: 3.590477
2025-12-03 07:06:06,079 - BiLSTM_BRDWGD - INFO - Treinamento concluído em 3.67 minutos
2025-12-03 07:06:06,266 - BiLSTM_BRDWGD - INFO - Calculando erro para o train
2025-12-03 07:06:06,266 - BiLSTM_BRDWGD - INFO - RMSE: 1.5767
2025-12-03 07:06:06,266 - BiLSTM_BRDWGD - INFO - MSE : 2.4859
2025-12-03 07:06:06,266 - BiLSTM_BRDWGD - INFO - MAE : 0.6643
2025-12-03 07:06:06,266 - BiLSTM_BRDWGD - INFO - CSI (thr=1.0 mm): 0.7267  [TP=1210, FP=154, FN=301]
2025-12-03 07:06:06,267 - BiLSTM_BRDWGD - INFO - train_pred TRAIN mm min/max: 0.0, 152.8423309326172
2025-12-03 07:06:06,267 - BiLSTM_BRDWGD - INFO - train_TRUE TRAIN mm min/max: 0.0, 154.39999389648438
2025-12-03 07:06:06,267 - BiLSTM_BRDWGD - INFO -  Gerando gráficos TRAIN...
2025-12-03 07:06:06,633 - BiLSTM_BRDWGD - INFO -  Gráficos gerados TRAIN ...
2025-12-03 07:06:06,633 - BiLSTM_BRDWGD - INFO - Calculando erro para parte de teste
2025-12-03 07:06:06,634 - BiLSTM_BRDWGD - INFO - RMSE: 14.5856
2025-12-03 07:06:06,634 - BiLSTM_BRDWGD - INFO - MSE : 212.7399
2025-12-03 07:06:06,634 - BiLSTM_BRDWGD - INFO - MAE : 6.7938
2025-12-03 07:06:06,634 - BiLSTM_BRDWGD - INFO - CSI (thr=1.0 mm): 0.1333  [TP=2, FP=10, FN=3]
2025-12-03 07:06:06,634 - BiLSTM_BRDWGD - INFO - y_pred mm min/max: 0.0, 11.101410865783691
2025-12-03 07:06:06,634 - BiLSTM_BRDWGD - INFO - y_TRUE mm min/max: 0.0, 55.400001525878906
2025-12-03 07:06:06,634 - BiLSTM_BRDWGD - INFO -  Gerando gráficos...
2025-12-03 07:06:07,082 - BiLSTM_BRDWGD - INFO -  Gráficos gerados...
2025-12-03 07:06:07,082 - BiLSTM_BRDWGD - INFO - ==========================================================================================
2025-12-03 07:06:07,082 - BiLSTM_BRDWGD - INFO - Execução finalizada com sucesso.
2025-12-03 07:06:07,082 - BiLSTM_BRDWGD - INFO - Dispositivo utilizado: cuda
2025-12-03 07:06:07,082 - BiLSTM_BRDWGD - INFO - ==========================================================================================
2025-12-03 07:06:13,112 - LSTM_BRDWGD - INFO - ==========================================================================================
2025-12-03 07:06:13,113 - LSTM_BRDWGD - INFO - Iniciando script LSTM (PyTorch) BRDWGD com suporte a GPU e logs detalhados.
2025-12-03 07:06:13,113 - LSTM_BRDWGD - INFO - ==========================================================================================
2025-12-03 07:06:13,113 - LSTM_BRDWGD - INFO - Iniciando experimento: lookback=30, hidden_dim=256, layers=2, lr=0.001, drop=0.5
2025-12-03 07:06:13,123 - LSTM_BRDWGD - INFO - Shape treino: torch.Size([5863, 30, 6]), teste: torch.Size([30, 30, 6])
2025-12-03 07:06:13,129 - LSTM_BRDWGD - INFO - Treinando por 500 épocas...
2025-12-03 07:06:13,673 - LSTM_BRDWGD - INFO - [EXP] Época 1/500 - Loss: 96.011429
2025-12-03 07:06:39,952 - LSTM_BRDWGD - INFO - [EXP] Época 50/500 - Loss: 48.916387
2025-12-03 07:07:06,822 - LSTM_BRDWGD - INFO - [EXP] Época 100/500 - Loss: 17.141913
2025-12-03 07:07:33,686 - LSTM_BRDWGD - INFO - [EXP] Época 150/500 - Loss: 2.634416
2025-12-03 07:08:00,543 - LSTM_BRDWGD - INFO - [EXP] Época 200/500 - Loss: 2.220437
2025-12-03 07:08:27,398 - LSTM_BRDWGD - INFO - [EXP] Época 250/500 - Loss: 1.321096
2025-12-03 07:08:54,276 - LSTM_BRDWGD - INFO - [EXP] Época 300/500 - Loss: 0.847830
2025-12-03 07:09:21,139 - LSTM_BRDWGD - INFO - [EXP] Época 350/500 - Loss: 2.123720
2025-12-03 07:09:47,977 - LSTM_BRDWGD - INFO - [EXP] Época 400/500 - Loss: 0.555238
2025-12-03 07:10:14,693 - LSTM_BRDWGD - INFO - [EXP] Época 450/500 - Loss: 0.430603
2025-12-03 07:10:41,406 - LSTM_BRDWGD - INFO - [EXP] Época 500/500 - Loss: 0.433740
2025-12-03 07:10:41,406 - LSTM_BRDWGD - INFO - Treinamento concluído em 4.47 minutos
2025-12-03 07:10:41,539 - LSTM_BRDWGD - INFO - Calculando erro para o train
2025-12-03 07:10:41,539 - LSTM_BRDWGD - INFO - RMSE: 0.3928
2025-12-03 07:10:41,539 - LSTM_BRDWGD - INFO - MSE : 0.1543
2025-12-03 07:10:41,539 - LSTM_BRDWGD - INFO - MAE : 0.1976
2025-12-03 07:10:41,539 - LSTM_BRDWGD - INFO - CSI (thr=1.0 mm): 0.9296  [TP=1440, FP=38, FN=71]
2025-12-03 07:10:41,539 - LSTM_BRDWGD - INFO - train_pred TRAIN mm min/max: 0.0, 154.46226501464844
2025-12-03 07:10:41,539 - LSTM_BRDWGD - INFO - train_TRUE TRAIN mm min/max: 0.0, 154.39999389648438
2025-12-03 07:10:41,540 - LSTM_BRDWGD - INFO -  Gerando gráficos TRAIN...
2025-12-03 07:10:41,974 - LSTM_BRDWGD - INFO -  Gráficos gerados TRAIN ...
2025-12-03 07:10:41,974 - LSTM_BRDWGD - INFO - Calculando erro para parte de teste
2025-12-03 07:10:41,975 - LSTM_BRDWGD - INFO - RMSE: 13.0468
2025-12-03 07:10:41,975 - LSTM_BRDWGD - INFO - MSE : 170.2195
2025-12-03 07:10:41,975 - LSTM_BRDWGD - INFO - MAE : 6.5995
2025-12-03 07:10:41,975 - LSTM_BRDWGD - INFO - CSI (thr=1.0 mm): 0.1739  [TP=4, FP=18, FN=1]
2025-12-03 07:10:41,975 - LSTM_BRDWGD - INFO - y_pred mm min/max: 0.0, 14.630566596984863
2025-12-03 07:10:41,975 - LSTM_BRDWGD - INFO - y_TRUE mm min/max: 0.0, 55.400001525878906
2025-12-03 07:10:41,975 - LSTM_BRDWGD - INFO -  Gerando gráficos...
2025-12-03 07:10:42,315 - LSTM_BRDWGD - INFO -  Gráficos gerados...
2025-12-03 07:10:42,315 - LSTM_BRDWGD - INFO - ==========================================================================================
2025-12-03 07:10:42,315 - LSTM_BRDWGD - INFO - Execução finalizada com sucesso.
2025-12-03 07:10:42,315 - LSTM_BRDWGD - INFO - Dispositivo utilizado: cuda
2025-12-03 07:10:42,315 - LSTM_BRDWGD - INFO - ==========================================================================================
2025-12-03 07:10:47,929 - BiLSTM_BRDWGD - INFO - ==========================================================================================
2025-12-03 07:10:47,930 - BiLSTM_BRDWGD - INFO - Iniciando script BILSTM (PyTorch) BRDWGD com suporte a GPU e logs detalhados.
2025-12-03 07:10:47,930 - BiLSTM_BRDWGD - INFO - ==========================================================================================
2025-12-03 07:10:47,930 - BiLSTM_BRDWGD - INFO - Iniciando experimento: lookback=30, hidden_dim=256, layers=2, lr=0.001, drop=0.5
2025-12-03 07:10:47,939 - BiLSTM_BRDWGD - INFO - Shape treino: torch.Size([5863, 30, 6]), teste: torch.Size([30, 30, 6])
2025-12-03 07:10:47,953 - BiLSTM_BRDWGD - INFO - Treinando por 500 épocas...
2025-12-03 07:10:48,806 - BiLSTM_BRDWGD - INFO - [EXP] Época 1/500 - Loss: 93.144780
2025-12-03 07:11:30,595 - BiLSTM_BRDWGD - INFO - [EXP] Época 50/500 - Loss: 48.932430
2025-12-03 07:12:13,419 - BiLSTM_BRDWGD - INFO - [EXP] Época 100/500 - Loss: 21.902279
2025-12-03 07:12:56,023 - BiLSTM_BRDWGD - INFO - [EXP] Época 150/500 - Loss: 11.922396
2025-12-03 07:13:39,105 - BiLSTM_BRDWGD - INFO - [EXP] Época 200/500 - Loss: 7.542778
2025-12-03 07:14:21,670 - BiLSTM_BRDWGD - INFO - [EXP] Época 250/500 - Loss: 5.270056
2025-12-03 07:15:04,634 - BiLSTM_BRDWGD - INFO - [EXP] Época 300/500 - Loss: 4.463390
2025-12-03 07:15:47,650 - BiLSTM_BRDWGD - INFO - [EXP] Época 350/500 - Loss: 3.695641
2025-12-03 07:16:30,030 - BiLSTM_BRDWGD - INFO - [EXP] Época 400/500 - Loss: 2.857211
2025-12-03 07:17:12,370 - BiLSTM_BRDWGD - INFO - [EXP] Época 450/500 - Loss: 2.825205
2025-12-03 07:17:54,769 - BiLSTM_BRDWGD - INFO - [EXP] Época 500/500 - Loss: 2.743542
2025-12-03 07:17:54,769 - BiLSTM_BRDWGD - INFO - Treinamento concluído em 7.11 minutos
2025-12-03 07:17:55,013 - BiLSTM_BRDWGD - INFO - Calculando erro para o train
2025-12-03 07:17:55,014 - BiLSTM_BRDWGD - INFO - RMSE: 0.9554
2025-12-03 07:17:55,014 - BiLSTM_BRDWGD - INFO - MSE : 0.9128
2025-12-03 07:17:55,014 - BiLSTM_BRDWGD - INFO - MAE : 0.4260
2025-12-03 07:17:55,014 - BiLSTM_BRDWGD - INFO - CSI (thr=1.0 mm): 0.8201  [TP=1345, FP=129, FN=166]
2025-12-03 07:17:55,014 - BiLSTM_BRDWGD - INFO - train_pred TRAIN mm min/max: 0.0, 146.56468200683594
2025-12-03 07:17:55,014 - BiLSTM_BRDWGD - INFO - train_TRUE TRAIN mm min/max: 0.0, 154.39999389648438
2025-12-03 07:17:55,014 - BiLSTM_BRDWGD - INFO -  Gerando gráficos TRAIN...
2025-12-03 07:17:55,393 - BiLSTM_BRDWGD - INFO -  Gráficos gerados TRAIN ...
2025-12-03 07:17:55,393 - BiLSTM_BRDWGD - INFO - Calculando erro para parte de teste
2025-12-03 07:17:55,394 - BiLSTM_BRDWGD - INFO - RMSE: 14.2138
2025-12-03 07:17:55,394 - BiLSTM_BRDWGD - INFO - MSE : 202.0313
2025-12-03 07:17:55,394 - BiLSTM_BRDWGD - INFO - MAE : 7.6067
2025-12-03 07:17:55,394 - BiLSTM_BRDWGD - INFO - CSI (thr=1.0 mm): 0.1579  [TP=3, FP=14, FN=2]
2025-12-03 07:17:55,394 - BiLSTM_BRDWGD - INFO - y_pred mm min/max: 0.0, 23.72027587890625
2025-12-03 07:17:55,394 - BiLSTM_BRDWGD - INFO - y_TRUE mm min/max: 0.0, 55.400001525878906
2025-12-03 07:17:55,394 - BiLSTM_BRDWGD - INFO -  Gerando gráficos...
2025-12-03 07:17:55,679 - BiLSTM_BRDWGD - INFO -  Gráficos gerados...
2025-12-03 07:17:55,679 - BiLSTM_BRDWGD - INFO - ==========================================================================================
2025-12-03 07:17:55,679 - BiLSTM_BRDWGD - INFO - Execução finalizada com sucesso.
2025-12-03 07:17:55,679 - BiLSTM_BRDWGD - INFO - Dispositivo utilizado: cuda
2025-12-03 07:17:55,679 - BiLSTM_BRDWGD - INFO - ==========================================================================================
2025-12-03 07:17:56,975 - MAIN_BRDWGD - INFO - Arquivo '../results/BRDWGD/metricas/resultados_BRDWGD.csv' gerado com sucesso!
