2025-11-29 16:50:34,142 - MAIN_BRDWGD - INFO - GPU detectada: NVIDIA GeForce RTX 3060
2025-11-29 16:50:34,142 - MAIN_BRDWGD - INFO - Memória disponível: 12.48 GB
2025-11-29 16:50:34,142 - MAIN_BRDWGD - INFO - [FASE 1] Carregando e pré-processando dados...
2025-11-29 16:52:08,766 - MAIN_BRDWGD - INFO - Dados carregados com 5924 registros.
2025-11-29 16:52:08,767 - MAIN_BRDWGD - INFO - Período: 2008-01-01 00:00:00 → 2024-03-20 00:00:00
2025-11-29 16:52:08,779 - MAIN_BRDWGD - INFO - Primeiras linhas:
            chuva
2008-01-01    0.0
2008-01-02    0.0
2008-01-03    0.0
2008-01-04    0.0
2008-01-05    0.0
2025-11-29 16:52:08,779 - MAIN_BRDWGD - INFO - [FASE 2] Criando features temporais e estatísticas...
2025-11-29 16:52:08,779 - MAIN_BRDWGD - INFO - Engenharia de features concluída. Total de colunas: 1
2025-11-29 16:52:08,779 - MAIN_BRDWGD - INFO - Colunas criadas: ['chuva']
2025-11-29 16:52:08,779 - MAIN_BRDWGD - INFO - Tempo total da Fase 2: 94.64 segundos.
2025-11-29 16:52:08,779 - MAIN_BRDWGD - INFO - [FASE 3] Normalizando e criando sequências...
2025-11-29 16:52:14,242 - ARIMA_BRDWGD - INFO - ==========================================================================================
2025-11-29 16:52:14,243 - ARIMA_BRDWGD - INFO - Iniciando script ARIMA BRDWGD.
2025-11-29 16:52:14,243 - ARIMA_BRDWGD - INFO - ==========================================================================================
2025-11-29 16:52:14,243 - ARIMA_BRDWGD - INFO - Tamanho treino: 5894 | teste: 30
2025-11-29 16:52:14,243 - ARIMA_BRDWGD - INFO - [FASE 4] Iniciando busca manual por hiperparâmetros (AIC).
2025-11-29 17:04:07,772 - ARIMA_BRDWGD - INFO - Melhor order encontrado: (30, 0, 0)
2025-11-29 17:04:07,772 - ARIMA_BRDWGD - INFO - Melhor AIC (treino): -16095.51
2025-11-29 17:04:07,773 - ARIMA_BRDWGD - INFO - Tempo da Fase 4: 713.53s
2025-11-29 17:04:07,773 - ARIMA_BRDWGD - INFO - [FASE 5] Reajustando melhor modelo no conjunto de treino.
2025-11-29 17:05:00,583 - ARIMA_BRDWGD - INFO - Melhor modelo ajustado no treino.
2025-11-29 17:05:00,584 - ARIMA_BRDWGD - INFO - Tempo da Fase 5: 52.81s
2025-11-29 17:05:00,584 - ARIMA_BRDWGD - INFO - [FASE 6] Gerando previsões no conjunto de teste e avaliando métricas.
2025-11-29 17:05:00,602 - ARIMA_BRDWGD - INFO - RMSE: 9.4854
2025-11-29 17:05:00,602 - ARIMA_BRDWGD - INFO - MSE : 89.9731
2025-11-29 17:05:00,602 - ARIMA_BRDWGD - INFO - MAE : 4.5144
2025-11-29 17:05:00,602 - ARIMA_BRDWGD - INFO - CSI (thr=1.0 mm): 0.2587  [TP=1521, FP=4354, FN=4]
2025-11-29 17:05:00,602 - ARIMA_BRDWGD - INFO - [TREINO] RMSE=9.4854 | MSE=89.9731 | MAE=4.5144 | CSI=0.2587
2025-11-29 17:05:00,617 - ARIMA_BRDWGD - INFO - RMSE: 13.3585
2025-11-29 17:05:00,617 - ARIMA_BRDWGD - INFO - MSE : 178.4498
2025-11-29 17:05:00,617 - ARIMA_BRDWGD - INFO - MAE : 7.4102
2025-11-29 17:05:00,617 - ARIMA_BRDWGD - INFO - CSI (thr=1.0 mm): 0.2000  [TP=6, FP=24, FN=0]
2025-11-29 17:05:00,617 - ARIMA_BRDWGD - INFO - Tempo total da Fase 6: 0.03s
2025-11-29 17:05:00,617 - ARIMA_BRDWGD - INFO - [FASE 7] Salvando gráfico de previsão vs. observado.
2025-11-29 17:05:01,383 - ARIMA_BRDWGD - INFO - Gráfico salvo como 'arimaBRDWGD_result.png'.
2025-11-29 17:05:01,383 - ARIMA_BRDWGD - INFO - ==========================================================================================
2025-11-29 17:05:01,383 - ARIMA_BRDWGD - INFO - Execução ARIMA BRDWGD finalizada com sucesso.
2025-11-29 17:05:01,383 - ARIMA_BRDWGD - INFO - Tempo total de execução: 767.14s
2025-11-29 17:05:01,383 - ARIMA_BRDWGD - INFO - ==========================================================================================
2025-11-29 17:05:07,058 - RANDOM_FOREST_BRDWGD - INFO - ====================================================================================================
2025-11-29 17:05:07,059 - RANDOM_FOREST_BRDWGD - INFO - Iniciando Random Forest BRDWGD com GridSearchCV.
2025-11-29 17:05:07,059 - RANDOM_FOREST_BRDWGD - INFO - ====================================================================================================
2025-11-29 17:05:07,059 - RANDOM_FOREST_BRDWGD - INFO - [FASE 3] Split treino/teste e preparação.
2025-11-29 17:05:07,062 - RANDOM_FOREST_BRDWGD - INFO - [FASE 3] Treino: X=(5864, 30), y=5864 | Teste: X=(30, 30), y=30
2025-11-29 17:05:07,062 - RANDOM_FOREST_BRDWGD - INFO - [FASE 3] Tempo: 0.00s
2025-11-29 17:05:07,062 - RANDOM_FOREST_BRDWGD - INFO - [FASE 4] Iniciando GridSearchCV (TimeSeriesSplit).
2025-11-29 17:06:20,179 - RANDOM_FOREST_BRDWGD - INFO - [FASE 4] GridSearchCV concluído em 73.12s
2025-11-29 17:06:20,189 - RANDOM_FOREST_BRDWGD - INFO - [FASE 4] Melhores parâmetros: {'max_depth': None, 'max_features': 'sqrt', 'min_samples_leaf': 4, 'min_samples_split': 10, 'n_estimators': 200}
2025-11-29 17:06:20,189 - RANDOM_FOREST_BRDWGD - INFO - [FASE 4] Melhor score (neg_MSE): -98.818296
2025-11-29 17:06:20,189 - RANDOM_FOREST_BRDWGD - INFO - [FASE 4] Tempo: 73.13s
2025-11-29 17:06:20,189 - RANDOM_FOREST_BRDWGD - INFO - [FASE 5] Treinando best_estimator_ no conjunto de treino.
2025-11-29 17:06:20,486 - RANDOM_FOREST_BRDWGD - INFO - [FASE 5] Tempo: 0.30s
2025-11-29 17:06:20,486 - RANDOM_FOREST_BRDWGD - INFO - [FASE 6] Previsão e cálculo de métricas.
2025-11-29 17:06:20,540 - RANDOM_FOREST_BRDWGD - INFO - RMSE: 7.5402
2025-11-29 17:06:20,540 - RANDOM_FOREST_BRDWGD - INFO - MSE : 56.8553
2025-11-29 17:06:20,540 - RANDOM_FOREST_BRDWGD - INFO - MAE : 3.4162
2025-11-29 17:06:20,540 - RANDOM_FOREST_BRDWGD - INFO - CSI (thr=1.0 mm): 0.3223  [TP=1491, FP=3115, FN=20]
2025-11-29 17:06:20,540 - RANDOM_FOREST_BRDWGD - INFO - [TREINO] RMSE=7.5402 | MSE=56.8553 | MAE=3.4162 | CSI=0.3223
2025-11-29 17:06:20,563 - RANDOM_FOREST_BRDWGD - INFO - y_pred raw min/max: 1.9931434076972878, 10.419484206937064
2025-11-29 17:06:20,563 - RANDOM_FOREST_BRDWGD - INFO - y_TRUE raw min/max: 0.0, 55.400001525878906
2025-11-29 17:06:20,564 - RANDOM_FOREST_BRDWGD - INFO - RMSE: 12.8944
2025-11-29 17:06:20,564 - RANDOM_FOREST_BRDWGD - INFO - MSE : 166.2649
2025-11-29 17:06:20,564 - RANDOM_FOREST_BRDWGD - INFO - MAE : 7.6742
2025-11-29 17:06:20,564 - RANDOM_FOREST_BRDWGD - INFO - CSI (thr=1.0 mm): 0.2000  [TP=6, FP=24, FN=0]
2025-11-29 17:06:20,564 - RANDOM_FOREST_BRDWGD - INFO - [FASE 7] Gerando gráficos.
2025-11-29 17:06:21,977 - RANDOM_FOREST_BRDWGD - INFO - Gráfico salvo como 'random_forest_BRDWGD.png'.
2025-11-29 17:06:21,977 - RANDOM_FOREST_BRDWGD - INFO - [FASE 7] Tempo: 1.41s
2025-11-29 17:06:21,977 - RANDOM_FOREST_BRDWGD - INFO - ====================================================================================================
2025-11-29 17:06:21,977 - RANDOM_FOREST_BRDWGD - INFO - Resumo Final
2025-11-29 17:06:21,977 - RANDOM_FOREST_BRDWGD - INFO - Melhores parâmetros: {'max_depth': None, 'max_features': 'sqrt', 'min_samples_leaf': 4, 'min_samples_split': 10, 'n_estimators': 200}
2025-11-29 17:06:21,978 - RANDOM_FOREST_BRDWGD - INFO - Tempo total de execução: 74.92s
2025-11-29 17:06:21,978 - RANDOM_FOREST_BRDWGD - INFO - ====================================================================================================
2025-11-29 17:06:29,725 - LSTM_BRDWGD - INFO - ==========================================================================================
2025-11-29 17:06:29,725 - LSTM_BRDWGD - INFO - Iniciando script LSTM (PyTorch) BRDWGD com suporte a GPU e logs detalhados.
2025-11-29 17:06:29,725 - LSTM_BRDWGD - INFO - ==========================================================================================
2025-11-29 17:06:29,725 - LSTM_BRDWGD - INFO - Iniciando experimento: lookback=30, hidden_dim=32, layers=2, lr=0.001, drop=0.5
2025-11-29 17:06:36,583 - LSTM_BRDWGD - INFO - Shape treino: torch.Size([5863, 30, 1]), teste: torch.Size([30, 30, 1])
2025-11-29 17:07:31,522 - LSTM_BRDWGD - INFO - Treinando por 500 épocas...
2025-11-29 17:07:42,671 - LSTM_BRDWGD - INFO - [EXP] Época 1/500 - Loss: 0.030064
2025-11-29 17:07:58,614 - LSTM_BRDWGD - INFO - [EXP] Época 50/500 - Loss: 0.024189
2025-11-29 17:08:14,823 - LSTM_BRDWGD - INFO - [EXP] Época 100/500 - Loss: 0.024093
2025-11-29 17:08:31,018 - LSTM_BRDWGD - INFO - [EXP] Época 150/500 - Loss: 0.024064
2025-11-29 17:08:47,199 - LSTM_BRDWGD - INFO - [EXP] Época 200/500 - Loss: 0.024005
2025-11-29 17:09:03,223 - LSTM_BRDWGD - INFO - [EXP] Época 250/500 - Loss: 0.024166
2025-11-29 17:09:19,213 - LSTM_BRDWGD - INFO - [EXP] Época 300/500 - Loss: 0.023544
2025-11-29 17:09:35,187 - LSTM_BRDWGD - INFO - [EXP] Época 350/500 - Loss: 0.023538
2025-11-29 17:09:51,143 - LSTM_BRDWGD - INFO - [EXP] Época 400/500 - Loss: 0.023306
2025-11-29 17:10:07,109 - LSTM_BRDWGD - INFO - [EXP] Época 450/500 - Loss: 0.023140
2025-11-29 17:10:23,077 - LSTM_BRDWGD - INFO - [EXP] Época 500/500 - Loss: 0.022973
2025-11-29 17:10:23,078 - LSTM_BRDWGD - INFO - Treinamento concluído em 2.86 minutos
2025-11-29 17:10:23,266 - LSTM_BRDWGD - INFO - Calculando erro para o train
2025-11-29 17:10:23,336 - LSTM_BRDWGD - INFO - RMSE: 10.3149
2025-11-29 17:10:23,336 - LSTM_BRDWGD - INFO - MSE : 106.3974
2025-11-29 17:10:23,336 - LSTM_BRDWGD - INFO - MAE : 3.3306
2025-11-29 17:10:23,336 - LSTM_BRDWGD - INFO - CSI (thr=1.0 mm): 0.0855  [TP=163, FP=405, FN=1339]
2025-11-29 17:10:23,336 - LSTM_BRDWGD - INFO - train_pred TRAIN mm min/max: 0.0, 94.23506839989983
2025-11-29 17:10:23,336 - LSTM_BRDWGD - INFO - train_TRUE TRAIN mm min/max: 0.0, 154.39999389648438
2025-11-29 17:10:23,336 - LSTM_BRDWGD - INFO -  Gerando gráficos TRAIN...
2025-11-29 17:10:23,721 - LSTM_BRDWGD - INFO -  Gráficos gerados TRAIN ...
2025-11-29 17:10:23,722 - LSTM_BRDWGD - INFO - Calculando erro para parte de teste
2025-11-29 17:10:23,724 - LSTM_BRDWGD - INFO - RMSE: 14.4576
2025-11-29 17:10:23,724 - LSTM_BRDWGD - INFO - MSE : 209.0232
2025-11-29 17:10:23,724 - LSTM_BRDWGD - INFO - MAE : 5.7381
2025-11-29 17:10:23,724 - LSTM_BRDWGD - INFO - CSI (thr=1.0 mm): 0.0000  [TP=0, FP=5, FN=6]
2025-11-29 17:10:23,724 - LSTM_BRDWGD - INFO - y_pred mm min/max: 0.0, 5.336037852337547
2025-11-29 17:10:23,724 - LSTM_BRDWGD - INFO - y_TRUE mm min/max: 0.0, 55.400001525878906
2025-11-29 17:10:23,724 - LSTM_BRDWGD - INFO -  Gerando gráficos...
2025-11-29 17:10:23,975 - LSTM_BRDWGD - INFO -  Gráficos gerados...
2025-11-29 17:10:23,975 - LSTM_BRDWGD - INFO - ==========================================================================================
2025-11-29 17:10:23,975 - LSTM_BRDWGD - INFO - Execução finalizada com sucesso.
2025-11-29 17:10:23,975 - LSTM_BRDWGD - INFO - Dispositivo utilizado: cuda
2025-11-29 17:10:23,975 - LSTM_BRDWGD - INFO - ==========================================================================================
2025-11-29 17:10:30,348 - BiLSTM_BRDWGD - INFO - ==========================================================================================
2025-11-29 17:10:30,348 - BiLSTM_BRDWGD - INFO - Iniciando script BILSTM (PyTorch) BRDWGD com suporte a GPU e logs detalhados.
2025-11-29 17:10:30,348 - BiLSTM_BRDWGD - INFO - ==========================================================================================
2025-11-29 17:10:30,348 - BiLSTM_BRDWGD - INFO - Iniciando experimento: lookback=30, hidden_dim=32, layers=2, lr=0.001, drop=0.5
2025-11-29 17:10:30,353 - BiLSTM_BRDWGD - INFO - Shape treino: torch.Size([5863, 30, 1]), teste: torch.Size([30, 30, 1])
2025-11-29 17:10:30,355 - BiLSTM_BRDWGD - INFO - Treinando por 500 épocas...
2025-11-29 17:10:31,133 - BiLSTM_BRDWGD - INFO - [EXP] Época 1/500 - Loss: 0.037536
2025-11-29 17:10:51,662 - BiLSTM_BRDWGD - INFO - [EXP] Época 50/500 - Loss: 0.024134
2025-11-29 17:11:12,731 - BiLSTM_BRDWGD - INFO - [EXP] Época 100/500 - Loss: 0.024222
2025-11-29 17:11:34,164 - BiLSTM_BRDWGD - INFO - [EXP] Época 150/500 - Loss: 0.024141
2025-11-29 17:11:55,152 - BiLSTM_BRDWGD - INFO - [EXP] Época 200/500 - Loss: 0.023865
2025-11-29 17:12:15,941 - BiLSTM_BRDWGD - INFO - [EXP] Época 250/500 - Loss: 0.023819
2025-11-29 17:12:36,943 - BiLSTM_BRDWGD - INFO - [EXP] Época 300/500 - Loss: 0.023813
2025-11-29 17:12:57,962 - BiLSTM_BRDWGD - INFO - [EXP] Época 350/500 - Loss: 0.023440
2025-11-29 17:13:19,007 - BiLSTM_BRDWGD - INFO - [EXP] Época 400/500 - Loss: 0.023461
2025-11-29 17:13:40,005 - BiLSTM_BRDWGD - INFO - [EXP] Época 450/500 - Loss: 0.022995
2025-11-29 17:14:00,981 - BiLSTM_BRDWGD - INFO - [EXP] Época 500/500 - Loss: 0.022860
2025-11-29 17:14:00,981 - BiLSTM_BRDWGD - INFO - Treinamento concluído em 3.51 minutos
2025-11-29 17:14:01,043 - BiLSTM_BRDWGD - INFO - Calculando erro para o train
2025-11-29 17:14:01,045 - BiLSTM_BRDWGD - INFO - RMSE: 10.2445
2025-11-29 17:14:01,045 - BiLSTM_BRDWGD - INFO - MSE : 104.9493
2025-11-29 17:14:01,045 - BiLSTM_BRDWGD - INFO - MAE : 3.3214
2025-11-29 17:14:01,045 - BiLSTM_BRDWGD - INFO - CSI (thr=1.0 mm): 0.1010  [TP=200, FP=478, FN=1302]
2025-11-29 17:14:01,045 - BiLSTM_BRDWGD - INFO - train_pred TRAIN mm min/max: 0.0, 70.1193498427193
2025-11-29 17:14:01,046 - BiLSTM_BRDWGD - INFO - train_TRUE TRAIN mm min/max: 0.0, 154.39999389648438
2025-11-29 17:14:01,046 - BiLSTM_BRDWGD - INFO -  Gerando gráficos TRAIN...
2025-11-29 17:14:01,400 - BiLSTM_BRDWGD - INFO -  Gráficos gerados TRAIN ...
2025-11-29 17:14:01,400 - BiLSTM_BRDWGD - INFO - Calculando erro para parte de teste
2025-11-29 17:14:01,403 - BiLSTM_BRDWGD - INFO - RMSE: 15.6354
2025-11-29 17:14:01,403 - BiLSTM_BRDWGD - INFO - MSE : 244.4662
2025-11-29 17:14:01,403 - BiLSTM_BRDWGD - INFO - MAE : 6.6520
2025-11-29 17:14:01,403 - BiLSTM_BRDWGD - INFO - CSI (thr=1.0 mm): 0.0000  [TP=0, FP=5, FN=6]
2025-11-29 17:14:01,403 - BiLSTM_BRDWGD - INFO - y_pred mm min/max: 0.0, 32.66362983463508
2025-11-29 17:14:01,403 - BiLSTM_BRDWGD - INFO - y_TRUE mm min/max: 0.0, 55.400001525878906
2025-11-29 17:14:01,403 - BiLSTM_BRDWGD - INFO -  Gerando gráficos...
2025-11-29 17:14:01,653 - BiLSTM_BRDWGD - INFO -  Gráficos gerados...
2025-11-29 17:14:01,653 - BiLSTM_BRDWGD - INFO - ==========================================================================================
2025-11-29 17:14:01,653 - BiLSTM_BRDWGD - INFO - Execução finalizada com sucesso.
2025-11-29 17:14:01,653 - BiLSTM_BRDWGD - INFO - Dispositivo utilizado: cuda
2025-11-29 17:14:01,653 - BiLSTM_BRDWGD - INFO - ==========================================================================================
2025-11-29 17:14:07,609 - LSTM_BRDWGD - INFO - ==========================================================================================
2025-11-29 17:14:07,609 - LSTM_BRDWGD - INFO - Iniciando script LSTM (PyTorch) BRDWGD com suporte a GPU e logs detalhados.
2025-11-29 17:14:07,609 - LSTM_BRDWGD - INFO - ==========================================================================================
2025-11-29 17:14:07,609 - LSTM_BRDWGD - INFO - Iniciando experimento: lookback=30, hidden_dim=64, layers=2, lr=0.001, drop=0.5
2025-11-29 17:14:07,613 - LSTM_BRDWGD - INFO - Shape treino: torch.Size([5863, 30, 1]), teste: torch.Size([30, 30, 1])
2025-11-29 17:14:07,615 - LSTM_BRDWGD - INFO - Treinando por 500 épocas...
2025-11-29 17:14:07,961 - LSTM_BRDWGD - INFO - [EXP] Época 1/500 - Loss: 0.026588
2025-11-29 17:14:23,759 - LSTM_BRDWGD - INFO - [EXP] Época 50/500 - Loss: 0.024184
2025-11-29 17:14:39,883 - LSTM_BRDWGD - INFO - [EXP] Época 100/500 - Loss: 0.024159
2025-11-29 17:14:55,967 - LSTM_BRDWGD - INFO - [EXP] Época 150/500 - Loss: 0.024313
2025-11-29 17:15:11,944 - LSTM_BRDWGD - INFO - [EXP] Época 200/500 - Loss: 0.023717
2025-11-29 17:15:27,985 - LSTM_BRDWGD - INFO - [EXP] Época 250/500 - Loss: 0.023417
2025-11-29 17:15:44,083 - LSTM_BRDWGD - INFO - [EXP] Época 300/500 - Loss: 0.023326
2025-11-29 17:16:00,246 - LSTM_BRDWGD - INFO - [EXP] Época 350/500 - Loss: 0.023429
2025-11-29 17:16:16,453 - LSTM_BRDWGD - INFO - [EXP] Época 400/500 - Loss: 0.023086
2025-11-29 17:16:32,665 - LSTM_BRDWGD - INFO - [EXP] Época 450/500 - Loss: 0.022951
2025-11-29 17:16:48,882 - LSTM_BRDWGD - INFO - [EXP] Época 500/500 - Loss: 0.023060
2025-11-29 17:16:48,882 - LSTM_BRDWGD - INFO - Treinamento concluído em 2.69 minutos
2025-11-29 17:16:48,925 - LSTM_BRDWGD - INFO - Calculando erro para o train
2025-11-29 17:16:48,928 - LSTM_BRDWGD - INFO - RMSE: 10.2480
2025-11-29 17:16:48,928 - LSTM_BRDWGD - INFO - MSE : 105.0222
2025-11-29 17:16:48,928 - LSTM_BRDWGD - INFO - MAE : 3.3197
2025-11-29 17:16:48,928 - LSTM_BRDWGD - INFO - CSI (thr=1.0 mm): 0.0805  [TP=151, FP=374, FN=1351]
2025-11-29 17:16:48,928 - LSTM_BRDWGD - INFO - train_pred TRAIN mm min/max: 0.0, 69.00095128378734
2025-11-29 17:16:48,928 - LSTM_BRDWGD - INFO - train_TRUE TRAIN mm min/max: 0.0, 154.39999389648438
2025-11-29 17:16:48,928 - LSTM_BRDWGD - INFO -  Gerando gráficos TRAIN...
2025-11-29 17:16:49,344 - LSTM_BRDWGD - INFO -  Gráficos gerados TRAIN ...
2025-11-29 17:16:49,344 - LSTM_BRDWGD - INFO - Calculando erro para parte de teste
2025-11-29 17:16:49,346 - LSTM_BRDWGD - INFO - RMSE: 14.6432
2025-11-29 17:16:49,346 - LSTM_BRDWGD - INFO - MSE : 214.4222
2025-11-29 17:16:49,346 - LSTM_BRDWGD - INFO - MAE : 5.9759
2025-11-29 17:16:49,346 - LSTM_BRDWGD - INFO - CSI (thr=1.0 mm): 0.0909  [TP=1, FP=5, FN=5]
2025-11-29 17:16:49,347 - LSTM_BRDWGD - INFO - y_pred mm min/max: 0.0, 13.658418013120396
2025-11-29 17:16:49,347 - LSTM_BRDWGD - INFO - y_TRUE mm min/max: 0.0, 55.400001525878906
2025-11-29 17:16:49,347 - LSTM_BRDWGD - INFO -  Gerando gráficos...
2025-11-29 17:16:49,658 - LSTM_BRDWGD - INFO -  Gráficos gerados...
2025-11-29 17:16:49,721 - LSTM_BRDWGD - INFO - ==========================================================================================
2025-11-29 17:16:49,721 - LSTM_BRDWGD - INFO - Execução finalizada com sucesso.
2025-11-29 17:16:49,721 - LSTM_BRDWGD - INFO - Dispositivo utilizado: cuda
2025-11-29 17:16:49,721 - LSTM_BRDWGD - INFO - ==========================================================================================
2025-11-29 17:16:55,366 - BiLSTM_BRDWGD - INFO - ==========================================================================================
2025-11-29 17:16:55,366 - BiLSTM_BRDWGD - INFO - Iniciando script BILSTM (PyTorch) BRDWGD com suporte a GPU e logs detalhados.
2025-11-29 17:16:55,366 - BiLSTM_BRDWGD - INFO - ==========================================================================================
2025-11-29 17:16:55,366 - BiLSTM_BRDWGD - INFO - Iniciando experimento: lookback=30, hidden_dim=64, layers=2, lr=0.001, drop=0.5
2025-11-29 17:16:55,374 - BiLSTM_BRDWGD - INFO - Shape treino: torch.Size([5863, 30, 1]), teste: torch.Size([30, 30, 1])
2025-11-29 17:16:55,378 - BiLSTM_BRDWGD - INFO - Treinando por 500 épocas...
2025-11-29 17:16:55,868 - BiLSTM_BRDWGD - INFO - [EXP] Época 1/500 - Loss: 0.027805
2025-11-29 17:17:16,609 - BiLSTM_BRDWGD - INFO - [EXP] Época 50/500 - Loss: 0.024176
2025-11-29 17:17:37,735 - BiLSTM_BRDWGD - INFO - [EXP] Época 100/500 - Loss: 0.024149
2025-11-29 17:17:58,828 - BiLSTM_BRDWGD - INFO - [EXP] Época 150/500 - Loss: 0.023887
2025-11-29 17:18:19,917 - BiLSTM_BRDWGD - INFO - [EXP] Época 200/500 - Loss: 0.023810
2025-11-29 17:18:40,938 - BiLSTM_BRDWGD - INFO - [EXP] Época 250/500 - Loss: 0.023921
2025-11-29 17:19:01,964 - BiLSTM_BRDWGD - INFO - [EXP] Época 300/500 - Loss: 0.023565
2025-11-29 17:19:23,032 - BiLSTM_BRDWGD - INFO - [EXP] Época 350/500 - Loss: 0.023337
2025-11-29 17:19:44,047 - BiLSTM_BRDWGD - INFO - [EXP] Época 400/500 - Loss: 0.023484
2025-11-29 17:20:05,136 - BiLSTM_BRDWGD - INFO - [EXP] Época 450/500 - Loss: 0.022858
2025-11-29 17:20:26,173 - BiLSTM_BRDWGD - INFO - [EXP] Época 500/500 - Loss: 0.022841
2025-11-29 17:20:26,173 - BiLSTM_BRDWGD - INFO - Treinamento concluído em 3.51 minutos
2025-11-29 17:20:26,256 - BiLSTM_BRDWGD - INFO - Calculando erro para o train
2025-11-29 17:20:26,259 - BiLSTM_BRDWGD - INFO - RMSE: 10.2654
2025-11-29 17:20:26,259 - BiLSTM_BRDWGD - INFO - MSE : 105.3785
2025-11-29 17:20:26,259 - BiLSTM_BRDWGD - INFO - MAE : 3.3147
2025-11-29 17:20:26,259 - BiLSTM_BRDWGD - INFO - CSI (thr=1.0 mm): 0.0881  [TP=170, FP=428, FN=1332]
2025-11-29 17:20:26,259 - BiLSTM_BRDWGD - INFO - train_pred TRAIN mm min/max: 0.0, 89.15180586822243
2025-11-29 17:20:26,259 - BiLSTM_BRDWGD - INFO - train_TRUE TRAIN mm min/max: 0.0, 154.39999389648438
2025-11-29 17:20:26,259 - BiLSTM_BRDWGD - INFO -  Gerando gráficos TRAIN...
2025-11-29 17:20:26,624 - BiLSTM_BRDWGD - INFO -  Gráficos gerados TRAIN ...
2025-11-29 17:20:26,624 - BiLSTM_BRDWGD - INFO - Calculando erro para parte de teste
2025-11-29 17:20:26,626 - BiLSTM_BRDWGD - INFO - RMSE: 14.7752
2025-11-29 17:20:26,626 - BiLSTM_BRDWGD - INFO - MSE : 218.3071
2025-11-29 17:20:26,626 - BiLSTM_BRDWGD - INFO - MAE : 6.2128
2025-11-29 17:20:26,626 - BiLSTM_BRDWGD - INFO - CSI (thr=1.0 mm): 0.0000  [TP=0, FP=4, FN=6]
2025-11-29 17:20:26,626 - BiLSTM_BRDWGD - INFO - y_pred mm min/max: 0.0, 16.34805238466951
2025-11-29 17:20:26,627 - BiLSTM_BRDWGD - INFO - y_TRUE mm min/max: 0.0, 55.400001525878906
2025-11-29 17:20:26,627 - BiLSTM_BRDWGD - INFO -  Gerando gráficos...
2025-11-29 17:20:26,894 - BiLSTM_BRDWGD - INFO -  Gráficos gerados...
2025-11-29 17:20:26,894 - BiLSTM_BRDWGD - INFO - ==========================================================================================
2025-11-29 17:20:26,894 - BiLSTM_BRDWGD - INFO - Execução finalizada com sucesso.
2025-11-29 17:20:26,894 - BiLSTM_BRDWGD - INFO - Dispositivo utilizado: cuda
2025-11-29 17:20:26,894 - BiLSTM_BRDWGD - INFO - ==========================================================================================
2025-11-29 17:20:32,842 - LSTM_BRDWGD - INFO - ==========================================================================================
2025-11-29 17:20:32,842 - LSTM_BRDWGD - INFO - Iniciando script LSTM (PyTorch) BRDWGD com suporte a GPU e logs detalhados.
2025-11-29 17:20:32,842 - LSTM_BRDWGD - INFO - ==========================================================================================
2025-11-29 17:20:32,842 - LSTM_BRDWGD - INFO - Iniciando experimento: lookback=30, hidden_dim=128, layers=2, lr=0.001, drop=0.5
2025-11-29 17:20:32,847 - LSTM_BRDWGD - INFO - Shape treino: torch.Size([5863, 30, 1]), teste: torch.Size([30, 30, 1])
2025-11-29 17:20:32,849 - LSTM_BRDWGD - INFO - Treinando por 500 épocas...
2025-11-29 17:20:33,188 - LSTM_BRDWGD - INFO - [EXP] Época 1/500 - Loss: 0.026042
2025-11-29 17:20:49,522 - LSTM_BRDWGD - INFO - [EXP] Época 50/500 - Loss: 0.024155
2025-11-29 17:21:06,234 - LSTM_BRDWGD - INFO - [EXP] Época 100/500 - Loss: 0.024101
2025-11-29 17:21:22,427 - LSTM_BRDWGD - INFO - [EXP] Época 150/500 - Loss: 0.023689
2025-11-29 17:21:38,665 - LSTM_BRDWGD - INFO - [EXP] Época 200/500 - Loss: 0.023348
2025-11-29 17:21:54,910 - LSTM_BRDWGD - INFO - [EXP] Época 250/500 - Loss: 0.023427
2025-11-29 17:22:11,151 - LSTM_BRDWGD - INFO - [EXP] Época 300/500 - Loss: 0.023124
2025-11-29 17:22:27,201 - LSTM_BRDWGD - INFO - [EXP] Época 350/500 - Loss: 0.023050
2025-11-29 17:22:43,592 - LSTM_BRDWGD - INFO - [EXP] Época 400/500 - Loss: 0.022439
2025-11-29 17:23:00,056 - LSTM_BRDWGD - INFO - [EXP] Época 450/500 - Loss: 0.022244
2025-11-29 17:23:16,510 - LSTM_BRDWGD - INFO - [EXP] Época 500/500 - Loss: 0.021353
2025-11-29 17:23:16,510 - LSTM_BRDWGD - INFO - Treinamento concluído em 2.73 minutos
2025-11-29 17:23:16,609 - LSTM_BRDWGD - INFO - Calculando erro para o train
2025-11-29 17:23:16,612 - LSTM_BRDWGD - INFO - RMSE: 10.5198
2025-11-29 17:23:16,612 - LSTM_BRDWGD - INFO - MSE : 110.6659
2025-11-29 17:23:16,612 - LSTM_BRDWGD - INFO - MAE : 3.4120
2025-11-29 17:23:16,612 - LSTM_BRDWGD - INFO - CSI (thr=1.0 mm): 0.0886  [TP=171, FP=429, FN=1331]
2025-11-29 17:23:16,612 - LSTM_BRDWGD - INFO - train_pred TRAIN mm min/max: 0.0, 147.12472027144696
2025-11-29 17:23:16,612 - LSTM_BRDWGD - INFO - train_TRUE TRAIN mm min/max: 0.0, 154.39999389648438
2025-11-29 17:23:16,612 - LSTM_BRDWGD - INFO -  Gerando gráficos TRAIN...
2025-11-29 17:23:16,959 - LSTM_BRDWGD - INFO -  Gráficos gerados TRAIN ...
2025-11-29 17:23:16,959 - LSTM_BRDWGD - INFO - Calculando erro para parte de teste
2025-11-29 17:23:16,962 - LSTM_BRDWGD - INFO - RMSE: 14.8079
2025-11-29 17:23:16,962 - LSTM_BRDWGD - INFO - MSE : 219.2748
2025-11-29 17:23:16,962 - LSTM_BRDWGD - INFO - MAE : 6.3449
2025-11-29 17:23:16,962 - LSTM_BRDWGD - INFO - CSI (thr=1.0 mm): 0.0000  [TP=0, FP=6, FN=6]
2025-11-29 17:23:16,962 - LSTM_BRDWGD - INFO - y_pred mm min/max: 0.0, 17.824800286844667
2025-11-29 17:23:16,962 - LSTM_BRDWGD - INFO - y_TRUE mm min/max: 0.0, 55.400001525878906
2025-11-29 17:23:16,962 - LSTM_BRDWGD - INFO -  Gerando gráficos...
2025-11-29 17:23:17,221 - LSTM_BRDWGD - INFO -  Gráficos gerados...
2025-11-29 17:23:17,221 - LSTM_BRDWGD - INFO - ==========================================================================================
2025-11-29 17:23:17,221 - LSTM_BRDWGD - INFO - Execução finalizada com sucesso.
2025-11-29 17:23:17,221 - LSTM_BRDWGD - INFO - Dispositivo utilizado: cuda
2025-11-29 17:23:17,221 - LSTM_BRDWGD - INFO - ==========================================================================================
2025-11-29 17:23:22,846 - BiLSTM_BRDWGD - INFO - ==========================================================================================
2025-11-29 17:23:22,846 - BiLSTM_BRDWGD - INFO - Iniciando script BILSTM (PyTorch) BRDWGD com suporte a GPU e logs detalhados.
2025-11-29 17:23:22,846 - BiLSTM_BRDWGD - INFO - ==========================================================================================
2025-11-29 17:23:22,846 - BiLSTM_BRDWGD - INFO - Iniciando experimento: lookback=30, hidden_dim=128, layers=2, lr=0.001, drop=0.5
2025-11-29 17:23:22,851 - BiLSTM_BRDWGD - INFO - Shape treino: torch.Size([5863, 30, 1]), teste: torch.Size([30, 30, 1])
2025-11-29 17:23:22,855 - BiLSTM_BRDWGD - INFO - Treinando por 500 épocas...
2025-11-29 17:23:23,328 - BiLSTM_BRDWGD - INFO - [EXP] Época 1/500 - Loss: 0.027763
2025-11-29 17:23:44,662 - BiLSTM_BRDWGD - INFO - [EXP] Época 50/500 - Loss: 0.024147
2025-11-29 17:24:06,421 - BiLSTM_BRDWGD - INFO - [EXP] Época 100/500 - Loss: 0.024064
2025-11-29 17:24:28,191 - BiLSTM_BRDWGD - INFO - [EXP] Época 150/500 - Loss: 0.023977
2025-11-29 17:24:50,026 - BiLSTM_BRDWGD - INFO - [EXP] Época 200/500 - Loss: 0.024029
2025-11-29 17:25:11,877 - BiLSTM_BRDWGD - INFO - [EXP] Época 250/500 - Loss: 0.023821
2025-11-29 17:25:33,753 - BiLSTM_BRDWGD - INFO - [EXP] Época 300/500 - Loss: 0.023883
2025-11-29 17:25:55,546 - BiLSTM_BRDWGD - INFO - [EXP] Época 350/500 - Loss: 0.023381
2025-11-29 17:26:17,284 - BiLSTM_BRDWGD - INFO - [EXP] Época 400/500 - Loss: 0.023409
2025-11-29 17:26:39,017 - BiLSTM_BRDWGD - INFO - [EXP] Época 450/500 - Loss: 0.023054
2025-11-29 17:27:00,813 - BiLSTM_BRDWGD - INFO - [EXP] Época 500/500 - Loss: 0.022543
2025-11-29 17:27:00,813 - BiLSTM_BRDWGD - INFO - Treinamento concluído em 3.63 minutos
2025-11-29 17:27:00,997 - BiLSTM_BRDWGD - INFO - Calculando erro para o train
2025-11-29 17:27:01,000 - BiLSTM_BRDWGD - INFO - RMSE: 10.3238
2025-11-29 17:27:01,000 - BiLSTM_BRDWGD - INFO - MSE : 106.5811
2025-11-29 17:27:01,000 - BiLSTM_BRDWGD - INFO - MAE : 3.3410
2025-11-29 17:27:01,000 - BiLSTM_BRDWGD - INFO - CSI (thr=1.0 mm): 0.0850  [TP=160, FP=381, FN=1342]
2025-11-29 17:27:01,000 - BiLSTM_BRDWGD - INFO - train_pred TRAIN mm min/max: 0.0, 95.38972660962415
2025-11-29 17:27:01,001 - BiLSTM_BRDWGD - INFO - train_TRUE TRAIN mm min/max: 0.0, 154.39999389648438
2025-11-29 17:27:01,001 - BiLSTM_BRDWGD - INFO -  Gerando gráficos TRAIN...
2025-11-29 17:27:01,348 - BiLSTM_BRDWGD - INFO -  Gráficos gerados TRAIN ...
2025-11-29 17:27:01,348 - BiLSTM_BRDWGD - INFO - Calculando erro para parte de teste
2025-11-29 17:27:01,350 - BiLSTM_BRDWGD - INFO - RMSE: 14.9056
2025-11-29 17:27:01,350 - BiLSTM_BRDWGD - INFO - MSE : 222.1758
2025-11-29 17:27:01,350 - BiLSTM_BRDWGD - INFO - MAE : 6.3827
2025-11-29 17:27:01,350 - BiLSTM_BRDWGD - INFO - CSI (thr=1.0 mm): 0.0000  [TP=0, FP=5, FN=6]
2025-11-29 17:27:01,350 - BiLSTM_BRDWGD - INFO - y_pred mm min/max: 0.019836243714578053, 17.278367809551707
2025-11-29 17:27:01,350 - BiLSTM_BRDWGD - INFO - y_TRUE mm min/max: 0.0, 55.400001525878906
2025-11-29 17:27:01,351 - BiLSTM_BRDWGD - INFO -  Gerando gráficos...
2025-11-29 17:27:01,617 - BiLSTM_BRDWGD - INFO -  Gráficos gerados...
2025-11-29 17:27:01,617 - BiLSTM_BRDWGD - INFO - ==========================================================================================
2025-11-29 17:27:01,617 - BiLSTM_BRDWGD - INFO - Execução finalizada com sucesso.
2025-11-29 17:27:01,617 - BiLSTM_BRDWGD - INFO - Dispositivo utilizado: cuda
2025-11-29 17:27:01,617 - BiLSTM_BRDWGD - INFO - ==========================================================================================
2025-11-29 17:27:07,509 - LSTM_BRDWGD - INFO - ==========================================================================================
2025-11-29 17:27:07,510 - LSTM_BRDWGD - INFO - Iniciando script LSTM (PyTorch) BRDWGD com suporte a GPU e logs detalhados.
2025-11-29 17:27:07,510 - LSTM_BRDWGD - INFO - ==========================================================================================
2025-11-29 17:27:07,510 - LSTM_BRDWGD - INFO - Iniciando experimento: lookback=30, hidden_dim=256, layers=2, lr=0.001, drop=0.5
2025-11-29 17:27:07,514 - LSTM_BRDWGD - INFO - Shape treino: torch.Size([5863, 30, 1]), teste: torch.Size([30, 30, 1])
2025-11-29 17:27:07,519 - LSTM_BRDWGD - INFO - Treinando por 500 épocas...
2025-11-29 17:27:08,137 - LSTM_BRDWGD - INFO - [EXP] Época 1/500 - Loss: 0.026515
2025-11-29 17:27:34,194 - LSTM_BRDWGD - INFO - [EXP] Época 50/500 - Loss: 0.024145
2025-11-29 17:28:00,767 - LSTM_BRDWGD - INFO - [EXP] Época 100/500 - Loss: 0.024140
2025-11-29 17:28:27,182 - LSTM_BRDWGD - INFO - [EXP] Época 150/500 - Loss: 0.025487
2025-11-29 17:28:53,584 - LSTM_BRDWGD - INFO - [EXP] Época 200/500 - Loss: 0.024578
2025-11-29 17:29:19,989 - LSTM_BRDWGD - INFO - [EXP] Época 250/500 - Loss: 0.024407
2025-11-29 17:29:46,409 - LSTM_BRDWGD - INFO - [EXP] Época 300/500 - Loss: 0.024443
2025-11-29 17:30:12,867 - LSTM_BRDWGD - INFO - [EXP] Época 350/500 - Loss: 0.024101
2025-11-29 17:30:39,318 - LSTM_BRDWGD - INFO - [EXP] Época 400/500 - Loss: 0.023928
2025-11-29 17:31:05,724 - LSTM_BRDWGD - INFO - [EXP] Época 450/500 - Loss: 0.024174
2025-11-29 17:31:32,124 - LSTM_BRDWGD - INFO - [EXP] Época 500/500 - Loss: 0.023897
2025-11-29 17:31:32,124 - LSTM_BRDWGD - INFO - Treinamento concluído em 4.41 minutos
2025-11-29 17:31:32,256 - LSTM_BRDWGD - INFO - Calculando erro para o train
2025-11-29 17:31:32,258 - LSTM_BRDWGD - INFO - RMSE: 10.0817
2025-11-29 17:31:32,259 - LSTM_BRDWGD - INFO - MSE : 101.6413
2025-11-29 17:31:32,259 - LSTM_BRDWGD - INFO - MAE : 3.2255
2025-11-29 17:31:32,259 - LSTM_BRDWGD - INFO - CSI (thr=1.0 mm): 0.0783  [TP=144, FP=337, FN=1358]
2025-11-29 17:31:32,259 - LSTM_BRDWGD - INFO - train_pred TRAIN mm min/max: 0.0, 49.52279604816396
2025-11-29 17:31:32,259 - LSTM_BRDWGD - INFO - train_TRUE TRAIN mm min/max: 0.0, 154.39999389648438
2025-11-29 17:31:32,259 - LSTM_BRDWGD - INFO -  Gerando gráficos TRAIN...
2025-11-29 17:31:32,718 - LSTM_BRDWGD - INFO -  Gráficos gerados TRAIN ...
2025-11-29 17:31:32,718 - LSTM_BRDWGD - INFO - Calculando erro para parte de teste
2025-11-29 17:31:32,720 - LSTM_BRDWGD - INFO - RMSE: 14.5047
2025-11-29 17:31:32,720 - LSTM_BRDWGD - INFO - MSE : 210.3850
2025-11-29 17:31:32,720 - LSTM_BRDWGD - INFO - MAE : 5.8082
2025-11-29 17:31:32,720 - LSTM_BRDWGD - INFO - CSI (thr=1.0 mm): 0.0000  [TP=0, FP=4, FN=6]
2025-11-29 17:31:32,720 - LSTM_BRDWGD - INFO - y_pred mm min/max: 0.0, 8.81167722957632
2025-11-29 17:31:32,721 - LSTM_BRDWGD - INFO - y_TRUE mm min/max: 0.0, 55.400001525878906
2025-11-29 17:31:32,721 - LSTM_BRDWGD - INFO -  Gerando gráficos...
2025-11-29 17:31:32,998 - LSTM_BRDWGD - INFO -  Gráficos gerados...
2025-11-29 17:31:32,998 - LSTM_BRDWGD - INFO - ==========================================================================================
2025-11-29 17:31:32,998 - LSTM_BRDWGD - INFO - Execução finalizada com sucesso.
2025-11-29 17:31:32,998 - LSTM_BRDWGD - INFO - Dispositivo utilizado: cuda
2025-11-29 17:31:32,998 - LSTM_BRDWGD - INFO - ==========================================================================================
2025-11-29 17:31:38,652 - BiLSTM_BRDWGD - INFO - ==========================================================================================
2025-11-29 17:31:38,652 - BiLSTM_BRDWGD - INFO - Iniciando script BILSTM (PyTorch) BRDWGD com suporte a GPU e logs detalhados.
2025-11-29 17:31:38,652 - BiLSTM_BRDWGD - INFO - ==========================================================================================
2025-11-29 17:31:38,652 - BiLSTM_BRDWGD - INFO - Iniciando experimento: lookback=30, hidden_dim=256, layers=2, lr=0.001, drop=0.5
2025-11-29 17:31:38,656 - BiLSTM_BRDWGD - INFO - Shape treino: torch.Size([5863, 30, 1]), teste: torch.Size([30, 30, 1])
2025-11-29 17:31:38,668 - BiLSTM_BRDWGD - INFO - Treinando por 500 épocas...
2025-11-29 17:31:39,531 - BiLSTM_BRDWGD - INFO - [EXP] Época 1/500 - Loss: 0.028198
2025-11-29 17:32:21,094 - BiLSTM_BRDWGD - INFO - [EXP] Época 50/500 - Loss: 0.024225
2025-11-29 17:33:03,519 - BiLSTM_BRDWGD - INFO - [EXP] Época 100/500 - Loss: 0.024040
2025-11-29 17:33:45,931 - BiLSTM_BRDWGD - INFO - [EXP] Época 150/500 - Loss: 0.024667
2025-11-29 17:34:28,189 - BiLSTM_BRDWGD - INFO - [EXP] Época 200/500 - Loss: 0.023860
2025-11-29 17:35:10,403 - BiLSTM_BRDWGD - INFO - [EXP] Época 250/500 - Loss: 0.024049
2025-11-29 17:35:53,251 - BiLSTM_BRDWGD - INFO - [EXP] Época 300/500 - Loss: 0.023943
2025-11-29 17:36:36,199 - BiLSTM_BRDWGD - INFO - [EXP] Época 350/500 - Loss: 0.024395
2025-11-29 17:37:19,098 - BiLSTM_BRDWGD - INFO - [EXP] Época 400/500 - Loss: 0.024070
2025-11-29 17:38:01,973 - BiLSTM_BRDWGD - INFO - [EXP] Época 450/500 - Loss: 0.024060
2025-11-29 17:38:44,826 - BiLSTM_BRDWGD - INFO - [EXP] Época 500/500 - Loss: 0.023914
2025-11-29 17:38:44,826 - BiLSTM_BRDWGD - INFO - Treinamento concluído em 7.10 minutos
2025-11-29 17:38:45,073 - BiLSTM_BRDWGD - INFO - Calculando erro para o train
2025-11-29 17:38:45,076 - BiLSTM_BRDWGD - INFO - RMSE: 10.0560
2025-11-29 17:38:45,076 - BiLSTM_BRDWGD - INFO - MSE : 101.1235
2025-11-29 17:38:45,076 - BiLSTM_BRDWGD - INFO - MAE : 3.1991
2025-11-29 17:38:45,076 - BiLSTM_BRDWGD - INFO - CSI (thr=1.0 mm): 0.1031  [TP=206, FP=496, FN=1296]
2025-11-29 17:38:45,076 - BiLSTM_BRDWGD - INFO - train_pred TRAIN mm min/max: 0.0, 35.167308105583515
2025-11-29 17:38:45,076 - BiLSTM_BRDWGD - INFO - train_TRUE TRAIN mm min/max: 0.0, 154.39999389648438
2025-11-29 17:38:45,076 - BiLSTM_BRDWGD - INFO -  Gerando gráficos TRAIN...
2025-11-29 17:38:45,418 - BiLSTM_BRDWGD - INFO -  Gráficos gerados TRAIN ...
2025-11-29 17:38:45,418 - BiLSTM_BRDWGD - INFO - Calculando erro para parte de teste
2025-11-29 17:38:45,420 - BiLSTM_BRDWGD - INFO - RMSE: 14.4347
2025-11-29 17:38:45,420 - BiLSTM_BRDWGD - INFO - MSE : 208.3598
2025-11-29 17:38:45,420 - BiLSTM_BRDWGD - INFO - MAE : 5.5011
2025-11-29 17:38:45,420 - BiLSTM_BRDWGD - INFO - CSI (thr=1.0 mm): 0.0000  [TP=0, FP=4, FN=6]
2025-11-29 17:38:45,421 - BiLSTM_BRDWGD - INFO - y_pred mm min/max: 0.0, 2.9721824086482487
2025-11-29 17:38:45,421 - BiLSTM_BRDWGD - INFO - y_TRUE mm min/max: 0.0, 55.400001525878906
2025-11-29 17:38:45,421 - BiLSTM_BRDWGD - INFO -  Gerando gráficos...
2025-11-29 17:38:45,672 - BiLSTM_BRDWGD - INFO -  Gráficos gerados...
2025-11-29 17:38:45,672 - BiLSTM_BRDWGD - INFO - ==========================================================================================
2025-11-29 17:38:45,672 - BiLSTM_BRDWGD - INFO - Execução finalizada com sucesso.
2025-11-29 17:38:45,672 - BiLSTM_BRDWGD - INFO - Dispositivo utilizado: cuda
2025-11-29 17:38:45,672 - BiLSTM_BRDWGD - INFO - ==========================================================================================
2025-11-29 17:38:51,603 - ARIMA_BRDWGD - INFO - ==========================================================================================
2025-11-29 17:38:51,603 - ARIMA_BRDWGD - INFO - Iniciando script ARIMA BRDWGD.
2025-11-29 17:38:51,603 - ARIMA_BRDWGD - INFO - ==========================================================================================
2025-11-29 17:38:51,603 - ARIMA_BRDWGD - INFO - Tamanho treino: 5894 | teste: 30
2025-11-29 17:38:51,603 - ARIMA_BRDWGD - INFO - [FASE 4] Iniciando busca manual por hiperparâmetros (AIC).
2025-11-29 17:50:57,063 - ARIMA_BRDWGD - INFO - Melhor order encontrado: (30, 0, 0)
2025-11-29 17:50:57,063 - ARIMA_BRDWGD - INFO - Melhor AIC (treino): -16095.51
2025-11-29 17:50:57,063 - ARIMA_BRDWGD - INFO - Tempo da Fase 4: 725.46s
2025-11-29 17:50:57,063 - ARIMA_BRDWGD - INFO - [FASE 5] Reajustando melhor modelo no conjunto de treino.
2025-11-29 17:51:49,063 - ARIMA_BRDWGD - INFO - Melhor modelo ajustado no treino.
2025-11-29 17:51:49,063 - ARIMA_BRDWGD - INFO - Tempo da Fase 5: 52.00s
2025-11-29 17:51:49,063 - ARIMA_BRDWGD - INFO - [FASE 6] Gerando previsões no conjunto de teste e avaliando métricas.
2025-11-29 17:51:49,081 - ARIMA_BRDWGD - INFO - RMSE: 9.4854
2025-11-29 17:51:49,081 - ARIMA_BRDWGD - INFO - MSE : 89.9731
2025-11-29 17:51:49,081 - ARIMA_BRDWGD - INFO - MAE : 4.5144
2025-11-29 17:51:49,081 - ARIMA_BRDWGD - INFO - CSI (thr=1.0 mm): 0.2587  [TP=1521, FP=4354, FN=4]
2025-11-29 17:51:49,081 - ARIMA_BRDWGD - INFO - [TREINO] RMSE=9.4854 | MSE=89.9731 | MAE=4.5144 | CSI=0.2587
2025-11-29 17:51:49,097 - ARIMA_BRDWGD - INFO - RMSE: 13.3585
2025-11-29 17:51:49,097 - ARIMA_BRDWGD - INFO - MSE : 178.4498
2025-11-29 17:51:49,097 - ARIMA_BRDWGD - INFO - MAE : 7.4102
2025-11-29 17:51:49,097 - ARIMA_BRDWGD - INFO - CSI (thr=1.0 mm): 0.2000  [TP=6, FP=24, FN=0]
2025-11-29 17:51:49,097 - ARIMA_BRDWGD - INFO - Tempo total da Fase 6: 0.03s
2025-11-29 17:51:49,097 - ARIMA_BRDWGD - INFO - [FASE 7] Salvando gráfico de previsão vs. observado.
2025-11-29 17:51:49,682 - ARIMA_BRDWGD - INFO - Gráfico salvo como 'arimaBRDWGD_result.png'.
2025-11-29 17:51:49,682 - ARIMA_BRDWGD - INFO - ==========================================================================================
2025-11-29 17:51:49,682 - ARIMA_BRDWGD - INFO - Execução ARIMA BRDWGD finalizada com sucesso.
2025-11-29 17:51:49,682 - ARIMA_BRDWGD - INFO - Tempo total de execução: 778.08s
2025-11-29 17:51:49,682 - ARIMA_BRDWGD - INFO - ==========================================================================================
2025-11-29 17:51:55,440 - RANDOM_FOREST_BRDWGD - INFO - ====================================================================================================
2025-11-29 17:51:55,440 - RANDOM_FOREST_BRDWGD - INFO - Iniciando Random Forest BRDWGD com GridSearchCV.
2025-11-29 17:51:55,440 - RANDOM_FOREST_BRDWGD - INFO - ====================================================================================================
2025-11-29 17:51:55,440 - RANDOM_FOREST_BRDWGD - INFO - [FASE 3] Split treino/teste e preparação.
2025-11-29 17:51:55,443 - RANDOM_FOREST_BRDWGD - INFO - [FASE 3] Treino: X=(5864, 30), y=5864 | Teste: X=(30, 30), y=30
2025-11-29 17:51:55,443 - RANDOM_FOREST_BRDWGD - INFO - [FASE 3] Tempo: 0.00s
2025-11-29 17:51:55,443 - RANDOM_FOREST_BRDWGD - INFO - [FASE 4] Iniciando GridSearchCV (TimeSeriesSplit).
2025-11-29 17:53:34,673 - RANDOM_FOREST_BRDWGD - INFO - [FASE 4] GridSearchCV concluído em 96.82s
2025-11-29 17:53:34,695 - RANDOM_FOREST_BRDWGD - INFO - [FASE 4] Melhores parâmetros: {'max_depth': None, 'max_features': 'sqrt', 'min_samples_leaf': 4, 'min_samples_split': 10, 'n_estimators': 200}
2025-11-29 17:53:34,711 - RANDOM_FOREST_BRDWGD - INFO - [FASE 4] Melhor score (neg_MSE): -98.818296
2025-11-29 17:53:34,711 - RANDOM_FOREST_BRDWGD - INFO - [FASE 4] Tempo: 99.27s
2025-11-29 17:53:34,711 - RANDOM_FOREST_BRDWGD - INFO - [FASE 5] Treinando best_estimator_ no conjunto de treino.
2025-11-29 17:53:35,600 - RANDOM_FOREST_BRDWGD - INFO - [FASE 5] Tempo: 0.89s
2025-11-29 17:53:35,600 - RANDOM_FOREST_BRDWGD - INFO - [FASE 6] Previsão e cálculo de métricas.
2025-11-29 17:53:35,654 - RANDOM_FOREST_BRDWGD - INFO - RMSE: 7.5402
2025-11-29 17:53:35,654 - RANDOM_FOREST_BRDWGD - INFO - MSE : 56.8553
2025-11-29 17:53:35,654 - RANDOM_FOREST_BRDWGD - INFO - MAE : 3.4162
2025-11-29 17:53:35,654 - RANDOM_FOREST_BRDWGD - INFO - CSI (thr=1.0 mm): 0.3223  [TP=1491, FP=3115, FN=20]
2025-11-29 17:53:35,654 - RANDOM_FOREST_BRDWGD - INFO - [TREINO] RMSE=7.5402 | MSE=56.8553 | MAE=3.4162 | CSI=0.3223
2025-11-29 17:53:35,678 - RANDOM_FOREST_BRDWGD - INFO - y_pred raw min/max: 1.993143407697288, 10.419484206937065
2025-11-29 17:53:35,678 - RANDOM_FOREST_BRDWGD - INFO - y_TRUE raw min/max: 0.0, 55.400001525878906
2025-11-29 17:53:35,679 - RANDOM_FOREST_BRDWGD - INFO - RMSE: 12.8944
2025-11-29 17:53:35,679 - RANDOM_FOREST_BRDWGD - INFO - MSE : 166.2649
2025-11-29 17:53:35,679 - RANDOM_FOREST_BRDWGD - INFO - MAE : 7.6742
2025-11-29 17:53:35,679 - RANDOM_FOREST_BRDWGD - INFO - CSI (thr=1.0 mm): 0.2000  [TP=6, FP=24, FN=0]
2025-11-29 17:53:35,679 - RANDOM_FOREST_BRDWGD - INFO - [FASE 7] Gerando gráficos.
2025-11-29 17:54:09,523 - RANDOM_FOREST_BRDWGD - INFO - Gráfico salvo como 'random_forest_BRDWGD.png'.
2025-11-29 17:54:09,523 - RANDOM_FOREST_BRDWGD - INFO - [FASE 7] Tempo: 33.84s
2025-11-29 17:54:09,523 - RANDOM_FOREST_BRDWGD - INFO - ====================================================================================================
2025-11-29 17:54:09,523 - RANDOM_FOREST_BRDWGD - INFO - Resumo Final
2025-11-29 17:54:09,523 - RANDOM_FOREST_BRDWGD - INFO - Melhores parâmetros: {'max_depth': None, 'max_features': 'sqrt', 'min_samples_leaf': 4, 'min_samples_split': 10, 'n_estimators': 200}
2025-11-29 17:54:09,523 - RANDOM_FOREST_BRDWGD - INFO - Tempo total de execução: 134.08s
2025-11-29 17:54:09,524 - RANDOM_FOREST_BRDWGD - INFO - ====================================================================================================
2025-11-29 17:54:18,496 - LSTM_BRDWGD - INFO - ==========================================================================================
2025-11-29 17:54:18,496 - LSTM_BRDWGD - INFO - Iniciando script LSTM (PyTorch) BRDWGD com suporte a GPU e logs detalhados.
2025-11-29 17:54:18,496 - LSTM_BRDWGD - INFO - ==========================================================================================
2025-11-29 17:54:18,496 - LSTM_BRDWGD - INFO - Iniciando experimento: lookback=30, hidden_dim=32, layers=2, lr=0.001, drop=0.5
2025-11-29 17:54:19,708 - LSTM_BRDWGD - INFO - Shape treino: torch.Size([5863, 30, 1]), teste: torch.Size([30, 30, 1])
2025-11-29 17:54:20,487 - LSTM_BRDWGD - INFO - Treinando por 500 épocas...
2025-11-29 17:54:25,618 - LSTM_BRDWGD - INFO - [EXP] Época 1/500 - Loss: 0.032353
2025-11-29 17:54:41,593 - LSTM_BRDWGD - INFO - [EXP] Época 50/500 - Loss: 0.024281
2025-11-29 17:54:57,804 - LSTM_BRDWGD - INFO - [EXP] Época 100/500 - Loss: 0.024369
2025-11-29 17:55:14,399 - LSTM_BRDWGD - INFO - [EXP] Época 150/500 - Loss: 0.024265
2025-11-29 17:55:30,907 - LSTM_BRDWGD - INFO - [EXP] Época 200/500 - Loss: 0.024099
2025-11-29 17:55:47,245 - LSTM_BRDWGD - INFO - [EXP] Época 250/500 - Loss: 0.024364
2025-11-29 17:56:03,532 - LSTM_BRDWGD - INFO - [EXP] Época 300/500 - Loss: 0.023711
2025-11-29 17:56:19,953 - LSTM_BRDWGD - INFO - [EXP] Época 350/500 - Loss: 0.023564
2025-11-29 17:56:36,262 - LSTM_BRDWGD - INFO - [EXP] Época 400/500 - Loss: 0.023340
2025-11-29 17:56:52,725 - LSTM_BRDWGD - INFO - [EXP] Época 450/500 - Loss: 0.023435
2025-11-29 17:57:08,852 - LSTM_BRDWGD - INFO - [EXP] Época 500/500 - Loss: 0.023226
2025-11-29 17:57:08,852 - LSTM_BRDWGD - INFO - Treinamento concluído em 2.81 minutos
2025-11-29 17:57:09,022 - LSTM_BRDWGD - INFO - Calculando erro para o train
2025-11-29 17:57:09,158 - LSTM_BRDWGD - INFO - RMSE: 10.2194
2025-11-29 17:57:09,158 - LSTM_BRDWGD - INFO - MSE : 104.4362
2025-11-29 17:57:09,158 - LSTM_BRDWGD - INFO - MAE : 3.2979
2025-11-29 17:57:09,158 - LSTM_BRDWGD - INFO - CSI (thr=1.0 mm): 0.0907  [TP=173, FP=405, FN=1329]
2025-11-29 17:57:09,158 - LSTM_BRDWGD - INFO - train_pred TRAIN mm min/max: 0.0, 71.79329410716686
2025-11-29 17:57:09,158 - LSTM_BRDWGD - INFO - train_TRUE TRAIN mm min/max: 0.0, 154.39999389648438
2025-11-29 17:57:09,158 - LSTM_BRDWGD - INFO -  Gerando gráficos TRAIN...
2025-11-29 17:57:09,897 - LSTM_BRDWGD - INFO -  Gráficos gerados TRAIN ...
2025-11-29 17:57:09,907 - LSTM_BRDWGD - INFO - Calculando erro para parte de teste
2025-11-29 17:57:09,909 - LSTM_BRDWGD - INFO - RMSE: 14.6141
2025-11-29 17:57:09,909 - LSTM_BRDWGD - INFO - MSE : 213.5724
2025-11-29 17:57:09,909 - LSTM_BRDWGD - INFO - MAE : 6.0223
2025-11-29 17:57:09,909 - LSTM_BRDWGD - INFO - CSI (thr=1.0 mm): 0.0000  [TP=0, FP=5, FN=6]
2025-11-29 17:57:09,909 - LSTM_BRDWGD - INFO - y_pred mm min/max: 0.0, 12.568876476400563
2025-11-29 17:57:09,909 - LSTM_BRDWGD - INFO - y_TRUE mm min/max: 0.0, 55.400001525878906
2025-11-29 17:57:09,909 - LSTM_BRDWGD - INFO -  Gerando gráficos...
2025-11-29 17:57:10,401 - LSTM_BRDWGD - INFO -  Gráficos gerados...
2025-11-29 17:57:10,401 - LSTM_BRDWGD - INFO - ==========================================================================================
2025-11-29 17:57:10,401 - LSTM_BRDWGD - INFO - Execução finalizada com sucesso.
2025-11-29 17:57:10,401 - LSTM_BRDWGD - INFO - Dispositivo utilizado: cuda
2025-11-29 17:57:10,401 - LSTM_BRDWGD - INFO - ==========================================================================================
2025-11-29 17:57:16,341 - BiLSTM_BRDWGD - INFO - ==========================================================================================
2025-11-29 17:57:16,341 - BiLSTM_BRDWGD - INFO - Iniciando script BILSTM (PyTorch) BRDWGD com suporte a GPU e logs detalhados.
2025-11-29 17:57:16,341 - BiLSTM_BRDWGD - INFO - ==========================================================================================
2025-11-29 17:57:16,341 - BiLSTM_BRDWGD - INFO - Iniciando experimento: lookback=30, hidden_dim=32, layers=2, lr=0.001, drop=0.5
2025-11-29 17:57:16,352 - BiLSTM_BRDWGD - INFO - Shape treino: torch.Size([5863, 30, 1]), teste: torch.Size([30, 30, 1])
2025-11-29 17:57:16,360 - BiLSTM_BRDWGD - INFO - Treinando por 500 épocas...
2025-11-29 17:57:17,067 - BiLSTM_BRDWGD - INFO - [EXP] Época 1/500 - Loss: 0.030947
2025-11-29 17:57:37,996 - BiLSTM_BRDWGD - INFO - [EXP] Época 50/500 - Loss: 0.024074
2025-11-29 17:57:59,118 - BiLSTM_BRDWGD - INFO - [EXP] Época 100/500 - Loss: 0.024101
2025-11-29 17:58:20,295 - BiLSTM_BRDWGD - INFO - [EXP] Época 150/500 - Loss: 0.023988
2025-11-29 17:58:41,977 - BiLSTM_BRDWGD - INFO - [EXP] Época 200/500 - Loss: 0.023800
2025-11-29 17:59:03,676 - BiLSTM_BRDWGD - INFO - [EXP] Época 250/500 - Loss: 0.023516
2025-11-29 17:59:24,800 - BiLSTM_BRDWGD - INFO - [EXP] Época 300/500 - Loss: 0.023289
2025-11-29 17:59:46,289 - BiLSTM_BRDWGD - INFO - [EXP] Época 350/500 - Loss: 0.023163
2025-11-29 18:00:06,875 - BiLSTM_BRDWGD - INFO - [EXP] Época 400/500 - Loss: 0.022398
2025-11-29 18:00:27,469 - BiLSTM_BRDWGD - INFO - [EXP] Época 450/500 - Loss: 0.022224
2025-11-29 18:00:48,026 - BiLSTM_BRDWGD - INFO - [EXP] Época 500/500 - Loss: 0.022175
2025-11-29 18:00:48,026 - BiLSTM_BRDWGD - INFO - Treinamento concluído em 3.53 minutos
2025-11-29 18:00:48,281 - BiLSTM_BRDWGD - INFO - Calculando erro para o train
2025-11-29 18:00:48,323 - BiLSTM_BRDWGD - INFO - RMSE: 10.6151
2025-11-29 18:00:48,323 - BiLSTM_BRDWGD - INFO - MSE : 112.6810
2025-11-29 18:00:48,323 - BiLSTM_BRDWGD - INFO - MAE : 3.3759
2025-11-29 18:00:48,323 - BiLSTM_BRDWGD - INFO - CSI (thr=1.0 mm): 0.0783  [TP=147, FP=376, FN=1355]
2025-11-29 18:00:48,323 - BiLSTM_BRDWGD - INFO - train_pred TRAIN mm min/max: 0.0, 182.55276425554226
2025-11-29 18:00:48,323 - BiLSTM_BRDWGD - INFO - train_TRUE TRAIN mm min/max: 0.0, 154.39999389648438
2025-11-29 18:00:48,323 - BiLSTM_BRDWGD - INFO -  Gerando gráficos TRAIN...
2025-11-29 18:00:49,124 - BiLSTM_BRDWGD - INFO -  Gráficos gerados TRAIN ...
2025-11-29 18:00:49,124 - BiLSTM_BRDWGD - INFO - Calculando erro para parte de teste
2025-11-29 18:00:49,126 - BiLSTM_BRDWGD - INFO - RMSE: 14.4168
2025-11-29 18:00:49,126 - BiLSTM_BRDWGD - INFO - MSE : 207.8453
2025-11-29 18:00:49,127 - BiLSTM_BRDWGD - INFO - MAE : 5.3662
2025-11-29 18:00:49,127 - BiLSTM_BRDWGD - INFO - CSI (thr=1.0 mm): 0.0000  [TP=0, FP=1, FN=6]
2025-11-29 18:00:49,127 - BiLSTM_BRDWGD - INFO - y_pred mm min/max: 0.0, 2.8374698108857035
2025-11-29 18:00:49,127 - BiLSTM_BRDWGD - INFO - y_TRUE mm min/max: 0.0, 55.400001525878906
2025-11-29 18:00:49,127 - BiLSTM_BRDWGD - INFO -  Gerando gráficos...
2025-11-29 18:00:49,613 - BiLSTM_BRDWGD - INFO -  Gráficos gerados...
2025-11-29 18:00:49,613 - BiLSTM_BRDWGD - INFO - ==========================================================================================
2025-11-29 18:00:49,613 - BiLSTM_BRDWGD - INFO - Execução finalizada com sucesso.
2025-11-29 18:00:49,613 - BiLSTM_BRDWGD - INFO - Dispositivo utilizado: cuda
2025-11-29 18:00:49,613 - BiLSTM_BRDWGD - INFO - ==========================================================================================
2025-11-29 18:00:57,107 - LSTM_BRDWGD - INFO - ==========================================================================================
2025-11-29 18:00:57,108 - LSTM_BRDWGD - INFO - Iniciando script LSTM (PyTorch) BRDWGD com suporte a GPU e logs detalhados.
2025-11-29 18:00:57,108 - LSTM_BRDWGD - INFO - ==========================================================================================
2025-11-29 18:00:57,108 - LSTM_BRDWGD - INFO - Iniciando experimento: lookback=30, hidden_dim=64, layers=2, lr=0.001, drop=0.5
2025-11-29 18:00:57,203 - LSTM_BRDWGD - INFO - Shape treino: torch.Size([5863, 30, 1]), teste: torch.Size([30, 30, 1])
2025-11-29 18:00:57,333 - LSTM_BRDWGD - INFO - Treinando por 500 épocas...
2025-11-29 18:00:57,760 - LSTM_BRDWGD - INFO - [EXP] Época 1/500 - Loss: 0.028125
2025-11-29 18:01:13,863 - LSTM_BRDWGD - INFO - [EXP] Época 50/500 - Loss: 0.024240
2025-11-29 18:01:30,308 - LSTM_BRDWGD - INFO - [EXP] Época 100/500 - Loss: 0.024117
2025-11-29 18:01:46,710 - LSTM_BRDWGD - INFO - [EXP] Época 150/500 - Loss: 0.024124
2025-11-29 18:02:03,154 - LSTM_BRDWGD - INFO - [EXP] Época 200/500 - Loss: 0.024099
2025-11-29 18:02:19,630 - LSTM_BRDWGD - INFO - [EXP] Época 250/500 - Loss: 0.023649
2025-11-29 18:02:36,211 - LSTM_BRDWGD - INFO - [EXP] Época 300/500 - Loss: 0.023491
2025-11-29 18:02:52,625 - LSTM_BRDWGD - INFO - [EXP] Época 350/500 - Loss: 0.023950
2025-11-29 18:03:09,061 - LSTM_BRDWGD - INFO - [EXP] Época 400/500 - Loss: 0.023319
2025-11-29 18:03:25,470 - LSTM_BRDWGD - INFO - [EXP] Época 450/500 - Loss: 0.022995
2025-11-29 18:03:41,870 - LSTM_BRDWGD - INFO - [EXP] Época 500/500 - Loss: 0.022361
2025-11-29 18:03:41,870 - LSTM_BRDWGD - INFO - Treinamento concluído em 2.74 minutos
2025-11-29 18:03:41,915 - LSTM_BRDWGD - INFO - Calculando erro para o train
2025-11-29 18:03:41,917 - LSTM_BRDWGD - INFO - RMSE: 10.2993
2025-11-29 18:03:41,917 - LSTM_BRDWGD - INFO - MSE : 106.0752
2025-11-29 18:03:41,917 - LSTM_BRDWGD - INFO - MAE : 3.3786
2025-11-29 18:03:41,917 - LSTM_BRDWGD - INFO - CSI (thr=1.0 mm): 0.0867  [TP=165, FP=401, FN=1337]
2025-11-29 18:03:41,918 - LSTM_BRDWGD - INFO - train_pred TRAIN mm min/max: 0.0, 71.30382103181972
2025-11-29 18:03:41,918 - LSTM_BRDWGD - INFO - train_TRUE TRAIN mm min/max: 0.0, 154.39999389648438
2025-11-29 18:03:41,918 - LSTM_BRDWGD - INFO -  Gerando gráficos TRAIN...
2025-11-29 18:03:42,571 - LSTM_BRDWGD - INFO -  Gráficos gerados TRAIN ...
2025-11-29 18:03:42,571 - LSTM_BRDWGD - INFO - Calculando erro para parte de teste
2025-11-29 18:03:42,573 - LSTM_BRDWGD - INFO - RMSE: 14.3944
2025-11-29 18:03:42,573 - LSTM_BRDWGD - INFO - MSE : 207.1978
2025-11-29 18:03:42,573 - LSTM_BRDWGD - INFO - MAE : 5.6367
2025-11-29 18:03:42,573 - LSTM_BRDWGD - INFO - CSI (thr=1.0 mm): 0.0000  [TP=0, FP=4, FN=6]
2025-11-29 18:03:42,573 - LSTM_BRDWGD - INFO - y_pred mm min/max: 0.03761395040310749, 3.6452274435342864
2025-11-29 18:03:42,573 - LSTM_BRDWGD - INFO - y_TRUE mm min/max: 0.0, 55.400001525878906
2025-11-29 18:03:42,573 - LSTM_BRDWGD - INFO -  Gerando gráficos...
2025-11-29 18:03:43,058 - LSTM_BRDWGD - INFO -  Gráficos gerados...
2025-11-29 18:03:43,058 - LSTM_BRDWGD - INFO - ==========================================================================================
2025-11-29 18:03:43,058 - LSTM_BRDWGD - INFO - Execução finalizada com sucesso.
2025-11-29 18:03:43,058 - LSTM_BRDWGD - INFO - Dispositivo utilizado: cuda
2025-11-29 18:03:43,058 - LSTM_BRDWGD - INFO - ==========================================================================================
2025-11-29 18:03:48,824 - BiLSTM_BRDWGD - INFO - ==========================================================================================
2025-11-29 18:03:48,824 - BiLSTM_BRDWGD - INFO - Iniciando script BILSTM (PyTorch) BRDWGD com suporte a GPU e logs detalhados.
2025-11-29 18:03:48,824 - BiLSTM_BRDWGD - INFO - ==========================================================================================
2025-11-29 18:03:48,824 - BiLSTM_BRDWGD - INFO - Iniciando experimento: lookback=30, hidden_dim=64, layers=2, lr=0.001, drop=0.5
2025-11-29 18:03:48,855 - BiLSTM_BRDWGD - INFO - Shape treino: torch.Size([5863, 30, 1]), teste: torch.Size([30, 30, 1])
2025-11-29 18:03:48,858 - BiLSTM_BRDWGD - INFO - Treinando por 500 épocas...
2025-11-29 18:03:49,467 - BiLSTM_BRDWGD - INFO - [EXP] Época 1/500 - Loss: 0.028790
2025-11-29 18:04:10,406 - BiLSTM_BRDWGD - INFO - [EXP] Época 50/500 - Loss: 0.024099
2025-11-29 18:04:31,894 - BiLSTM_BRDWGD - INFO - [EXP] Época 100/500 - Loss: 0.024040
2025-11-29 18:04:53,276 - BiLSTM_BRDWGD - INFO - [EXP] Época 150/500 - Loss: 0.024017
2025-11-29 18:05:14,606 - BiLSTM_BRDWGD - INFO - [EXP] Época 200/500 - Loss: 0.023934
2025-11-29 18:05:35,949 - BiLSTM_BRDWGD - INFO - [EXP] Época 250/500 - Loss: 0.023674
2025-11-29 18:05:57,373 - BiLSTM_BRDWGD - INFO - [EXP] Época 300/500 - Loss: 0.023631
2025-11-29 18:06:18,710 - BiLSTM_BRDWGD - INFO - [EXP] Época 350/500 - Loss: 0.023517
2025-11-29 18:06:40,074 - BiLSTM_BRDWGD - INFO - [EXP] Época 400/500 - Loss: 0.023506
2025-11-29 18:07:01,501 - BiLSTM_BRDWGD - INFO - [EXP] Época 450/500 - Loss: 0.023577
2025-11-29 18:07:22,874 - BiLSTM_BRDWGD - INFO - [EXP] Época 500/500 - Loss: 0.023613
2025-11-29 18:07:22,874 - BiLSTM_BRDWGD - INFO - Treinamento concluído em 3.57 minutos
2025-11-29 18:07:22,979 - BiLSTM_BRDWGD - INFO - Calculando erro para o train
2025-11-29 18:07:22,982 - BiLSTM_BRDWGD - INFO - RMSE: 10.2048
2025-11-29 18:07:22,982 - BiLSTM_BRDWGD - INFO - MSE : 104.1374
2025-11-29 18:07:22,982 - BiLSTM_BRDWGD - INFO - MAE : 3.2947
2025-11-29 18:07:22,982 - BiLSTM_BRDWGD - INFO - CSI (thr=1.0 mm): 0.1039  [TP=207, FP=490, FN=1295]
2025-11-29 18:07:22,982 - BiLSTM_BRDWGD - INFO - train_pred TRAIN mm min/max: 0.0, 77.68570363041557
2025-11-29 18:07:22,982 - BiLSTM_BRDWGD - INFO - train_TRUE TRAIN mm min/max: 0.0, 154.39999389648438
2025-11-29 18:07:22,982 - BiLSTM_BRDWGD - INFO -  Gerando gráficos TRAIN...
2025-11-29 18:07:23,584 - BiLSTM_BRDWGD - INFO -  Gráficos gerados TRAIN ...
2025-11-29 18:07:23,585 - BiLSTM_BRDWGD - INFO - Calculando erro para parte de teste
2025-11-29 18:07:23,587 - BiLSTM_BRDWGD - INFO - RMSE: 14.5084
2025-11-29 18:07:23,587 - BiLSTM_BRDWGD - INFO - MSE : 210.4924
2025-11-29 18:07:23,587 - BiLSTM_BRDWGD - INFO - MAE : 5.8468
2025-11-29 18:07:23,587 - BiLSTM_BRDWGD - INFO - CSI (thr=1.0 mm): 0.0000  [TP=0, FP=4, FN=6]
2025-11-29 18:07:23,587 - BiLSTM_BRDWGD - INFO - y_pred mm min/max: 0.0, 7.420230961148926
2025-11-29 18:07:23,587 - BiLSTM_BRDWGD - INFO - y_TRUE mm min/max: 0.0, 55.400001525878906
2025-11-29 18:07:23,587 - BiLSTM_BRDWGD - INFO -  Gerando gráficos...
2025-11-29 18:07:24,039 - BiLSTM_BRDWGD - INFO -  Gráficos gerados...
2025-11-29 18:07:24,039 - BiLSTM_BRDWGD - INFO - ==========================================================================================
2025-11-29 18:07:24,039 - BiLSTM_BRDWGD - INFO - Execução finalizada com sucesso.
2025-11-29 18:07:24,039 - BiLSTM_BRDWGD - INFO - Dispositivo utilizado: cuda
2025-11-29 18:07:24,039 - BiLSTM_BRDWGD - INFO - ==========================================================================================
2025-11-29 18:07:30,480 - LSTM_BRDWGD - INFO - ==========================================================================================
2025-11-29 18:07:30,480 - LSTM_BRDWGD - INFO - Iniciando script LSTM (PyTorch) BRDWGD com suporte a GPU e logs detalhados.
2025-11-29 18:07:30,480 - LSTM_BRDWGD - INFO - ==========================================================================================
2025-11-29 18:07:30,480 - LSTM_BRDWGD - INFO - Iniciando experimento: lookback=30, hidden_dim=128, layers=2, lr=0.001, drop=0.5
2025-11-29 18:07:30,492 - LSTM_BRDWGD - INFO - Shape treino: torch.Size([5863, 30, 1]), teste: torch.Size([30, 30, 1])
2025-11-29 18:07:30,498 - LSTM_BRDWGD - INFO - Treinando por 500 épocas...
2025-11-29 18:07:30,907 - LSTM_BRDWGD - INFO - [EXP] Época 1/500 - Loss: 0.026297
2025-11-29 18:07:46,957 - LSTM_BRDWGD - INFO - [EXP] Época 50/500 - Loss: 0.024160
2025-11-29 18:08:03,348 - LSTM_BRDWGD - INFO - [EXP] Época 100/500 - Loss: 0.024036
2025-11-29 18:08:19,739 - LSTM_BRDWGD - INFO - [EXP] Época 150/500 - Loss: 0.023950
2025-11-29 18:08:36,143 - LSTM_BRDWGD - INFO - [EXP] Época 200/500 - Loss: 0.023539
2025-11-29 18:08:52,562 - LSTM_BRDWGD - INFO - [EXP] Época 250/500 - Loss: 0.023197
2025-11-29 18:09:08,970 - LSTM_BRDWGD - INFO - [EXP] Época 300/500 - Loss: 0.023043
2025-11-29 18:09:25,372 - LSTM_BRDWGD - INFO - [EXP] Época 350/500 - Loss: 0.024366
2025-11-29 18:09:41,781 - LSTM_BRDWGD - INFO - [EXP] Época 400/500 - Loss: 0.024064
2025-11-29 18:09:58,195 - LSTM_BRDWGD - INFO - [EXP] Época 450/500 - Loss: 0.024180
2025-11-29 18:10:14,576 - LSTM_BRDWGD - INFO - [EXP] Época 500/500 - Loss: 0.024183
2025-11-29 18:10:14,577 - LSTM_BRDWGD - INFO - Treinamento concluído em 2.73 minutos
2025-11-29 18:10:14,675 - LSTM_BRDWGD - INFO - Calculando erro para o train
2025-11-29 18:10:14,678 - LSTM_BRDWGD - INFO - RMSE: 10.0724
2025-11-29 18:10:14,678 - LSTM_BRDWGD - INFO - MSE : 101.4540
2025-11-29 18:10:14,678 - LSTM_BRDWGD - INFO - MAE : 3.1717
2025-11-29 18:10:14,678 - LSTM_BRDWGD - INFO - CSI (thr=1.0 mm): 0.0663  [TP=116, FP=247, FN=1386]
2025-11-29 18:10:14,678 - LSTM_BRDWGD - INFO - train_pred TRAIN mm min/max: 0.0, 23.723672586684486
2025-11-29 18:10:14,678 - LSTM_BRDWGD - INFO - train_TRUE TRAIN mm min/max: 0.0, 154.39999389648438
2025-11-29 18:10:14,678 - LSTM_BRDWGD - INFO -  Gerando gráficos TRAIN...
2025-11-29 18:10:15,424 - LSTM_BRDWGD - INFO -  Gráficos gerados TRAIN ...
2025-11-29 18:10:15,424 - LSTM_BRDWGD - INFO - Calculando erro para parte de teste
2025-11-29 18:10:15,426 - LSTM_BRDWGD - INFO - RMSE: 14.4499
2025-11-29 18:10:15,426 - LSTM_BRDWGD - INFO - MSE : 208.7999
2025-11-29 18:10:15,426 - LSTM_BRDWGD - INFO - MAE : 5.6304
2025-11-29 18:10:15,426 - LSTM_BRDWGD - INFO - CSI (thr=1.0 mm): 0.0000  [TP=0, FP=4, FN=6]
2025-11-29 18:10:15,426 - LSTM_BRDWGD - INFO - y_pred mm min/max: 0.0, 3.337545555536143
2025-11-29 18:10:15,427 - LSTM_BRDWGD - INFO - y_TRUE mm min/max: 0.0, 55.400001525878906
2025-11-29 18:10:15,427 - LSTM_BRDWGD - INFO -  Gerando gráficos...
2025-11-29 18:10:15,973 - LSTM_BRDWGD - INFO -  Gráficos gerados...
2025-11-29 18:10:15,973 - LSTM_BRDWGD - INFO - ==========================================================================================
2025-11-29 18:10:15,973 - LSTM_BRDWGD - INFO - Execução finalizada com sucesso.
2025-11-29 18:10:15,973 - LSTM_BRDWGD - INFO - Dispositivo utilizado: cuda
2025-11-29 18:10:15,973 - LSTM_BRDWGD - INFO - ==========================================================================================
2025-11-29 18:10:21,883 - BiLSTM_BRDWGD - INFO - ==========================================================================================
2025-11-29 18:10:21,883 - BiLSTM_BRDWGD - INFO - Iniciando script BILSTM (PyTorch) BRDWGD com suporte a GPU e logs detalhados.
2025-11-29 18:10:21,883 - BiLSTM_BRDWGD - INFO - ==========================================================================================
2025-11-29 18:10:21,883 - BiLSTM_BRDWGD - INFO - Iniciando experimento: lookback=30, hidden_dim=128, layers=2, lr=0.001, drop=0.5
2025-11-29 18:10:21,891 - BiLSTM_BRDWGD - INFO - Shape treino: torch.Size([5863, 30, 1]), teste: torch.Size([30, 30, 1])
2025-11-29 18:10:21,982 - BiLSTM_BRDWGD - INFO - Treinando por 500 épocas...
2025-11-29 18:10:22,583 - BiLSTM_BRDWGD - INFO - [EXP] Época 1/500 - Loss: 0.028405
2025-11-29 18:10:44,010 - BiLSTM_BRDWGD - INFO - [EXP] Época 50/500 - Loss: 0.024146
2025-11-29 18:11:05,863 - BiLSTM_BRDWGD - INFO - [EXP] Época 100/500 - Loss: 0.024092
2025-11-29 18:11:27,688 - BiLSTM_BRDWGD - INFO - [EXP] Época 150/500 - Loss: 0.024068
2025-11-29 18:11:49,558 - BiLSTM_BRDWGD - INFO - [EXP] Época 200/500 - Loss: 0.023956
2025-11-29 18:12:11,459 - BiLSTM_BRDWGD - INFO - [EXP] Época 250/500 - Loss: 0.023911
2025-11-29 18:12:33,392 - BiLSTM_BRDWGD - INFO - [EXP] Época 300/500 - Loss: 0.023648
2025-11-29 18:12:55,300 - BiLSTM_BRDWGD - INFO - [EXP] Época 350/500 - Loss: 0.024164
2025-11-29 18:13:17,180 - BiLSTM_BRDWGD - INFO - [EXP] Época 400/500 - Loss: 0.023359
2025-11-29 18:13:39,108 - BiLSTM_BRDWGD - INFO - [EXP] Época 450/500 - Loss: 0.023057
2025-11-29 18:14:01,104 - BiLSTM_BRDWGD - INFO - [EXP] Época 500/500 - Loss: 0.022846
2025-11-29 18:14:01,104 - BiLSTM_BRDWGD - INFO - Treinamento concluído em 3.65 minutos
2025-11-29 18:14:01,289 - BiLSTM_BRDWGD - INFO - Calculando erro para o train
2025-11-29 18:14:01,292 - BiLSTM_BRDWGD - INFO - RMSE: 10.3487
2025-11-29 18:14:01,292 - BiLSTM_BRDWGD - INFO - MSE : 107.0946
2025-11-29 18:14:01,292 - BiLSTM_BRDWGD - INFO - MAE : 3.3595
2025-11-29 18:14:01,292 - BiLSTM_BRDWGD - INFO - CSI (thr=1.0 mm): 0.1017  [TP=206, FP=523, FN=1296]
2025-11-29 18:14:01,292 - BiLSTM_BRDWGD - INFO - train_pred TRAIN mm min/max: 0.0, 104.55540248449643
2025-11-29 18:14:01,292 - BiLSTM_BRDWGD - INFO - train_TRUE TRAIN mm min/max: 0.0, 154.39999389648438
2025-11-29 18:14:01,292 - BiLSTM_BRDWGD - INFO -  Gerando gráficos TRAIN...
2025-11-29 18:14:01,793 - BiLSTM_BRDWGD - INFO -  Gráficos gerados TRAIN ...
2025-11-29 18:14:01,793 - BiLSTM_BRDWGD - INFO - Calculando erro para parte de teste
2025-11-29 18:14:01,795 - BiLSTM_BRDWGD - INFO - RMSE: 14.6347
2025-11-29 18:14:01,795 - BiLSTM_BRDWGD - INFO - MSE : 214.1733
2025-11-29 18:14:01,795 - BiLSTM_BRDWGD - INFO - MAE : 6.0000
2025-11-29 18:14:01,795 - BiLSTM_BRDWGD - INFO - CSI (thr=1.0 mm): 0.0000  [TP=0, FP=4, FN=6]
2025-11-29 18:14:01,795 - BiLSTM_BRDWGD - INFO - y_pred mm min/max: 0.0, 12.524228330253578
2025-11-29 18:14:01,795 - BiLSTM_BRDWGD - INFO - y_TRUE mm min/max: 0.0, 55.400001525878906
2025-11-29 18:14:01,795 - BiLSTM_BRDWGD - INFO -  Gerando gráficos...
2025-11-29 18:14:02,054 - BiLSTM_BRDWGD - INFO -  Gráficos gerados...
2025-11-29 18:14:02,054 - BiLSTM_BRDWGD - INFO - ==========================================================================================
2025-11-29 18:14:02,054 - BiLSTM_BRDWGD - INFO - Execução finalizada com sucesso.
2025-11-29 18:14:02,054 - BiLSTM_BRDWGD - INFO - Dispositivo utilizado: cuda
2025-11-29 18:14:02,054 - BiLSTM_BRDWGD - INFO - ==========================================================================================
2025-11-29 18:14:08,049 - LSTM_BRDWGD - INFO - ==========================================================================================
2025-11-29 18:14:08,049 - LSTM_BRDWGD - INFO - Iniciando script LSTM (PyTorch) BRDWGD com suporte a GPU e logs detalhados.
2025-11-29 18:14:08,049 - LSTM_BRDWGD - INFO - ==========================================================================================
2025-11-29 18:14:08,049 - LSTM_BRDWGD - INFO - Iniciando experimento: lookback=30, hidden_dim=256, layers=2, lr=0.001, drop=0.5
2025-11-29 18:14:08,076 - LSTM_BRDWGD - INFO - Shape treino: torch.Size([5863, 30, 1]), teste: torch.Size([30, 30, 1])
2025-11-29 18:14:08,188 - LSTM_BRDWGD - INFO - Treinando por 500 épocas...
2025-11-29 18:14:08,844 - LSTM_BRDWGD - INFO - [EXP] Época 1/500 - Loss: 0.026856
2025-11-29 18:14:35,268 - LSTM_BRDWGD - INFO - [EXP] Época 50/500 - Loss: 0.024278
2025-11-29 18:15:02,196 - LSTM_BRDWGD - INFO - [EXP] Época 100/500 - Loss: 0.024130
2025-11-29 18:15:28,999 - LSTM_BRDWGD - INFO - [EXP] Época 150/500 - Loss: 0.023868
2025-11-29 18:15:55,723 - LSTM_BRDWGD - INFO - [EXP] Época 200/500 - Loss: 0.023564
2025-11-29 18:16:22,440 - LSTM_BRDWGD - INFO - [EXP] Época 250/500 - Loss: 0.024131
2025-11-29 18:16:49,157 - LSTM_BRDWGD - INFO - [EXP] Época 300/500 - Loss: 0.023351
2025-11-29 18:17:15,877 - LSTM_BRDWGD - INFO - [EXP] Época 350/500 - Loss: 0.023207
2025-11-29 18:17:42,595 - LSTM_BRDWGD - INFO - [EXP] Época 400/500 - Loss: 0.022567
2025-11-29 18:18:09,317 - LSTM_BRDWGD - INFO - [EXP] Época 450/500 - Loss: 0.022299
2025-11-29 18:18:36,038 - LSTM_BRDWGD - INFO - [EXP] Época 500/500 - Loss: 0.023394
2025-11-29 18:18:36,039 - LSTM_BRDWGD - INFO - Treinamento concluído em 4.46 minutos
2025-11-29 18:18:36,172 - LSTM_BRDWGD - INFO - Calculando erro para o train
2025-11-29 18:18:36,195 - LSTM_BRDWGD - INFO - RMSE: 10.4231
2025-11-29 18:18:36,195 - LSTM_BRDWGD - INFO - MSE : 108.6409
2025-11-29 18:18:36,195 - LSTM_BRDWGD - INFO - MAE : 3.3564
2025-11-29 18:18:36,195 - LSTM_BRDWGD - INFO - CSI (thr=1.0 mm): 0.0874  [TP=168, FP=421, FN=1334]
2025-11-29 18:18:36,195 - LSTM_BRDWGD - INFO - train_pred TRAIN mm min/max: 0.0, 162.89856105295632
2025-11-29 18:18:36,195 - LSTM_BRDWGD - INFO - train_TRUE TRAIN mm min/max: 0.0, 154.39999389648438
2025-11-29 18:18:36,196 - LSTM_BRDWGD - INFO -  Gerando gráficos TRAIN...
2025-11-29 18:18:36,581 - LSTM_BRDWGD - INFO -  Gráficos gerados TRAIN ...
2025-11-29 18:18:36,581 - LSTM_BRDWGD - INFO - Calculando erro para parte de teste
2025-11-29 18:18:36,583 - LSTM_BRDWGD - INFO - RMSE: 14.5869
2025-11-29 18:18:36,583 - LSTM_BRDWGD - INFO - MSE : 212.7783
2025-11-29 18:18:36,583 - LSTM_BRDWGD - INFO - MAE : 5.9092
2025-11-29 18:18:36,583 - LSTM_BRDWGD - INFO - CSI (thr=1.0 mm): 0.0000  [TP=0, FP=3, FN=6]
2025-11-29 18:18:36,583 - LSTM_BRDWGD - INFO - y_pred mm min/max: 0.09171640038126125, 13.727512664311428
2025-11-29 18:18:36,583 - LSTM_BRDWGD - INFO - y_TRUE mm min/max: 0.0, 55.400001525878906
2025-11-29 18:18:36,583 - LSTM_BRDWGD - INFO -  Gerando gráficos...
2025-11-29 18:18:36,835 - LSTM_BRDWGD - INFO -  Gráficos gerados...
2025-11-29 18:18:36,835 - LSTM_BRDWGD - INFO - ==========================================================================================
2025-11-29 18:18:36,835 - LSTM_BRDWGD - INFO - Execução finalizada com sucesso.
2025-11-29 18:18:36,835 - LSTM_BRDWGD - INFO - Dispositivo utilizado: cuda
2025-11-29 18:18:36,835 - LSTM_BRDWGD - INFO - ==========================================================================================
2025-11-29 18:18:42,519 - BiLSTM_BRDWGD - INFO - ==========================================================================================
2025-11-29 18:18:42,519 - BiLSTM_BRDWGD - INFO - Iniciando script BILSTM (PyTorch) BRDWGD com suporte a GPU e logs detalhados.
2025-11-29 18:18:42,519 - BiLSTM_BRDWGD - INFO - ==========================================================================================
2025-11-29 18:18:42,519 - BiLSTM_BRDWGD - INFO - Iniciando experimento: lookback=30, hidden_dim=256, layers=2, lr=0.001, drop=0.5
2025-11-29 18:18:42,523 - BiLSTM_BRDWGD - INFO - Shape treino: torch.Size([5863, 30, 1]), teste: torch.Size([30, 30, 1])
2025-11-29 18:18:42,701 - BiLSTM_BRDWGD - INFO - Treinando por 500 épocas...
2025-11-29 18:18:43,600 - BiLSTM_BRDWGD - INFO - [EXP] Época 1/500 - Loss: 0.027982
2025-11-29 18:19:25,616 - BiLSTM_BRDWGD - INFO - [EXP] Época 50/500 - Loss: 0.024124
2025-11-29 18:20:08,560 - BiLSTM_BRDWGD - INFO - [EXP] Época 100/500 - Loss: 0.024059
2025-11-29 18:20:51,698 - BiLSTM_BRDWGD - INFO - [EXP] Época 150/500 - Loss: 0.024020
2025-11-29 18:21:34,840 - BiLSTM_BRDWGD - INFO - [EXP] Época 200/500 - Loss: 0.024094
2025-11-29 18:22:17,979 - BiLSTM_BRDWGD - INFO - [EXP] Época 250/500 - Loss: 0.023978
2025-11-29 18:23:01,110 - BiLSTM_BRDWGD - INFO - [EXP] Época 300/500 - Loss: 0.023676
2025-11-29 18:23:44,351 - BiLSTM_BRDWGD - INFO - [EXP] Época 350/500 - Loss: 0.023536
2025-11-29 18:24:27,615 - BiLSTM_BRDWGD - INFO - [EXP] Época 400/500 - Loss: 0.023203
2025-11-29 18:25:10,835 - BiLSTM_BRDWGD - INFO - [EXP] Época 450/500 - Loss: 0.022986
2025-11-29 18:25:54,117 - BiLSTM_BRDWGD - INFO - [EXP] Época 500/500 - Loss: 0.023530
2025-11-29 18:25:54,117 - BiLSTM_BRDWGD - INFO - Treinamento concluído em 7.19 minutos
2025-11-29 18:25:54,365 - BiLSTM_BRDWGD - INFO - Calculando erro para o train
2025-11-29 18:25:54,368 - BiLSTM_BRDWGD - INFO - RMSE: 10.1614
2025-11-29 18:25:54,368 - BiLSTM_BRDWGD - INFO - MSE : 103.2550
2025-11-29 18:25:54,368 - BiLSTM_BRDWGD - INFO - MAE : 3.3183
2025-11-29 18:25:54,368 - BiLSTM_BRDWGD - INFO - CSI (thr=1.0 mm): 0.0995  [TP=195, FP=457, FN=1307]
2025-11-29 18:25:54,368 - BiLSTM_BRDWGD - INFO - train_pred TRAIN mm min/max: 0.0, 63.072668633942534
2025-11-29 18:25:54,368 - BiLSTM_BRDWGD - INFO - train_TRUE TRAIN mm min/max: 0.0, 154.39999389648438
2025-11-29 18:25:54,368 - BiLSTM_BRDWGD - INFO -  Gerando gráficos TRAIN...
2025-11-29 18:25:54,731 - BiLSTM_BRDWGD - INFO -  Gráficos gerados TRAIN ...
2025-11-29 18:25:54,731 - BiLSTM_BRDWGD - INFO - Calculando erro para parte de teste
2025-11-29 18:25:54,733 - BiLSTM_BRDWGD - INFO - RMSE: 14.4310
2025-11-29 18:25:54,733 - BiLSTM_BRDWGD - INFO - MSE : 208.2534
2025-11-29 18:25:54,733 - BiLSTM_BRDWGD - INFO - MAE : 5.6307
2025-11-29 18:25:54,733 - BiLSTM_BRDWGD - INFO - CSI (thr=1.0 mm): 0.0000  [TP=0, FP=6, FN=6]
2025-11-29 18:25:54,734 - BiLSTM_BRDWGD - INFO - y_pred mm min/max: 0.0, 3.6364095727146126
2025-11-29 18:25:54,734 - BiLSTM_BRDWGD - INFO - y_TRUE mm min/max: 0.0, 55.400001525878906
2025-11-29 18:25:54,734 - BiLSTM_BRDWGD - INFO -  Gerando gráficos...
2025-11-29 18:25:55,225 - BiLSTM_BRDWGD - INFO -  Gráficos gerados...
2025-11-29 18:25:55,225 - BiLSTM_BRDWGD - INFO - ==========================================================================================
2025-11-29 18:25:55,225 - BiLSTM_BRDWGD - INFO - Execução finalizada com sucesso.
2025-11-29 18:25:55,225 - BiLSTM_BRDWGD - INFO - Dispositivo utilizado: cuda
2025-11-29 18:25:55,226 - BiLSTM_BRDWGD - INFO - ==========================================================================================
2025-11-29 18:26:01,340 - ARIMA_BRDWGD - INFO - ==========================================================================================
2025-11-29 18:26:01,340 - ARIMA_BRDWGD - INFO - Iniciando script ARIMA BRDWGD.
2025-11-29 18:26:01,340 - ARIMA_BRDWGD - INFO - ==========================================================================================
2025-11-29 18:26:01,340 - ARIMA_BRDWGD - INFO - Tamanho treino: 5894 | teste: 30
2025-11-29 18:26:01,340 - ARIMA_BRDWGD - INFO - [FASE 4] Iniciando busca manual por hiperparâmetros (AIC).
2025-11-29 18:38:13,235 - ARIMA_BRDWGD - INFO - Melhor order encontrado: (30, 0, 0)
2025-11-29 18:38:13,235 - ARIMA_BRDWGD - INFO - Melhor AIC (treino): -16095.51
2025-11-29 18:38:13,235 - ARIMA_BRDWGD - INFO - Tempo da Fase 4: 731.90s
2025-11-29 18:38:13,235 - ARIMA_BRDWGD - INFO - [FASE 5] Reajustando melhor modelo no conjunto de treino.
2025-11-29 18:39:07,237 - ARIMA_BRDWGD - INFO - Melhor modelo ajustado no treino.
2025-11-29 18:39:07,237 - ARIMA_BRDWGD - INFO - Tempo da Fase 5: 54.00s
2025-11-29 18:39:07,237 - ARIMA_BRDWGD - INFO - [FASE 6] Gerando previsões no conjunto de teste e avaliando métricas.
2025-11-29 18:39:07,268 - ARIMA_BRDWGD - INFO - RMSE: 9.4854
2025-11-29 18:39:07,268 - ARIMA_BRDWGD - INFO - MSE : 89.9731
2025-11-29 18:39:07,268 - ARIMA_BRDWGD - INFO - MAE : 4.5144
2025-11-29 18:39:07,269 - ARIMA_BRDWGD - INFO - CSI (thr=1.0 mm): 0.2587  [TP=1521, FP=4354, FN=4]
2025-11-29 18:39:07,269 - ARIMA_BRDWGD - INFO - [TREINO] RMSE=9.4854 | MSE=89.9731 | MAE=4.5144 | CSI=0.2587
2025-11-29 18:39:07,337 - ARIMA_BRDWGD - INFO - RMSE: 13.3585
2025-11-29 18:39:07,337 - ARIMA_BRDWGD - INFO - MSE : 178.4498
2025-11-29 18:39:07,337 - ARIMA_BRDWGD - INFO - MAE : 7.4102
2025-11-29 18:39:07,337 - ARIMA_BRDWGD - INFO - CSI (thr=1.0 mm): 0.2000  [TP=6, FP=24, FN=0]
2025-11-29 18:39:07,337 - ARIMA_BRDWGD - INFO - Tempo total da Fase 6: 0.10s
2025-11-29 18:39:07,337 - ARIMA_BRDWGD - INFO - [FASE 7] Salvando gráfico de previsão vs. observado.
2025-11-29 18:39:08,294 - ARIMA_BRDWGD - INFO - Gráfico salvo como 'arimaBRDWGD_result.png'.
2025-11-29 18:39:08,294 - ARIMA_BRDWGD - INFO - ==========================================================================================
2025-11-29 18:39:08,294 - ARIMA_BRDWGD - INFO - Execução ARIMA BRDWGD finalizada com sucesso.
2025-11-29 18:39:08,294 - ARIMA_BRDWGD - INFO - Tempo total de execução: 786.95s
2025-11-29 18:39:08,294 - ARIMA_BRDWGD - INFO - ==========================================================================================
2025-11-29 18:39:14,008 - RANDOM_FOREST_BRDWGD - INFO - ====================================================================================================
2025-11-29 18:39:14,008 - RANDOM_FOREST_BRDWGD - INFO - Iniciando Random Forest BRDWGD com GridSearchCV.
2025-11-29 18:39:14,008 - RANDOM_FOREST_BRDWGD - INFO - ====================================================================================================
2025-11-29 18:39:14,008 - RANDOM_FOREST_BRDWGD - INFO - [FASE 3] Split treino/teste e preparação.
2025-11-29 18:39:14,012 - RANDOM_FOREST_BRDWGD - INFO - [FASE 3] Treino: X=(5864, 30), y=5864 | Teste: X=(30, 30), y=30
2025-11-29 18:39:14,012 - RANDOM_FOREST_BRDWGD - INFO - [FASE 3] Tempo: 0.00s
2025-11-29 18:39:14,012 - RANDOM_FOREST_BRDWGD - INFO - [FASE 4] Iniciando GridSearchCV (TimeSeriesSplit).
2025-11-29 18:40:50,478 - RANDOM_FOREST_BRDWGD - INFO - [FASE 4] GridSearchCV concluído em 95.36s
2025-11-29 18:40:50,672 - RANDOM_FOREST_BRDWGD - INFO - [FASE 4] Melhores parâmetros: {'max_depth': 60, 'max_features': 'sqrt', 'min_samples_leaf': 4, 'min_samples_split': 10, 'n_estimators': 200}
2025-11-29 18:40:50,673 - RANDOM_FOREST_BRDWGD - INFO - [FASE 4] Melhor score (neg_MSE): -98.818296
2025-11-29 18:40:50,673 - RANDOM_FOREST_BRDWGD - INFO - [FASE 4] Tempo: 96.66s
2025-11-29 18:40:50,673 - RANDOM_FOREST_BRDWGD - INFO - [FASE 5] Treinando best_estimator_ no conjunto de treino.
2025-11-29 18:40:55,517 - RANDOM_FOREST_BRDWGD - INFO - [FASE 5] Tempo: 4.84s
2025-11-29 18:40:55,517 - RANDOM_FOREST_BRDWGD - INFO - [FASE 6] Previsão e cálculo de métricas.
2025-11-29 18:40:55,757 - RANDOM_FOREST_BRDWGD - INFO - RMSE: 7.5402
2025-11-29 18:40:55,758 - RANDOM_FOREST_BRDWGD - INFO - MSE : 56.8553
2025-11-29 18:40:55,758 - RANDOM_FOREST_BRDWGD - INFO - MAE : 3.4162
2025-11-29 18:40:55,758 - RANDOM_FOREST_BRDWGD - INFO - CSI (thr=1.0 mm): 0.3223  [TP=1491, FP=3115, FN=20]
2025-11-29 18:40:55,758 - RANDOM_FOREST_BRDWGD - INFO - [TREINO] RMSE=7.5402 | MSE=56.8553 | MAE=3.4162 | CSI=0.3223
2025-11-29 18:40:55,809 - RANDOM_FOREST_BRDWGD - INFO - y_pred raw min/max: 1.993143407697288, 10.419484206937064
2025-11-29 18:40:55,810 - RANDOM_FOREST_BRDWGD - INFO - y_TRUE raw min/max: 0.0, 55.400001525878906
2025-11-29 18:40:55,811 - RANDOM_FOREST_BRDWGD - INFO - RMSE: 12.8944
2025-11-29 18:40:55,811 - RANDOM_FOREST_BRDWGD - INFO - MSE : 166.2649
2025-11-29 18:40:55,811 - RANDOM_FOREST_BRDWGD - INFO - MAE : 7.6742
2025-11-29 18:40:55,811 - RANDOM_FOREST_BRDWGD - INFO - CSI (thr=1.0 mm): 0.2000  [TP=6, FP=24, FN=0]
2025-11-29 18:40:55,811 - RANDOM_FOREST_BRDWGD - INFO - [FASE 7] Gerando gráficos.
2025-11-29 18:40:58,690 - RANDOM_FOREST_BRDWGD - INFO - Gráfico salvo como 'random_forest_BRDWGD.png'.
2025-11-29 18:40:58,690 - RANDOM_FOREST_BRDWGD - INFO - [FASE 7] Tempo: 2.88s
2025-11-29 18:40:58,699 - RANDOM_FOREST_BRDWGD - INFO - ====================================================================================================
2025-11-29 18:40:58,699 - RANDOM_FOREST_BRDWGD - INFO - Resumo Final
2025-11-29 18:40:58,699 - RANDOM_FOREST_BRDWGD - INFO - Melhores parâmetros: {'max_depth': 60, 'max_features': 'sqrt', 'min_samples_leaf': 4, 'min_samples_split': 10, 'n_estimators': 200}
2025-11-29 18:40:58,699 - RANDOM_FOREST_BRDWGD - INFO - Tempo total de execução: 104.69s
2025-11-29 18:40:58,699 - RANDOM_FOREST_BRDWGD - INFO - ====================================================================================================
2025-11-29 18:41:10,507 - LSTM_BRDWGD - INFO - ==========================================================================================
2025-11-29 18:41:10,507 - LSTM_BRDWGD - INFO - Iniciando script LSTM (PyTorch) BRDWGD com suporte a GPU e logs detalhados.
2025-11-29 18:41:10,507 - LSTM_BRDWGD - INFO - ==========================================================================================
2025-11-29 18:41:10,511 - LSTM_BRDWGD - INFO - Iniciando experimento: lookback=30, hidden_dim=32, layers=2, lr=0.001, drop=0.5
2025-11-29 18:41:11,439 - LSTM_BRDWGD - INFO - Shape treino: torch.Size([5863, 30, 1]), teste: torch.Size([30, 30, 1])
2025-11-29 18:41:12,680 - LSTM_BRDWGD - INFO - Treinando por 500 épocas...
2025-11-29 18:41:17,672 - LSTM_BRDWGD - INFO - [EXP] Época 1/500 - Loss: 0.025698
2025-11-29 18:41:34,074 - LSTM_BRDWGD - INFO - [EXP] Época 50/500 - Loss: 0.024115
2025-11-29 18:41:50,674 - LSTM_BRDWGD - INFO - [EXP] Época 100/500 - Loss: 0.024075
2025-11-29 18:42:07,205 - LSTM_BRDWGD - INFO - [EXP] Época 150/500 - Loss: 0.024027
2025-11-29 18:42:23,550 - LSTM_BRDWGD - INFO - [EXP] Época 200/500 - Loss: 0.024160
2025-11-29 18:42:39,843 - LSTM_BRDWGD - INFO - [EXP] Época 250/500 - Loss: 0.023603
2025-11-29 18:42:56,054 - LSTM_BRDWGD - INFO - [EXP] Época 300/500 - Loss: 0.023626
2025-11-29 18:43:12,081 - LSTM_BRDWGD - INFO - [EXP] Época 350/500 - Loss: 0.023239
2025-11-29 18:43:28,307 - LSTM_BRDWGD - INFO - [EXP] Época 400/500 - Loss: 0.022952
2025-11-29 18:43:44,462 - LSTM_BRDWGD - INFO - [EXP] Época 450/500 - Loss: 0.024140
2025-11-29 18:44:00,845 - LSTM_BRDWGD - INFO - [EXP] Época 500/500 - Loss: 0.024116
2025-11-29 18:44:00,845 - LSTM_BRDWGD - INFO - Treinamento concluído em 2.80 minutos
2025-11-29 18:44:00,993 - LSTM_BRDWGD - INFO - Calculando erro para o train
2025-11-29 18:44:01,222 - LSTM_BRDWGD - INFO - RMSE: 10.0863
2025-11-29 18:44:01,222 - LSTM_BRDWGD - INFO - MSE : 101.7335
2025-11-29 18:44:01,222 - LSTM_BRDWGD - INFO - MAE : 3.1462
2025-11-29 18:44:01,222 - LSTM_BRDWGD - INFO - CSI (thr=1.0 mm): 0.0529  [TP=90, FP=200, FN=1412]
2025-11-29 18:44:01,232 - LSTM_BRDWGD - INFO - train_pred TRAIN mm min/max: 0.0, 33.28964258231236
2025-11-29 18:44:01,232 - LSTM_BRDWGD - INFO - train_TRUE TRAIN mm min/max: 0.0, 154.39999389648438
2025-11-29 18:44:01,232 - LSTM_BRDWGD - INFO -  Gerando gráficos TRAIN...
2025-11-29 18:44:01,768 - LSTM_BRDWGD - INFO -  Gráficos gerados TRAIN ...
2025-11-29 18:44:01,768 - LSTM_BRDWGD - INFO - Calculando erro para parte de teste
2025-11-29 18:44:01,770 - LSTM_BRDWGD - INFO - RMSE: 14.4340
2025-11-29 18:44:01,770 - LSTM_BRDWGD - INFO - MSE : 208.3403
2025-11-29 18:44:01,770 - LSTM_BRDWGD - INFO - MAE : 5.5103
2025-11-29 18:44:01,770 - LSTM_BRDWGD - INFO - CSI (thr=1.0 mm): 0.0000  [TP=0, FP=3, FN=6]
2025-11-29 18:44:01,770 - LSTM_BRDWGD - INFO - y_pred mm min/max: 0.0, 2.83718624477148
2025-11-29 18:44:01,770 - LSTM_BRDWGD - INFO - y_TRUE mm min/max: 0.0, 55.400001525878906
2025-11-29 18:44:01,770 - LSTM_BRDWGD - INFO -  Gerando gráficos...
2025-11-29 18:44:02,040 - LSTM_BRDWGD - INFO -  Gráficos gerados...
2025-11-29 18:44:02,040 - LSTM_BRDWGD - INFO - ==========================================================================================
2025-11-29 18:44:02,040 - LSTM_BRDWGD - INFO - Execução finalizada com sucesso.
2025-11-29 18:44:02,040 - LSTM_BRDWGD - INFO - Dispositivo utilizado: cuda
2025-11-29 18:44:02,041 - LSTM_BRDWGD - INFO - ==========================================================================================
2025-11-29 18:44:07,698 - BiLSTM_BRDWGD - INFO - ==========================================================================================
2025-11-29 18:44:07,699 - BiLSTM_BRDWGD - INFO - Iniciando script BILSTM (PyTorch) BRDWGD com suporte a GPU e logs detalhados.
2025-11-29 18:44:07,699 - BiLSTM_BRDWGD - INFO - ==========================================================================================
2025-11-29 18:44:07,699 - BiLSTM_BRDWGD - INFO - Iniciando experimento: lookback=30, hidden_dim=32, layers=2, lr=0.001, drop=0.5
2025-11-29 18:44:07,703 - BiLSTM_BRDWGD - INFO - Shape treino: torch.Size([5863, 30, 1]), teste: torch.Size([30, 30, 1])
2025-11-29 18:44:07,775 - BiLSTM_BRDWGD - INFO - Treinando por 500 épocas...
2025-11-29 18:44:08,563 - BiLSTM_BRDWGD - INFO - [EXP] Época 1/500 - Loss: 0.028241
2025-11-29 18:44:29,718 - BiLSTM_BRDWGD - INFO - [EXP] Época 50/500 - Loss: 0.024090
2025-11-29 18:44:51,243 - BiLSTM_BRDWGD - INFO - [EXP] Época 100/500 - Loss: 0.024186
2025-11-29 18:45:12,661 - BiLSTM_BRDWGD - INFO - [EXP] Época 150/500 - Loss: 0.024020
2025-11-29 18:45:33,877 - BiLSTM_BRDWGD - INFO - [EXP] Época 200/500 - Loss: 0.024139
2025-11-29 18:45:55,557 - BiLSTM_BRDWGD - INFO - [EXP] Época 250/500 - Loss: 0.024058
2025-11-29 18:46:17,237 - BiLSTM_BRDWGD - INFO - [EXP] Época 300/500 - Loss: 0.023899
2025-11-29 18:46:38,525 - BiLSTM_BRDWGD - INFO - [EXP] Época 350/500 - Loss: 0.024007
2025-11-29 18:46:59,824 - BiLSTM_BRDWGD - INFO - [EXP] Época 400/500 - Loss: 0.023911
2025-11-29 18:47:21,122 - BiLSTM_BRDWGD - INFO - [EXP] Época 450/500 - Loss: 0.023806
2025-11-29 18:47:42,524 - BiLSTM_BRDWGD - INFO - [EXP] Época 500/500 - Loss: 0.023817
2025-11-29 18:47:42,524 - BiLSTM_BRDWGD - INFO - Treinamento concluído em 3.58 minutos
2025-11-29 18:47:42,839 - BiLSTM_BRDWGD - INFO - Calculando erro para o train
2025-11-29 18:47:43,044 - BiLSTM_BRDWGD - INFO - RMSE: 10.0639
2025-11-29 18:47:43,045 - BiLSTM_BRDWGD - INFO - MSE : 101.2829
2025-11-29 18:47:43,045 - BiLSTM_BRDWGD - INFO - MAE : 3.2286
2025-11-29 18:47:43,045 - BiLSTM_BRDWGD - INFO - CSI (thr=1.0 mm): 0.0997  [TP=199, FP=493, FN=1303]
2025-11-29 18:47:43,054 - BiLSTM_BRDWGD - INFO - train_pred TRAIN mm min/max: 0.0, 46.91846503591706
2025-11-29 18:47:43,055 - BiLSTM_BRDWGD - INFO - train_TRUE TRAIN mm min/max: 0.0, 154.39999389648438
2025-11-29 18:47:43,055 - BiLSTM_BRDWGD - INFO -  Gerando gráficos TRAIN...
2025-11-29 18:47:43,814 - BiLSTM_BRDWGD - INFO -  Gráficos gerados TRAIN ...
2025-11-29 18:47:43,815 - BiLSTM_BRDWGD - INFO - Calculando erro para parte de teste
2025-11-29 18:47:43,817 - BiLSTM_BRDWGD - INFO - RMSE: 14.5009
2025-11-29 18:47:43,817 - BiLSTM_BRDWGD - INFO - MSE : 210.2755
2025-11-29 18:47:43,817 - BiLSTM_BRDWGD - INFO - MAE : 5.6575
2025-11-29 18:47:43,817 - BiLSTM_BRDWGD - INFO - CSI (thr=1.0 mm): 0.0000  [TP=0, FP=3, FN=6]
2025-11-29 18:47:43,817 - BiLSTM_BRDWGD - INFO - y_pred mm min/max: 0.0, 8.193558893496839
2025-11-29 18:47:43,817 - BiLSTM_BRDWGD - INFO - y_TRUE mm min/max: 0.0, 55.400001525878906
2025-11-29 18:47:43,817 - BiLSTM_BRDWGD - INFO -  Gerando gráficos...
2025-11-29 18:47:44,194 - BiLSTM_BRDWGD - INFO -  Gráficos gerados...
2025-11-29 18:47:44,194 - BiLSTM_BRDWGD - INFO - ==========================================================================================
2025-11-29 18:47:44,194 - BiLSTM_BRDWGD - INFO - Execução finalizada com sucesso.
2025-11-29 18:47:44,194 - BiLSTM_BRDWGD - INFO - Dispositivo utilizado: cuda
2025-11-29 18:47:44,194 - BiLSTM_BRDWGD - INFO - ==========================================================================================
2025-11-29 18:48:19,995 - LSTM_BRDWGD - INFO - ==========================================================================================
2025-11-29 18:48:19,995 - LSTM_BRDWGD - INFO - Iniciando script LSTM (PyTorch) BRDWGD com suporte a GPU e logs detalhados.
2025-11-29 18:48:19,995 - LSTM_BRDWGD - INFO - ==========================================================================================
2025-11-29 18:48:19,996 - LSTM_BRDWGD - INFO - Iniciando experimento: lookback=30, hidden_dim=64, layers=2, lr=0.001, drop=0.5
2025-11-29 18:48:20,128 - LSTM_BRDWGD - INFO - Shape treino: torch.Size([5863, 30, 1]), teste: torch.Size([30, 30, 1])
2025-11-29 18:48:20,260 - LSTM_BRDWGD - INFO - Treinando por 500 épocas...
2025-11-29 18:48:20,730 - LSTM_BRDWGD - INFO - [EXP] Época 1/500 - Loss: 0.025297
2025-11-29 18:48:36,748 - LSTM_BRDWGD - INFO - [EXP] Época 50/500 - Loss: 0.024205
2025-11-29 18:48:53,187 - LSTM_BRDWGD - INFO - [EXP] Época 100/500 - Loss: 0.024205
2025-11-29 18:49:09,464 - LSTM_BRDWGD - INFO - [EXP] Época 150/500 - Loss: 0.023913
2025-11-29 18:49:25,719 - LSTM_BRDWGD - INFO - [EXP] Época 200/500 - Loss: 0.023556
2025-11-29 18:49:41,971 - LSTM_BRDWGD - INFO - [EXP] Época 250/500 - Loss: 0.023603
2025-11-29 18:49:58,221 - LSTM_BRDWGD - INFO - [EXP] Época 300/500 - Loss: 0.023611
2025-11-29 18:50:14,534 - LSTM_BRDWGD - INFO - [EXP] Época 350/500 - Loss: 0.022496
2025-11-29 18:50:31,367 - LSTM_BRDWGD - INFO - [EXP] Época 400/500 - Loss: 0.022351
2025-11-29 18:50:47,867 - LSTM_BRDWGD - INFO - [EXP] Época 450/500 - Loss: 0.022012
2025-11-29 18:51:04,269 - LSTM_BRDWGD - INFO - [EXP] Época 500/500 - Loss: 0.020805
2025-11-29 18:51:04,269 - LSTM_BRDWGD - INFO - Treinamento concluído em 2.73 minutos
2025-11-29 18:51:04,314 - LSTM_BRDWGD - INFO - Calculando erro para o train
2025-11-29 18:51:04,329 - LSTM_BRDWGD - INFO - RMSE: 10.6954
2025-11-29 18:51:04,329 - LSTM_BRDWGD - INFO - MSE : 114.3922
2025-11-29 18:51:04,329 - LSTM_BRDWGD - INFO - MAE : 3.5615
2025-11-29 18:51:04,329 - LSTM_BRDWGD - INFO - CSI (thr=1.0 mm): 0.1066  [TP=219, FP=552, FN=1283]
2025-11-29 18:51:04,330 - LSTM_BRDWGD - INFO - train_pred TRAIN mm min/max: 0.0, 153.39534832221824
2025-11-29 18:51:04,330 - LSTM_BRDWGD - INFO - train_TRUE TRAIN mm min/max: 0.0, 154.39999389648438
2025-11-29 18:51:04,330 - LSTM_BRDWGD - INFO -  Gerando gráficos TRAIN...
2025-11-29 18:51:04,840 - LSTM_BRDWGD - INFO -  Gráficos gerados TRAIN ...
2025-11-29 18:51:04,840 - LSTM_BRDWGD - INFO - Calculando erro para parte de teste
2025-11-29 18:51:04,842 - LSTM_BRDWGD - INFO - RMSE: 14.4991
2025-11-29 18:51:04,842 - LSTM_BRDWGD - INFO - MSE : 210.2244
2025-11-29 18:51:04,842 - LSTM_BRDWGD - INFO - MAE : 5.9642
2025-11-29 18:51:04,842 - LSTM_BRDWGD - INFO - CSI (thr=1.0 mm): 0.0000  [TP=0, FP=6, FN=6]
2025-11-29 18:51:04,842 - LSTM_BRDWGD - INFO - y_pred mm min/max: 0.0, 9.11324605335141
2025-11-29 18:51:04,842 - LSTM_BRDWGD - INFO - y_TRUE mm min/max: 0.0, 55.400001525878906
2025-11-29 18:51:04,842 - LSTM_BRDWGD - INFO -  Gerando gráficos...
2025-11-29 18:51:05,263 - LSTM_BRDWGD - INFO -  Gráficos gerados...
2025-11-29 18:51:05,328 - LSTM_BRDWGD - INFO - ==========================================================================================
2025-11-29 18:51:05,328 - LSTM_BRDWGD - INFO - Execução finalizada com sucesso.
2025-11-29 18:51:05,328 - LSTM_BRDWGD - INFO - Dispositivo utilizado: cuda
2025-11-29 18:51:05,328 - LSTM_BRDWGD - INFO - ==========================================================================================
2025-11-29 18:51:10,993 - BiLSTM_BRDWGD - INFO - ==========================================================================================
2025-11-29 18:51:10,993 - BiLSTM_BRDWGD - INFO - Iniciando script BILSTM (PyTorch) BRDWGD com suporte a GPU e logs detalhados.
2025-11-29 18:51:10,994 - BiLSTM_BRDWGD - INFO - ==========================================================================================
2025-11-29 18:51:10,994 - BiLSTM_BRDWGD - INFO - Iniciando experimento: lookback=30, hidden_dim=64, layers=2, lr=0.001, drop=0.5
2025-11-29 18:51:11,012 - BiLSTM_BRDWGD - INFO - Shape treino: torch.Size([5863, 30, 1]), teste: torch.Size([30, 30, 1])
2025-11-29 18:51:11,015 - BiLSTM_BRDWGD - INFO - Treinando por 500 épocas...
2025-11-29 18:51:11,515 - BiLSTM_BRDWGD - INFO - [EXP] Época 1/500 - Loss: 0.031686
2025-11-29 18:51:32,546 - BiLSTM_BRDWGD - INFO - [EXP] Época 50/500 - Loss: 0.024053
2025-11-29 18:51:53,842 - BiLSTM_BRDWGD - INFO - [EXP] Época 100/500 - Loss: 0.024051
2025-11-29 18:52:15,227 - BiLSTM_BRDWGD - INFO - [EXP] Época 150/500 - Loss: 0.024095
2025-11-29 18:52:36,536 - BiLSTM_BRDWGD - INFO - [EXP] Época 200/500 - Loss: 0.024237
2025-11-29 18:52:57,803 - BiLSTM_BRDWGD - INFO - [EXP] Época 250/500 - Loss: 0.023576
2025-11-29 18:53:19,153 - BiLSTM_BRDWGD - INFO - [EXP] Época 300/500 - Loss: 0.024008
2025-11-29 18:53:40,604 - BiLSTM_BRDWGD - INFO - [EXP] Época 350/500 - Loss: 0.024067
2025-11-29 18:54:02,034 - BiLSTM_BRDWGD - INFO - [EXP] Época 400/500 - Loss: 0.023982
2025-11-29 18:54:23,412 - BiLSTM_BRDWGD - INFO - [EXP] Época 450/500 - Loss: 0.023828
2025-11-29 18:54:44,948 - BiLSTM_BRDWGD - INFO - [EXP] Época 500/500 - Loss: 0.023348
2025-11-29 18:54:44,948 - BiLSTM_BRDWGD - INFO - Treinamento concluído em 3.57 minutos
2025-11-29 18:54:45,036 - BiLSTM_BRDWGD - INFO - Calculando erro para o train
2025-11-29 18:54:45,042 - BiLSTM_BRDWGD - INFO - RMSE: 10.1865
2025-11-29 18:54:45,042 - BiLSTM_BRDWGD - INFO - MSE : 103.7651
2025-11-29 18:54:45,042 - BiLSTM_BRDWGD - INFO - MAE : 3.2805
2025-11-29 18:54:45,042 - BiLSTM_BRDWGD - INFO - CSI (thr=1.0 mm): 0.0927  [TP=184, FP=482, FN=1318]
2025-11-29 18:54:45,042 - BiLSTM_BRDWGD - INFO - train_pred TRAIN mm min/max: 0.0, 69.05976278084027
2025-11-29 18:54:45,043 - BiLSTM_BRDWGD - INFO - train_TRUE TRAIN mm min/max: 0.0, 154.39999389648438
2025-11-29 18:54:45,043 - BiLSTM_BRDWGD - INFO -  Gerando gráficos TRAIN...
2025-11-29 18:54:45,727 - BiLSTM_BRDWGD - INFO -  Gráficos gerados TRAIN ...
2025-11-29 18:54:45,727 - BiLSTM_BRDWGD - INFO - Calculando erro para parte de teste
2025-11-29 18:54:45,729 - BiLSTM_BRDWGD - INFO - RMSE: 14.4504
2025-11-29 18:54:45,729 - BiLSTM_BRDWGD - INFO - MSE : 208.8134
2025-11-29 18:54:45,729 - BiLSTM_BRDWGD - INFO - MAE : 5.5908
2025-11-29 18:54:45,729 - BiLSTM_BRDWGD - INFO - CSI (thr=1.0 mm): 0.0000  [TP=0, FP=5, FN=6]
2025-11-29 18:54:45,729 - BiLSTM_BRDWGD - INFO - y_pred mm min/max: 0.0, 4.260988097053522
2025-11-29 18:54:45,729 - BiLSTM_BRDWGD - INFO - y_TRUE mm min/max: 0.0, 55.400001525878906
2025-11-29 18:54:45,729 - BiLSTM_BRDWGD - INFO -  Gerando gráficos...
2025-11-29 18:54:46,025 - BiLSTM_BRDWGD - INFO -  Gráficos gerados...
2025-11-29 18:54:46,025 - BiLSTM_BRDWGD - INFO - ==========================================================================================
2025-11-29 18:54:46,025 - BiLSTM_BRDWGD - INFO - Execução finalizada com sucesso.
2025-11-29 18:54:46,025 - BiLSTM_BRDWGD - INFO - Dispositivo utilizado: cuda
2025-11-29 18:54:46,025 - BiLSTM_BRDWGD - INFO - ==========================================================================================
2025-11-29 18:54:52,083 - LSTM_BRDWGD - INFO - ==========================================================================================
2025-11-29 18:54:52,083 - LSTM_BRDWGD - INFO - Iniciando script LSTM (PyTorch) BRDWGD com suporte a GPU e logs detalhados.
2025-11-29 18:54:52,083 - LSTM_BRDWGD - INFO - ==========================================================================================
2025-11-29 18:54:52,083 - LSTM_BRDWGD - INFO - Iniciando experimento: lookback=30, hidden_dim=128, layers=2, lr=0.001, drop=0.5
2025-11-29 18:54:52,088 - LSTM_BRDWGD - INFO - Shape treino: torch.Size([5863, 30, 1]), teste: torch.Size([30, 30, 1])
2025-11-29 18:54:52,090 - LSTM_BRDWGD - INFO - Treinando por 500 épocas...
2025-11-29 18:54:52,438 - LSTM_BRDWGD - INFO - [EXP] Época 1/500 - Loss: 0.025805
2025-11-29 18:55:08,385 - LSTM_BRDWGD - INFO - [EXP] Época 50/500 - Loss: 0.024111
2025-11-29 18:55:23,995 - LSTM_BRDWGD - INFO - [EXP] Época 100/500 - Loss: 0.024067
2025-11-29 18:55:39,273 - LSTM_BRDWGD - INFO - [EXP] Época 150/500 - Loss: 0.024097
2025-11-29 18:55:54,541 - LSTM_BRDWGD - INFO - [EXP] Época 200/500 - Loss: 0.023666
2025-11-29 18:56:09,816 - LSTM_BRDWGD - INFO - [EXP] Época 250/500 - Loss: 0.024375
2025-11-29 18:56:25,082 - LSTM_BRDWGD - INFO - [EXP] Época 300/500 - Loss: 0.023158
2025-11-29 18:56:40,375 - LSTM_BRDWGD - INFO - [EXP] Época 350/500 - Loss: 0.024543
2025-11-29 18:56:55,698 - LSTM_BRDWGD - INFO - [EXP] Época 400/500 - Loss: 0.024691
2025-11-29 18:57:10,992 - LSTM_BRDWGD - INFO - [EXP] Época 450/500 - Loss: 0.024312
2025-11-29 18:57:26,283 - LSTM_BRDWGD - INFO - [EXP] Época 500/500 - Loss: 0.023293
2025-11-29 18:57:26,283 - LSTM_BRDWGD - INFO - Treinamento concluído em 2.57 minutos
2025-11-29 18:57:26,381 - LSTM_BRDWGD - INFO - Calculando erro para o train
2025-11-29 18:57:26,384 - LSTM_BRDWGD - INFO - RMSE: 10.1489
2025-11-29 18:57:26,384 - LSTM_BRDWGD - INFO - MSE : 102.9992
2025-11-29 18:57:26,384 - LSTM_BRDWGD - INFO - MAE : 3.2710
2025-11-29 18:57:26,384 - LSTM_BRDWGD - INFO - CSI (thr=1.0 mm): 0.0843  [TP=158, FP=372, FN=1344]
2025-11-29 18:57:26,384 - LSTM_BRDWGD - INFO - train_pred TRAIN mm min/max: 0.0, 60.333836404352915
2025-11-29 18:57:26,384 - LSTM_BRDWGD - INFO - train_TRUE TRAIN mm min/max: 0.0, 154.39999389648438
2025-11-29 18:57:26,384 - LSTM_BRDWGD - INFO -  Gerando gráficos TRAIN...
2025-11-29 18:57:26,714 - LSTM_BRDWGD - INFO -  Gráficos gerados TRAIN ...
2025-11-29 18:57:26,714 - LSTM_BRDWGD - INFO - Calculando erro para parte de teste
2025-11-29 18:57:26,716 - LSTM_BRDWGD - INFO - RMSE: 14.4086
2025-11-29 18:57:26,717 - LSTM_BRDWGD - INFO - MSE : 207.6068
2025-11-29 18:57:26,717 - LSTM_BRDWGD - INFO - MAE : 5.5773
2025-11-29 18:57:26,717 - LSTM_BRDWGD - INFO - CSI (thr=1.0 mm): 0.0000  [TP=0, FP=5, FN=6]
2025-11-29 18:57:26,717 - LSTM_BRDWGD - INFO - y_pred mm min/max: 0.0, 2.3977771120013536
2025-11-29 18:57:26,717 - LSTM_BRDWGD - INFO - y_TRUE mm min/max: 0.0, 55.400001525878906
2025-11-29 18:57:26,717 - LSTM_BRDWGD - INFO -  Gerando gráficos...
2025-11-29 18:57:27,041 - LSTM_BRDWGD - INFO -  Gráficos gerados...
2025-11-29 18:57:27,041 - LSTM_BRDWGD - INFO - ==========================================================================================
2025-11-29 18:57:27,041 - LSTM_BRDWGD - INFO - Execução finalizada com sucesso.
2025-11-29 18:57:27,041 - LSTM_BRDWGD - INFO - Dispositivo utilizado: cuda
2025-11-29 18:57:27,041 - LSTM_BRDWGD - INFO - ==========================================================================================
2025-11-29 18:57:32,655 - BiLSTM_BRDWGD - INFO - ==========================================================================================
2025-11-29 18:57:32,655 - BiLSTM_BRDWGD - INFO - Iniciando script BILSTM (PyTorch) BRDWGD com suporte a GPU e logs detalhados.
2025-11-29 18:57:32,655 - BiLSTM_BRDWGD - INFO - ==========================================================================================
2025-11-29 18:57:32,655 - BiLSTM_BRDWGD - INFO - Iniciando experimento: lookback=30, hidden_dim=128, layers=2, lr=0.001, drop=0.5
2025-11-29 18:57:32,660 - BiLSTM_BRDWGD - INFO - Shape treino: torch.Size([5863, 30, 1]), teste: torch.Size([30, 30, 1])
2025-11-29 18:57:32,685 - BiLSTM_BRDWGD - INFO - Treinando por 500 épocas...
2025-11-29 18:57:33,138 - BiLSTM_BRDWGD - INFO - [EXP] Época 1/500 - Loss: 0.028466
2025-11-29 18:57:54,375 - BiLSTM_BRDWGD - INFO - [EXP] Época 50/500 - Loss: 0.024098
2025-11-29 18:58:16,065 - BiLSTM_BRDWGD - INFO - [EXP] Época 100/500 - Loss: 0.024336
2025-11-29 18:58:37,834 - BiLSTM_BRDWGD - INFO - [EXP] Época 150/500 - Loss: 0.024050
2025-11-29 18:58:59,633 - BiLSTM_BRDWGD - INFO - [EXP] Época 200/500 - Loss: 0.024054
2025-11-29 18:59:21,397 - BiLSTM_BRDWGD - INFO - [EXP] Época 250/500 - Loss: 0.024019
2025-11-29 18:59:43,150 - BiLSTM_BRDWGD - INFO - [EXP] Época 300/500 - Loss: 0.024071
2025-11-29 19:00:04,956 - BiLSTM_BRDWGD - INFO - [EXP] Época 350/500 - Loss: 0.024017
2025-11-29 19:00:26,922 - BiLSTM_BRDWGD - INFO - [EXP] Época 400/500 - Loss: 0.023940
2025-11-29 19:00:48,899 - BiLSTM_BRDWGD - INFO - [EXP] Época 450/500 - Loss: 0.023970
2025-11-29 19:01:10,912 - BiLSTM_BRDWGD - INFO - [EXP] Época 500/500 - Loss: 0.023801
2025-11-29 19:01:10,912 - BiLSTM_BRDWGD - INFO - Treinamento concluído em 3.64 minutos
2025-11-29 19:01:11,097 - BiLSTM_BRDWGD - INFO - Calculando erro para o train
2025-11-29 19:01:11,100 - BiLSTM_BRDWGD - INFO - RMSE: 10.0748
2025-11-29 19:01:11,100 - BiLSTM_BRDWGD - INFO - MSE : 101.5017
2025-11-29 19:01:11,100 - BiLSTM_BRDWGD - INFO - MAE : 3.2453
2025-11-29 19:01:11,100 - BiLSTM_BRDWGD - INFO - CSI (thr=1.0 mm): 0.1078  [TP=219, FP=530, FN=1283]
2025-11-29 19:01:11,100 - BiLSTM_BRDWGD - INFO - train_pred TRAIN mm min/max: 0.0, 51.4560382290836
2025-11-29 19:01:11,100 - BiLSTM_BRDWGD - INFO - train_TRUE TRAIN mm min/max: 0.0, 154.39999389648438
2025-11-29 19:01:11,100 - BiLSTM_BRDWGD - INFO -  Gerando gráficos TRAIN...
2025-11-29 19:01:11,586 - BiLSTM_BRDWGD - INFO -  Gráficos gerados TRAIN ...
2025-11-29 19:01:11,586 - BiLSTM_BRDWGD - INFO - Calculando erro para parte de teste
2025-11-29 19:01:11,588 - BiLSTM_BRDWGD - INFO - RMSE: 14.4264
2025-11-29 19:01:11,588 - BiLSTM_BRDWGD - INFO - MSE : 208.1216
2025-11-29 19:01:11,588 - BiLSTM_BRDWGD - INFO - MAE : 5.4749
2025-11-29 19:01:11,588 - BiLSTM_BRDWGD - INFO - CSI (thr=1.0 mm): 0.0000  [TP=0, FP=4, FN=6]
2025-11-29 19:01:11,589 - BiLSTM_BRDWGD - INFO - y_pred mm min/max: 0.0, 2.3082242872795073
2025-11-29 19:01:11,589 - BiLSTM_BRDWGD - INFO - y_TRUE mm min/max: 0.0, 55.400001525878906
2025-11-29 19:01:11,589 - BiLSTM_BRDWGD - INFO -  Gerando gráficos...
2025-11-29 19:01:11,881 - BiLSTM_BRDWGD - INFO -  Gráficos gerados...
2025-11-29 19:01:11,881 - BiLSTM_BRDWGD - INFO - ==========================================================================================
2025-11-29 19:01:11,881 - BiLSTM_BRDWGD - INFO - Execução finalizada com sucesso.
2025-11-29 19:01:11,881 - BiLSTM_BRDWGD - INFO - Dispositivo utilizado: cuda
2025-11-29 19:01:11,881 - BiLSTM_BRDWGD - INFO - ==========================================================================================
2025-11-29 19:01:17,796 - LSTM_BRDWGD - INFO - ==========================================================================================
2025-11-29 19:01:17,796 - LSTM_BRDWGD - INFO - Iniciando script LSTM (PyTorch) BRDWGD com suporte a GPU e logs detalhados.
2025-11-29 19:01:17,796 - LSTM_BRDWGD - INFO - ==========================================================================================
2025-11-29 19:01:17,797 - LSTM_BRDWGD - INFO - Iniciando experimento: lookback=30, hidden_dim=256, layers=2, lr=0.001, drop=0.5
2025-11-29 19:01:17,801 - LSTM_BRDWGD - INFO - Shape treino: torch.Size([5863, 30, 1]), teste: torch.Size([30, 30, 1])
2025-11-29 19:01:17,819 - LSTM_BRDWGD - INFO - Treinando por 500 épocas...
2025-11-29 19:01:18,405 - LSTM_BRDWGD - INFO - [EXP] Época 1/500 - Loss: 0.027363
2025-11-29 19:01:44,634 - LSTM_BRDWGD - INFO - [EXP] Época 50/500 - Loss: 0.024060
2025-11-29 19:02:11,408 - LSTM_BRDWGD - INFO - [EXP] Época 100/500 - Loss: 0.024053
2025-11-29 19:02:38,122 - LSTM_BRDWGD - INFO - [EXP] Época 150/500 - Loss: 0.024205
2025-11-29 19:03:04,910 - LSTM_BRDWGD - INFO - [EXP] Época 200/500 - Loss: 0.024172
2025-11-29 19:03:31,654 - LSTM_BRDWGD - INFO - [EXP] Época 250/500 - Loss: 0.023507
2025-11-29 19:03:58,374 - LSTM_BRDWGD - INFO - [EXP] Época 300/500 - Loss: 0.023375
2025-11-29 19:04:25,044 - LSTM_BRDWGD - INFO - [EXP] Época 350/500 - Loss: 0.022849
2025-11-29 19:04:51,634 - LSTM_BRDWGD - INFO - [EXP] Época 400/500 - Loss: 0.022809
2025-11-29 19:05:18,229 - LSTM_BRDWGD - INFO - [EXP] Época 450/500 - Loss: 0.022942
2025-11-29 19:05:44,860 - LSTM_BRDWGD - INFO - [EXP] Época 500/500 - Loss: 0.022007
2025-11-29 19:05:44,860 - LSTM_BRDWGD - INFO - Treinamento concluído em 4.45 minutos
2025-11-29 19:05:44,992 - LSTM_BRDWGD - INFO - Calculando erro para o train
2025-11-29 19:05:44,995 - LSTM_BRDWGD - INFO - RMSE: 10.4044
2025-11-29 19:05:44,995 - LSTM_BRDWGD - INFO - MSE : 108.2516
2025-11-29 19:05:44,995 - LSTM_BRDWGD - INFO - MAE : 3.3540
2025-11-29 19:05:44,995 - LSTM_BRDWGD - INFO - CSI (thr=1.0 mm): 0.0995  [TP=198, FP=488, FN=1304]
2025-11-29 19:05:44,995 - LSTM_BRDWGD - INFO - train_pred TRAIN mm min/max: 0.0, 140.1985011690272
2025-11-29 19:05:44,995 - LSTM_BRDWGD - INFO - train_TRUE TRAIN mm min/max: 0.0, 154.39999389648438
2025-11-29 19:05:44,995 - LSTM_BRDWGD - INFO -  Gerando gráficos TRAIN...
2025-11-29 19:05:45,351 - LSTM_BRDWGD - INFO -  Gráficos gerados TRAIN ...
2025-11-29 19:05:45,351 - LSTM_BRDWGD - INFO - Calculando erro para parte de teste
2025-11-29 19:05:45,353 - LSTM_BRDWGD - INFO - RMSE: 14.5075
2025-11-29 19:05:45,353 - LSTM_BRDWGD - INFO - MSE : 210.4689
2025-11-29 19:05:45,353 - LSTM_BRDWGD - INFO - MAE : 5.7610
2025-11-29 19:05:45,353 - LSTM_BRDWGD - INFO - CSI (thr=1.0 mm): 0.0000  [TP=0, FP=3, FN=6]
2025-11-29 19:05:45,353 - LSTM_BRDWGD - INFO - y_pred mm min/max: 0.0, 9.008694709370976
2025-11-29 19:05:45,354 - LSTM_BRDWGD - INFO - y_TRUE mm min/max: 0.0, 55.400001525878906
2025-11-29 19:05:45,354 - LSTM_BRDWGD - INFO -  Gerando gráficos...
2025-11-29 19:05:45,622 - LSTM_BRDWGD - INFO -  Gráficos gerados...
2025-11-29 19:05:45,622 - LSTM_BRDWGD - INFO - ==========================================================================================
2025-11-29 19:05:45,622 - LSTM_BRDWGD - INFO - Execução finalizada com sucesso.
2025-11-29 19:05:45,622 - LSTM_BRDWGD - INFO - Dispositivo utilizado: cuda
2025-11-29 19:05:45,622 - LSTM_BRDWGD - INFO - ==========================================================================================
2025-11-29 19:05:51,237 - BiLSTM_BRDWGD - INFO - ==========================================================================================
2025-11-29 19:05:51,237 - BiLSTM_BRDWGD - INFO - Iniciando script BILSTM (PyTorch) BRDWGD com suporte a GPU e logs detalhados.
2025-11-29 19:05:51,237 - BiLSTM_BRDWGD - INFO - ==========================================================================================
2025-11-29 19:05:51,237 - BiLSTM_BRDWGD - INFO - Iniciando experimento: lookback=30, hidden_dim=256, layers=2, lr=0.001, drop=0.5
2025-11-29 19:05:51,242 - BiLSTM_BRDWGD - INFO - Shape treino: torch.Size([5863, 30, 1]), teste: torch.Size([30, 30, 1])
2025-11-29 19:05:51,309 - BiLSTM_BRDWGD - INFO - Treinando por 500 épocas...
2025-11-29 19:05:52,161 - BiLSTM_BRDWGD - INFO - [EXP] Época 1/500 - Loss: 0.027635
2025-11-29 19:06:33,756 - BiLSTM_BRDWGD - INFO - [EXP] Época 50/500 - Loss: 0.024300
2025-11-29 19:07:16,507 - BiLSTM_BRDWGD - INFO - [EXP] Época 100/500 - Loss: 0.024087
2025-11-29 19:07:59,036 - BiLSTM_BRDWGD - INFO - [EXP] Época 150/500 - Loss: 0.024085
2025-11-29 19:08:41,552 - BiLSTM_BRDWGD - INFO - [EXP] Época 200/500 - Loss: 0.023995
2025-11-29 19:09:24,073 - BiLSTM_BRDWGD - INFO - [EXP] Época 250/500 - Loss: 0.023960
2025-11-29 19:10:06,959 - BiLSTM_BRDWGD - INFO - [EXP] Época 300/500 - Loss: 0.023604
2025-11-29 19:10:49,878 - BiLSTM_BRDWGD - INFO - [EXP] Época 350/500 - Loss: 0.023836
2025-11-29 19:11:32,792 - BiLSTM_BRDWGD - INFO - [EXP] Época 400/500 - Loss: 0.023322
2025-11-29 19:12:15,705 - BiLSTM_BRDWGD - INFO - [EXP] Época 450/500 - Loss: 0.023712
2025-11-29 19:12:58,633 - BiLSTM_BRDWGD - INFO - [EXP] Época 500/500 - Loss: 0.023138
2025-11-29 19:12:58,634 - BiLSTM_BRDWGD - INFO - Treinamento concluído em 7.12 minutos
2025-11-29 19:12:58,881 - BiLSTM_BRDWGD - INFO - Calculando erro para o train
2025-11-29 19:12:58,883 - BiLSTM_BRDWGD - INFO - RMSE: 10.3032
2025-11-29 19:12:58,883 - BiLSTM_BRDWGD - INFO - MSE : 106.1550
2025-11-29 19:12:58,883 - BiLSTM_BRDWGD - INFO - MAE : 3.3292
2025-11-29 19:12:58,884 - BiLSTM_BRDWGD - INFO - CSI (thr=1.0 mm): 0.0943  [TP=188, FP=491, FN=1314]
2025-11-29 19:12:58,884 - BiLSTM_BRDWGD - INFO - train_pred TRAIN mm min/max: 0.0, 96.33256955979596
2025-11-29 19:12:58,884 - BiLSTM_BRDWGD - INFO - train_TRUE TRAIN mm min/max: 0.0, 154.39999389648438
2025-11-29 19:12:58,884 - BiLSTM_BRDWGD - INFO -  Gerando gráficos TRAIN...
2025-11-29 19:12:59,216 - BiLSTM_BRDWGD - INFO -  Gráficos gerados TRAIN ...
2025-11-29 19:12:59,217 - BiLSTM_BRDWGD - INFO - Calculando erro para parte de teste
2025-11-29 19:12:59,219 - BiLSTM_BRDWGD - INFO - RMSE: 14.4570
2025-11-29 19:12:59,219 - BiLSTM_BRDWGD - INFO - MSE : 209.0043
2025-11-29 19:12:59,219 - BiLSTM_BRDWGD - INFO - MAE : 5.6261
2025-11-29 19:12:59,219 - BiLSTM_BRDWGD - INFO - CSI (thr=1.0 mm): 0.0000  [TP=0, FP=3, FN=6]
2025-11-29 19:12:59,219 - BiLSTM_BRDWGD - INFO - y_pred mm min/max: 0.0, 4.916151211199021
2025-11-29 19:12:59,219 - BiLSTM_BRDWGD - INFO - y_TRUE mm min/max: 0.0, 55.400001525878906
2025-11-29 19:12:59,219 - BiLSTM_BRDWGD - INFO -  Gerando gráficos...
2025-11-29 19:12:59,704 - BiLSTM_BRDWGD - INFO -  Gráficos gerados...
2025-11-29 19:12:59,704 - BiLSTM_BRDWGD - INFO - ==========================================================================================
2025-11-29 19:12:59,704 - BiLSTM_BRDWGD - INFO - Execução finalizada com sucesso.
2025-11-29 19:12:59,704 - BiLSTM_BRDWGD - INFO - Dispositivo utilizado: cuda
2025-11-29 19:12:59,704 - BiLSTM_BRDWGD - INFO - ==========================================================================================
2025-11-29 19:13:05,674 - ARIMA_BRDWGD - INFO - ==========================================================================================
2025-11-29 19:13:05,674 - ARIMA_BRDWGD - INFO - Iniciando script ARIMA BRDWGD.
2025-11-29 19:13:05,675 - ARIMA_BRDWGD - INFO - ==========================================================================================
2025-11-29 19:13:05,675 - ARIMA_BRDWGD - INFO - Tamanho treino: 5894 | teste: 30
2025-11-29 19:13:05,675 - ARIMA_BRDWGD - INFO - [FASE 4] Iniciando busca manual por hiperparâmetros (AIC).
2025-11-29 19:24:45,521 - ARIMA_BRDWGD - INFO - Melhor order encontrado: (30, 0, 0)
2025-11-29 19:24:45,522 - ARIMA_BRDWGD - INFO - Melhor AIC (treino): -16095.51
2025-11-29 19:24:45,522 - ARIMA_BRDWGD - INFO - Tempo da Fase 4: 699.85s
2025-11-29 19:24:45,522 - ARIMA_BRDWGD - INFO - [FASE 5] Reajustando melhor modelo no conjunto de treino.
2025-11-29 19:25:38,132 - ARIMA_BRDWGD - INFO - Melhor modelo ajustado no treino.
2025-11-29 19:25:38,132 - ARIMA_BRDWGD - INFO - Tempo da Fase 5: 52.61s
2025-11-29 19:25:38,132 - ARIMA_BRDWGD - INFO - [FASE 6] Gerando previsões no conjunto de teste e avaliando métricas.
2025-11-29 19:25:38,186 - ARIMA_BRDWGD - INFO - RMSE: 9.4854
2025-11-29 19:25:38,186 - ARIMA_BRDWGD - INFO - MSE : 89.9731
2025-11-29 19:25:38,186 - ARIMA_BRDWGD - INFO - MAE : 4.5144
2025-11-29 19:25:38,186 - ARIMA_BRDWGD - INFO - CSI (thr=1.0 mm): 0.2587  [TP=1521, FP=4354, FN=4]
2025-11-29 19:25:38,186 - ARIMA_BRDWGD - INFO - [TREINO] RMSE=9.4854 | MSE=89.9731 | MAE=4.5144 | CSI=0.2587
2025-11-29 19:25:38,214 - ARIMA_BRDWGD - INFO - RMSE: 13.3585
2025-11-29 19:25:38,215 - ARIMA_BRDWGD - INFO - MSE : 178.4498
2025-11-29 19:25:38,215 - ARIMA_BRDWGD - INFO - MAE : 7.4102
2025-11-29 19:25:38,215 - ARIMA_BRDWGD - INFO - CSI (thr=1.0 mm): 0.2000  [TP=6, FP=24, FN=0]
2025-11-29 19:25:38,215 - ARIMA_BRDWGD - INFO - Tempo total da Fase 6: 0.08s
2025-11-29 19:25:38,215 - ARIMA_BRDWGD - INFO - [FASE 7] Salvando gráfico de previsão vs. observado.
2025-11-29 19:25:38,821 - ARIMA_BRDWGD - INFO - Gráfico salvo como 'arimaBRDWGD_result.png'.
2025-11-29 19:25:38,821 - ARIMA_BRDWGD - INFO - ==========================================================================================
2025-11-29 19:25:38,821 - ARIMA_BRDWGD - INFO - Execução ARIMA BRDWGD finalizada com sucesso.
2025-11-29 19:25:38,821 - ARIMA_BRDWGD - INFO - Tempo total de execução: 753.15s
2025-11-29 19:25:38,821 - ARIMA_BRDWGD - INFO - ==========================================================================================
2025-11-29 19:25:44,511 - RANDOM_FOREST_BRDWGD - INFO - ====================================================================================================
2025-11-29 19:25:44,512 - RANDOM_FOREST_BRDWGD - INFO - Iniciando Random Forest BRDWGD com GridSearchCV.
2025-11-29 19:25:44,512 - RANDOM_FOREST_BRDWGD - INFO - ====================================================================================================
2025-11-29 19:25:44,512 - RANDOM_FOREST_BRDWGD - INFO - [FASE 3] Split treino/teste e preparação.
2025-11-29 19:25:44,515 - RANDOM_FOREST_BRDWGD - INFO - [FASE 3] Treino: X=(5864, 30), y=5864 | Teste: X=(30, 30), y=30
2025-11-29 19:25:44,515 - RANDOM_FOREST_BRDWGD - INFO - [FASE 3] Tempo: 0.00s
2025-11-29 19:25:44,515 - RANDOM_FOREST_BRDWGD - INFO - [FASE 4] Iniciando GridSearchCV (TimeSeriesSplit).
2025-11-29 19:40:54,477 - RANDOM_FOREST_BRDWGD - INFO - [FASE 4] GridSearchCV concluído em 909.62s
2025-11-29 19:40:54,486 - RANDOM_FOREST_BRDWGD - INFO - [FASE 4] Melhores parâmetros: {'max_depth': None, 'max_features': 'sqrt', 'min_samples_leaf': 4, 'min_samples_split': 10, 'n_estimators': 200}
2025-11-29 19:40:54,487 - RANDOM_FOREST_BRDWGD - INFO - [FASE 4] Melhor score (neg_MSE): -98.818296
2025-11-29 19:40:54,487 - RANDOM_FOREST_BRDWGD - INFO - [FASE 4] Tempo: 909.97s
2025-11-29 19:40:54,487 - RANDOM_FOREST_BRDWGD - INFO - [FASE 5] Treinando best_estimator_ no conjunto de treino.
2025-11-29 19:40:55,252 - RANDOM_FOREST_BRDWGD - INFO - [FASE 5] Tempo: 0.76s
2025-11-29 19:40:55,252 - RANDOM_FOREST_BRDWGD - INFO - [FASE 6] Previsão e cálculo de métricas.
2025-11-29 19:40:55,503 - RANDOM_FOREST_BRDWGD - INFO - RMSE: 7.5402
2025-11-29 19:40:55,504 - RANDOM_FOREST_BRDWGD - INFO - MSE : 56.8553
2025-11-29 19:40:55,504 - RANDOM_FOREST_BRDWGD - INFO - MAE : 3.4162
2025-11-29 19:40:55,504 - RANDOM_FOREST_BRDWGD - INFO - CSI (thr=1.0 mm): 0.3223  [TP=1491, FP=3115, FN=20]
2025-11-29 19:40:55,504 - RANDOM_FOREST_BRDWGD - INFO - [TREINO] RMSE=7.5402 | MSE=56.8553 | MAE=3.4162 | CSI=0.3223
2025-11-29 19:40:55,617 - RANDOM_FOREST_BRDWGD - INFO - y_pred raw min/max: 1.993143407697288, 10.419484206937064
2025-11-29 19:40:55,617 - RANDOM_FOREST_BRDWGD - INFO - y_TRUE raw min/max: 0.0, 55.400001525878906
2025-11-29 19:40:55,621 - RANDOM_FOREST_BRDWGD - INFO - RMSE: 12.8944
2025-11-29 19:40:55,621 - RANDOM_FOREST_BRDWGD - INFO - MSE : 166.2649
2025-11-29 19:40:55,621 - RANDOM_FOREST_BRDWGD - INFO - MAE : 7.6742
2025-11-29 19:40:55,622 - RANDOM_FOREST_BRDWGD - INFO - CSI (thr=1.0 mm): 0.2000  [TP=6, FP=24, FN=0]
2025-11-29 19:40:55,622 - RANDOM_FOREST_BRDWGD - INFO - [FASE 7] Gerando gráficos.
2025-11-29 19:40:58,276 - RANDOM_FOREST_BRDWGD - INFO - Gráfico salvo como 'random_forest_BRDWGD.png'.
2025-11-29 19:40:58,276 - RANDOM_FOREST_BRDWGD - INFO - [FASE 7] Tempo: 2.65s
2025-11-29 19:40:58,276 - RANDOM_FOREST_BRDWGD - INFO - ====================================================================================================
2025-11-29 19:40:58,276 - RANDOM_FOREST_BRDWGD - INFO - Resumo Final
2025-11-29 19:40:58,276 - RANDOM_FOREST_BRDWGD - INFO - Melhores parâmetros: {'max_depth': None, 'max_features': 'sqrt', 'min_samples_leaf': 4, 'min_samples_split': 10, 'n_estimators': 200}
2025-11-29 19:40:58,276 - RANDOM_FOREST_BRDWGD - INFO - Tempo total de execução: 913.76s
2025-11-29 19:40:58,276 - RANDOM_FOREST_BRDWGD - INFO - ====================================================================================================
2025-11-29 19:41:06,393 - LSTM_BRDWGD - INFO - ==========================================================================================
2025-11-29 19:41:06,394 - LSTM_BRDWGD - INFO - Iniciando script LSTM (PyTorch) BRDWGD com suporte a GPU e logs detalhados.
2025-11-29 19:41:06,394 - LSTM_BRDWGD - INFO - ==========================================================================================
2025-11-29 19:41:06,394 - LSTM_BRDWGD - INFO - Iniciando experimento: lookback=30, hidden_dim=32, layers=2, lr=0.001, drop=0.5
2025-11-29 19:41:07,600 - LSTM_BRDWGD - INFO - Shape treino: torch.Size([5863, 30, 1]), teste: torch.Size([30, 30, 1])
2025-11-29 19:41:08,868 - LSTM_BRDWGD - INFO - Treinando por 500 épocas...
2025-11-29 19:41:13,720 - LSTM_BRDWGD - INFO - [EXP] Época 1/500 - Loss: 0.025663
2025-11-29 19:42:16,002 - LSTM_BRDWGD - INFO - [EXP] Época 50/500 - Loss: 0.024173
2025-11-29 19:43:37,891 - LSTM_BRDWGD - INFO - [EXP] Época 100/500 - Loss: 0.024154
2025-11-29 19:44:48,802 - LSTM_BRDWGD - INFO - [EXP] Época 150/500 - Loss: 0.024087
2025-11-29 19:45:20,387 - LSTM_BRDWGD - INFO - [EXP] Época 200/500 - Loss: 0.023997
2025-11-29 19:45:46,330 - LSTM_BRDWGD - INFO - [EXP] Época 250/500 - Loss: 0.023580
2025-11-29 19:46:08,107 - LSTM_BRDWGD - INFO - [EXP] Época 300/500 - Loss: 0.023284
2025-11-29 19:47:11,201 - LSTM_BRDWGD - INFO - [EXP] Época 350/500 - Loss: 0.023116
2025-11-29 19:47:42,564 - LSTM_BRDWGD - INFO - [EXP] Época 400/500 - Loss: 0.023028
2025-11-29 19:48:06,309 - LSTM_BRDWGD - INFO - [EXP] Época 450/500 - Loss: 0.022233
2025-11-29 19:48:44,017 - LSTM_BRDWGD - INFO - [EXP] Época 500/500 - Loss: 0.021280
2025-11-29 19:48:44,017 - LSTM_BRDWGD - INFO - Treinamento concluído em 7.59 minutos
2025-11-29 19:48:44,251 - LSTM_BRDWGD - INFO - Calculando erro para o train
2025-11-29 19:48:44,289 - LSTM_BRDWGD - INFO - RMSE: 10.5974
2025-11-29 19:48:44,289 - LSTM_BRDWGD - INFO - MSE : 112.3058
2025-11-29 19:48:44,289 - LSTM_BRDWGD - INFO - MAE : 3.5009
2025-11-29 19:48:44,289 - LSTM_BRDWGD - INFO - CSI (thr=1.0 mm): 0.0781  [TP=145, FP=354, FN=1357]
2025-11-29 19:48:44,290 - LSTM_BRDWGD - INFO - train_pred TRAIN mm min/max: 0.0, 74.04317782996142
2025-11-29 19:48:44,290 - LSTM_BRDWGD - INFO - train_TRUE TRAIN mm min/max: 0.0, 154.39999389648438
2025-11-29 19:48:44,290 - LSTM_BRDWGD - INFO -  Gerando gráficos TRAIN...
2025-11-29 19:48:45,960 - LSTM_BRDWGD - INFO -  Gráficos gerados TRAIN ...
2025-11-29 19:48:45,960 - LSTM_BRDWGD - INFO - Calculando erro para parte de teste
2025-11-29 19:48:45,962 - LSTM_BRDWGD - INFO - RMSE: 14.6283
2025-11-29 19:48:45,962 - LSTM_BRDWGD - INFO - MSE : 213.9878
2025-11-29 19:48:45,962 - LSTM_BRDWGD - INFO - MAE : 6.1367
2025-11-29 19:48:45,962 - LSTM_BRDWGD - INFO - CSI (thr=1.0 mm): 0.0000  [TP=0, FP=6, FN=6]
2025-11-29 19:48:45,963 - LSTM_BRDWGD - INFO - y_pred mm min/max: 0.0, 12.109505123207104
2025-11-29 19:48:45,963 - LSTM_BRDWGD - INFO - y_TRUE mm min/max: 0.0, 55.400001525878906
2025-11-29 19:48:45,963 - LSTM_BRDWGD - INFO -  Gerando gráficos...
2025-11-29 19:48:46,680 - LSTM_BRDWGD - INFO -  Gráficos gerados...
2025-11-29 19:48:46,680 - LSTM_BRDWGD - INFO - ==========================================================================================
2025-11-29 19:48:46,680 - LSTM_BRDWGD - INFO - Execução finalizada com sucesso.
2025-11-29 19:48:46,680 - LSTM_BRDWGD - INFO - Dispositivo utilizado: cuda
2025-11-29 19:48:46,680 - LSTM_BRDWGD - INFO - ==========================================================================================
2025-11-29 19:48:52,470 - BiLSTM_BRDWGD - INFO - ==========================================================================================
2025-11-29 19:48:52,470 - BiLSTM_BRDWGD - INFO - Iniciando script BILSTM (PyTorch) BRDWGD com suporte a GPU e logs detalhados.
2025-11-29 19:48:52,470 - BiLSTM_BRDWGD - INFO - ==========================================================================================
2025-11-29 19:48:52,471 - BiLSTM_BRDWGD - INFO - Iniciando experimento: lookback=30, hidden_dim=32, layers=2, lr=0.001, drop=0.5
2025-11-29 19:48:52,478 - BiLSTM_BRDWGD - INFO - Shape treino: torch.Size([5863, 30, 1]), teste: torch.Size([30, 30, 1])
2025-11-29 19:48:52,534 - BiLSTM_BRDWGD - INFO - Treinando por 500 épocas...
2025-11-29 19:48:54,674 - BiLSTM_BRDWGD - INFO - [EXP] Época 1/500 - Loss: 0.029150
2025-11-29 19:50:36,805 - BiLSTM_BRDWGD - INFO - [EXP] Época 50/500 - Loss: 0.024117
2025-11-29 19:51:47,070 - BiLSTM_BRDWGD - INFO - [EXP] Época 100/500 - Loss: 0.024130
2025-11-29 19:52:37,413 - BiLSTM_BRDWGD - INFO - [EXP] Época 150/500 - Loss: 0.024073
2025-11-29 19:53:23,248 - BiLSTM_BRDWGD - INFO - [EXP] Época 200/500 - Loss: 0.023800
2025-11-29 19:54:53,214 - BiLSTM_BRDWGD - INFO - [EXP] Época 250/500 - Loss: 0.024086
2025-11-29 19:55:57,814 - BiLSTM_BRDWGD - INFO - [EXP] Época 300/500 - Loss: 0.023576
2025-11-29 19:57:03,727 - BiLSTM_BRDWGD - INFO - [EXP] Época 350/500 - Loss: 0.023425
2025-11-29 19:58:06,769 - BiLSTM_BRDWGD - INFO - [EXP] Época 400/500 - Loss: 0.023268
2025-11-29 19:58:54,185 - BiLSTM_BRDWGD - INFO - [EXP] Época 450/500 - Loss: 0.023134
2025-11-29 20:00:01,092 - BiLSTM_BRDWGD - INFO - [EXP] Época 500/500 - Loss: 0.023679
2025-11-29 20:00:01,093 - BiLSTM_BRDWGD - INFO - Treinamento concluído em 11.14 minutos
2025-11-29 20:00:01,217 - BiLSTM_BRDWGD - INFO - Calculando erro para o train
2025-11-29 20:00:01,226 - BiLSTM_BRDWGD - INFO - RMSE: 10.2418
2025-11-29 20:00:01,226 - BiLSTM_BRDWGD - INFO - MSE : 104.8944
2025-11-29 20:00:01,226 - BiLSTM_BRDWGD - INFO - MAE : 3.3253
2025-11-29 20:00:01,226 - BiLSTM_BRDWGD - INFO - CSI (thr=1.0 mm): 0.0868  [TP=167, FP=421, FN=1335]
2025-11-29 20:00:01,226 - BiLSTM_BRDWGD - INFO - train_pred TRAIN mm min/max: 0.0, 79.2051854636705
2025-11-29 20:00:01,226 - BiLSTM_BRDWGD - INFO - train_TRUE TRAIN mm min/max: 0.0, 154.39999389648438
2025-11-29 20:00:01,226 - BiLSTM_BRDWGD - INFO -  Gerando gráficos TRAIN...
2025-11-29 20:00:02,054 - BiLSTM_BRDWGD - INFO -  Gráficos gerados TRAIN ...
2025-11-29 20:00:02,054 - BiLSTM_BRDWGD - INFO - Calculando erro para parte de teste
2025-11-29 20:00:02,056 - BiLSTM_BRDWGD - INFO - RMSE: 14.4726
2025-11-29 20:00:02,056 - BiLSTM_BRDWGD - INFO - MSE : 209.4575
2025-11-29 20:00:02,056 - BiLSTM_BRDWGD - INFO - MAE : 5.6983
2025-11-29 20:00:02,056 - BiLSTM_BRDWGD - INFO - CSI (thr=1.0 mm): 0.0000  [TP=0, FP=4, FN=6]
2025-11-29 20:00:02,056 - BiLSTM_BRDWGD - INFO - y_pred mm min/max: 0.0, 5.053104441411783
2025-11-29 20:00:02,056 - BiLSTM_BRDWGD - INFO - y_TRUE mm min/max: 0.0, 55.400001525878906
2025-11-29 20:00:02,056 - BiLSTM_BRDWGD - INFO -  Gerando gráficos...
2025-11-29 20:00:02,474 - BiLSTM_BRDWGD - INFO -  Gráficos gerados...
2025-11-29 20:00:02,474 - BiLSTM_BRDWGD - INFO - ==========================================================================================
2025-11-29 20:00:02,474 - BiLSTM_BRDWGD - INFO - Execução finalizada com sucesso.
2025-11-29 20:00:02,474 - BiLSTM_BRDWGD - INFO - Dispositivo utilizado: cuda
2025-11-29 20:00:02,474 - BiLSTM_BRDWGD - INFO - ==========================================================================================
2025-11-29 20:00:09,162 - LSTM_BRDWGD - INFO - ==========================================================================================
2025-11-29 20:00:09,162 - LSTM_BRDWGD - INFO - Iniciando script LSTM (PyTorch) BRDWGD com suporte a GPU e logs detalhados.
2025-11-29 20:00:09,162 - LSTM_BRDWGD - INFO - ==========================================================================================
2025-11-29 20:00:09,162 - LSTM_BRDWGD - INFO - Iniciando experimento: lookback=30, hidden_dim=64, layers=2, lr=0.001, drop=0.5
2025-11-29 20:00:09,170 - LSTM_BRDWGD - INFO - Shape treino: torch.Size([5863, 30, 1]), teste: torch.Size([30, 30, 1])
2025-11-29 20:00:09,172 - LSTM_BRDWGD - INFO - Treinando por 500 épocas...
2025-11-29 20:00:11,127 - LSTM_BRDWGD - INFO - [EXP] Época 1/500 - Loss: 0.025809
2025-11-29 20:01:36,777 - LSTM_BRDWGD - INFO - [EXP] Época 50/500 - Loss: 0.024113
2025-11-29 20:02:47,994 - LSTM_BRDWGD - INFO - [EXP] Época 100/500 - Loss: 0.024364
2025-11-29 20:03:32,248 - LSTM_BRDWGD - INFO - [EXP] Época 150/500 - Loss: 0.023889
2025-11-29 20:04:19,338 - LSTM_BRDWGD - INFO - [EXP] Época 200/500 - Loss: 0.023821
2025-11-29 20:04:48,951 - LSTM_BRDWGD - INFO - [EXP] Época 250/500 - Loss: 0.023539
2025-11-29 20:05:37,872 - LSTM_BRDWGD - INFO - [EXP] Época 300/500 - Loss: 0.023228
2025-11-29 20:06:14,952 - LSTM_BRDWGD - INFO - [EXP] Época 350/500 - Loss: 0.024128
2025-11-29 20:07:06,073 - LSTM_BRDWGD - INFO - [EXP] Época 400/500 - Loss: 0.022874
2025-11-29 20:07:48,647 - LSTM_BRDWGD - INFO - [EXP] Época 450/500 - Loss: 0.022234
2025-11-29 20:08:04,780 - LSTM_BRDWGD - INFO - [EXP] Época 500/500 - Loss: 0.022020
2025-11-29 20:08:04,780 - LSTM_BRDWGD - INFO - Treinamento concluído em 7.93 minutos
2025-11-29 20:08:04,822 - LSTM_BRDWGD - INFO - Calculando erro para o train
2025-11-29 20:08:04,844 - LSTM_BRDWGD - INFO - RMSE: 10.4065
2025-11-29 20:08:04,845 - LSTM_BRDWGD - INFO - MSE : 108.2956
2025-11-29 20:08:04,845 - LSTM_BRDWGD - INFO - MAE : 3.4177
2025-11-29 20:08:04,845 - LSTM_BRDWGD - INFO - CSI (thr=1.0 mm): 0.0820  [TP=153, FP=363, FN=1349]
2025-11-29 20:08:04,845 - LSTM_BRDWGD - INFO - train_pred TRAIN mm min/max: 0.0, 80.82125233120608
2025-11-29 20:08:04,846 - LSTM_BRDWGD - INFO - train_TRUE TRAIN mm min/max: 0.0, 154.39999389648438
2025-11-29 20:08:04,846 - LSTM_BRDWGD - INFO -  Gerando gráficos TRAIN...
2025-11-29 20:08:05,723 - LSTM_BRDWGD - INFO -  Gráficos gerados TRAIN ...
2025-11-29 20:08:05,723 - LSTM_BRDWGD - INFO - Calculando erro para parte de teste
2025-11-29 20:08:05,725 - LSTM_BRDWGD - INFO - RMSE: 14.8481
2025-11-29 20:08:05,725 - LSTM_BRDWGD - INFO - MSE : 220.4664
2025-11-29 20:08:05,725 - LSTM_BRDWGD - INFO - MAE : 6.1892
2025-11-29 20:08:05,726 - LSTM_BRDWGD - INFO - CSI (thr=1.0 mm): 0.0000  [TP=0, FP=3, FN=6]
2025-11-29 20:08:05,726 - LSTM_BRDWGD - INFO - y_pred mm min/max: 0.0, 19.42804513446491
2025-11-29 20:08:05,726 - LSTM_BRDWGD - INFO - y_TRUE mm min/max: 0.0, 55.400001525878906
2025-11-29 20:08:05,726 - LSTM_BRDWGD - INFO -  Gerando gráficos...
2025-11-29 20:08:06,022 - LSTM_BRDWGD - INFO -  Gráficos gerados...
2025-11-29 20:08:06,022 - LSTM_BRDWGD - INFO - ==========================================================================================
2025-11-29 20:08:06,022 - LSTM_BRDWGD - INFO - Execução finalizada com sucesso.
2025-11-29 20:08:06,022 - LSTM_BRDWGD - INFO - Dispositivo utilizado: cuda
2025-11-29 20:08:06,022 - LSTM_BRDWGD - INFO - ==========================================================================================
2025-11-29 20:08:11,733 - BiLSTM_BRDWGD - INFO - ==========================================================================================
2025-11-29 20:08:11,733 - BiLSTM_BRDWGD - INFO - Iniciando script BILSTM (PyTorch) BRDWGD com suporte a GPU e logs detalhados.
2025-11-29 20:08:11,733 - BiLSTM_BRDWGD - INFO - ==========================================================================================
2025-11-29 20:08:11,733 - BiLSTM_BRDWGD - INFO - Iniciando experimento: lookback=30, hidden_dim=64, layers=2, lr=0.001, drop=0.5
2025-11-29 20:08:11,741 - BiLSTM_BRDWGD - INFO - Shape treino: torch.Size([5863, 30, 1]), teste: torch.Size([30, 30, 1])
2025-11-29 20:08:11,744 - BiLSTM_BRDWGD - INFO - Treinando por 500 épocas...
2025-11-29 20:08:14,387 - BiLSTM_BRDWGD - INFO - [EXP] Época 1/500 - Loss: 0.028949
2025-11-29 20:09:28,360 - BiLSTM_BRDWGD - INFO - [EXP] Época 50/500 - Loss: 0.024102
2025-11-29 20:10:29,183 - BiLSTM_BRDWGD - INFO - [EXP] Época 100/500 - Loss: 0.024152
2025-11-29 20:12:03,417 - BiLSTM_BRDWGD - INFO - [EXP] Época 150/500 - Loss: 0.024447
2025-11-29 20:12:36,854 - BiLSTM_BRDWGD - INFO - [EXP] Época 200/500 - Loss: 0.023951
2025-11-29 20:14:08,243 - BiLSTM_BRDWGD - INFO - [EXP] Época 250/500 - Loss: 0.023779
2025-11-29 20:14:35,353 - BiLSTM_BRDWGD - INFO - [EXP] Época 300/500 - Loss: 0.023552
2025-11-29 20:15:37,594 - BiLSTM_BRDWGD - INFO - [EXP] Época 350/500 - Loss: 0.023160
2025-11-29 20:16:16,774 - BiLSTM_BRDWGD - INFO - [EXP] Época 400/500 - Loss: 0.023023
2025-11-29 20:17:09,256 - BiLSTM_BRDWGD - INFO - [EXP] Época 450/500 - Loss: 0.022763
2025-11-29 20:17:43,901 - BiLSTM_BRDWGD - INFO - [EXP] Época 500/500 - Loss: 0.022637
2025-11-29 20:17:43,901 - BiLSTM_BRDWGD - INFO - Treinamento concluído em 9.54 minutos
2025-11-29 20:17:43,992 - BiLSTM_BRDWGD - INFO - Calculando erro para o train
2025-11-29 20:17:44,001 - BiLSTM_BRDWGD - INFO - RMSE: 10.3379
2025-11-29 20:17:44,001 - BiLSTM_BRDWGD - INFO - MSE : 106.8718
2025-11-29 20:17:44,001 - BiLSTM_BRDWGD - INFO - MAE : 3.3196
2025-11-29 20:17:44,001 - BiLSTM_BRDWGD - INFO - CSI (thr=1.0 mm): 0.0829  [TP=155, FP=367, FN=1347]
2025-11-29 20:17:44,002 - BiLSTM_BRDWGD - INFO - train_pred TRAIN mm min/max: 0.0, 99.56041471688002
2025-11-29 20:17:44,002 - BiLSTM_BRDWGD - INFO - train_TRUE TRAIN mm min/max: 0.0, 154.39999389648438
2025-11-29 20:17:44,002 - BiLSTM_BRDWGD - INFO -  Gerando gráficos TRAIN...
2025-11-29 20:17:44,700 - BiLSTM_BRDWGD - INFO -  Gráficos gerados TRAIN ...
2025-11-29 20:17:44,700 - BiLSTM_BRDWGD - INFO - Calculando erro para parte de teste
2025-11-29 20:17:44,702 - BiLSTM_BRDWGD - INFO - RMSE: 14.4439
2025-11-29 20:17:44,702 - BiLSTM_BRDWGD - INFO - MSE : 208.6256
2025-11-29 20:17:44,702 - BiLSTM_BRDWGD - INFO - MAE : 5.6214
2025-11-29 20:17:44,702 - BiLSTM_BRDWGD - INFO - CSI (thr=1.0 mm): 0.0000  [TP=0, FP=5, FN=6]
2025-11-29 20:17:44,703 - BiLSTM_BRDWGD - INFO - y_pred mm min/max: 0.0, 3.925365168662522
2025-11-29 20:17:44,703 - BiLSTM_BRDWGD - INFO - y_TRUE mm min/max: 0.0, 55.400001525878906
2025-11-29 20:17:44,703 - BiLSTM_BRDWGD - INFO -  Gerando gráficos...
2025-11-29 20:17:45,125 - BiLSTM_BRDWGD - INFO -  Gráficos gerados...
2025-11-29 20:17:45,125 - BiLSTM_BRDWGD - INFO - ==========================================================================================
2025-11-29 20:17:45,125 - BiLSTM_BRDWGD - INFO - Execução finalizada com sucesso.
2025-11-29 20:17:45,126 - BiLSTM_BRDWGD - INFO - Dispositivo utilizado: cuda
2025-11-29 20:17:45,126 - BiLSTM_BRDWGD - INFO - ==========================================================================================
2025-11-29 20:17:51,301 - LSTM_BRDWGD - INFO - ==========================================================================================
2025-11-29 20:17:51,301 - LSTM_BRDWGD - INFO - Iniciando script LSTM (PyTorch) BRDWGD com suporte a GPU e logs detalhados.
2025-11-29 20:17:51,301 - LSTM_BRDWGD - INFO - ==========================================================================================
2025-11-29 20:17:51,302 - LSTM_BRDWGD - INFO - Iniciando experimento: lookback=30, hidden_dim=128, layers=2, lr=0.001, drop=0.5
2025-11-29 20:17:51,310 - LSTM_BRDWGD - INFO - Shape treino: torch.Size([5863, 30, 1]), teste: torch.Size([30, 30, 1])
2025-11-29 20:17:51,328 - LSTM_BRDWGD - INFO - Treinando por 500 épocas...
2025-11-29 20:17:53,262 - LSTM_BRDWGD - INFO - [EXP] Época 1/500 - Loss: 0.026211
2025-11-29 20:18:44,037 - LSTM_BRDWGD - INFO - [EXP] Época 50/500 - Loss: 0.024467
2025-11-29 20:19:40,618 - LSTM_BRDWGD - INFO - [EXP] Época 100/500 - Loss: 0.024163
2025-11-29 20:20:41,139 - LSTM_BRDWGD - INFO - [EXP] Época 150/500 - Loss: 0.023761
2025-11-29 20:21:45,064 - LSTM_BRDWGD - INFO - [EXP] Época 200/500 - Loss: 0.023615
2025-11-29 20:22:06,223 - LSTM_BRDWGD - INFO - [EXP] Época 250/500 - Loss: 0.023513
2025-11-29 20:22:22,330 - LSTM_BRDWGD - INFO - [EXP] Época 300/500 - Loss: 0.023174
2025-11-29 20:22:54,754 - LSTM_BRDWGD - INFO - [EXP] Época 350/500 - Loss: 0.022882
2025-11-29 20:23:33,095 - LSTM_BRDWGD - INFO - [EXP] Época 400/500 - Loss: 0.021924
2025-11-29 20:23:49,197 - LSTM_BRDWGD - INFO - [EXP] Época 450/500 - Loss: 0.021046
2025-11-29 20:24:40,335 - LSTM_BRDWGD - INFO - [EXP] Época 500/500 - Loss: 0.020225
2025-11-29 20:24:40,335 - LSTM_BRDWGD - INFO - Treinamento concluído em 6.82 minutos
2025-11-29 20:24:40,463 - LSTM_BRDWGD - INFO - Calculando erro para o train
2025-11-29 20:24:40,465 - LSTM_BRDWGD - INFO - RMSE: 10.8394
2025-11-29 20:24:40,465 - LSTM_BRDWGD - INFO - MSE : 117.4923
2025-11-29 20:24:40,465 - LSTM_BRDWGD - INFO - MAE : 3.5777
2025-11-29 20:24:40,465 - LSTM_BRDWGD - INFO - CSI (thr=1.0 mm): 0.0922  [TP=177, FP=418, FN=1325]
2025-11-29 20:24:40,466 - LSTM_BRDWGD - INFO - train_pred TRAIN mm min/max: 0.0, 147.96072609318009
2025-11-29 20:24:40,466 - LSTM_BRDWGD - INFO - train_TRUE TRAIN mm min/max: 0.0, 154.39999389648438
2025-11-29 20:24:40,466 - LSTM_BRDWGD - INFO -  Gerando gráficos TRAIN...
2025-11-29 20:24:41,613 - LSTM_BRDWGD - INFO -  Gráficos gerados TRAIN ...
2025-11-29 20:24:41,613 - LSTM_BRDWGD - INFO - Calculando erro para parte de teste
2025-11-29 20:24:41,615 - LSTM_BRDWGD - INFO - RMSE: 15.0271
2025-11-29 20:24:41,615 - LSTM_BRDWGD - INFO - MSE : 225.8129
2025-11-29 20:24:41,615 - LSTM_BRDWGD - INFO - MAE : 6.6468
2025-11-29 20:24:41,615 - LSTM_BRDWGD - INFO - CSI (thr=1.0 mm): 0.0000  [TP=0, FP=5, FN=6]
2025-11-29 20:24:41,615 - LSTM_BRDWGD - INFO - y_pred mm min/max: 0.0, 19.571169522567125
2025-11-29 20:24:41,615 - LSTM_BRDWGD - INFO - y_TRUE mm min/max: 0.0, 55.400001525878906
2025-11-29 20:24:41,615 - LSTM_BRDWGD - INFO -  Gerando gráficos...
2025-11-29 20:24:42,108 - LSTM_BRDWGD - INFO -  Gráficos gerados...
2025-11-29 20:24:42,108 - LSTM_BRDWGD - INFO - ==========================================================================================
2025-11-29 20:24:42,108 - LSTM_BRDWGD - INFO - Execução finalizada com sucesso.
2025-11-29 20:24:42,108 - LSTM_BRDWGD - INFO - Dispositivo utilizado: cuda
2025-11-29 20:24:42,108 - LSTM_BRDWGD - INFO - ==========================================================================================
2025-11-29 20:24:47,979 - BiLSTM_BRDWGD - INFO - ==========================================================================================
2025-11-29 20:24:47,979 - BiLSTM_BRDWGD - INFO - Iniciando script BILSTM (PyTorch) BRDWGD com suporte a GPU e logs detalhados.
2025-11-29 20:24:47,980 - BiLSTM_BRDWGD - INFO - ==========================================================================================
2025-11-29 20:24:47,980 - BiLSTM_BRDWGD - INFO - Iniciando experimento: lookback=30, hidden_dim=128, layers=2, lr=0.001, drop=0.5
2025-11-29 20:24:48,081 - BiLSTM_BRDWGD - INFO - Shape treino: torch.Size([5863, 30, 1]), teste: torch.Size([30, 30, 1])
2025-11-29 20:24:48,121 - BiLSTM_BRDWGD - INFO - Treinando por 500 épocas...
2025-11-29 20:24:50,591 - BiLSTM_BRDWGD - INFO - [EXP] Época 1/500 - Loss: 0.028832
2025-11-29 20:26:14,273 - BiLSTM_BRDWGD - INFO - [EXP] Época 50/500 - Loss: 0.024222
2025-11-29 20:27:43,629 - BiLSTM_BRDWGD - INFO - [EXP] Época 100/500 - Loss: 0.024042
2025-11-29 20:28:26,888 - BiLSTM_BRDWGD - INFO - [EXP] Época 150/500 - Loss: 0.024250
2025-11-29 20:30:02,242 - BiLSTM_BRDWGD - INFO - [EXP] Época 200/500 - Loss: 0.024071
2025-11-29 20:30:53,086 - BiLSTM_BRDWGD - INFO - [EXP] Época 250/500 - Loss: 0.023755
2025-11-29 20:31:57,582 - BiLSTM_BRDWGD - INFO - [EXP] Época 300/500 - Loss: 0.023811
2025-11-29 20:32:19,390 - BiLSTM_BRDWGD - INFO - [EXP] Época 350/500 - Loss: 0.023405
2025-11-29 20:32:50,518 - BiLSTM_BRDWGD - INFO - [EXP] Época 400/500 - Loss: 0.023209
2025-11-29 20:33:14,698 - BiLSTM_BRDWGD - INFO - [EXP] Época 450/500 - Loss: 0.022991
2025-11-29 20:33:36,253 - BiLSTM_BRDWGD - INFO - [EXP] Época 500/500 - Loss: 0.022431
2025-11-29 20:33:36,253 - BiLSTM_BRDWGD - INFO - Treinamento concluído em 8.80 minutos
2025-11-29 20:33:36,435 - BiLSTM_BRDWGD - INFO - Calculando erro para o train
2025-11-29 20:33:36,478 - BiLSTM_BRDWGD - INFO - RMSE: 10.3003
2025-11-29 20:33:36,478 - BiLSTM_BRDWGD - INFO - MSE : 106.0957
2025-11-29 20:33:36,478 - BiLSTM_BRDWGD - INFO - MAE : 3.3556
2025-11-29 20:33:36,479 - BiLSTM_BRDWGD - INFO - CSI (thr=1.0 mm): 0.0839  [TP=162, FP=429, FN=1340]
2025-11-29 20:33:36,479 - BiLSTM_BRDWGD - INFO - train_pred TRAIN mm min/max: 0.0, 85.03372186348665
2025-11-29 20:33:36,480 - BiLSTM_BRDWGD - INFO - train_TRUE TRAIN mm min/max: 0.0, 154.39999389648438
2025-11-29 20:33:36,480 - BiLSTM_BRDWGD - INFO -  Gerando gráficos TRAIN...
2025-11-29 20:33:37,097 - BiLSTM_BRDWGD - INFO -  Gráficos gerados TRAIN ...
2025-11-29 20:33:37,097 - BiLSTM_BRDWGD - INFO - Calculando erro para parte de teste
2025-11-29 20:33:37,099 - BiLSTM_BRDWGD - INFO - RMSE: 14.4810
2025-11-29 20:33:37,099 - BiLSTM_BRDWGD - INFO - MSE : 209.7005
2025-11-29 20:33:37,099 - BiLSTM_BRDWGD - INFO - MAE : 5.6305
2025-11-29 20:33:37,099 - BiLSTM_BRDWGD - INFO - CSI (thr=1.0 mm): 0.0000  [TP=0, FP=3, FN=6]
2025-11-29 20:33:37,099 - BiLSTM_BRDWGD - INFO - y_pred mm min/max: 0.0, 8.479214078971294
2025-11-29 20:33:37,099 - BiLSTM_BRDWGD - INFO - y_TRUE mm min/max: 0.0, 55.400001525878906
2025-11-29 20:33:37,099 - BiLSTM_BRDWGD - INFO -  Gerando gráficos...
2025-11-29 20:33:37,409 - BiLSTM_BRDWGD - INFO -  Gráficos gerados...
2025-11-29 20:33:37,409 - BiLSTM_BRDWGD - INFO - ==========================================================================================
2025-11-29 20:33:37,409 - BiLSTM_BRDWGD - INFO - Execução finalizada com sucesso.
2025-11-29 20:33:37,409 - BiLSTM_BRDWGD - INFO - Dispositivo utilizado: cuda
2025-11-29 20:33:37,409 - BiLSTM_BRDWGD - INFO - ==========================================================================================
2025-11-29 20:33:59,915 - LSTM_BRDWGD - INFO - ==========================================================================================
2025-11-29 20:33:59,916 - LSTM_BRDWGD - INFO - Iniciando script LSTM (PyTorch) BRDWGD com suporte a GPU e logs detalhados.
2025-11-29 20:33:59,916 - LSTM_BRDWGD - INFO - ==========================================================================================
2025-11-29 20:33:59,916 - LSTM_BRDWGD - INFO - Iniciando experimento: lookback=30, hidden_dim=256, layers=2, lr=0.001, drop=0.5
2025-11-29 20:33:59,926 - LSTM_BRDWGD - INFO - Shape treino: torch.Size([5863, 30, 1]), teste: torch.Size([30, 30, 1])
2025-11-29 20:33:59,931 - LSTM_BRDWGD - INFO - Treinando por 500 épocas...
2025-11-29 20:34:02,974 - LSTM_BRDWGD - INFO - [EXP] Época 1/500 - Loss: 0.026108
2025-11-29 20:34:45,275 - LSTM_BRDWGD - INFO - [EXP] Época 50/500 - Loss: 0.024260
2025-11-29 20:35:12,353 - LSTM_BRDWGD - INFO - [EXP] Época 100/500 - Loss: 0.024044
2025-11-29 20:35:39,352 - LSTM_BRDWGD - INFO - [EXP] Época 150/500 - Loss: 0.024096
2025-11-29 20:36:06,135 - LSTM_BRDWGD - INFO - [EXP] Época 200/500 - Loss: 0.023920
2025-11-29 20:36:32,794 - LSTM_BRDWGD - INFO - [EXP] Época 250/500 - Loss: 0.023806
2025-11-29 20:36:59,587 - LSTM_BRDWGD - INFO - [EXP] Época 300/500 - Loss: 0.023650
2025-11-29 20:37:26,380 - LSTM_BRDWGD - INFO - [EXP] Época 350/500 - Loss: 0.023222
2025-11-29 20:37:53,239 - LSTM_BRDWGD - INFO - [EXP] Época 400/500 - Loss: 0.022496
2025-11-29 20:38:20,260 - LSTM_BRDWGD - INFO - [EXP] Época 450/500 - Loss: 0.022244
2025-11-29 20:38:47,149 - LSTM_BRDWGD - INFO - [EXP] Época 500/500 - Loss: 0.020660
2025-11-29 20:38:47,149 - LSTM_BRDWGD - INFO - Treinamento concluído em 4.79 minutos
2025-11-29 20:38:47,281 - LSTM_BRDWGD - INFO - Calculando erro para o train
2025-11-29 20:38:47,343 - LSTM_BRDWGD - INFO - RMSE: 10.6888
2025-11-29 20:38:47,344 - LSTM_BRDWGD - INFO - MSE : 114.2514
2025-11-29 20:38:47,344 - LSTM_BRDWGD - INFO - MAE : 3.4621
2025-11-29 20:38:47,344 - LSTM_BRDWGD - INFO - CSI (thr=1.0 mm): 0.0952  [TP=183, FP=420, FN=1319]
2025-11-29 20:38:47,345 - LSTM_BRDWGD - INFO - train_pred TRAIN mm min/max: 0.0, 155.67455266618654
2025-11-29 20:38:47,345 - LSTM_BRDWGD - INFO - train_TRUE TRAIN mm min/max: 0.0, 154.39999389648438
2025-11-29 20:38:47,345 - LSTM_BRDWGD - INFO -  Gerando gráficos TRAIN...
2025-11-29 20:38:48,046 - LSTM_BRDWGD - INFO -  Gráficos gerados TRAIN ...
2025-11-29 20:38:48,046 - LSTM_BRDWGD - INFO - Calculando erro para parte de teste
2025-11-29 20:38:48,048 - LSTM_BRDWGD - INFO - RMSE: 14.4355
2025-11-29 20:38:48,048 - LSTM_BRDWGD - INFO - MSE : 208.3834
2025-11-29 20:38:48,048 - LSTM_BRDWGD - INFO - MAE : 5.6339
2025-11-29 20:38:48,048 - LSTM_BRDWGD - INFO - CSI (thr=1.0 mm): 0.0000  [TP=0, FP=4, FN=6]
2025-11-29 20:38:48,048 - LSTM_BRDWGD - INFO - y_pred mm min/max: 0.0, 5.579086797761352
2025-11-29 20:38:48,048 - LSTM_BRDWGD - INFO - y_TRUE mm min/max: 0.0, 55.400001525878906
2025-11-29 20:38:48,048 - LSTM_BRDWGD - INFO -  Gerando gráficos...
2025-11-29 20:38:48,942 - LSTM_BRDWGD - INFO -  Gráficos gerados...
2025-11-29 20:38:48,942 - LSTM_BRDWGD - INFO - ==========================================================================================
2025-11-29 20:38:48,942 - LSTM_BRDWGD - INFO - Execução finalizada com sucesso.
2025-11-29 20:38:48,942 - LSTM_BRDWGD - INFO - Dispositivo utilizado: cuda
2025-11-29 20:38:48,942 - LSTM_BRDWGD - INFO - ==========================================================================================
2025-11-29 20:38:54,639 - BiLSTM_BRDWGD - INFO - ==========================================================================================
2025-11-29 20:38:54,639 - BiLSTM_BRDWGD - INFO - Iniciando script BILSTM (PyTorch) BRDWGD com suporte a GPU e logs detalhados.
2025-11-29 20:38:54,639 - BiLSTM_BRDWGD - INFO - ==========================================================================================
2025-11-29 20:38:54,639 - BiLSTM_BRDWGD - INFO - Iniciando experimento: lookback=30, hidden_dim=256, layers=2, lr=0.001, drop=0.5
2025-11-29 20:38:54,648 - BiLSTM_BRDWGD - INFO - Shape treino: torch.Size([5863, 30, 1]), teste: torch.Size([30, 30, 1])
2025-11-29 20:38:55,067 - BiLSTM_BRDWGD - INFO - Treinando por 500 épocas...
2025-11-29 20:38:55,984 - BiLSTM_BRDWGD - INFO - [EXP] Época 1/500 - Loss: 0.028260
2025-11-29 20:39:38,979 - BiLSTM_BRDWGD - INFO - [EXP] Época 50/500 - Loss: 0.024490
2025-11-29 20:40:23,033 - BiLSTM_BRDWGD - INFO - [EXP] Época 100/500 - Loss: 0.024079
2025-11-29 20:41:07,353 - BiLSTM_BRDWGD - INFO - [EXP] Época 150/500 - Loss: 0.023985
2025-11-29 20:41:50,933 - BiLSTM_BRDWGD - INFO - [EXP] Época 200/500 - Loss: 0.023862
2025-11-29 20:42:34,051 - BiLSTM_BRDWGD - INFO - [EXP] Época 250/500 - Loss: 0.023657
2025-11-29 20:43:16,930 - BiLSTM_BRDWGD - INFO - [EXP] Época 300/500 - Loss: 0.023521
2025-11-29 20:43:59,617 - BiLSTM_BRDWGD - INFO - [EXP] Época 350/500 - Loss: 0.023094
2025-11-29 20:44:42,536 - BiLSTM_BRDWGD - INFO - [EXP] Época 400/500 - Loss: 0.023158
2025-11-29 20:45:25,580 - BiLSTM_BRDWGD - INFO - [EXP] Época 450/500 - Loss: 0.022866
2025-11-29 20:46:08,534 - BiLSTM_BRDWGD - INFO - [EXP] Época 500/500 - Loss: 0.022789
2025-11-29 20:46:08,534 - BiLSTM_BRDWGD - INFO - Treinamento concluído em 7.22 minutos
2025-11-29 20:46:08,781 - BiLSTM_BRDWGD - INFO - Calculando erro para o train
2025-11-29 20:46:08,783 - BiLSTM_BRDWGD - INFO - RMSE: 10.2820
2025-11-29 20:46:08,783 - BiLSTM_BRDWGD - INFO - MSE : 105.7189
2025-11-29 20:46:08,783 - BiLSTM_BRDWGD - INFO - MAE : 3.3459
2025-11-29 20:46:08,783 - BiLSTM_BRDWGD - INFO - CSI (thr=1.0 mm): 0.1157  [TP=238, FP=555, FN=1264]
2025-11-29 20:46:08,783 - BiLSTM_BRDWGD - INFO - train_pred TRAIN mm min/max: 0.0, 76.38095439409923
2025-11-29 20:46:08,783 - BiLSTM_BRDWGD - INFO - train_TRUE TRAIN mm min/max: 0.0, 154.39999389648438
2025-11-29 20:46:08,783 - BiLSTM_BRDWGD - INFO -  Gerando gráficos TRAIN...
2025-11-29 20:46:09,770 - BiLSTM_BRDWGD - INFO -  Gráficos gerados TRAIN ...
2025-11-29 20:46:09,770 - BiLSTM_BRDWGD - INFO - Calculando erro para parte de teste
2025-11-29 20:46:09,772 - BiLSTM_BRDWGD - INFO - RMSE: 14.5108
2025-11-29 20:46:09,772 - BiLSTM_BRDWGD - INFO - MSE : 210.5622
2025-11-29 20:46:09,772 - BiLSTM_BRDWGD - INFO - MAE : 5.8048
2025-11-29 20:46:09,772 - BiLSTM_BRDWGD - INFO - CSI (thr=1.0 mm): 0.0000  [TP=0, FP=3, FN=6]
2025-11-29 20:46:09,772 - BiLSTM_BRDWGD - INFO - y_pred mm min/max: 0.0, 9.172391157597549
2025-11-29 20:46:09,772 - BiLSTM_BRDWGD - INFO - y_TRUE mm min/max: 0.0, 55.400001525878906
2025-11-29 20:46:09,772 - BiLSTM_BRDWGD - INFO -  Gerando gráficos...
2025-11-29 20:46:10,106 - BiLSTM_BRDWGD - INFO -  Gráficos gerados...
2025-11-29 20:46:10,106 - BiLSTM_BRDWGD - INFO - ==========================================================================================
2025-11-29 20:46:10,106 - BiLSTM_BRDWGD - INFO - Execução finalizada com sucesso.
2025-11-29 20:46:10,106 - BiLSTM_BRDWGD - INFO - Dispositivo utilizado: cuda
2025-11-29 20:46:10,106 - BiLSTM_BRDWGD - INFO - ==========================================================================================
2025-11-29 20:46:16,203 - ARIMA_BRDWGD - INFO - ==========================================================================================
2025-11-29 20:46:16,203 - ARIMA_BRDWGD - INFO - Iniciando script ARIMA BRDWGD.
2025-11-29 20:46:16,203 - ARIMA_BRDWGD - INFO - ==========================================================================================
2025-11-29 20:46:16,205 - ARIMA_BRDWGD - INFO - Tamanho treino: 5894 | teste: 30
2025-11-29 20:46:16,205 - ARIMA_BRDWGD - INFO - [FASE 4] Iniciando busca manual por hiperparâmetros (AIC).
2025-11-29 20:54:38,480 - ARIMA_BRDWGD - INFO - Melhor order encontrado: (30, 0, 0)
2025-11-29 20:54:38,481 - ARIMA_BRDWGD - INFO - Melhor AIC (treino): -16095.51
2025-11-29 20:54:38,481 - ARIMA_BRDWGD - INFO - Tempo da Fase 4: 502.28s
2025-11-29 20:54:38,481 - ARIMA_BRDWGD - INFO - [FASE 5] Reajustando melhor modelo no conjunto de treino.
2025-11-29 20:55:17,307 - ARIMA_BRDWGD - INFO - Melhor modelo ajustado no treino.
2025-11-29 20:55:17,307 - ARIMA_BRDWGD - INFO - Tempo da Fase 5: 38.83s
2025-11-29 20:55:17,307 - ARIMA_BRDWGD - INFO - [FASE 6] Gerando previsões no conjunto de teste e avaliando métricas.
2025-11-29 20:55:17,359 - ARIMA_BRDWGD - INFO - RMSE: 9.4854
2025-11-29 20:55:17,360 - ARIMA_BRDWGD - INFO - MSE : 89.9731
2025-11-29 20:55:17,360 - ARIMA_BRDWGD - INFO - MAE : 4.5144
2025-11-29 20:55:17,360 - ARIMA_BRDWGD - INFO - CSI (thr=1.0 mm): 0.2587  [TP=1521, FP=4354, FN=4]
2025-11-29 20:55:17,360 - ARIMA_BRDWGD - INFO - [TREINO] RMSE=9.4854 | MSE=89.9731 | MAE=4.5144 | CSI=0.2587
2025-11-29 20:55:17,503 - ARIMA_BRDWGD - INFO - RMSE: 13.3585
2025-11-29 20:55:17,503 - ARIMA_BRDWGD - INFO - MSE : 178.4498
2025-11-29 20:55:17,503 - ARIMA_BRDWGD - INFO - MAE : 7.4102
2025-11-29 20:55:17,504 - ARIMA_BRDWGD - INFO - CSI (thr=1.0 mm): 0.2000  [TP=6, FP=24, FN=0]
2025-11-29 20:55:17,504 - ARIMA_BRDWGD - INFO - Tempo total da Fase 6: 0.20s
2025-11-29 20:55:17,504 - ARIMA_BRDWGD - INFO - [FASE 7] Salvando gráfico de previsão vs. observado.
2025-11-29 20:55:18,335 - ARIMA_BRDWGD - INFO - Gráfico salvo como 'arimaBRDWGD_result.png'.
2025-11-29 20:55:18,335 - ARIMA_BRDWGD - INFO - ==========================================================================================
2025-11-29 20:55:18,335 - ARIMA_BRDWGD - INFO - Execução ARIMA BRDWGD finalizada com sucesso.
2025-11-29 20:55:18,335 - ARIMA_BRDWGD - INFO - Tempo total de execução: 542.13s
2025-11-29 20:55:18,335 - ARIMA_BRDWGD - INFO - ==========================================================================================
2025-11-29 20:55:24,068 - RANDOM_FOREST_BRDWGD - INFO - ====================================================================================================
2025-11-29 20:55:24,068 - RANDOM_FOREST_BRDWGD - INFO - Iniciando Random Forest BRDWGD com GridSearchCV.
2025-11-29 20:55:24,068 - RANDOM_FOREST_BRDWGD - INFO - ====================================================================================================
2025-11-29 20:55:24,068 - RANDOM_FOREST_BRDWGD - INFO - [FASE 3] Split treino/teste e preparação.
2025-11-29 20:55:24,104 - RANDOM_FOREST_BRDWGD - INFO - [FASE 3] Treino: X=(5864, 30), y=5864 | Teste: X=(30, 30), y=30
2025-11-29 20:55:24,105 - RANDOM_FOREST_BRDWGD - INFO - [FASE 3] Tempo: 0.04s
2025-11-29 20:55:24,105 - RANDOM_FOREST_BRDWGD - INFO - [FASE 4] Iniciando GridSearchCV (TimeSeriesSplit).
2025-11-29 20:56:39,204 - RANDOM_FOREST_BRDWGD - INFO - [FASE 4] GridSearchCV concluído em 75.10s
2025-11-29 20:56:39,205 - RANDOM_FOREST_BRDWGD - INFO - [FASE 4] Melhores parâmetros: {'max_depth': None, 'max_features': 'sqrt', 'min_samples_leaf': 4, 'min_samples_split': 10, 'n_estimators': 200}
2025-11-29 20:56:39,205 - RANDOM_FOREST_BRDWGD - INFO - [FASE 4] Melhor score (neg_MSE): -98.818296
2025-11-29 20:56:39,205 - RANDOM_FOREST_BRDWGD - INFO - [FASE 4] Tempo: 75.10s
2025-11-29 20:56:39,206 - RANDOM_FOREST_BRDWGD - INFO - [FASE 5] Treinando best_estimator_ no conjunto de treino.
2025-11-29 20:56:39,713 - RANDOM_FOREST_BRDWGD - INFO - [FASE 5] Tempo: 0.51s
2025-11-29 20:56:39,713 - RANDOM_FOREST_BRDWGD - INFO - [FASE 6] Previsão e cálculo de métricas.
2025-11-29 20:56:39,755 - RANDOM_FOREST_BRDWGD - INFO - RMSE: 7.5402
2025-11-29 20:56:39,755 - RANDOM_FOREST_BRDWGD - INFO - MSE : 56.8553
2025-11-29 20:56:39,755 - RANDOM_FOREST_BRDWGD - INFO - MAE : 3.4162
2025-11-29 20:56:39,755 - RANDOM_FOREST_BRDWGD - INFO - CSI (thr=1.0 mm): 0.3223  [TP=1491, FP=3115, FN=20]
2025-11-29 20:56:39,755 - RANDOM_FOREST_BRDWGD - INFO - [TREINO] RMSE=7.5402 | MSE=56.8553 | MAE=3.4162 | CSI=0.3223
2025-11-29 20:56:39,778 - RANDOM_FOREST_BRDWGD - INFO - y_pred raw min/max: 1.993143407697288, 10.419484206937064
2025-11-29 20:56:39,778 - RANDOM_FOREST_BRDWGD - INFO - y_TRUE raw min/max: 0.0, 55.400001525878906
2025-11-29 20:56:39,778 - RANDOM_FOREST_BRDWGD - INFO - RMSE: 12.8944
2025-11-29 20:56:39,778 - RANDOM_FOREST_BRDWGD - INFO - MSE : 166.2649
2025-11-29 20:56:39,778 - RANDOM_FOREST_BRDWGD - INFO - MAE : 7.6742
2025-11-29 20:56:39,778 - RANDOM_FOREST_BRDWGD - INFO - CSI (thr=1.0 mm): 0.2000  [TP=6, FP=24, FN=0]
2025-11-29 20:56:39,779 - RANDOM_FOREST_BRDWGD - INFO - [FASE 7] Gerando gráficos.
2025-11-29 20:56:40,489 - RANDOM_FOREST_BRDWGD - INFO - Gráfico salvo como 'random_forest_BRDWGD.png'.
2025-11-29 20:56:40,489 - RANDOM_FOREST_BRDWGD - INFO - [FASE 7] Tempo: 0.71s
2025-11-29 20:56:40,489 - RANDOM_FOREST_BRDWGD - INFO - ====================================================================================================
2025-11-29 20:56:40,489 - RANDOM_FOREST_BRDWGD - INFO - Resumo Final
2025-11-29 20:56:40,489 - RANDOM_FOREST_BRDWGD - INFO - Melhores parâmetros: {'max_depth': None, 'max_features': 'sqrt', 'min_samples_leaf': 4, 'min_samples_split': 10, 'n_estimators': 200}
2025-11-29 20:56:40,489 - RANDOM_FOREST_BRDWGD - INFO - Tempo total de execução: 76.42s
2025-11-29 20:56:40,489 - RANDOM_FOREST_BRDWGD - INFO - ====================================================================================================
2025-11-29 20:56:46,148 - LSTM_BRDWGD - INFO - ==========================================================================================
2025-11-29 20:56:46,148 - LSTM_BRDWGD - INFO - Iniciando script LSTM (PyTorch) BRDWGD com suporte a GPU e logs detalhados.
2025-11-29 20:56:46,148 - LSTM_BRDWGD - INFO - ==========================================================================================
2025-11-29 20:56:46,148 - LSTM_BRDWGD - INFO - Iniciando experimento: lookback=30, hidden_dim=32, layers=2, lr=0.001, drop=0.5
2025-11-29 20:56:46,159 - LSTM_BRDWGD - INFO - Shape treino: torch.Size([5863, 30, 1]), teste: torch.Size([30, 30, 1])
2025-11-29 20:56:46,160 - LSTM_BRDWGD - INFO - Treinando por 500 épocas...
2025-11-29 20:56:46,481 - LSTM_BRDWGD - INFO - [EXP] Época 1/500 - Loss: 0.025514
2025-11-29 20:57:02,181 - LSTM_BRDWGD - INFO - [EXP] Época 50/500 - Loss: 0.024131
2025-11-29 20:57:18,451 - LSTM_BRDWGD - INFO - [EXP] Época 100/500 - Loss: 0.024058
2025-11-29 20:57:34,729 - LSTM_BRDWGD - INFO - [EXP] Época 150/500 - Loss: 0.024003
2025-11-29 20:57:51,003 - LSTM_BRDWGD - INFO - [EXP] Época 200/500 - Loss: 0.023799
2025-11-29 20:58:07,279 - LSTM_BRDWGD - INFO - [EXP] Época 250/500 - Loss: 0.023589
2025-11-29 20:58:23,558 - LSTM_BRDWGD - INFO - [EXP] Época 300/500 - Loss: 0.023426
2025-11-29 20:58:39,828 - LSTM_BRDWGD - INFO - [EXP] Época 350/500 - Loss: 0.023193
2025-11-29 20:58:56,090 - LSTM_BRDWGD - INFO - [EXP] Época 400/500 - Loss: 0.022909
2025-11-29 20:59:12,339 - LSTM_BRDWGD - INFO - [EXP] Época 450/500 - Loss: 0.022493
2025-11-29 20:59:28,602 - LSTM_BRDWGD - INFO - [EXP] Época 500/500 - Loss: 0.022254
2025-11-29 20:59:28,602 - LSTM_BRDWGD - INFO - Treinamento concluído em 2.71 minutos
2025-11-29 20:59:28,644 - LSTM_BRDWGD - INFO - Calculando erro para o train
2025-11-29 20:59:28,647 - LSTM_BRDWGD - INFO - RMSE: 10.4111
2025-11-29 20:59:28,647 - LSTM_BRDWGD - INFO - MSE : 108.3909
2025-11-29 20:59:28,647 - LSTM_BRDWGD - INFO - MAE : 3.4228
2025-11-29 20:59:28,647 - LSTM_BRDWGD - INFO - CSI (thr=1.0 mm): 0.0899  [TP=169, FP=378, FN=1333]
2025-11-29 20:59:28,647 - LSTM_BRDWGD - INFO - train_pred TRAIN mm min/max: 0.0, 69.81812785538818
2025-11-29 20:59:28,647 - LSTM_BRDWGD - INFO - train_TRUE TRAIN mm min/max: 0.0, 154.39999389648438
2025-11-29 20:59:28,647 - LSTM_BRDWGD - INFO -  Gerando gráficos TRAIN...
2025-11-29 20:59:29,034 - LSTM_BRDWGD - INFO -  Gráficos gerados TRAIN ...
2025-11-29 20:59:29,034 - LSTM_BRDWGD - INFO - Calculando erro para parte de teste
2025-11-29 20:59:29,036 - LSTM_BRDWGD - INFO - RMSE: 16.7085
2025-11-29 20:59:29,036 - LSTM_BRDWGD - INFO - MSE : 279.1726
2025-11-29 20:59:29,036 - LSTM_BRDWGD - INFO - MAE : 7.2918
2025-11-29 20:59:29,036 - LSTM_BRDWGD - INFO - CSI (thr=1.0 mm): 0.0909  [TP=1, FP=5, FN=5]
2025-11-29 20:59:29,037 - LSTM_BRDWGD - INFO - y_pred mm min/max: 0.0, 45.08499671389725
2025-11-29 20:59:29,037 - LSTM_BRDWGD - INFO - y_TRUE mm min/max: 0.0, 55.400001525878906
2025-11-29 20:59:29,037 - LSTM_BRDWGD - INFO -  Gerando gráficos...
2025-11-29 20:59:29,355 - LSTM_BRDWGD - INFO -  Gráficos gerados...
2025-11-29 20:59:29,355 - LSTM_BRDWGD - INFO - ==========================================================================================
2025-11-29 20:59:29,355 - LSTM_BRDWGD - INFO - Execução finalizada com sucesso.
2025-11-29 20:59:29,355 - LSTM_BRDWGD - INFO - Dispositivo utilizado: cuda
2025-11-29 20:59:29,355 - LSTM_BRDWGD - INFO - ==========================================================================================
2025-11-29 20:59:35,055 - BiLSTM_BRDWGD - INFO - ==========================================================================================
2025-11-29 20:59:35,055 - BiLSTM_BRDWGD - INFO - Iniciando script BILSTM (PyTorch) BRDWGD com suporte a GPU e logs detalhados.
2025-11-29 20:59:35,055 - BiLSTM_BRDWGD - INFO - ==========================================================================================
2025-11-29 20:59:35,056 - BiLSTM_BRDWGD - INFO - Iniciando experimento: lookback=30, hidden_dim=32, layers=2, lr=0.001, drop=0.5
2025-11-29 20:59:35,089 - BiLSTM_BRDWGD - INFO - Shape treino: torch.Size([5863, 30, 1]), teste: torch.Size([30, 30, 1])
2025-11-29 20:59:35,096 - BiLSTM_BRDWGD - INFO - Treinando por 500 épocas...
2025-11-29 20:59:35,520 - BiLSTM_BRDWGD - INFO - [EXP] Época 1/500 - Loss: 0.031994
2025-11-29 20:59:56,089 - BiLSTM_BRDWGD - INFO - [EXP] Época 50/500 - Loss: 0.024166
2025-11-29 21:00:17,209 - BiLSTM_BRDWGD - INFO - [EXP] Época 100/500 - Loss: 0.024145
2025-11-29 21:00:38,218 - BiLSTM_BRDWGD - INFO - [EXP] Época 150/500 - Loss: 0.024898
2025-11-29 21:00:59,207 - BiLSTM_BRDWGD - INFO - [EXP] Época 200/500 - Loss: 0.023903
2025-11-29 21:01:20,191 - BiLSTM_BRDWGD - INFO - [EXP] Época 250/500 - Loss: 0.023850
2025-11-29 21:01:41,477 - BiLSTM_BRDWGD - INFO - [EXP] Época 300/500 - Loss: 0.023785
2025-11-29 21:02:02,467 - BiLSTM_BRDWGD - INFO - [EXP] Época 350/500 - Loss: 0.023538
2025-11-29 21:02:23,540 - BiLSTM_BRDWGD - INFO - [EXP] Época 400/500 - Loss: 0.023033
2025-11-29 21:02:45,009 - BiLSTM_BRDWGD - INFO - [EXP] Época 450/500 - Loss: 0.023031
2025-11-29 21:03:06,654 - BiLSTM_BRDWGD - INFO - [EXP] Época 500/500 - Loss: 0.022553
2025-11-29 21:03:06,654 - BiLSTM_BRDWGD - INFO - Treinamento concluído em 3.53 minutos
2025-11-29 21:03:06,707 - BiLSTM_BRDWGD - INFO - Calculando erro para o train
2025-11-29 21:03:06,710 - BiLSTM_BRDWGD - INFO - RMSE: 10.4944
2025-11-29 21:03:06,710 - BiLSTM_BRDWGD - INFO - MSE : 110.1334
2025-11-29 21:03:06,710 - BiLSTM_BRDWGD - INFO - MAE : 3.4012
2025-11-29 21:03:06,710 - BiLSTM_BRDWGD - INFO - CSI (thr=1.0 mm): 0.0952  [TP=187, FP=462, FN=1315]
2025-11-29 21:03:06,710 - BiLSTM_BRDWGD - INFO - train_pred TRAIN mm min/max: 0.0, 133.5080342174571
2025-11-29 21:03:06,710 - BiLSTM_BRDWGD - INFO - train_TRUE TRAIN mm min/max: 0.0, 154.39999389648438
2025-11-29 21:03:06,710 - BiLSTM_BRDWGD - INFO -  Gerando gráficos TRAIN...
2025-11-29 21:03:07,256 - BiLSTM_BRDWGD - INFO -  Gráficos gerados TRAIN ...
2025-11-29 21:03:07,256 - BiLSTM_BRDWGD - INFO - Calculando erro para parte de teste
2025-11-29 21:03:07,259 - BiLSTM_BRDWGD - INFO - RMSE: 14.5124
2025-11-29 21:03:07,259 - BiLSTM_BRDWGD - INFO - MSE : 210.6098
2025-11-29 21:03:07,259 - BiLSTM_BRDWGD - INFO - MAE : 5.9724
2025-11-29 21:03:07,259 - BiLSTM_BRDWGD - INFO - CSI (thr=1.0 mm): 0.0000  [TP=0, FP=7, FN=6]
2025-11-29 21:03:07,259 - BiLSTM_BRDWGD - INFO - y_pred mm min/max: 0.0, 7.201815455834326
2025-11-29 21:03:07,259 - BiLSTM_BRDWGD - INFO - y_TRUE mm min/max: 0.0, 55.400001525878906
2025-11-29 21:03:07,259 - BiLSTM_BRDWGD - INFO -  Gerando gráficos...
2025-11-29 21:03:07,618 - BiLSTM_BRDWGD - INFO -  Gráficos gerados...
2025-11-29 21:03:07,618 - BiLSTM_BRDWGD - INFO - ==========================================================================================
2025-11-29 21:03:07,618 - BiLSTM_BRDWGD - INFO - Execução finalizada com sucesso.
2025-11-29 21:03:07,618 - BiLSTM_BRDWGD - INFO - Dispositivo utilizado: cuda
2025-11-29 21:03:07,618 - BiLSTM_BRDWGD - INFO - ==========================================================================================
2025-11-29 21:03:13,594 - LSTM_BRDWGD - INFO - ==========================================================================================
2025-11-29 21:03:13,594 - LSTM_BRDWGD - INFO - Iniciando script LSTM (PyTorch) BRDWGD com suporte a GPU e logs detalhados.
2025-11-29 21:03:13,595 - LSTM_BRDWGD - INFO - ==========================================================================================
2025-11-29 21:03:13,595 - LSTM_BRDWGD - INFO - Iniciando experimento: lookback=30, hidden_dim=64, layers=2, lr=0.001, drop=0.5
2025-11-29 21:03:13,621 - LSTM_BRDWGD - INFO - Shape treino: torch.Size([5863, 30, 1]), teste: torch.Size([30, 30, 1])
2025-11-29 21:03:13,627 - LSTM_BRDWGD - INFO - Treinando por 500 épocas...
2025-11-29 21:03:13,955 - LSTM_BRDWGD - INFO - [EXP] Época 1/500 - Loss: 0.027613
2025-11-29 21:03:30,000 - LSTM_BRDWGD - INFO - [EXP] Época 50/500 - Loss: 0.024143
2025-11-29 21:03:46,626 - LSTM_BRDWGD - INFO - [EXP] Época 100/500 - Loss: 0.024446
2025-11-29 21:04:03,260 - LSTM_BRDWGD - INFO - [EXP] Época 150/500 - Loss: 0.024171
2025-11-29 21:04:19,891 - LSTM_BRDWGD - INFO - [EXP] Época 200/500 - Loss: 0.023879
2025-11-29 21:04:36,395 - LSTM_BRDWGD - INFO - [EXP] Época 250/500 - Loss: 0.023852
2025-11-29 21:04:52,887 - LSTM_BRDWGD - INFO - [EXP] Época 300/500 - Loss: 0.023874
2025-11-29 21:05:09,269 - LSTM_BRDWGD - INFO - [EXP] Época 350/500 - Loss: 0.023543
2025-11-29 21:05:25,605 - LSTM_BRDWGD - INFO - [EXP] Época 400/500 - Loss: 0.024437
2025-11-29 21:05:41,791 - LSTM_BRDWGD - INFO - [EXP] Época 450/500 - Loss: 0.024416
2025-11-29 21:05:58,019 - LSTM_BRDWGD - INFO - [EXP] Época 500/500 - Loss: 0.024106
2025-11-29 21:05:58,019 - LSTM_BRDWGD - INFO - Treinamento concluído em 2.74 minutos
2025-11-29 21:05:58,063 - LSTM_BRDWGD - INFO - Calculando erro para o train
2025-11-29 21:05:58,065 - LSTM_BRDWGD - INFO - RMSE: 10.1135
2025-11-29 21:05:58,065 - LSTM_BRDWGD - INFO - MSE : 102.2836
2025-11-29 21:05:58,065 - LSTM_BRDWGD - INFO - MAE : 3.1279
2025-11-29 21:05:58,065 - LSTM_BRDWGD - INFO - CSI (thr=1.0 mm): 0.0296  [TP=48, FP=117, FN=1454]
2025-11-29 21:05:58,066 - LSTM_BRDWGD - INFO - train_pred TRAIN mm min/max: 0.0, 48.99371344565686
2025-11-29 21:05:58,066 - LSTM_BRDWGD - INFO - train_TRUE TRAIN mm min/max: 0.0, 154.39999389648438
2025-11-29 21:05:58,066 - LSTM_BRDWGD - INFO -  Gerando gráficos TRAIN...
2025-11-29 21:05:58,541 - LSTM_BRDWGD - INFO -  Gráficos gerados TRAIN ...
2025-11-29 21:05:58,541 - LSTM_BRDWGD - INFO - Calculando erro para parte de teste
2025-11-29 21:05:58,543 - LSTM_BRDWGD - INFO - RMSE: 14.4333
2025-11-29 21:05:58,543 - LSTM_BRDWGD - INFO - MSE : 208.3203
2025-11-29 21:05:58,543 - LSTM_BRDWGD - INFO - MAE : 5.4671
2025-11-29 21:05:58,543 - LSTM_BRDWGD - INFO - CSI (thr=1.0 mm): 0.0000  [TP=0, FP=3, FN=6]
2025-11-29 21:05:58,543 - LSTM_BRDWGD - INFO - y_pred mm min/max: 0.0, 3.5433346037727955
2025-11-29 21:05:58,543 - LSTM_BRDWGD - INFO - y_TRUE mm min/max: 0.0, 55.400001525878906
2025-11-29 21:05:58,543 - LSTM_BRDWGD - INFO -  Gerando gráficos...
2025-11-29 21:05:58,926 - LSTM_BRDWGD - INFO -  Gráficos gerados...
2025-11-29 21:05:58,926 - LSTM_BRDWGD - INFO - ==========================================================================================
2025-11-29 21:05:58,926 - LSTM_BRDWGD - INFO - Execução finalizada com sucesso.
2025-11-29 21:05:58,926 - LSTM_BRDWGD - INFO - Dispositivo utilizado: cuda
2025-11-29 21:05:58,926 - LSTM_BRDWGD - INFO - ==========================================================================================
2025-11-29 21:06:04,584 - BiLSTM_BRDWGD - INFO - ==========================================================================================
2025-11-29 21:06:04,585 - BiLSTM_BRDWGD - INFO - Iniciando script BILSTM (PyTorch) BRDWGD com suporte a GPU e logs detalhados.
2025-11-29 21:06:04,585 - BiLSTM_BRDWGD - INFO - ==========================================================================================
2025-11-29 21:06:04,585 - BiLSTM_BRDWGD - INFO - Iniciando experimento: lookback=30, hidden_dim=64, layers=2, lr=0.001, drop=0.5
2025-11-29 21:06:04,593 - BiLSTM_BRDWGD - INFO - Shape treino: torch.Size([5863, 30, 1]), teste: torch.Size([30, 30, 1])
2025-11-29 21:06:04,596 - BiLSTM_BRDWGD - INFO - Treinando por 500 épocas...
2025-11-29 21:06:05,020 - BiLSTM_BRDWGD - INFO - [EXP] Época 1/500 - Loss: 0.027916
2025-11-29 21:06:55,208 - BiLSTM_BRDWGD - INFO - [EXP] Época 50/500 - Loss: 0.024130
2025-11-29 21:07:16,342 - BiLSTM_BRDWGD - INFO - [EXP] Época 100/500 - Loss: 0.024033
2025-11-29 21:07:37,473 - BiLSTM_BRDWGD - INFO - [EXP] Época 150/500 - Loss: 0.023904
2025-11-29 21:07:58,610 - BiLSTM_BRDWGD - INFO - [EXP] Época 200/500 - Loss: 0.024046
2025-11-29 21:08:19,675 - BiLSTM_BRDWGD - INFO - [EXP] Época 250/500 - Loss: 0.023632
2025-11-29 21:08:40,746 - BiLSTM_BRDWGD - INFO - [EXP] Época 300/500 - Loss: 0.023454
2025-11-29 21:09:02,079 - BiLSTM_BRDWGD - INFO - [EXP] Época 350/500 - Loss: 0.023323
2025-11-29 21:09:23,411 - BiLSTM_BRDWGD - INFO - [EXP] Época 400/500 - Loss: 0.022911
2025-11-29 21:09:44,746 - BiLSTM_BRDWGD - INFO - [EXP] Época 450/500 - Loss: 0.022849
2025-11-29 21:10:06,174 - BiLSTM_BRDWGD - INFO - [EXP] Época 500/500 - Loss: 0.022408
2025-11-29 21:10:06,174 - BiLSTM_BRDWGD - INFO - Treinamento concluído em 4.03 minutos
2025-11-29 21:10:06,248 - BiLSTM_BRDWGD - INFO - Calculando erro para o train
2025-11-29 21:10:06,250 - BiLSTM_BRDWGD - INFO - RMSE: 10.3272
2025-11-29 21:10:06,250 - BiLSTM_BRDWGD - INFO - MSE : 106.6517
2025-11-29 21:10:06,250 - BiLSTM_BRDWGD - INFO - MAE : 3.3505
2025-11-29 21:10:06,250 - BiLSTM_BRDWGD - INFO - CSI (thr=1.0 mm): 0.0852  [TP=164, FP=424, FN=1338]
2025-11-29 21:10:06,251 - BiLSTM_BRDWGD - INFO - train_pred TRAIN mm min/max: 0.0, 86.01721427496553
2025-11-29 21:10:06,251 - BiLSTM_BRDWGD - INFO - train_TRUE TRAIN mm min/max: 0.0, 154.39999389648438
2025-11-29 21:10:06,251 - BiLSTM_BRDWGD - INFO -  Gerando gráficos TRAIN...
2025-11-29 21:10:07,051 - BiLSTM_BRDWGD - INFO -  Gráficos gerados TRAIN ...
2025-11-29 21:10:07,051 - BiLSTM_BRDWGD - INFO - Calculando erro para parte de teste
2025-11-29 21:10:07,053 - BiLSTM_BRDWGD - INFO - RMSE: 14.5789
2025-11-29 21:10:07,053 - BiLSTM_BRDWGD - INFO - MSE : 212.5444
2025-11-29 21:10:07,053 - BiLSTM_BRDWGD - INFO - MAE : 6.0680
2025-11-29 21:10:07,053 - BiLSTM_BRDWGD - INFO - CSI (thr=1.0 mm): 0.0000  [TP=0, FP=5, FN=6]
2025-11-29 21:10:07,053 - BiLSTM_BRDWGD - INFO - y_pred mm min/max: 0.0, 9.30829179959727
2025-11-29 21:10:07,054 - BiLSTM_BRDWGD - INFO - y_TRUE mm min/max: 0.0, 55.400001525878906
2025-11-29 21:10:07,054 - BiLSTM_BRDWGD - INFO -  Gerando gráficos...
2025-11-29 21:10:07,408 - BiLSTM_BRDWGD - INFO -  Gráficos gerados...
2025-11-29 21:10:07,408 - BiLSTM_BRDWGD - INFO - ==========================================================================================
2025-11-29 21:10:07,408 - BiLSTM_BRDWGD - INFO - Execução finalizada com sucesso.
2025-11-29 21:10:07,408 - BiLSTM_BRDWGD - INFO - Dispositivo utilizado: cuda
2025-11-29 21:10:07,408 - BiLSTM_BRDWGD - INFO - ==========================================================================================
2025-11-29 21:10:13,509 - LSTM_BRDWGD - INFO - ==========================================================================================
2025-11-29 21:10:13,509 - LSTM_BRDWGD - INFO - Iniciando script LSTM (PyTorch) BRDWGD com suporte a GPU e logs detalhados.
2025-11-29 21:10:13,510 - LSTM_BRDWGD - INFO - ==========================================================================================
2025-11-29 21:10:13,510 - LSTM_BRDWGD - INFO - Iniciando experimento: lookback=30, hidden_dim=128, layers=2, lr=0.001, drop=0.5
2025-11-29 21:10:13,517 - LSTM_BRDWGD - INFO - Shape treino: torch.Size([5863, 30, 1]), teste: torch.Size([30, 30, 1])
2025-11-29 21:10:13,519 - LSTM_BRDWGD - INFO - Treinando por 500 épocas...
2025-11-29 21:10:13,842 - LSTM_BRDWGD - INFO - [EXP] Época 1/500 - Loss: 0.026623
2025-11-29 21:10:29,706 - LSTM_BRDWGD - INFO - [EXP] Época 50/500 - Loss: 0.024180
2025-11-29 21:10:46,065 - LSTM_BRDWGD - INFO - [EXP] Época 100/500 - Loss: 0.024122
2025-11-29 21:11:02,421 - LSTM_BRDWGD - INFO - [EXP] Época 150/500 - Loss: 0.023908
2025-11-29 21:11:18,781 - LSTM_BRDWGD - INFO - [EXP] Época 200/500 - Loss: 0.023612
2025-11-29 21:11:35,156 - LSTM_BRDWGD - INFO - [EXP] Época 250/500 - Loss: 0.024133
2025-11-29 21:11:51,533 - LSTM_BRDWGD - INFO - [EXP] Época 300/500 - Loss: 0.023711
2025-11-29 21:12:07,907 - LSTM_BRDWGD - INFO - [EXP] Época 350/500 - Loss: 0.023475
2025-11-29 21:12:24,084 - LSTM_BRDWGD - INFO - [EXP] Época 400/500 - Loss: 0.022961
2025-11-29 21:12:40,344 - LSTM_BRDWGD - INFO - [EXP] Época 450/500 - Loss: 0.023041
2025-11-29 21:12:56,607 - LSTM_BRDWGD - INFO - [EXP] Época 500/500 - Loss: 0.021915
2025-11-29 21:12:56,607 - LSTM_BRDWGD - INFO - Treinamento concluído em 2.72 minutos
2025-11-29 21:12:56,705 - LSTM_BRDWGD - INFO - Calculando erro para o train
2025-11-29 21:12:56,707 - LSTM_BRDWGD - INFO - RMSE: 10.3651
2025-11-29 21:12:56,707 - LSTM_BRDWGD - INFO - MSE : 107.4346
2025-11-29 21:12:56,707 - LSTM_BRDWGD - INFO - MAE : 3.3493
2025-11-29 21:12:56,708 - LSTM_BRDWGD - INFO - CSI (thr=1.0 mm): 0.0902  [TP=173, FP=415, FN=1329]
2025-11-29 21:12:56,708 - LSTM_BRDWGD - INFO - train_pred TRAIN mm min/max: 0.0, 91.27710916137838
2025-11-29 21:12:56,708 - LSTM_BRDWGD - INFO - train_TRUE TRAIN mm min/max: 0.0, 154.39999389648438
2025-11-29 21:12:56,708 - LSTM_BRDWGD - INFO -  Gerando gráficos TRAIN...
2025-11-29 21:12:57,237 - LSTM_BRDWGD - INFO -  Gráficos gerados TRAIN ...
2025-11-29 21:12:57,237 - LSTM_BRDWGD - INFO - Calculando erro para parte de teste
2025-11-29 21:12:57,239 - LSTM_BRDWGD - INFO - RMSE: 14.6802
2025-11-29 21:12:57,239 - LSTM_BRDWGD - INFO - MSE : 215.5069
2025-11-29 21:12:57,239 - LSTM_BRDWGD - INFO - MAE : 6.1441
2025-11-29 21:12:57,239 - LSTM_BRDWGD - INFO - CSI (thr=1.0 mm): 0.0000  [TP=0, FP=5, FN=6]
2025-11-29 21:12:57,239 - LSTM_BRDWGD - INFO - y_pred mm min/max: 0.0, 13.417172847279156
2025-11-29 21:12:57,239 - LSTM_BRDWGD - INFO - y_TRUE mm min/max: 0.0, 55.400001525878906
2025-11-29 21:12:57,239 - LSTM_BRDWGD - INFO -  Gerando gráficos...
2025-11-29 21:12:57,504 - LSTM_BRDWGD - INFO -  Gráficos gerados...
2025-11-29 21:12:57,504 - LSTM_BRDWGD - INFO - ==========================================================================================
2025-11-29 21:12:57,504 - LSTM_BRDWGD - INFO - Execução finalizada com sucesso.
2025-11-29 21:12:57,504 - LSTM_BRDWGD - INFO - Dispositivo utilizado: cuda
2025-11-29 21:12:57,504 - LSTM_BRDWGD - INFO - ==========================================================================================
2025-11-29 21:13:03,133 - BiLSTM_BRDWGD - INFO - ==========================================================================================
2025-11-29 21:13:03,134 - BiLSTM_BRDWGD - INFO - Iniciando script BILSTM (PyTorch) BRDWGD com suporte a GPU e logs detalhados.
2025-11-29 21:13:03,134 - BiLSTM_BRDWGD - INFO - ==========================================================================================
2025-11-29 21:13:03,134 - BiLSTM_BRDWGD - INFO - Iniciando experimento: lookback=30, hidden_dim=128, layers=2, lr=0.001, drop=0.5
2025-11-29 21:13:03,142 - BiLSTM_BRDWGD - INFO - Shape treino: torch.Size([5863, 30, 1]), teste: torch.Size([30, 30, 1])
2025-11-29 21:13:03,146 - BiLSTM_BRDWGD - INFO - Treinando por 500 épocas...
2025-11-29 21:13:03,594 - BiLSTM_BRDWGD - INFO - [EXP] Época 1/500 - Loss: 0.028799
2025-11-29 21:13:54,025 - BiLSTM_BRDWGD - INFO - [EXP] Época 50/500 - Loss: 0.024153
2025-11-29 21:14:15,631 - BiLSTM_BRDWGD - INFO - [EXP] Época 100/500 - Loss: 0.024106
2025-11-29 21:14:37,379 - BiLSTM_BRDWGD - INFO - [EXP] Época 150/500 - Loss: 0.024038
2025-11-29 21:14:59,178 - BiLSTM_BRDWGD - INFO - [EXP] Época 200/500 - Loss: 0.023954
2025-11-29 21:15:21,038 - BiLSTM_BRDWGD - INFO - [EXP] Época 250/500 - Loss: 0.023884
2025-11-29 21:15:42,844 - BiLSTM_BRDWGD - INFO - [EXP] Época 300/500 - Loss: 0.023798
2025-11-29 21:16:04,586 - BiLSTM_BRDWGD - INFO - [EXP] Época 350/500 - Loss: 0.023685
2025-11-29 21:16:26,346 - BiLSTM_BRDWGD - INFO - [EXP] Época 400/500 - Loss: 0.023422
2025-11-29 21:16:48,212 - BiLSTM_BRDWGD - INFO - [EXP] Época 450/500 - Loss: 0.023666
2025-11-29 21:17:10,078 - BiLSTM_BRDWGD - INFO - [EXP] Época 500/500 - Loss: 0.023249
2025-11-29 21:17:10,078 - BiLSTM_BRDWGD - INFO - Treinamento concluído em 4.12 minutos
2025-11-29 21:17:10,262 - BiLSTM_BRDWGD - INFO - Calculando erro para o train
2025-11-29 21:17:10,265 - BiLSTM_BRDWGD - INFO - RMSE: 10.1666
2025-11-29 21:17:10,265 - BiLSTM_BRDWGD - INFO - MSE : 103.3604
2025-11-29 21:17:10,265 - BiLSTM_BRDWGD - INFO - MAE : 3.2902
2025-11-29 21:17:10,265 - BiLSTM_BRDWGD - INFO - CSI (thr=1.0 mm): 0.0917  [TP=178, FP=440, FN=1324]
2025-11-29 21:17:10,265 - BiLSTM_BRDWGD - INFO - train_pred TRAIN mm min/max: 0.0, 69.41608747353162
2025-11-29 21:17:10,265 - BiLSTM_BRDWGD - INFO - train_TRUE TRAIN mm min/max: 0.0, 154.39999389648438
2025-11-29 21:17:10,265 - BiLSTM_BRDWGD - INFO -  Gerando gráficos TRAIN...
2025-11-29 21:17:10,758 - BiLSTM_BRDWGD - INFO -  Gráficos gerados TRAIN ...
2025-11-29 21:17:10,758 - BiLSTM_BRDWGD - INFO - Calculando erro para parte de teste
2025-11-29 21:17:10,760 - BiLSTM_BRDWGD - INFO - RMSE: 14.4907
2025-11-29 21:17:10,760 - BiLSTM_BRDWGD - INFO - MSE : 209.9794
2025-11-29 21:17:10,760 - BiLSTM_BRDWGD - INFO - MAE : 5.8336
2025-11-29 21:17:10,760 - BiLSTM_BRDWGD - INFO - CSI (thr=1.0 mm): 0.0000  [TP=0, FP=4, FN=6]
2025-11-29 21:17:10,760 - BiLSTM_BRDWGD - INFO - y_pred mm min/max: 0.004188841838770951, 7.495545085753944
2025-11-29 21:17:10,760 - BiLSTM_BRDWGD - INFO - y_TRUE mm min/max: 0.0, 55.400001525878906
2025-11-29 21:17:10,760 - BiLSTM_BRDWGD - INFO -  Gerando gráficos...
2025-11-29 21:17:11,084 - BiLSTM_BRDWGD - INFO -  Gráficos gerados...
2025-11-29 21:17:11,085 - BiLSTM_BRDWGD - INFO - ==========================================================================================
2025-11-29 21:17:11,085 - BiLSTM_BRDWGD - INFO - Execução finalizada com sucesso.
2025-11-29 21:17:11,085 - BiLSTM_BRDWGD - INFO - Dispositivo utilizado: cuda
2025-11-29 21:17:11,085 - BiLSTM_BRDWGD - INFO - ==========================================================================================
2025-11-29 21:17:17,141 - LSTM_BRDWGD - INFO - ==========================================================================================
2025-11-29 21:17:17,141 - LSTM_BRDWGD - INFO - Iniciando script LSTM (PyTorch) BRDWGD com suporte a GPU e logs detalhados.
2025-11-29 21:17:17,141 - LSTM_BRDWGD - INFO - ==========================================================================================
2025-11-29 21:17:17,141 - LSTM_BRDWGD - INFO - Iniciando experimento: lookback=30, hidden_dim=256, layers=2, lr=0.001, drop=0.5
2025-11-29 21:17:17,158 - LSTM_BRDWGD - INFO - Shape treino: torch.Size([5863, 30, 1]), teste: torch.Size([30, 30, 1])
2025-11-29 21:17:17,163 - LSTM_BRDWGD - INFO - Treinando por 500 épocas...
2025-11-29 21:17:17,700 - LSTM_BRDWGD - INFO - [EXP] Época 1/500 - Loss: 0.026166
2025-11-29 21:17:43,722 - LSTM_BRDWGD - INFO - [EXP] Época 50/500 - Loss: 0.024161
2025-11-29 21:18:10,280 - LSTM_BRDWGD - INFO - [EXP] Época 100/500 - Loss: 0.024019
2025-11-29 21:18:36,268 - LSTM_BRDWGD - INFO - [EXP] Época 150/500 - Loss: 0.023920
2025-11-29 21:19:02,058 - LSTM_BRDWGD - INFO - [EXP] Época 200/500 - Loss: 0.024563
2025-11-29 21:19:27,851 - LSTM_BRDWGD - INFO - [EXP] Época 250/500 - Loss: 0.024443
2025-11-29 21:19:53,702 - LSTM_BRDWGD - INFO - [EXP] Época 300/500 - Loss: 0.024482
2025-11-29 21:20:19,496 - LSTM_BRDWGD - INFO - [EXP] Época 350/500 - Loss: 0.024130
2025-11-29 21:20:45,632 - LSTM_BRDWGD - INFO - [EXP] Época 400/500 - Loss: 0.023977
2025-11-29 21:21:12,089 - LSTM_BRDWGD - INFO - [EXP] Época 450/500 - Loss: 0.024388
2025-11-29 21:21:38,578 - LSTM_BRDWGD - INFO - [EXP] Época 500/500 - Loss: 0.023757
2025-11-29 21:21:38,578 - LSTM_BRDWGD - INFO - Treinamento concluído em 4.36 minutos
2025-11-29 21:21:38,710 - LSTM_BRDWGD - INFO - Calculando erro para o train
2025-11-29 21:21:38,712 - LSTM_BRDWGD - INFO - RMSE: 10.0999
2025-11-29 21:21:38,713 - LSTM_BRDWGD - INFO - MSE : 102.0070
2025-11-29 21:21:38,713 - LSTM_BRDWGD - INFO - MAE : 3.2187
2025-11-29 21:21:38,713 - LSTM_BRDWGD - INFO - CSI (thr=1.0 mm): 0.0747  [TP=139, FP=358, FN=1363]
2025-11-29 21:21:38,713 - LSTM_BRDWGD - INFO - train_pred TRAIN mm min/max: 0.0, 61.70029606919416
2025-11-29 21:21:38,713 - LSTM_BRDWGD - INFO - train_TRUE TRAIN mm min/max: 0.0, 154.39999389648438
2025-11-29 21:21:38,713 - LSTM_BRDWGD - INFO -  Gerando gráficos TRAIN...
2025-11-29 21:21:39,261 - LSTM_BRDWGD - INFO -  Gráficos gerados TRAIN ...
2025-11-29 21:21:39,261 - LSTM_BRDWGD - INFO - Calculando erro para parte de teste
2025-11-29 21:21:39,263 - LSTM_BRDWGD - INFO - RMSE: 14.4639
2025-11-29 21:21:39,263 - LSTM_BRDWGD - INFO - MSE : 209.2039
2025-11-29 21:21:39,263 - LSTM_BRDWGD - INFO - MAE : 5.6949
2025-11-29 21:21:39,263 - LSTM_BRDWGD - INFO - CSI (thr=1.0 mm): 0.0000  [TP=0, FP=4, FN=6]
2025-11-29 21:21:39,263 - LSTM_BRDWGD - INFO - y_pred mm min/max: 0.0, 6.586340093983761
2025-11-29 21:21:39,263 - LSTM_BRDWGD - INFO - y_TRUE mm min/max: 0.0, 55.400001525878906
2025-11-29 21:21:39,263 - LSTM_BRDWGD - INFO -  Gerando gráficos...
2025-11-29 21:21:39,612 - LSTM_BRDWGD - INFO -  Gráficos gerados...
2025-11-29 21:21:39,613 - LSTM_BRDWGD - INFO - ==========================================================================================
2025-11-29 21:21:39,613 - LSTM_BRDWGD - INFO - Execução finalizada com sucesso.
2025-11-29 21:21:39,613 - LSTM_BRDWGD - INFO - Dispositivo utilizado: cuda
2025-11-29 21:21:39,613 - LSTM_BRDWGD - INFO - ==========================================================================================
2025-11-29 21:21:45,171 - BiLSTM_BRDWGD - INFO - ==========================================================================================
2025-11-29 21:21:45,171 - BiLSTM_BRDWGD - INFO - Iniciando script BILSTM (PyTorch) BRDWGD com suporte a GPU e logs detalhados.
2025-11-29 21:21:45,171 - BiLSTM_BRDWGD - INFO - ==========================================================================================
2025-11-29 21:21:45,171 - BiLSTM_BRDWGD - INFO - Iniciando experimento: lookback=30, hidden_dim=256, layers=2, lr=0.001, drop=0.5
2025-11-29 21:21:45,177 - BiLSTM_BRDWGD - INFO - Shape treino: torch.Size([5863, 30, 1]), teste: torch.Size([30, 30, 1])
2025-11-29 21:21:45,187 - BiLSTM_BRDWGD - INFO - Treinando por 500 épocas...
2025-11-29 21:21:46,029 - BiLSTM_BRDWGD - INFO - [EXP] Época 1/500 - Loss: 0.027634
2025-11-29 21:22:27,227 - BiLSTM_BRDWGD - INFO - [EXP] Época 50/500 - Loss: 0.024108
2025-11-29 21:23:10,041 - BiLSTM_BRDWGD - INFO - [EXP] Época 100/500 - Loss: 0.024279
2025-11-29 21:23:51,264 - BiLSTM_BRDWGD - INFO - [EXP] Época 150/500 - Loss: 0.024076
2025-11-29 21:24:33,273 - BiLSTM_BRDWGD - INFO - [EXP] Época 200/500 - Loss: 0.023968
2025-11-29 21:25:15,881 - BiLSTM_BRDWGD - INFO - [EXP] Época 250/500 - Loss: 0.024040
2025-11-29 21:25:58,218 - BiLSTM_BRDWGD - INFO - [EXP] Época 300/500 - Loss: 0.023922
2025-11-29 21:26:40,485 - BiLSTM_BRDWGD - INFO - [EXP] Época 350/500 - Loss: 0.023895
2025-11-29 21:27:23,149 - BiLSTM_BRDWGD - INFO - [EXP] Época 400/500 - Loss: 0.023968
2025-11-29 21:28:06,120 - BiLSTM_BRDWGD - INFO - [EXP] Época 450/500 - Loss: 0.023804
2025-11-29 21:28:48,778 - BiLSTM_BRDWGD - INFO - [EXP] Época 500/500 - Loss: 0.023833
2025-11-29 21:28:48,778 - BiLSTM_BRDWGD - INFO - Treinamento concluído em 7.06 minutos
2025-11-29 21:28:49,025 - BiLSTM_BRDWGD - INFO - Calculando erro para o train
2025-11-29 21:28:49,027 - BiLSTM_BRDWGD - INFO - RMSE: 10.0528
2025-11-29 21:28:49,027 - BiLSTM_BRDWGD - INFO - MSE : 101.0585
2025-11-29 21:28:49,027 - BiLSTM_BRDWGD - INFO - MAE : 3.2430
2025-11-29 21:28:49,027 - BiLSTM_BRDWGD - INFO - CSI (thr=1.0 mm): 0.1328  [TP=296, FP=727, FN=1206]
2025-11-29 21:28:49,027 - BiLSTM_BRDWGD - INFO - train_pred TRAIN mm min/max: 0.0, 46.69168576819491
2025-11-29 21:28:49,027 - BiLSTM_BRDWGD - INFO - train_TRUE TRAIN mm min/max: 0.0, 154.39999389648438
2025-11-29 21:28:49,027 - BiLSTM_BRDWGD - INFO -  Gerando gráficos TRAIN...
2025-11-29 21:28:49,467 - BiLSTM_BRDWGD - INFO -  Gráficos gerados TRAIN ...
2025-11-29 21:28:49,467 - BiLSTM_BRDWGD - INFO - Calculando erro para parte de teste
2025-11-29 21:28:49,469 - BiLSTM_BRDWGD - INFO - RMSE: 14.4463
2025-11-29 21:28:49,469 - BiLSTM_BRDWGD - INFO - MSE : 208.6955
2025-11-29 21:28:49,469 - BiLSTM_BRDWGD - INFO - MAE : 5.5880
2025-11-29 21:28:49,470 - BiLSTM_BRDWGD - INFO - CSI (thr=1.0 mm): 0.0000  [TP=0, FP=5, FN=6]
2025-11-29 21:28:49,470 - BiLSTM_BRDWGD - INFO - y_pred mm min/max: 0.0, 4.170573933069913
2025-11-29 21:28:49,470 - BiLSTM_BRDWGD - INFO - y_TRUE mm min/max: 0.0, 55.400001525878906
2025-11-29 21:28:49,470 - BiLSTM_BRDWGD - INFO -  Gerando gráficos...
2025-11-29 21:28:49,749 - BiLSTM_BRDWGD - INFO -  Gráficos gerados...
2025-11-29 21:28:49,749 - BiLSTM_BRDWGD - INFO - ==========================================================================================
2025-11-29 21:28:49,749 - BiLSTM_BRDWGD - INFO - Execução finalizada com sucesso.
2025-11-29 21:28:49,750 - BiLSTM_BRDWGD - INFO - Dispositivo utilizado: cuda
2025-11-29 21:28:49,750 - BiLSTM_BRDWGD - INFO - ==========================================================================================
2025-11-29 21:28:55,862 - ARIMA_BRDWGD - INFO - ==========================================================================================
2025-11-29 21:28:55,862 - ARIMA_BRDWGD - INFO - Iniciando script ARIMA BRDWGD.
2025-11-29 21:28:55,862 - ARIMA_BRDWGD - INFO - ==========================================================================================
2025-11-29 21:28:55,864 - ARIMA_BRDWGD - INFO - Tamanho treino: 5894 | teste: 30
2025-11-29 21:28:55,864 - ARIMA_BRDWGD - INFO - [FASE 4] Iniciando busca manual por hiperparâmetros (AIC).
2025-11-29 21:37:15,915 - ARIMA_BRDWGD - INFO - Melhor order encontrado: (30, 0, 0)
2025-11-29 21:37:15,916 - ARIMA_BRDWGD - INFO - Melhor AIC (treino): -16095.51
2025-11-29 21:37:15,916 - ARIMA_BRDWGD - INFO - Tempo da Fase 4: 500.05s
2025-11-29 21:37:15,916 - ARIMA_BRDWGD - INFO - [FASE 5] Reajustando melhor modelo no conjunto de treino.
2025-11-29 21:37:54,428 - ARIMA_BRDWGD - INFO - Melhor modelo ajustado no treino.
2025-11-29 21:37:54,428 - ARIMA_BRDWGD - INFO - Tempo da Fase 5: 38.51s
2025-11-29 21:37:54,429 - ARIMA_BRDWGD - INFO - [FASE 6] Gerando previsões no conjunto de teste e avaliando métricas.
2025-11-29 21:37:54,431 - ARIMA_BRDWGD - INFO - RMSE: 9.4854
2025-11-29 21:37:54,432 - ARIMA_BRDWGD - INFO - MSE : 89.9731
2025-11-29 21:37:54,432 - ARIMA_BRDWGD - INFO - MAE : 4.5144
2025-11-29 21:37:54,432 - ARIMA_BRDWGD - INFO - CSI (thr=1.0 mm): 0.2587  [TP=1521, FP=4354, FN=4]
2025-11-29 21:37:54,432 - ARIMA_BRDWGD - INFO - [TREINO] RMSE=9.4854 | MSE=89.9731 | MAE=4.5144 | CSI=0.2587
2025-11-29 21:37:54,436 - ARIMA_BRDWGD - INFO - RMSE: 13.3585
2025-11-29 21:37:54,436 - ARIMA_BRDWGD - INFO - MSE : 178.4498
2025-11-29 21:37:54,436 - ARIMA_BRDWGD - INFO - MAE : 7.4102
2025-11-29 21:37:54,436 - ARIMA_BRDWGD - INFO - CSI (thr=1.0 mm): 0.2000  [TP=6, FP=24, FN=0]
2025-11-29 21:37:54,436 - ARIMA_BRDWGD - INFO - Tempo total da Fase 6: 0.01s
2025-11-29 21:37:54,436 - ARIMA_BRDWGD - INFO - [FASE 7] Salvando gráfico de previsão vs. observado.
2025-11-29 21:37:55,196 - ARIMA_BRDWGD - INFO - Gráfico salvo como 'arimaBRDWGD_result.png'.
2025-11-29 21:37:55,197 - ARIMA_BRDWGD - INFO - ==========================================================================================
2025-11-29 21:37:55,197 - ARIMA_BRDWGD - INFO - Execução ARIMA BRDWGD finalizada com sucesso.
2025-11-29 21:37:55,197 - ARIMA_BRDWGD - INFO - Tempo total de execução: 539.34s
2025-11-29 21:37:55,197 - ARIMA_BRDWGD - INFO - ==========================================================================================
2025-11-29 21:38:00,931 - RANDOM_FOREST_BRDWGD - INFO - ====================================================================================================
2025-11-29 21:38:00,932 - RANDOM_FOREST_BRDWGD - INFO - Iniciando Random Forest BRDWGD com GridSearchCV.
2025-11-29 21:38:00,932 - RANDOM_FOREST_BRDWGD - INFO - ====================================================================================================
2025-11-29 21:38:00,932 - RANDOM_FOREST_BRDWGD - INFO - [FASE 3] Split treino/teste e preparação.
2025-11-29 21:38:00,937 - RANDOM_FOREST_BRDWGD - INFO - [FASE 3] Treino: X=(5864, 30), y=5864 | Teste: X=(30, 30), y=30
2025-11-29 21:38:00,937 - RANDOM_FOREST_BRDWGD - INFO - [FASE 3] Tempo: 0.00s
2025-11-29 21:38:00,937 - RANDOM_FOREST_BRDWGD - INFO - [FASE 4] Iniciando GridSearchCV (TimeSeriesSplit).
2025-11-29 21:38:58,467 - RANDOM_FOREST_BRDWGD - INFO - [FASE 4] GridSearchCV concluído em 57.53s
2025-11-29 21:38:58,468 - RANDOM_FOREST_BRDWGD - INFO - [FASE 4] Melhores parâmetros: {'max_depth': 60, 'max_features': 'sqrt', 'min_samples_leaf': 4, 'min_samples_split': 10, 'n_estimators': 200}
2025-11-29 21:38:58,468 - RANDOM_FOREST_BRDWGD - INFO - [FASE 4] Melhor score (neg_MSE): -98.818296
2025-11-29 21:38:58,468 - RANDOM_FOREST_BRDWGD - INFO - [FASE 4] Tempo: 57.53s
2025-11-29 21:38:58,469 - RANDOM_FOREST_BRDWGD - INFO - [FASE 5] Treinando best_estimator_ no conjunto de treino.
2025-11-29 21:38:58,774 - RANDOM_FOREST_BRDWGD - INFO - [FASE 5] Tempo: 0.31s
2025-11-29 21:38:58,775 - RANDOM_FOREST_BRDWGD - INFO - [FASE 6] Previsão e cálculo de métricas.
2025-11-29 21:38:58,816 - RANDOM_FOREST_BRDWGD - INFO - RMSE: 7.5402
2025-11-29 21:38:58,816 - RANDOM_FOREST_BRDWGD - INFO - MSE : 56.8553
2025-11-29 21:38:58,816 - RANDOM_FOREST_BRDWGD - INFO - MAE : 3.4162
2025-11-29 21:38:58,816 - RANDOM_FOREST_BRDWGD - INFO - CSI (thr=1.0 mm): 0.3223  [TP=1491, FP=3115, FN=20]
2025-11-29 21:38:58,816 - RANDOM_FOREST_BRDWGD - INFO - [TREINO] RMSE=7.5402 | MSE=56.8553 | MAE=3.4162 | CSI=0.3223
2025-11-29 21:38:58,839 - RANDOM_FOREST_BRDWGD - INFO - y_pred raw min/max: 1.9931434076972878, 10.419484206937064
2025-11-29 21:38:58,839 - RANDOM_FOREST_BRDWGD - INFO - y_TRUE raw min/max: 0.0, 55.400001525878906
2025-11-29 21:38:58,840 - RANDOM_FOREST_BRDWGD - INFO - RMSE: 12.8944
2025-11-29 21:38:58,840 - RANDOM_FOREST_BRDWGD - INFO - MSE : 166.2649
2025-11-29 21:38:58,840 - RANDOM_FOREST_BRDWGD - INFO - MAE : 7.6742
2025-11-29 21:38:58,840 - RANDOM_FOREST_BRDWGD - INFO - CSI (thr=1.0 mm): 0.2000  [TP=6, FP=24, FN=0]
2025-11-29 21:38:58,840 - RANDOM_FOREST_BRDWGD - INFO - [FASE 7] Gerando gráficos.
2025-11-29 21:38:59,557 - RANDOM_FOREST_BRDWGD - INFO - Gráfico salvo como 'random_forest_BRDWGD.png'.
2025-11-29 21:38:59,557 - RANDOM_FOREST_BRDWGD - INFO - [FASE 7] Tempo: 0.72s
2025-11-29 21:38:59,557 - RANDOM_FOREST_BRDWGD - INFO - ====================================================================================================
2025-11-29 21:38:59,557 - RANDOM_FOREST_BRDWGD - INFO - Resumo Final
2025-11-29 21:38:59,557 - RANDOM_FOREST_BRDWGD - INFO - Melhores parâmetros: {'max_depth': 60, 'max_features': 'sqrt', 'min_samples_leaf': 4, 'min_samples_split': 10, 'n_estimators': 200}
2025-11-29 21:38:59,557 - RANDOM_FOREST_BRDWGD - INFO - Tempo total de execução: 58.63s
2025-11-29 21:38:59,557 - RANDOM_FOREST_BRDWGD - INFO - ====================================================================================================
2025-11-29 21:39:05,247 - LSTM_BRDWGD - INFO - ==========================================================================================
2025-11-29 21:39:05,247 - LSTM_BRDWGD - INFO - Iniciando script LSTM (PyTorch) BRDWGD com suporte a GPU e logs detalhados.
2025-11-29 21:39:05,248 - LSTM_BRDWGD - INFO - ==========================================================================================
2025-11-29 21:39:05,248 - LSTM_BRDWGD - INFO - Iniciando experimento: lookback=30, hidden_dim=32, layers=2, lr=0.001, drop=0.5
2025-11-29 21:39:05,258 - LSTM_BRDWGD - INFO - Shape treino: torch.Size([5863, 30, 1]), teste: torch.Size([30, 30, 1])
2025-11-29 21:39:05,260 - LSTM_BRDWGD - INFO - Treinando por 500 épocas...
2025-11-29 21:39:05,580 - LSTM_BRDWGD - INFO - [EXP] Época 1/500 - Loss: 0.026750
2025-11-29 21:39:20,362 - LSTM_BRDWGD - INFO - [EXP] Época 50/500 - Loss: 0.024184
2025-11-29 21:39:36,354 - LSTM_BRDWGD - INFO - [EXP] Época 100/500 - Loss: 0.024091
2025-11-29 21:39:52,597 - LSTM_BRDWGD - INFO - [EXP] Época 150/500 - Loss: 0.024194
2025-11-29 21:40:08,843 - LSTM_BRDWGD - INFO - [EXP] Época 200/500 - Loss: 0.023701
2025-11-29 21:40:24,626 - LSTM_BRDWGD - INFO - [EXP] Época 250/500 - Loss: 0.023576
2025-11-29 21:40:40,522 - LSTM_BRDWGD - INFO - [EXP] Época 300/500 - Loss: 0.023634
2025-11-29 21:40:56,575 - LSTM_BRDWGD - INFO - [EXP] Época 350/500 - Loss: 0.023311
2025-11-29 21:41:13,099 - LSTM_BRDWGD - INFO - [EXP] Época 400/500 - Loss: 0.023546
2025-11-29 21:41:30,207 - LSTM_BRDWGD - INFO - [EXP] Época 450/500 - Loss: 0.022850
2025-11-29 21:41:47,362 - LSTM_BRDWGD - INFO - [EXP] Época 500/500 - Loss: 0.023090
2025-11-29 21:41:47,362 - LSTM_BRDWGD - INFO - Treinamento concluído em 2.70 minutos
2025-11-29 21:41:47,406 - LSTM_BRDWGD - INFO - Calculando erro para o train
2025-11-29 21:41:47,540 - LSTM_BRDWGD - INFO - RMSE: 10.3436
2025-11-29 21:41:47,540 - LSTM_BRDWGD - INFO - MSE : 106.9900
2025-11-29 21:41:47,540 - LSTM_BRDWGD - INFO - MAE : 3.3526
2025-11-29 21:41:47,540 - LSTM_BRDWGD - INFO - CSI (thr=1.0 mm): 0.0979  [TP=189, FP=429, FN=1313]
2025-11-29 21:41:47,541 - LSTM_BRDWGD - INFO - train_pred TRAIN mm min/max: 0.0, 101.73813805341497
2025-11-29 21:41:47,541 - LSTM_BRDWGD - INFO - train_TRUE TRAIN mm min/max: 0.0, 154.39999389648438
2025-11-29 21:41:47,541 - LSTM_BRDWGD - INFO -  Gerando gráficos TRAIN...
2025-11-29 21:41:48,059 - LSTM_BRDWGD - INFO -  Gráficos gerados TRAIN ...
2025-11-29 21:41:48,059 - LSTM_BRDWGD - INFO - Calculando erro para parte de teste
2025-11-29 21:41:48,061 - LSTM_BRDWGD - INFO - RMSE: 14.8104
2025-11-29 21:41:48,061 - LSTM_BRDWGD - INFO - MSE : 219.3484
2025-11-29 21:41:48,061 - LSTM_BRDWGD - INFO - MAE : 6.2964
2025-11-29 21:41:48,061 - LSTM_BRDWGD - INFO - CSI (thr=1.0 mm): 0.0000  [TP=0, FP=5, FN=6]
2025-11-29 21:41:48,061 - LSTM_BRDWGD - INFO - y_pred mm min/max: 0.0, 17.724866526566025
2025-11-29 21:41:48,062 - LSTM_BRDWGD - INFO - y_TRUE mm min/max: 0.0, 55.400001525878906
2025-11-29 21:41:48,062 - LSTM_BRDWGD - INFO -  Gerando gráficos...
2025-11-29 21:41:48,357 - LSTM_BRDWGD - INFO -  Gráficos gerados...
2025-11-29 21:41:48,357 - LSTM_BRDWGD - INFO - ==========================================================================================
2025-11-29 21:41:48,357 - LSTM_BRDWGD - INFO - Execução finalizada com sucesso.
2025-11-29 21:41:48,357 - LSTM_BRDWGD - INFO - Dispositivo utilizado: cuda
2025-11-29 21:41:48,358 - LSTM_BRDWGD - INFO - ==========================================================================================
2025-11-29 21:41:53,964 - BiLSTM_BRDWGD - INFO - ==========================================================================================
2025-11-29 21:41:53,964 - BiLSTM_BRDWGD - INFO - Iniciando script BILSTM (PyTorch) BRDWGD com suporte a GPU e logs detalhados.
2025-11-29 21:41:53,964 - BiLSTM_BRDWGD - INFO - ==========================================================================================
2025-11-29 21:41:53,964 - BiLSTM_BRDWGD - INFO - Iniciando experimento: lookback=30, hidden_dim=32, layers=2, lr=0.001, drop=0.5
2025-11-29 21:41:53,971 - BiLSTM_BRDWGD - INFO - Shape treino: torch.Size([5863, 30, 1]), teste: torch.Size([30, 30, 1])
2025-11-29 21:41:53,974 - BiLSTM_BRDWGD - INFO - Treinando por 500 épocas...
2025-11-29 21:41:54,401 - BiLSTM_BRDWGD - INFO - [EXP] Época 1/500 - Loss: 0.028777
2025-11-29 21:42:15,264 - BiLSTM_BRDWGD - INFO - [EXP] Época 50/500 - Loss: 0.024167
2025-11-29 21:42:36,555 - BiLSTM_BRDWGD - INFO - [EXP] Época 100/500 - Loss: 0.024161
2025-11-29 21:42:57,848 - BiLSTM_BRDWGD - INFO - [EXP] Época 150/500 - Loss: 0.024055
2025-11-29 21:43:19,138 - BiLSTM_BRDWGD - INFO - [EXP] Época 200/500 - Loss: 0.023835
2025-11-29 21:43:40,748 - BiLSTM_BRDWGD - INFO - [EXP] Época 250/500 - Loss: 0.023666
2025-11-29 21:44:02,288 - BiLSTM_BRDWGD - INFO - [EXP] Época 300/500 - Loss: 0.023731
2025-11-29 21:44:23,306 - BiLSTM_BRDWGD - INFO - [EXP] Época 350/500 - Loss: 0.023770
2025-11-29 21:44:44,323 - BiLSTM_BRDWGD - INFO - [EXP] Época 400/500 - Loss: 0.023517
2025-11-29 21:45:05,480 - BiLSTM_BRDWGD - INFO - [EXP] Época 450/500 - Loss: 0.023245
2025-11-29 21:45:26,530 - BiLSTM_BRDWGD - INFO - [EXP] Época 500/500 - Loss: 0.022931
2025-11-29 21:45:26,530 - BiLSTM_BRDWGD - INFO - Treinamento concluído em 3.54 minutos
2025-11-29 21:45:26,581 - BiLSTM_BRDWGD - INFO - Calculando erro para o train
2025-11-29 21:45:26,583 - BiLSTM_BRDWGD - INFO - RMSE: 10.3736
2025-11-29 21:45:26,583 - BiLSTM_BRDWGD - INFO - MSE : 107.6114
2025-11-29 21:45:26,583 - BiLSTM_BRDWGD - INFO - MAE : 3.3473
2025-11-29 21:45:26,583 - BiLSTM_BRDWGD - INFO - CSI (thr=1.0 mm): 0.0892  [TP=172, FP=426, FN=1330]
2025-11-29 21:45:26,584 - BiLSTM_BRDWGD - INFO - train_pred TRAIN mm min/max: 0.0, 93.22301921268271
2025-11-29 21:45:26,584 - BiLSTM_BRDWGD - INFO - train_TRUE TRAIN mm min/max: 0.0, 154.39999389648438
2025-11-29 21:45:26,584 - BiLSTM_BRDWGD - INFO -  Gerando gráficos TRAIN...
2025-11-29 21:45:26,984 - BiLSTM_BRDWGD - INFO -  Gráficos gerados TRAIN ...
2025-11-29 21:45:26,984 - BiLSTM_BRDWGD - INFO - Calculando erro para parte de teste
2025-11-29 21:45:26,986 - BiLSTM_BRDWGD - INFO - RMSE: 14.5121
2025-11-29 21:45:26,986 - BiLSTM_BRDWGD - INFO - MSE : 210.6009
2025-11-29 21:45:26,986 - BiLSTM_BRDWGD - INFO - MAE : 5.8598
2025-11-29 21:45:26,986 - BiLSTM_BRDWGD - INFO - CSI (thr=1.0 mm): 0.0000  [TP=0, FP=4, FN=6]
2025-11-29 21:45:26,986 - BiLSTM_BRDWGD - INFO - y_pred mm min/max: 0.0, 6.188328306577533
2025-11-29 21:45:26,986 - BiLSTM_BRDWGD - INFO - y_TRUE mm min/max: 0.0, 55.400001525878906
2025-11-29 21:45:26,986 - BiLSTM_BRDWGD - INFO -  Gerando gráficos...
2025-11-29 21:45:27,329 - BiLSTM_BRDWGD - INFO -  Gráficos gerados...
2025-11-29 21:45:27,329 - BiLSTM_BRDWGD - INFO - ==========================================================================================
2025-11-29 21:45:27,329 - BiLSTM_BRDWGD - INFO - Execução finalizada com sucesso.
2025-11-29 21:45:27,329 - BiLSTM_BRDWGD - INFO - Dispositivo utilizado: cuda
2025-11-29 21:45:27,329 - BiLSTM_BRDWGD - INFO - ==========================================================================================
2025-11-29 21:45:33,237 - LSTM_BRDWGD - INFO - ==========================================================================================
2025-11-29 21:45:33,238 - LSTM_BRDWGD - INFO - Iniciando script LSTM (PyTorch) BRDWGD com suporte a GPU e logs detalhados.
2025-11-29 21:45:33,238 - LSTM_BRDWGD - INFO - ==========================================================================================
2025-11-29 21:45:33,238 - LSTM_BRDWGD - INFO - Iniciando experimento: lookback=30, hidden_dim=64, layers=2, lr=0.001, drop=0.5
2025-11-29 21:45:33,244 - LSTM_BRDWGD - INFO - Shape treino: torch.Size([5863, 30, 1]), teste: torch.Size([30, 30, 1])
2025-11-29 21:45:33,246 - LSTM_BRDWGD - INFO - Treinando por 500 épocas...
2025-11-29 21:45:33,571 - LSTM_BRDWGD - INFO - [EXP] Época 1/500 - Loss: 0.026928
2025-11-29 21:45:49,436 - LSTM_BRDWGD - INFO - [EXP] Época 50/500 - Loss: 0.024093
2025-11-29 21:46:05,635 - LSTM_BRDWGD - INFO - [EXP] Época 100/500 - Loss: 0.024130
2025-11-29 21:46:21,834 - LSTM_BRDWGD - INFO - [EXP] Época 150/500 - Loss: 0.024217
2025-11-29 21:46:38,031 - LSTM_BRDWGD - INFO - [EXP] Época 200/500 - Loss: 0.023864
2025-11-29 21:46:54,234 - LSTM_BRDWGD - INFO - [EXP] Época 250/500 - Loss: 0.023499
2025-11-29 21:47:10,440 - LSTM_BRDWGD - INFO - [EXP] Época 300/500 - Loss: 0.023204
2025-11-29 21:47:26,636 - LSTM_BRDWGD - INFO - [EXP] Época 350/500 - Loss: 0.023534
2025-11-29 21:47:42,769 - LSTM_BRDWGD - INFO - [EXP] Época 400/500 - Loss: 0.022850
2025-11-29 21:47:58,974 - LSTM_BRDWGD - INFO - [EXP] Época 450/500 - Loss: 0.023906
2025-11-29 21:48:15,178 - LSTM_BRDWGD - INFO - [EXP] Época 500/500 - Loss: 0.022454
2025-11-29 21:48:15,178 - LSTM_BRDWGD - INFO - Treinamento concluído em 2.70 minutos
2025-11-29 21:48:15,221 - LSTM_BRDWGD - INFO - Calculando erro para o train
2025-11-29 21:48:15,224 - LSTM_BRDWGD - INFO - RMSE: 10.3680
2025-11-29 21:48:15,224 - LSTM_BRDWGD - INFO - MSE : 107.4956
2025-11-29 21:48:15,224 - LSTM_BRDWGD - INFO - MAE : 3.3782
2025-11-29 21:48:15,224 - LSTM_BRDWGD - INFO - CSI (thr=1.0 mm): 0.0879  [TP=166, FP=386, FN=1336]
2025-11-29 21:48:15,224 - LSTM_BRDWGD - INFO - train_pred TRAIN mm min/max: 0.0, 67.2688351278021
2025-11-29 21:48:15,224 - LSTM_BRDWGD - INFO - train_TRUE TRAIN mm min/max: 0.0, 154.39999389648438
2025-11-29 21:48:15,224 - LSTM_BRDWGD - INFO -  Gerando gráficos TRAIN...
2025-11-29 21:48:15,629 - LSTM_BRDWGD - INFO -  Gráficos gerados TRAIN ...
2025-11-29 21:48:15,629 - LSTM_BRDWGD - INFO - Calculando erro para parte de teste
2025-11-29 21:48:15,631 - LSTM_BRDWGD - INFO - RMSE: 14.4236
2025-11-29 21:48:15,631 - LSTM_BRDWGD - INFO - MSE : 208.0395
2025-11-29 21:48:15,631 - LSTM_BRDWGD - INFO - MAE : 5.5894
2025-11-29 21:48:15,631 - LSTM_BRDWGD - INFO - CSI (thr=1.0 mm): 0.0000  [TP=0, FP=4, FN=6]
2025-11-29 21:48:15,631 - LSTM_BRDWGD - INFO - y_pred mm min/max: 0.0, 3.566531807396776
2025-11-29 21:48:15,631 - LSTM_BRDWGD - INFO - y_TRUE mm min/max: 0.0, 55.400001525878906
2025-11-29 21:48:15,631 - LSTM_BRDWGD - INFO -  Gerando gráficos...
2025-11-29 21:48:15,949 - LSTM_BRDWGD - INFO -  Gráficos gerados...
2025-11-29 21:48:15,949 - LSTM_BRDWGD - INFO - ==========================================================================================
2025-11-29 21:48:15,949 - LSTM_BRDWGD - INFO - Execução finalizada com sucesso.
2025-11-29 21:48:15,949 - LSTM_BRDWGD - INFO - Dispositivo utilizado: cuda
2025-11-29 21:48:15,949 - LSTM_BRDWGD - INFO - ==========================================================================================
2025-11-29 21:48:21,624 - BiLSTM_BRDWGD - INFO - ==========================================================================================
2025-11-29 21:48:21,624 - BiLSTM_BRDWGD - INFO - Iniciando script BILSTM (PyTorch) BRDWGD com suporte a GPU e logs detalhados.
2025-11-29 21:48:21,624 - BiLSTM_BRDWGD - INFO - ==========================================================================================
2025-11-29 21:48:21,624 - BiLSTM_BRDWGD - INFO - Iniciando experimento: lookback=30, hidden_dim=64, layers=2, lr=0.001, drop=0.5
2025-11-29 21:48:21,633 - BiLSTM_BRDWGD - INFO - Shape treino: torch.Size([5863, 30, 1]), teste: torch.Size([30, 30, 1])
2025-11-29 21:48:21,771 - BiLSTM_BRDWGD - INFO - Treinando por 500 épocas...
2025-11-29 21:48:23,961 - BiLSTM_BRDWGD - INFO - [EXP] Época 1/500 - Loss: 0.027974
2025-11-29 21:48:59,293 - BiLSTM_BRDWGD - INFO - [EXP] Época 50/500 - Loss: 0.024167
2025-11-29 21:49:20,640 - BiLSTM_BRDWGD - INFO - [EXP] Época 100/500 - Loss: 0.024265
2025-11-29 21:49:41,984 - BiLSTM_BRDWGD - INFO - [EXP] Época 150/500 - Loss: 0.024238
2025-11-29 21:50:03,157 - BiLSTM_BRDWGD - INFO - [EXP] Época 200/500 - Loss: 0.023676
2025-11-29 21:50:24,320 - BiLSTM_BRDWGD - INFO - [EXP] Época 250/500 - Loss: 0.024392
2025-11-29 21:50:45,732 - BiLSTM_BRDWGD - INFO - [EXP] Época 300/500 - Loss: 0.024026
2025-11-29 21:51:07,141 - BiLSTM_BRDWGD - INFO - [EXP] Época 350/500 - Loss: 0.024229
2025-11-29 21:51:28,550 - BiLSTM_BRDWGD - INFO - [EXP] Época 400/500 - Loss: 0.024007
2025-11-29 21:51:49,954 - BiLSTM_BRDWGD - INFO - [EXP] Época 450/500 - Loss: 0.024002
2025-11-29 21:52:11,345 - BiLSTM_BRDWGD - INFO - [EXP] Época 500/500 - Loss: 0.023957
2025-11-29 21:52:11,345 - BiLSTM_BRDWGD - INFO - Treinamento concluído em 3.83 minutos
2025-11-29 21:52:11,418 - BiLSTM_BRDWGD - INFO - Calculando erro para o train
2025-11-29 21:52:11,420 - BiLSTM_BRDWGD - INFO - RMSE: 10.0561
2025-11-29 21:52:11,420 - BiLSTM_BRDWGD - INFO - MSE : 101.1260
2025-11-29 21:52:11,420 - BiLSTM_BRDWGD - INFO - MAE : 3.1675
2025-11-29 21:52:11,420 - BiLSTM_BRDWGD - INFO - CSI (thr=1.0 mm): 0.0841  [TP=156, FP=354, FN=1346]
2025-11-29 21:52:11,421 - BiLSTM_BRDWGD - INFO - train_pred TRAIN mm min/max: 0.0, 22.70103309663759
2025-11-29 21:52:11,421 - BiLSTM_BRDWGD - INFO - train_TRUE TRAIN mm min/max: 0.0, 154.39999389648438
2025-11-29 21:52:11,421 - BiLSTM_BRDWGD - INFO -  Gerando gráficos TRAIN...
2025-11-29 21:52:11,857 - BiLSTM_BRDWGD - INFO -  Gráficos gerados TRAIN ...
2025-11-29 21:52:11,857 - BiLSTM_BRDWGD - INFO - Calculando erro para parte de teste
2025-11-29 21:52:11,859 - BiLSTM_BRDWGD - INFO - RMSE: 14.4239
2025-11-29 21:52:11,859 - BiLSTM_BRDWGD - INFO - MSE : 208.0500
2025-11-29 21:52:11,859 - BiLSTM_BRDWGD - INFO - MAE : 5.4700
2025-11-29 21:52:11,859 - BiLSTM_BRDWGD - INFO - CSI (thr=1.0 mm): 0.0000  [TP=0, FP=4, FN=6]
2025-11-29 21:52:11,859 - BiLSTM_BRDWGD - INFO - y_pred mm min/max: 0.014010493294315671, 2.399252748646464
2025-11-29 21:52:11,859 - BiLSTM_BRDWGD - INFO - y_TRUE mm min/max: 0.0, 55.400001525878906
2025-11-29 21:52:11,859 - BiLSTM_BRDWGD - INFO -  Gerando gráficos...
2025-11-29 21:52:12,184 - BiLSTM_BRDWGD - INFO -  Gráficos gerados...
2025-11-29 21:52:12,184 - BiLSTM_BRDWGD - INFO - ==========================================================================================
2025-11-29 21:52:12,184 - BiLSTM_BRDWGD - INFO - Execução finalizada com sucesso.
2025-11-29 21:52:12,184 - BiLSTM_BRDWGD - INFO - Dispositivo utilizado: cuda
2025-11-29 21:52:12,184 - BiLSTM_BRDWGD - INFO - ==========================================================================================
2025-11-29 21:52:18,189 - LSTM_BRDWGD - INFO - ==========================================================================================
2025-11-29 21:52:18,189 - LSTM_BRDWGD - INFO - Iniciando script LSTM (PyTorch) BRDWGD com suporte a GPU e logs detalhados.
2025-11-29 21:52:18,189 - LSTM_BRDWGD - INFO - ==========================================================================================
2025-11-29 21:52:18,189 - LSTM_BRDWGD - INFO - Iniciando experimento: lookback=30, hidden_dim=128, layers=2, lr=0.001, drop=0.5
2025-11-29 21:52:18,197 - LSTM_BRDWGD - INFO - Shape treino: torch.Size([5863, 30, 1]), teste: torch.Size([30, 30, 1])
2025-11-29 21:52:18,210 - LSTM_BRDWGD - INFO - Treinando por 500 épocas...
2025-11-29 21:52:18,535 - LSTM_BRDWGD - INFO - [EXP] Época 1/500 - Loss: 0.027818
2025-11-29 21:52:34,396 - LSTM_BRDWGD - INFO - [EXP] Época 50/500 - Loss: 0.024098
2025-11-29 21:52:50,576 - LSTM_BRDWGD - INFO - [EXP] Época 100/500 - Loss: 0.024160
2025-11-29 21:53:06,756 - LSTM_BRDWGD - INFO - [EXP] Época 150/500 - Loss: 0.023945
2025-11-29 21:53:23,044 - LSTM_BRDWGD - INFO - [EXP] Época 200/500 - Loss: 0.023563
2025-11-29 21:53:39,479 - LSTM_BRDWGD - INFO - [EXP] Época 250/500 - Loss: 0.023340
2025-11-29 21:53:56,062 - LSTM_BRDWGD - INFO - [EXP] Época 300/500 - Loss: 0.023060
2025-11-29 21:54:12,804 - LSTM_BRDWGD - INFO - [EXP] Época 350/500 - Loss: 0.023859
2025-11-29 21:54:29,530 - LSTM_BRDWGD - INFO - [EXP] Época 400/500 - Loss: 0.022736
2025-11-29 21:54:46,193 - LSTM_BRDWGD - INFO - [EXP] Época 450/500 - Loss: 0.022431
2025-11-29 21:55:02,855 - LSTM_BRDWGD - INFO - [EXP] Época 500/500 - Loss: 0.021151
2025-11-29 21:55:02,856 - LSTM_BRDWGD - INFO - Treinamento concluído em 2.74 minutos
2025-11-29 21:55:02,954 - LSTM_BRDWGD - INFO - Calculando erro para o train
2025-11-29 21:55:02,957 - LSTM_BRDWGD - INFO - RMSE: 10.7589
2025-11-29 21:55:02,957 - LSTM_BRDWGD - INFO - MSE : 115.7548
2025-11-29 21:55:02,957 - LSTM_BRDWGD - INFO - MAE : 3.4886
2025-11-29 21:55:02,957 - LSTM_BRDWGD - INFO - CSI (thr=1.0 mm): 0.0923  [TP=183, FP=481, FN=1319]
2025-11-29 21:55:02,957 - LSTM_BRDWGD - INFO - train_pred TRAIN mm min/max: 0.0, 162.70031095210126
2025-11-29 21:55:02,957 - LSTM_BRDWGD - INFO - train_TRUE TRAIN mm min/max: 0.0, 154.39999389648438
2025-11-29 21:55:02,957 - LSTM_BRDWGD - INFO -  Gerando gráficos TRAIN...
2025-11-29 21:55:03,447 - LSTM_BRDWGD - INFO -  Gráficos gerados TRAIN ...
2025-11-29 21:55:03,447 - LSTM_BRDWGD - INFO - Calculando erro para parte de teste
2025-11-29 21:55:03,449 - LSTM_BRDWGD - INFO - RMSE: 14.7490
2025-11-29 21:55:03,449 - LSTM_BRDWGD - INFO - MSE : 217.5343
2025-11-29 21:55:03,449 - LSTM_BRDWGD - INFO - MAE : 6.4155
2025-11-29 21:55:03,449 - LSTM_BRDWGD - INFO - CSI (thr=1.0 mm): 0.0000  [TP=0, FP=7, FN=6]
2025-11-29 21:55:03,449 - LSTM_BRDWGD - INFO - y_pred mm min/max: 0.0, 14.939398312105778
2025-11-29 21:55:03,449 - LSTM_BRDWGD - INFO - y_TRUE mm min/max: 0.0, 55.400001525878906
2025-11-29 21:55:03,450 - LSTM_BRDWGD - INFO -  Gerando gráficos...
2025-11-29 21:55:03,809 - LSTM_BRDWGD - INFO -  Gráficos gerados...
2025-11-29 21:55:03,809 - LSTM_BRDWGD - INFO - ==========================================================================================
2025-11-29 21:55:03,809 - LSTM_BRDWGD - INFO - Execução finalizada com sucesso.
2025-11-29 21:55:03,809 - LSTM_BRDWGD - INFO - Dispositivo utilizado: cuda
2025-11-29 21:55:03,809 - LSTM_BRDWGD - INFO - ==========================================================================================
2025-11-29 21:55:09,500 - BiLSTM_BRDWGD - INFO - ==========================================================================================
2025-11-29 21:55:09,500 - BiLSTM_BRDWGD - INFO - Iniciando script BILSTM (PyTorch) BRDWGD com suporte a GPU e logs detalhados.
2025-11-29 21:55:09,501 - BiLSTM_BRDWGD - INFO - ==========================================================================================
2025-11-29 21:55:09,501 - BiLSTM_BRDWGD - INFO - Iniciando experimento: lookback=30, hidden_dim=128, layers=2, lr=0.001, drop=0.5
2025-11-29 21:55:09,509 - BiLSTM_BRDWGD - INFO - Shape treino: torch.Size([5863, 30, 1]), teste: torch.Size([30, 30, 1])
2025-11-29 21:55:09,513 - BiLSTM_BRDWGD - INFO - Treinando por 500 épocas...
2025-11-29 21:55:09,963 - BiLSTM_BRDWGD - INFO - [EXP] Época 1/500 - Loss: 0.027759
2025-11-29 21:55:31,141 - BiLSTM_BRDWGD - INFO - [EXP] Época 50/500 - Loss: 0.024118
2025-11-29 21:55:52,751 - BiLSTM_BRDWGD - INFO - [EXP] Época 100/500 - Loss: 0.024177
2025-11-29 21:56:14,420 - BiLSTM_BRDWGD - INFO - [EXP] Época 150/500 - Loss: 0.023873
2025-11-29 21:56:36,101 - BiLSTM_BRDWGD - INFO - [EXP] Época 200/500 - Loss: 0.024056
2025-11-29 21:56:57,781 - BiLSTM_BRDWGD - INFO - [EXP] Época 250/500 - Loss: 0.024010
2025-11-29 21:57:19,461 - BiLSTM_BRDWGD - INFO - [EXP] Época 300/500 - Loss: 0.024003
2025-11-29 21:57:41,547 - BiLSTM_BRDWGD - INFO - [EXP] Época 350/500 - Loss: 0.023824
2025-11-29 21:58:03,703 - BiLSTM_BRDWGD - INFO - [EXP] Época 400/500 - Loss: 0.024121
2025-11-29 21:58:25,861 - BiLSTM_BRDWGD - INFO - [EXP] Época 450/500 - Loss: 0.024032
2025-11-29 21:58:47,928 - BiLSTM_BRDWGD - INFO - [EXP] Época 500/500 - Loss: 0.023316
2025-11-29 21:58:47,928 - BiLSTM_BRDWGD - INFO - Treinamento concluído em 3.64 minutos
2025-11-29 21:58:48,113 - BiLSTM_BRDWGD - INFO - Calculando erro para o train
2025-11-29 21:58:48,212 - BiLSTM_BRDWGD - INFO - RMSE: 10.1490
2025-11-29 21:58:48,212 - BiLSTM_BRDWGD - INFO - MSE : 103.0013
2025-11-29 21:58:48,212 - BiLSTM_BRDWGD - INFO - MAE : 3.3128
2025-11-29 21:58:48,213 - BiLSTM_BRDWGD - INFO - CSI (thr=1.0 mm): 0.1197  [TP=256, FP=636, FN=1246]
2025-11-29 21:58:48,213 - BiLSTM_BRDWGD - INFO - train_pred TRAIN mm min/max: 0.0, 82.46566430646767
2025-11-29 21:58:48,214 - BiLSTM_BRDWGD - INFO - train_TRUE TRAIN mm min/max: 0.0, 154.39999389648438
2025-11-29 21:58:48,214 - BiLSTM_BRDWGD - INFO -  Gerando gráficos TRAIN...
2025-11-29 21:58:48,627 - BiLSTM_BRDWGD - INFO -  Gráficos gerados TRAIN ...
2025-11-29 21:58:48,627 - BiLSTM_BRDWGD - INFO - Calculando erro para parte de teste
2025-11-29 21:58:48,629 - BiLSTM_BRDWGD - INFO - RMSE: 14.4312
2025-11-29 21:58:48,629 - BiLSTM_BRDWGD - INFO - MSE : 208.2591
2025-11-29 21:58:48,629 - BiLSTM_BRDWGD - INFO - MAE : 5.5439
2025-11-29 21:58:48,629 - BiLSTM_BRDWGD - INFO - CSI (thr=1.0 mm): 0.0000  [TP=0, FP=4, FN=6]
2025-11-29 21:58:48,629 - BiLSTM_BRDWGD - INFO - y_pred mm min/max: 0.0, 2.726162633650483
2025-11-29 21:58:48,629 - BiLSTM_BRDWGD - INFO - y_TRUE mm min/max: 0.0, 55.400001525878906
2025-11-29 21:58:48,629 - BiLSTM_BRDWGD - INFO -  Gerando gráficos...
2025-11-29 21:58:48,973 - BiLSTM_BRDWGD - INFO -  Gráficos gerados...
2025-11-29 21:58:48,973 - BiLSTM_BRDWGD - INFO - ==========================================================================================
2025-11-29 21:58:48,973 - BiLSTM_BRDWGD - INFO - Execução finalizada com sucesso.
2025-11-29 21:58:48,973 - BiLSTM_BRDWGD - INFO - Dispositivo utilizado: cuda
2025-11-29 21:58:48,973 - BiLSTM_BRDWGD - INFO - ==========================================================================================
2025-11-29 21:58:55,096 - LSTM_BRDWGD - INFO - ==========================================================================================
2025-11-29 21:58:55,097 - LSTM_BRDWGD - INFO - Iniciando script LSTM (PyTorch) BRDWGD com suporte a GPU e logs detalhados.
2025-11-29 21:58:55,097 - LSTM_BRDWGD - INFO - ==========================================================================================
2025-11-29 21:58:55,097 - LSTM_BRDWGD - INFO - Iniciando experimento: lookback=30, hidden_dim=256, layers=2, lr=0.001, drop=0.5
2025-11-29 21:58:55,105 - LSTM_BRDWGD - INFO - Shape treino: torch.Size([5863, 30, 1]), teste: torch.Size([30, 30, 1])
2025-11-29 21:58:55,109 - LSTM_BRDWGD - INFO - Treinando por 500 épocas...
2025-11-29 21:58:55,645 - LSTM_BRDWGD - INFO - [EXP] Época 1/500 - Loss: 0.026912
2025-11-29 21:59:21,895 - LSTM_BRDWGD - INFO - [EXP] Época 50/500 - Loss: 0.024062
2025-11-29 21:59:48,767 - LSTM_BRDWGD - INFO - [EXP] Época 100/500 - Loss: 0.024043
2025-11-29 22:00:15,735 - LSTM_BRDWGD - INFO - [EXP] Época 150/500 - Loss: 0.023999
2025-11-29 22:00:42,549 - LSTM_BRDWGD - INFO - [EXP] Época 200/500 - Loss: 0.024055
2025-11-29 22:01:09,367 - LSTM_BRDWGD - INFO - [EXP] Época 250/500 - Loss: 0.023869
2025-11-29 22:01:36,224 - LSTM_BRDWGD - INFO - [EXP] Época 300/500 - Loss: 0.023734
2025-11-29 22:02:02,764 - LSTM_BRDWGD - INFO - [EXP] Época 350/500 - Loss: 0.023454
2025-11-29 22:02:29,265 - LSTM_BRDWGD - INFO - [EXP] Época 400/500 - Loss: 0.023067
2025-11-29 22:02:55,889 - LSTM_BRDWGD - INFO - [EXP] Época 450/500 - Loss: 0.022608
2025-11-29 22:03:22,505 - LSTM_BRDWGD - INFO - [EXP] Época 500/500 - Loss: 0.022579
2025-11-29 22:03:22,505 - LSTM_BRDWGD - INFO - Treinamento concluído em 4.46 minutos
2025-11-29 22:03:22,639 - LSTM_BRDWGD - INFO - Calculando erro para o train
2025-11-29 22:03:22,641 - LSTM_BRDWGD - INFO - RMSE: 10.3801
2025-11-29 22:03:22,642 - LSTM_BRDWGD - INFO - MSE : 107.7468
2025-11-29 22:03:22,642 - LSTM_BRDWGD - INFO - MAE : 3.3593
2025-11-29 22:03:22,642 - LSTM_BRDWGD - INFO - CSI (thr=1.0 mm): 0.0747  [TP=140, FP=373, FN=1362]
2025-11-29 22:03:22,642 - LSTM_BRDWGD - INFO - train_pred TRAIN mm min/max: 0.0, 97.91254242976616
2025-11-29 22:03:22,642 - LSTM_BRDWGD - INFO - train_TRUE TRAIN mm min/max: 0.0, 154.39999389648438
2025-11-29 22:03:22,642 - LSTM_BRDWGD - INFO -  Gerando gráficos TRAIN...
2025-11-29 22:03:23,066 - LSTM_BRDWGD - INFO -  Gráficos gerados TRAIN ...
2025-11-29 22:03:23,066 - LSTM_BRDWGD - INFO - Calculando erro para parte de teste
2025-11-29 22:03:23,068 - LSTM_BRDWGD - INFO - RMSE: 14.4299
2025-11-29 22:03:23,068 - LSTM_BRDWGD - INFO - MSE : 208.2219
2025-11-29 22:03:23,068 - LSTM_BRDWGD - INFO - MAE : 5.5845
2025-11-29 22:03:23,068 - LSTM_BRDWGD - INFO - CSI (thr=1.0 mm): 0.0000  [TP=0, FP=3, FN=6]
2025-11-29 22:03:23,068 - LSTM_BRDWGD - INFO - y_pred mm min/max: 0.0, 4.413710018993322
2025-11-29 22:03:23,068 - LSTM_BRDWGD - INFO - y_TRUE mm min/max: 0.0, 55.400001525878906
2025-11-29 22:03:23,068 - LSTM_BRDWGD - INFO -  Gerando gráficos...
2025-11-29 22:03:23,371 - LSTM_BRDWGD - INFO -  Gráficos gerados...
2025-11-29 22:03:23,372 - LSTM_BRDWGD - INFO - ==========================================================================================
2025-11-29 22:03:23,372 - LSTM_BRDWGD - INFO - Execução finalizada com sucesso.
2025-11-29 22:03:23,372 - LSTM_BRDWGD - INFO - Dispositivo utilizado: cuda
2025-11-29 22:03:23,372 - LSTM_BRDWGD - INFO - ==========================================================================================
2025-11-29 22:03:29,113 - BiLSTM_BRDWGD - INFO - ==========================================================================================
2025-11-29 22:03:29,113 - BiLSTM_BRDWGD - INFO - Iniciando script BILSTM (PyTorch) BRDWGD com suporte a GPU e logs detalhados.
2025-11-29 22:03:29,113 - BiLSTM_BRDWGD - INFO - ==========================================================================================
2025-11-29 22:03:29,114 - BiLSTM_BRDWGD - INFO - Iniciando experimento: lookback=30, hidden_dim=256, layers=2, lr=0.001, drop=0.5
2025-11-29 22:03:29,119 - BiLSTM_BRDWGD - INFO - Shape treino: torch.Size([5863, 30, 1]), teste: torch.Size([30, 30, 1])
2025-11-29 22:03:29,130 - BiLSTM_BRDWGD - INFO - Treinando por 500 épocas...
2025-11-29 22:03:29,944 - BiLSTM_BRDWGD - INFO - [EXP] Época 1/500 - Loss: 0.028390
2025-11-29 22:04:09,810 - BiLSTM_BRDWGD - INFO - [EXP] Época 50/500 - Loss: 0.024135
2025-11-29 22:04:51,707 - BiLSTM_BRDWGD - INFO - [EXP] Época 100/500 - Loss: 0.025374
2025-11-29 22:05:33,866 - BiLSTM_BRDWGD - INFO - [EXP] Época 150/500 - Loss: 0.024255
2025-11-29 22:06:16,307 - BiLSTM_BRDWGD - INFO - [EXP] Época 200/500 - Loss: 0.023996
2025-11-29 22:06:59,237 - BiLSTM_BRDWGD - INFO - [EXP] Época 250/500 - Loss: 0.023807
2025-11-29 22:07:42,100 - BiLSTM_BRDWGD - INFO - [EXP] Época 300/500 - Loss: 0.023716
2025-11-29 22:08:25,161 - BiLSTM_BRDWGD - INFO - [EXP] Época 350/500 - Loss: 0.023459
2025-11-29 22:09:07,754 - BiLSTM_BRDWGD - INFO - [EXP] Época 400/500 - Loss: 0.023521
2025-11-29 22:09:50,152 - BiLSTM_BRDWGD - INFO - [EXP] Época 450/500 - Loss: 0.022974
2025-11-29 22:10:32,517 - BiLSTM_BRDWGD - INFO - [EXP] Época 500/500 - Loss: 0.023332
2025-11-29 22:10:32,517 - BiLSTM_BRDWGD - INFO - Treinamento concluído em 7.06 minutos
2025-11-29 22:10:32,764 - BiLSTM_BRDWGD - INFO - Calculando erro para o train
2025-11-29 22:10:32,766 - BiLSTM_BRDWGD - INFO - RMSE: 10.2492
2025-11-29 22:10:32,766 - BiLSTM_BRDWGD - INFO - MSE : 105.0463
2025-11-29 22:10:32,766 - BiLSTM_BRDWGD - INFO - MAE : 3.3424
2025-11-29 22:10:32,766 - BiLSTM_BRDWGD - INFO - CSI (thr=1.0 mm): 0.1050  [TP=211, FP=507, FN=1291]
2025-11-29 22:10:32,767 - BiLSTM_BRDWGD - INFO - train_pred TRAIN mm min/max: 0.0, 72.80708725474568
2025-11-29 22:10:32,767 - BiLSTM_BRDWGD - INFO - train_TRUE TRAIN mm min/max: 0.0, 154.39999389648438
2025-11-29 22:10:32,767 - BiLSTM_BRDWGD - INFO -  Gerando gráficos TRAIN...
2025-11-29 22:10:33,206 - BiLSTM_BRDWGD - INFO -  Gráficos gerados TRAIN ...
2025-11-29 22:10:33,207 - BiLSTM_BRDWGD - INFO - Calculando erro para parte de teste
2025-11-29 22:10:33,209 - BiLSTM_BRDWGD - INFO - RMSE: 14.4140
2025-11-29 22:10:33,209 - BiLSTM_BRDWGD - INFO - MSE : 207.7632
2025-11-29 22:10:33,209 - BiLSTM_BRDWGD - INFO - MAE : 5.6117
2025-11-29 22:10:33,209 - BiLSTM_BRDWGD - INFO - CSI (thr=1.0 mm): 0.0000  [TP=0, FP=5, FN=6]
2025-11-29 22:10:33,209 - BiLSTM_BRDWGD - INFO - y_pred mm min/max: 0.03893098882250537, 2.6593132163881945
2025-11-29 22:10:33,209 - BiLSTM_BRDWGD - INFO - y_TRUE mm min/max: 0.0, 55.400001525878906
2025-11-29 22:10:33,209 - BiLSTM_BRDWGD - INFO -  Gerando gráficos...
2025-11-29 22:10:33,552 - BiLSTM_BRDWGD - INFO -  Gráficos gerados...
2025-11-29 22:10:33,552 - BiLSTM_BRDWGD - INFO - ==========================================================================================
2025-11-29 22:10:33,552 - BiLSTM_BRDWGD - INFO - Execução finalizada com sucesso.
2025-11-29 22:10:33,552 - BiLSTM_BRDWGD - INFO - Dispositivo utilizado: cuda
2025-11-29 22:10:33,552 - BiLSTM_BRDWGD - INFO - ==========================================================================================
2025-11-29 22:10:39,608 - ARIMA_BRDWGD - INFO - ==========================================================================================
2025-11-29 22:10:39,609 - ARIMA_BRDWGD - INFO - Iniciando script ARIMA BRDWGD.
2025-11-29 22:10:39,609 - ARIMA_BRDWGD - INFO - ==========================================================================================
2025-11-29 22:10:39,610 - ARIMA_BRDWGD - INFO - Tamanho treino: 5894 | teste: 30
2025-11-29 22:10:39,611 - ARIMA_BRDWGD - INFO - [FASE 4] Iniciando busca manual por hiperparâmetros (AIC).
2025-11-29 22:18:54,813 - ARIMA_BRDWGD - INFO - Melhor order encontrado: (30, 0, 0)
2025-11-29 22:18:54,814 - ARIMA_BRDWGD - INFO - Melhor AIC (treino): -16095.51
2025-11-29 22:18:54,814 - ARIMA_BRDWGD - INFO - Tempo da Fase 4: 495.20s
2025-11-29 22:18:54,814 - ARIMA_BRDWGD - INFO - [FASE 5] Reajustando melhor modelo no conjunto de treino.
2025-11-29 22:19:33,022 - ARIMA_BRDWGD - INFO - Melhor modelo ajustado no treino.
2025-11-29 22:19:33,022 - ARIMA_BRDWGD - INFO - Tempo da Fase 5: 38.21s
2025-11-29 22:19:33,022 - ARIMA_BRDWGD - INFO - [FASE 6] Gerando previsões no conjunto de teste e avaliando métricas.
2025-11-29 22:19:33,025 - ARIMA_BRDWGD - INFO - RMSE: 9.4854
2025-11-29 22:19:33,025 - ARIMA_BRDWGD - INFO - MSE : 89.9731
2025-11-29 22:19:33,025 - ARIMA_BRDWGD - INFO - MAE : 4.5144
2025-11-29 22:19:33,025 - ARIMA_BRDWGD - INFO - CSI (thr=1.0 mm): 0.2587  [TP=1521, FP=4354, FN=4]
2025-11-29 22:19:33,025 - ARIMA_BRDWGD - INFO - [TREINO] RMSE=9.4854 | MSE=89.9731 | MAE=4.5144 | CSI=0.2587
2025-11-29 22:19:33,030 - ARIMA_BRDWGD - INFO - RMSE: 13.3585
2025-11-29 22:19:33,030 - ARIMA_BRDWGD - INFO - MSE : 178.4498
2025-11-29 22:19:33,030 - ARIMA_BRDWGD - INFO - MAE : 7.4102
2025-11-29 22:19:33,030 - ARIMA_BRDWGD - INFO - CSI (thr=1.0 mm): 0.2000  [TP=6, FP=24, FN=0]
2025-11-29 22:19:33,030 - ARIMA_BRDWGD - INFO - Tempo total da Fase 6: 0.01s
2025-11-29 22:19:33,030 - ARIMA_BRDWGD - INFO - [FASE 7] Salvando gráfico de previsão vs. observado.
2025-11-29 22:19:34,032 - ARIMA_BRDWGD - INFO - Gráfico salvo como 'arimaBRDWGD_result.png'.
2025-11-29 22:19:34,032 - ARIMA_BRDWGD - INFO - ==========================================================================================
2025-11-29 22:19:34,032 - ARIMA_BRDWGD - INFO - Execução ARIMA BRDWGD finalizada com sucesso.
2025-11-29 22:19:34,032 - ARIMA_BRDWGD - INFO - Tempo total de execução: 534.42s
2025-11-29 22:19:34,032 - ARIMA_BRDWGD - INFO - ==========================================================================================
2025-11-29 22:19:39,688 - RANDOM_FOREST_BRDWGD - INFO - ====================================================================================================
2025-11-29 22:19:39,688 - RANDOM_FOREST_BRDWGD - INFO - Iniciando Random Forest BRDWGD com GridSearchCV.
2025-11-29 22:19:39,688 - RANDOM_FOREST_BRDWGD - INFO - ====================================================================================================
2025-11-29 22:19:39,688 - RANDOM_FOREST_BRDWGD - INFO - [FASE 3] Split treino/teste e preparação.
2025-11-29 22:19:39,695 - RANDOM_FOREST_BRDWGD - INFO - [FASE 3] Treino: X=(5864, 30), y=5864 | Teste: X=(30, 30), y=30
2025-11-29 22:19:39,695 - RANDOM_FOREST_BRDWGD - INFO - [FASE 3] Tempo: 0.01s
2025-11-29 22:19:39,695 - RANDOM_FOREST_BRDWGD - INFO - [FASE 4] Iniciando GridSearchCV (TimeSeriesSplit).
2025-11-29 22:20:37,531 - RANDOM_FOREST_BRDWGD - INFO - [FASE 4] GridSearchCV concluído em 57.84s
2025-11-29 22:20:37,532 - RANDOM_FOREST_BRDWGD - INFO - [FASE 4] Melhores parâmetros: {'max_depth': None, 'max_features': 'sqrt', 'min_samples_leaf': 4, 'min_samples_split': 10, 'n_estimators': 200}
2025-11-29 22:20:37,532 - RANDOM_FOREST_BRDWGD - INFO - [FASE 4] Melhor score (neg_MSE): -98.818296
2025-11-29 22:20:37,532 - RANDOM_FOREST_BRDWGD - INFO - [FASE 4] Tempo: 57.84s
2025-11-29 22:20:37,533 - RANDOM_FOREST_BRDWGD - INFO - [FASE 5] Treinando best_estimator_ no conjunto de treino.
2025-11-29 22:20:37,921 - RANDOM_FOREST_BRDWGD - INFO - [FASE 5] Tempo: 0.39s
2025-11-29 22:20:37,921 - RANDOM_FOREST_BRDWGD - INFO - [FASE 6] Previsão e cálculo de métricas.
2025-11-29 22:20:37,963 - RANDOM_FOREST_BRDWGD - INFO - RMSE: 7.5402
2025-11-29 22:20:37,963 - RANDOM_FOREST_BRDWGD - INFO - MSE : 56.8553
2025-11-29 22:20:37,963 - RANDOM_FOREST_BRDWGD - INFO - MAE : 3.4162
2025-11-29 22:20:37,963 - RANDOM_FOREST_BRDWGD - INFO - CSI (thr=1.0 mm): 0.3223  [TP=1491, FP=3115, FN=20]
2025-11-29 22:20:37,963 - RANDOM_FOREST_BRDWGD - INFO - [TREINO] RMSE=7.5402 | MSE=56.8553 | MAE=3.4162 | CSI=0.3223
2025-11-29 22:20:37,986 - RANDOM_FOREST_BRDWGD - INFO - y_pred raw min/max: 1.993143407697288, 10.419484206937065
2025-11-29 22:20:37,986 - RANDOM_FOREST_BRDWGD - INFO - y_TRUE raw min/max: 0.0, 55.400001525878906
2025-11-29 22:20:37,987 - RANDOM_FOREST_BRDWGD - INFO - RMSE: 12.8944
2025-11-29 22:20:37,987 - RANDOM_FOREST_BRDWGD - INFO - MSE : 166.2649
2025-11-29 22:20:37,987 - RANDOM_FOREST_BRDWGD - INFO - MAE : 7.6742
2025-11-29 22:20:37,987 - RANDOM_FOREST_BRDWGD - INFO - CSI (thr=1.0 mm): 0.2000  [TP=6, FP=24, FN=0]
2025-11-29 22:20:37,987 - RANDOM_FOREST_BRDWGD - INFO - [FASE 7] Gerando gráficos.
2025-11-29 22:20:38,655 - RANDOM_FOREST_BRDWGD - INFO - Gráfico salvo como 'random_forest_BRDWGD.png'.
2025-11-29 22:20:38,655 - RANDOM_FOREST_BRDWGD - INFO - [FASE 7] Tempo: 0.67s
2025-11-29 22:20:38,655 - RANDOM_FOREST_BRDWGD - INFO - ====================================================================================================
2025-11-29 22:20:38,655 - RANDOM_FOREST_BRDWGD - INFO - Resumo Final
2025-11-29 22:20:38,655 - RANDOM_FOREST_BRDWGD - INFO - Melhores parâmetros: {'max_depth': None, 'max_features': 'sqrt', 'min_samples_leaf': 4, 'min_samples_split': 10, 'n_estimators': 200}
2025-11-29 22:20:38,655 - RANDOM_FOREST_BRDWGD - INFO - Tempo total de execução: 58.97s
2025-11-29 22:20:38,655 - RANDOM_FOREST_BRDWGD - INFO - ====================================================================================================
2025-11-29 22:20:44,322 - LSTM_BRDWGD - INFO - ==========================================================================================
2025-11-29 22:20:44,322 - LSTM_BRDWGD - INFO - Iniciando script LSTM (PyTorch) BRDWGD com suporte a GPU e logs detalhados.
2025-11-29 22:20:44,322 - LSTM_BRDWGD - INFO - ==========================================================================================
2025-11-29 22:20:44,322 - LSTM_BRDWGD - INFO - Iniciando experimento: lookback=30, hidden_dim=32, layers=2, lr=0.001, drop=0.5
2025-11-29 22:20:44,333 - LSTM_BRDWGD - INFO - Shape treino: torch.Size([5863, 30, 1]), teste: torch.Size([30, 30, 1])
2025-11-29 22:20:44,334 - LSTM_BRDWGD - INFO - Treinando por 500 épocas...
2025-11-29 22:20:44,659 - LSTM_BRDWGD - INFO - [EXP] Época 1/500 - Loss: 0.028030
2025-11-29 22:21:00,490 - LSTM_BRDWGD - INFO - [EXP] Época 50/500 - Loss: 0.024277
2025-11-29 22:21:16,608 - LSTM_BRDWGD - INFO - [EXP] Época 100/500 - Loss: 0.024348
2025-11-29 22:21:32,726 - LSTM_BRDWGD - INFO - [EXP] Época 150/500 - Loss: 0.024114
2025-11-29 22:21:48,844 - LSTM_BRDWGD - INFO - [EXP] Época 200/500 - Loss: 0.024055
2025-11-29 22:22:04,996 - LSTM_BRDWGD - INFO - [EXP] Época 250/500 - Loss: 0.023871
2025-11-29 22:22:21,145 - LSTM_BRDWGD - INFO - [EXP] Época 300/500 - Loss: 0.023705
2025-11-29 22:22:37,513 - LSTM_BRDWGD - INFO - [EXP] Época 350/500 - Loss: 0.023567
2025-11-29 22:23:13,679 - LSTM_BRDWGD - INFO - [EXP] Época 400/500 - Loss: 0.023352
2025-11-29 22:23:29,730 - LSTM_BRDWGD - INFO - [EXP] Época 450/500 - Loss: 0.023792
2025-11-29 22:23:45,786 - LSTM_BRDWGD - INFO - [EXP] Época 500/500 - Loss: 0.023045
2025-11-29 22:23:45,786 - LSTM_BRDWGD - INFO - Treinamento concluído em 3.02 minutos
2025-11-29 22:23:45,828 - LSTM_BRDWGD - INFO - Calculando erro para o train
2025-11-29 22:23:45,831 - LSTM_BRDWGD - INFO - RMSE: 10.2477
2025-11-29 22:23:45,831 - LSTM_BRDWGD - INFO - MSE : 105.0150
2025-11-29 22:23:45,831 - LSTM_BRDWGD - INFO - MAE : 3.3063
2025-11-29 22:23:45,831 - LSTM_BRDWGD - INFO - CSI (thr=1.0 mm): 0.0869  [TP=167, FP=420, FN=1335]
2025-11-29 22:23:45,831 - LSTM_BRDWGD - INFO - train_pred TRAIN mm min/max: 0.0, 71.13542992512603
2025-11-29 22:23:45,831 - LSTM_BRDWGD - INFO - train_TRUE TRAIN mm min/max: 0.0, 154.39999389648438
2025-11-29 22:23:45,831 - LSTM_BRDWGD - INFO -  Gerando gráficos TRAIN...
2025-11-29 22:23:46,268 - LSTM_BRDWGD - INFO -  Gráficos gerados TRAIN ...
2025-11-29 22:23:46,268 - LSTM_BRDWGD - INFO - Calculando erro para parte de teste
2025-11-29 22:23:46,270 - LSTM_BRDWGD - INFO - RMSE: 14.5570
2025-11-29 22:23:46,270 - LSTM_BRDWGD - INFO - MSE : 211.9061
2025-11-29 22:23:46,270 - LSTM_BRDWGD - INFO - MAE : 5.9361
2025-11-29 22:23:46,270 - LSTM_BRDWGD - INFO - CSI (thr=1.0 mm): 0.0000  [TP=0, FP=7, FN=6]
2025-11-29 22:23:46,270 - LSTM_BRDWGD - INFO - y_pred mm min/max: 0.0, 8.82482825520634
2025-11-29 22:23:46,271 - LSTM_BRDWGD - INFO - y_TRUE mm min/max: 0.0, 55.400001525878906
2025-11-29 22:23:46,271 - LSTM_BRDWGD - INFO -  Gerando gráficos...
2025-11-29 22:23:46,596 - LSTM_BRDWGD - INFO -  Gráficos gerados...
2025-11-29 22:23:46,596 - LSTM_BRDWGD - INFO - ==========================================================================================
2025-11-29 22:23:46,597 - LSTM_BRDWGD - INFO - Execução finalizada com sucesso.
2025-11-29 22:23:46,597 - LSTM_BRDWGD - INFO - Dispositivo utilizado: cuda
2025-11-29 22:23:46,597 - LSTM_BRDWGD - INFO - ==========================================================================================
2025-11-29 22:23:52,242 - BiLSTM_BRDWGD - INFO - ==========================================================================================
2025-11-29 22:23:52,243 - BiLSTM_BRDWGD - INFO - Iniciando script BILSTM (PyTorch) BRDWGD com suporte a GPU e logs detalhados.
2025-11-29 22:23:52,243 - BiLSTM_BRDWGD - INFO - ==========================================================================================
2025-11-29 22:23:52,243 - BiLSTM_BRDWGD - INFO - Iniciando experimento: lookback=30, hidden_dim=32, layers=2, lr=0.001, drop=0.5
2025-11-29 22:23:52,251 - BiLSTM_BRDWGD - INFO - Shape treino: torch.Size([5863, 30, 1]), teste: torch.Size([30, 30, 1])
2025-11-29 22:23:52,254 - BiLSTM_BRDWGD - INFO - Treinando por 500 épocas...
2025-11-29 22:23:52,671 - BiLSTM_BRDWGD - INFO - [EXP] Época 1/500 - Loss: 0.029920
2025-11-29 22:24:13,198 - BiLSTM_BRDWGD - INFO - [EXP] Época 50/500 - Loss: 0.024033
2025-11-29 22:24:34,284 - BiLSTM_BRDWGD - INFO - [EXP] Época 100/500 - Loss: 0.024042
2025-11-29 22:24:55,402 - BiLSTM_BRDWGD - INFO - [EXP] Época 150/500 - Loss: 0.024178
2025-11-29 22:25:16,527 - BiLSTM_BRDWGD - INFO - [EXP] Época 200/500 - Loss: 0.023911
2025-11-29 22:25:37,707 - BiLSTM_BRDWGD - INFO - [EXP] Época 250/500 - Loss: 0.023780
2025-11-29 22:25:58,914 - BiLSTM_BRDWGD - INFO - [EXP] Época 300/500 - Loss: 0.023739
2025-11-29 22:26:20,228 - BiLSTM_BRDWGD - INFO - [EXP] Época 350/500 - Loss: 0.023503
2025-11-29 22:26:41,540 - BiLSTM_BRDWGD - INFO - [EXP] Época 400/500 - Loss: 0.023394
2025-11-29 22:27:02,854 - BiLSTM_BRDWGD - INFO - [EXP] Época 450/500 - Loss: 0.023078
2025-11-29 22:27:24,168 - BiLSTM_BRDWGD - INFO - [EXP] Época 500/500 - Loss: 0.023102
2025-11-29 22:27:24,168 - BiLSTM_BRDWGD - INFO - Treinamento concluído em 3.53 minutos
2025-11-29 22:27:24,218 - BiLSTM_BRDWGD - INFO - Calculando erro para o train
2025-11-29 22:27:24,221 - BiLSTM_BRDWGD - INFO - RMSE: 10.5509
2025-11-29 22:27:24,221 - BiLSTM_BRDWGD - INFO - MSE : 111.3208
2025-11-29 22:27:24,221 - BiLSTM_BRDWGD - INFO - MAE : 3.4208
2025-11-29 22:27:24,221 - BiLSTM_BRDWGD - INFO - CSI (thr=1.0 mm): 0.1161  [TP=246, FP=616, FN=1256]
2025-11-29 22:27:24,221 - BiLSTM_BRDWGD - INFO - train_pred TRAIN mm min/max: 0.0, 114.6039180295491
2025-11-29 22:27:24,221 - BiLSTM_BRDWGD - INFO - train_TRUE TRAIN mm min/max: 0.0, 154.39999389648438
2025-11-29 22:27:24,221 - BiLSTM_BRDWGD - INFO -  Gerando gráficos TRAIN...
2025-11-29 22:27:24,733 - BiLSTM_BRDWGD - INFO -  Gráficos gerados TRAIN ...
2025-11-29 22:27:24,733 - BiLSTM_BRDWGD - INFO - Calculando erro para parte de teste
2025-11-29 22:27:24,735 - BiLSTM_BRDWGD - INFO - RMSE: 14.6361
2025-11-29 22:27:24,735 - BiLSTM_BRDWGD - INFO - MSE : 214.2166
2025-11-29 22:27:24,735 - BiLSTM_BRDWGD - INFO - MAE : 6.0913
2025-11-29 22:27:24,735 - BiLSTM_BRDWGD - INFO - CSI (thr=1.0 mm): 0.0000  [TP=0, FP=5, FN=6]
2025-11-29 22:27:24,735 - BiLSTM_BRDWGD - INFO - y_pred mm min/max: 0.0, 10.619690172385047
2025-11-29 22:27:24,735 - BiLSTM_BRDWGD - INFO - y_TRUE mm min/max: 0.0, 55.400001525878906
2025-11-29 22:27:24,735 - BiLSTM_BRDWGD - INFO -  Gerando gráficos...
2025-11-29 22:27:25,096 - BiLSTM_BRDWGD - INFO -  Gráficos gerados...
2025-11-29 22:27:25,096 - BiLSTM_BRDWGD - INFO - ==========================================================================================
2025-11-29 22:27:25,096 - BiLSTM_BRDWGD - INFO - Execução finalizada com sucesso.
2025-11-29 22:27:25,096 - BiLSTM_BRDWGD - INFO - Dispositivo utilizado: cuda
2025-11-29 22:27:25,096 - BiLSTM_BRDWGD - INFO - ==========================================================================================
2025-11-29 22:27:31,172 - LSTM_BRDWGD - INFO - ==========================================================================================
2025-11-29 22:27:31,172 - LSTM_BRDWGD - INFO - Iniciando script LSTM (PyTorch) BRDWGD com suporte a GPU e logs detalhados.
2025-11-29 22:27:31,172 - LSTM_BRDWGD - INFO - ==========================================================================================
2025-11-29 22:27:31,172 - LSTM_BRDWGD - INFO - Iniciando experimento: lookback=30, hidden_dim=64, layers=2, lr=0.001, drop=0.5
2025-11-29 22:27:31,180 - LSTM_BRDWGD - INFO - Shape treino: torch.Size([5863, 30, 1]), teste: torch.Size([30, 30, 1])
2025-11-29 22:27:31,182 - LSTM_BRDWGD - INFO - Treinando por 500 épocas...
2025-11-29 22:27:31,485 - LSTM_BRDWGD - INFO - [EXP] Época 1/500 - Loss: 0.027060
2025-11-29 22:27:46,284 - LSTM_BRDWGD - INFO - [EXP] Época 50/500 - Loss: 0.024379
2025-11-29 22:28:01,379 - LSTM_BRDWGD - INFO - [EXP] Época 100/500 - Loss: 0.024169
2025-11-29 22:28:16,482 - LSTM_BRDWGD - INFO - [EXP] Época 150/500 - Loss: 0.024189
2025-11-29 22:28:31,585 - LSTM_BRDWGD - INFO - [EXP] Época 200/500 - Loss: 0.023966
2025-11-29 22:28:46,687 - LSTM_BRDWGD - INFO - [EXP] Época 250/500 - Loss: 0.023817
2025-11-29 22:29:01,787 - LSTM_BRDWGD - INFO - [EXP] Época 300/500 - Loss: 0.023613
2025-11-29 22:29:16,884 - LSTM_BRDWGD - INFO - [EXP] Época 350/500 - Loss: 0.023875
2025-11-29 22:29:32,595 - LSTM_BRDWGD - INFO - [EXP] Época 400/500 - Loss: 0.023357
2025-11-29 22:29:48,812 - LSTM_BRDWGD - INFO - [EXP] Época 450/500 - Loss: 0.023142
2025-11-29 22:30:05,029 - LSTM_BRDWGD - INFO - [EXP] Época 500/500 - Loss: 0.022816
2025-11-29 22:30:05,029 - LSTM_BRDWGD - INFO - Treinamento concluído em 2.56 minutos
2025-11-29 22:30:05,073 - LSTM_BRDWGD - INFO - Calculando erro para o train
2025-11-29 22:30:05,076 - LSTM_BRDWGD - INFO - RMSE: 10.2966
2025-11-29 22:30:05,076 - LSTM_BRDWGD - INFO - MSE : 106.0199
2025-11-29 22:30:05,076 - LSTM_BRDWGD - INFO - MAE : 3.3652
2025-11-29 22:30:05,076 - LSTM_BRDWGD - INFO - CSI (thr=1.0 mm): 0.0848  [TP=160, FP=385, FN=1342]
2025-11-29 22:30:05,076 - LSTM_BRDWGD - INFO - train_pred TRAIN mm min/max: 0.0, 72.8878017895869
2025-11-29 22:30:05,076 - LSTM_BRDWGD - INFO - train_TRUE TRAIN mm min/max: 0.0, 154.39999389648438
2025-11-29 22:30:05,076 - LSTM_BRDWGD - INFO -  Gerando gráficos TRAIN...
2025-11-29 22:30:05,517 - LSTM_BRDWGD - INFO -  Gráficos gerados TRAIN ...
2025-11-29 22:30:05,517 - LSTM_BRDWGD - INFO - Calculando erro para parte de teste
2025-11-29 22:30:05,519 - LSTM_BRDWGD - INFO - RMSE: 14.6660
2025-11-29 22:30:05,519 - LSTM_BRDWGD - INFO - MSE : 215.0903
2025-11-29 22:30:05,519 - LSTM_BRDWGD - INFO - MAE : 6.1240
2025-11-29 22:30:05,519 - LSTM_BRDWGD - INFO - CSI (thr=1.0 mm): 0.0000  [TP=0, FP=5, FN=6]
2025-11-29 22:30:05,519 - LSTM_BRDWGD - INFO - y_pred mm min/max: 0.0, 13.977070401111602
2025-11-29 22:30:05,519 - LSTM_BRDWGD - INFO - y_TRUE mm min/max: 0.0, 55.400001525878906
2025-11-29 22:30:05,519 - LSTM_BRDWGD - INFO -  Gerando gráficos...
2025-11-29 22:30:05,843 - LSTM_BRDWGD - INFO -  Gráficos gerados...
2025-11-29 22:30:05,843 - LSTM_BRDWGD - INFO - ==========================================================================================
2025-11-29 22:30:05,843 - LSTM_BRDWGD - INFO - Execução finalizada com sucesso.
2025-11-29 22:30:05,843 - LSTM_BRDWGD - INFO - Dispositivo utilizado: cuda
2025-11-29 22:30:05,843 - LSTM_BRDWGD - INFO - ==========================================================================================
2025-11-29 22:30:11,520 - BiLSTM_BRDWGD - INFO - ==========================================================================================
2025-11-29 22:30:11,520 - BiLSTM_BRDWGD - INFO - Iniciando script BILSTM (PyTorch) BRDWGD com suporte a GPU e logs detalhados.
2025-11-29 22:30:11,520 - BiLSTM_BRDWGD - INFO - ==========================================================================================
2025-11-29 22:30:11,520 - BiLSTM_BRDWGD - INFO - Iniciando experimento: lookback=30, hidden_dim=64, layers=2, lr=0.001, drop=0.5
2025-11-29 22:30:11,528 - BiLSTM_BRDWGD - INFO - Shape treino: torch.Size([5863, 30, 1]), teste: torch.Size([30, 30, 1])
2025-11-29 22:30:11,531 - BiLSTM_BRDWGD - INFO - Treinando por 500 épocas...
2025-11-29 22:30:11,953 - BiLSTM_BRDWGD - INFO - [EXP] Época 1/500 - Loss: 0.030646
2025-11-29 22:30:32,733 - BiLSTM_BRDWGD - INFO - [EXP] Época 50/500 - Loss: 0.024088
2025-11-29 22:30:54,117 - BiLSTM_BRDWGD - INFO - [EXP] Época 100/500 - Loss: 0.024093
2025-11-29 22:31:14,027 - BiLSTM_BRDWGD - INFO - [EXP] Época 150/500 - Loss: 0.024209
2025-11-29 22:31:33,939 - BiLSTM_BRDWGD - INFO - [EXP] Época 200/500 - Loss: 0.024015
2025-11-29 22:31:53,848 - BiLSTM_BRDWGD - INFO - [EXP] Época 250/500 - Loss: 0.023664
2025-11-29 22:32:14,691 - BiLSTM_BRDWGD - INFO - [EXP] Época 300/500 - Loss: 0.023176
2025-11-29 22:32:35,807 - BiLSTM_BRDWGD - INFO - [EXP] Época 350/500 - Loss: 0.023333
2025-11-29 22:32:56,923 - BiLSTM_BRDWGD - INFO - [EXP] Época 400/500 - Loss: 0.023439
2025-11-29 22:33:18,100 - BiLSTM_BRDWGD - INFO - [EXP] Época 450/500 - Loss: 0.022919
2025-11-29 22:33:39,361 - BiLSTM_BRDWGD - INFO - [EXP] Época 500/500 - Loss: 0.024108
2025-11-29 22:33:39,361 - BiLSTM_BRDWGD - INFO - Treinamento concluído em 3.46 minutos
2025-11-29 22:33:39,434 - BiLSTM_BRDWGD - INFO - Calculando erro para o train
2025-11-29 22:33:39,437 - BiLSTM_BRDWGD - INFO - RMSE: 10.0686
2025-11-29 22:33:39,437 - BiLSTM_BRDWGD - INFO - MSE : 101.3773
2025-11-29 22:33:39,437 - BiLSTM_BRDWGD - INFO - MAE : 3.1707
2025-11-29 22:33:39,437 - BiLSTM_BRDWGD - INFO - CSI (thr=1.0 mm): 0.0689  [TP=129, FP=369, FN=1373]
2025-11-29 22:33:39,437 - BiLSTM_BRDWGD - INFO - train_pred TRAIN mm min/max: 0.0, 9.087164873060665
2025-11-29 22:33:39,437 - BiLSTM_BRDWGD - INFO - train_TRUE TRAIN mm min/max: 0.0, 154.39999389648438
2025-11-29 22:33:39,437 - BiLSTM_BRDWGD - INFO -  Gerando gráficos TRAIN...
2025-11-29 22:33:39,885 - BiLSTM_BRDWGD - INFO -  Gráficos gerados TRAIN ...
2025-11-29 22:33:39,885 - BiLSTM_BRDWGD - INFO - Calculando erro para parte de teste
2025-11-29 22:33:39,887 - BiLSTM_BRDWGD - INFO - RMSE: 14.4415
2025-11-29 22:33:39,887 - BiLSTM_BRDWGD - INFO - MSE : 208.5572
2025-11-29 22:33:39,887 - BiLSTM_BRDWGD - INFO - MAE : 5.5082
2025-11-29 22:33:39,887 - BiLSTM_BRDWGD - INFO - CSI (thr=1.0 mm): 0.0000  [TP=0, FP=3, FN=6]
2025-11-29 22:33:39,887 - BiLSTM_BRDWGD - INFO - y_pred mm min/max: 0.0, 3.2325815164503218
2025-11-29 22:33:39,888 - BiLSTM_BRDWGD - INFO - y_TRUE mm min/max: 0.0, 55.400001525878906
2025-11-29 22:33:39,888 - BiLSTM_BRDWGD - INFO -  Gerando gráficos...
2025-11-29 22:33:40,207 - BiLSTM_BRDWGD - INFO -  Gráficos gerados...
2025-11-29 22:33:40,207 - BiLSTM_BRDWGD - INFO - ==========================================================================================
2025-11-29 22:33:40,207 - BiLSTM_BRDWGD - INFO - Execução finalizada com sucesso.
2025-11-29 22:33:40,207 - BiLSTM_BRDWGD - INFO - Dispositivo utilizado: cuda
2025-11-29 22:33:40,207 - BiLSTM_BRDWGD - INFO - ==========================================================================================
2025-11-29 22:33:46,215 - LSTM_BRDWGD - INFO - ==========================================================================================
2025-11-29 22:33:46,215 - LSTM_BRDWGD - INFO - Iniciando script LSTM (PyTorch) BRDWGD com suporte a GPU e logs detalhados.
2025-11-29 22:33:46,216 - LSTM_BRDWGD - INFO - ==========================================================================================
2025-11-29 22:33:46,216 - LSTM_BRDWGD - INFO - Iniciando experimento: lookback=30, hidden_dim=128, layers=2, lr=0.001, drop=0.5
2025-11-29 22:33:46,222 - LSTM_BRDWGD - INFO - Shape treino: torch.Size([5863, 30, 1]), teste: torch.Size([30, 30, 1])
2025-11-29 22:33:46,224 - LSTM_BRDWGD - INFO - Treinando por 500 épocas...
2025-11-29 22:33:46,552 - LSTM_BRDWGD - INFO - [EXP] Época 1/500 - Loss: 0.026360
2025-11-29 22:34:02,603 - LSTM_BRDWGD - INFO - [EXP] Época 50/500 - Loss: 0.024049
2025-11-29 22:34:19,023 - LSTM_BRDWGD - INFO - [EXP] Época 100/500 - Loss: 0.024106
2025-11-29 22:34:35,441 - LSTM_BRDWGD - INFO - [EXP] Época 150/500 - Loss: 0.024232
2025-11-29 22:34:51,860 - LSTM_BRDWGD - INFO - [EXP] Época 200/500 - Loss: 0.023626
2025-11-29 22:35:08,280 - LSTM_BRDWGD - INFO - [EXP] Época 250/500 - Loss: 0.023439
2025-11-29 22:35:24,700 - LSTM_BRDWGD - INFO - [EXP] Época 300/500 - Loss: 0.023459
2025-11-29 22:35:41,068 - LSTM_BRDWGD - INFO - [EXP] Época 350/500 - Loss: 0.023778
2025-11-29 22:35:57,654 - LSTM_BRDWGD - INFO - [EXP] Época 400/500 - Loss: 0.022343
2025-11-29 22:36:14,007 - LSTM_BRDWGD - INFO - [EXP] Época 450/500 - Loss: 0.021562
2025-11-29 22:36:30,318 - LSTM_BRDWGD - INFO - [EXP] Época 500/500 - Loss: 0.020928
2025-11-29 22:36:30,318 - LSTM_BRDWGD - INFO - Treinamento concluído em 2.73 minutos
2025-11-29 22:36:30,415 - LSTM_BRDWGD - INFO - Calculando erro para o train
2025-11-29 22:36:30,418 - LSTM_BRDWGD - INFO - RMSE: 10.5549
2025-11-29 22:36:30,418 - LSTM_BRDWGD - INFO - MSE : 111.4054
2025-11-29 22:36:30,418 - LSTM_BRDWGD - INFO - MAE : 3.4305
2025-11-29 22:36:30,418 - LSTM_BRDWGD - INFO - CSI (thr=1.0 mm): 0.0762  [TP=139, FP=321, FN=1363]
2025-11-29 22:36:30,418 - LSTM_BRDWGD - INFO - train_pred TRAIN mm min/max: 0.0, 138.17482613061742
2025-11-29 22:36:30,418 - LSTM_BRDWGD - INFO - train_TRUE TRAIN mm min/max: 0.0, 154.39999389648438
2025-11-29 22:36:30,418 - LSTM_BRDWGD - INFO -  Gerando gráficos TRAIN...
2025-11-29 22:36:30,833 - LSTM_BRDWGD - INFO -  Gráficos gerados TRAIN ...
2025-11-29 22:36:30,833 - LSTM_BRDWGD - INFO - Calculando erro para parte de teste
2025-11-29 22:36:30,835 - LSTM_BRDWGD - INFO - RMSE: 15.3800
2025-11-29 22:36:30,835 - LSTM_BRDWGD - INFO - MSE : 236.5447
2025-11-29 22:36:30,835 - LSTM_BRDWGD - INFO - MAE : 7.0258
2025-11-29 22:36:30,836 - LSTM_BRDWGD - INFO - CSI (thr=1.0 mm): 0.0000  [TP=0, FP=5, FN=6]
2025-11-29 22:36:30,836 - LSTM_BRDWGD - INFO - y_pred mm min/max: 0.0, 23.051391972418738
2025-11-29 22:36:30,836 - LSTM_BRDWGD - INFO - y_TRUE mm min/max: 0.0, 55.400001525878906
2025-11-29 22:36:30,836 - LSTM_BRDWGD - INFO -  Gerando gráficos...
2025-11-29 22:36:31,150 - LSTM_BRDWGD - INFO -  Gráficos gerados...
2025-11-29 22:36:31,150 - LSTM_BRDWGD - INFO - ==========================================================================================
2025-11-29 22:36:31,150 - LSTM_BRDWGD - INFO - Execução finalizada com sucesso.
2025-11-29 22:36:31,150 - LSTM_BRDWGD - INFO - Dispositivo utilizado: cuda
2025-11-29 22:36:31,150 - LSTM_BRDWGD - INFO - ==========================================================================================
2025-11-29 22:36:36,809 - BiLSTM_BRDWGD - INFO - ==========================================================================================
2025-11-29 22:36:36,809 - BiLSTM_BRDWGD - INFO - Iniciando script BILSTM (PyTorch) BRDWGD com suporte a GPU e logs detalhados.
2025-11-29 22:36:36,809 - BiLSTM_BRDWGD - INFO - ==========================================================================================
2025-11-29 22:36:36,810 - BiLSTM_BRDWGD - INFO - Iniciando experimento: lookback=30, hidden_dim=128, layers=2, lr=0.001, drop=0.5
2025-11-29 22:36:36,815 - BiLSTM_BRDWGD - INFO - Shape treino: torch.Size([5863, 30, 1]), teste: torch.Size([30, 30, 1])
2025-11-29 22:36:36,819 - BiLSTM_BRDWGD - INFO - Treinando por 500 épocas...
2025-11-29 22:36:37,262 - BiLSTM_BRDWGD - INFO - [EXP] Época 1/500 - Loss: 0.027367
2025-11-29 22:36:58,409 - BiLSTM_BRDWGD - INFO - [EXP] Época 50/500 - Loss: 0.024133
2025-11-29 22:37:19,997 - BiLSTM_BRDWGD - INFO - [EXP] Época 100/500 - Loss: 0.024162
2025-11-29 22:37:41,660 - BiLSTM_BRDWGD - INFO - [EXP] Época 150/500 - Loss: 0.024165
2025-11-29 22:38:03,475 - BiLSTM_BRDWGD - INFO - [EXP] Época 200/500 - Loss: 0.023718
2025-11-29 22:38:25,323 - BiLSTM_BRDWGD - INFO - [EXP] Época 250/500 - Loss: 0.023773
2025-11-29 22:38:47,366 - BiLSTM_BRDWGD - INFO - [EXP] Época 300/500 - Loss: 0.023330
2025-11-29 22:39:09,264 - BiLSTM_BRDWGD - INFO - [EXP] Época 350/500 - Loss: 0.023237
2025-11-29 22:39:30,983 - BiLSTM_BRDWGD - INFO - [EXP] Época 400/500 - Loss: 0.022950
2025-11-29 22:39:52,641 - BiLSTM_BRDWGD - INFO - [EXP] Época 450/500 - Loss: 0.022756
2025-11-29 22:40:14,293 - BiLSTM_BRDWGD - INFO - [EXP] Época 500/500 - Loss: 0.022731
2025-11-29 22:40:14,293 - BiLSTM_BRDWGD - INFO - Treinamento concluído em 3.62 minutos
2025-11-29 22:40:14,477 - BiLSTM_BRDWGD - INFO - Calculando erro para o train
2025-11-29 22:40:14,479 - BiLSTM_BRDWGD - INFO - RMSE: 10.2820
2025-11-29 22:40:14,479 - BiLSTM_BRDWGD - INFO - MSE : 105.7189
2025-11-29 22:40:14,479 - BiLSTM_BRDWGD - INFO - MAE : 3.3868
2025-11-29 22:40:14,479 - BiLSTM_BRDWGD - INFO - CSI (thr=1.0 mm): 0.1122  [TP=243, FP=663, FN=1259]
2025-11-29 22:40:14,479 - BiLSTM_BRDWGD - INFO - train_pred TRAIN mm min/max: 0.0, 70.82506019848334
2025-11-29 22:40:14,480 - BiLSTM_BRDWGD - INFO - train_TRUE TRAIN mm min/max: 0.0, 154.39999389648438
2025-11-29 22:40:14,480 - BiLSTM_BRDWGD - INFO -  Gerando gráficos TRAIN...
2025-11-29 22:40:14,880 - BiLSTM_BRDWGD - INFO -  Gráficos gerados TRAIN ...
2025-11-29 22:40:14,880 - BiLSTM_BRDWGD - INFO - Calculando erro para parte de teste
2025-11-29 22:40:14,882 - BiLSTM_BRDWGD - INFO - RMSE: 14.5621
2025-11-29 22:40:14,882 - BiLSTM_BRDWGD - INFO - MSE : 212.0540
2025-11-29 22:40:14,882 - BiLSTM_BRDWGD - INFO - MAE : 5.9957
2025-11-29 22:40:14,882 - BiLSTM_BRDWGD - INFO - CSI (thr=1.0 mm): 0.0000  [TP=0, FP=6, FN=6]
2025-11-29 22:40:14,883 - BiLSTM_BRDWGD - INFO - y_pred mm min/max: 0.0, 9.104172512881084
2025-11-29 22:40:14,883 - BiLSTM_BRDWGD - INFO - y_TRUE mm min/max: 0.0, 55.400001525878906
2025-11-29 22:40:14,883 - BiLSTM_BRDWGD - INFO -  Gerando gráficos...
2025-11-29 22:40:15,166 - BiLSTM_BRDWGD - INFO -  Gráficos gerados...
2025-11-29 22:40:15,166 - BiLSTM_BRDWGD - INFO - ==========================================================================================
2025-11-29 22:40:15,166 - BiLSTM_BRDWGD - INFO - Execução finalizada com sucesso.
2025-11-29 22:40:15,167 - BiLSTM_BRDWGD - INFO - Dispositivo utilizado: cuda
2025-11-29 22:40:15,167 - BiLSTM_BRDWGD - INFO - ==========================================================================================
2025-11-29 22:40:21,399 - LSTM_BRDWGD - INFO - ==========================================================================================
2025-11-29 22:40:21,399 - LSTM_BRDWGD - INFO - Iniciando script LSTM (PyTorch) BRDWGD com suporte a GPU e logs detalhados.
2025-11-29 22:40:21,399 - LSTM_BRDWGD - INFO - ==========================================================================================
2025-11-29 22:40:21,400 - LSTM_BRDWGD - INFO - Iniciando experimento: lookback=30, hidden_dim=256, layers=2, lr=0.001, drop=0.5
2025-11-29 22:40:21,408 - LSTM_BRDWGD - INFO - Shape treino: torch.Size([5863, 30, 1]), teste: torch.Size([30, 30, 1])
2025-11-29 22:40:21,414 - LSTM_BRDWGD - INFO - Treinando por 500 épocas...
2025-11-29 22:40:21,955 - LSTM_BRDWGD - INFO - [EXP] Época 1/500 - Loss: 0.026124
2025-11-29 22:40:48,118 - LSTM_BRDWGD - INFO - [EXP] Época 50/500 - Loss: 0.024157
2025-11-29 22:41:14,797 - LSTM_BRDWGD - INFO - [EXP] Época 100/500 - Loss: 0.024082
2025-11-29 22:41:41,554 - LSTM_BRDWGD - INFO - [EXP] Época 150/500 - Loss: 0.023913
2025-11-29 22:42:08,481 - LSTM_BRDWGD - INFO - [EXP] Época 200/500 - Loss: 0.023909
2025-11-29 22:42:35,129 - LSTM_BRDWGD - INFO - [EXP] Época 250/500 - Loss: 0.024045
2025-11-29 22:43:01,966 - LSTM_BRDWGD - INFO - [EXP] Época 300/500 - Loss: 0.023191
2025-11-29 22:43:28,803 - LSTM_BRDWGD - INFO - [EXP] Época 350/500 - Loss: 0.023062
2025-11-29 22:43:55,644 - LSTM_BRDWGD - INFO - [EXP] Época 400/500 - Loss: 0.023904
2025-11-29 22:44:22,477 - LSTM_BRDWGD - INFO - [EXP] Época 450/500 - Loss: 0.023346
2025-11-29 22:44:49,419 - LSTM_BRDWGD - INFO - [EXP] Época 500/500 - Loss: 0.022753
2025-11-29 22:44:49,419 - LSTM_BRDWGD - INFO - Treinamento concluído em 4.47 minutos
2025-11-29 22:44:49,554 - LSTM_BRDWGD - INFO - Calculando erro para o train
2025-11-29 22:44:49,557 - LSTM_BRDWGD - INFO - RMSE: 10.2661
2025-11-29 22:44:49,557 - LSTM_BRDWGD - INFO - MSE : 105.3936
2025-11-29 22:44:49,557 - LSTM_BRDWGD - INFO - MAE : 3.3322
2025-11-29 22:44:49,557 - LSTM_BRDWGD - INFO - CSI (thr=1.0 mm): 0.0984  [TP=194, FP=469, FN=1308]
2025-11-29 22:44:49,557 - LSTM_BRDWGD - INFO - train_pred TRAIN mm min/max: 0.0, 71.34606260469712
2025-11-29 22:44:49,557 - LSTM_BRDWGD - INFO - train_TRUE TRAIN mm min/max: 0.0, 154.39999389648438
2025-11-29 22:44:49,557 - LSTM_BRDWGD - INFO -  Gerando gráficos TRAIN...
2025-11-29 22:44:49,985 - LSTM_BRDWGD - INFO -  Gráficos gerados TRAIN ...
2025-11-29 22:44:49,985 - LSTM_BRDWGD - INFO - Calculando erro para parte de teste
2025-11-29 22:44:49,987 - LSTM_BRDWGD - INFO - RMSE: 14.4502
2025-11-29 22:44:49,988 - LSTM_BRDWGD - INFO - MSE : 208.8082
2025-11-29 22:44:49,988 - LSTM_BRDWGD - INFO - MAE : 5.7402
2025-11-29 22:44:49,988 - LSTM_BRDWGD - INFO - CSI (thr=1.0 mm): 0.0000  [TP=0, FP=6, FN=6]
2025-11-29 22:44:49,988 - LSTM_BRDWGD - INFO - y_pred mm min/max: 0.0, 6.0242459093395135
2025-11-29 22:44:49,988 - LSTM_BRDWGD - INFO - y_TRUE mm min/max: 0.0, 55.400001525878906
2025-11-29 22:44:49,988 - LSTM_BRDWGD - INFO -  Gerando gráficos...
2025-11-29 22:44:50,312 - LSTM_BRDWGD - INFO -  Gráficos gerados...
2025-11-29 22:44:50,312 - LSTM_BRDWGD - INFO - ==========================================================================================
2025-11-29 22:44:50,312 - LSTM_BRDWGD - INFO - Execução finalizada com sucesso.
2025-11-29 22:44:50,312 - LSTM_BRDWGD - INFO - Dispositivo utilizado: cuda
2025-11-29 22:44:50,312 - LSTM_BRDWGD - INFO - ==========================================================================================
2025-11-29 22:44:56,009 - BiLSTM_BRDWGD - INFO - ==========================================================================================
2025-11-29 22:44:56,009 - BiLSTM_BRDWGD - INFO - Iniciando script BILSTM (PyTorch) BRDWGD com suporte a GPU e logs detalhados.
2025-11-29 22:44:56,009 - BiLSTM_BRDWGD - INFO - ==========================================================================================
2025-11-29 22:44:56,009 - BiLSTM_BRDWGD - INFO - Iniciando experimento: lookback=30, hidden_dim=256, layers=2, lr=0.001, drop=0.5
2025-11-29 22:44:56,018 - BiLSTM_BRDWGD - INFO - Shape treino: torch.Size([5863, 30, 1]), teste: torch.Size([30, 30, 1])
2025-11-29 22:44:56,028 - BiLSTM_BRDWGD - INFO - Treinando por 500 épocas...
2025-11-29 22:44:56,875 - BiLSTM_BRDWGD - INFO - [EXP] Época 1/500 - Loss: 0.028038
2025-11-29 22:45:38,370 - BiLSTM_BRDWGD - INFO - [EXP] Época 50/500 - Loss: 0.024199
2025-11-29 22:46:20,663 - BiLSTM_BRDWGD - INFO - [EXP] Época 100/500 - Loss: 0.024416
2025-11-29 22:47:02,958 - BiLSTM_BRDWGD - INFO - [EXP] Época 150/500 - Loss: 0.023966
2025-11-29 22:47:45,244 - BiLSTM_BRDWGD - INFO - [EXP] Época 200/500 - Loss: 0.023976
2025-11-29 22:48:27,534 - BiLSTM_BRDWGD - INFO - [EXP] Época 250/500 - Loss: 0.023838
2025-11-29 22:49:10,217 - BiLSTM_BRDWGD - INFO - [EXP] Época 300/500 - Loss: 0.023975
2025-11-29 22:49:53,079 - BiLSTM_BRDWGD - INFO - [EXP] Época 350/500 - Loss: 0.023652
2025-11-29 22:50:35,950 - BiLSTM_BRDWGD - INFO - [EXP] Época 400/500 - Loss: 0.023275
2025-11-29 22:51:18,822 - BiLSTM_BRDWGD - INFO - [EXP] Época 450/500 - Loss: 0.022721
2025-11-29 22:52:01,692 - BiLSTM_BRDWGD - INFO - [EXP] Época 500/500 - Loss: 0.022588
2025-11-29 22:52:01,692 - BiLSTM_BRDWGD - INFO - Treinamento concluído em 7.09 minutos
2025-11-29 22:52:01,940 - BiLSTM_BRDWGD - INFO - Calculando erro para o train
2025-11-29 22:52:01,942 - BiLSTM_BRDWGD - INFO - RMSE: 10.3376
2025-11-29 22:52:01,943 - BiLSTM_BRDWGD - INFO - MSE : 106.8651
2025-11-29 22:52:01,943 - BiLSTM_BRDWGD - INFO - MAE : 3.3795
2025-11-29 22:52:01,943 - BiLSTM_BRDWGD - INFO - CSI (thr=1.0 mm): 0.1008  [TP=205, FP=532, FN=1297]
2025-11-29 22:52:01,943 - BiLSTM_BRDWGD - INFO - train_pred TRAIN mm min/max: 0.0, 75.03709259030384
2025-11-29 22:52:01,943 - BiLSTM_BRDWGD - INFO - train_TRUE TRAIN mm min/max: 0.0, 154.39999389648438
2025-11-29 22:52:01,943 - BiLSTM_BRDWGD - INFO -  Gerando gráficos TRAIN...
2025-11-29 22:52:02,364 - BiLSTM_BRDWGD - INFO -  Gráficos gerados TRAIN ...
2025-11-29 22:52:02,364 - BiLSTM_BRDWGD - INFO - Calculando erro para parte de teste
2025-11-29 22:52:02,366 - BiLSTM_BRDWGD - INFO - RMSE: 14.4392
2025-11-29 22:52:02,366 - BiLSTM_BRDWGD - INFO - MSE : 208.4912
2025-11-29 22:52:02,366 - BiLSTM_BRDWGD - INFO - MAE : 5.5268
2025-11-29 22:52:02,366 - BiLSTM_BRDWGD - INFO - CSI (thr=1.0 mm): 0.0000  [TP=0, FP=3, FN=6]
2025-11-29 22:52:02,366 - BiLSTM_BRDWGD - INFO - y_pred mm min/max: 0.0, 3.831779435604213
2025-11-29 22:52:02,367 - BiLSTM_BRDWGD - INFO - y_TRUE mm min/max: 0.0, 55.400001525878906
2025-11-29 22:52:02,367 - BiLSTM_BRDWGD - INFO -  Gerando gráficos...
2025-11-29 22:52:02,732 - BiLSTM_BRDWGD - INFO -  Gráficos gerados...
2025-11-29 22:52:02,732 - BiLSTM_BRDWGD - INFO - ==========================================================================================
2025-11-29 22:52:02,732 - BiLSTM_BRDWGD - INFO - Execução finalizada com sucesso.
2025-11-29 22:52:02,732 - BiLSTM_BRDWGD - INFO - Dispositivo utilizado: cuda
2025-11-29 22:52:02,732 - BiLSTM_BRDWGD - INFO - ==========================================================================================
2025-11-29 22:52:08,861 - ARIMA_BRDWGD - INFO - ==========================================================================================
2025-11-29 22:52:08,861 - ARIMA_BRDWGD - INFO - Iniciando script ARIMA BRDWGD.
2025-11-29 22:52:08,861 - ARIMA_BRDWGD - INFO - ==========================================================================================
2025-11-29 22:52:08,863 - ARIMA_BRDWGD - INFO - Tamanho treino: 5894 | teste: 30
2025-11-29 22:52:08,863 - ARIMA_BRDWGD - INFO - [FASE 4] Iniciando busca manual por hiperparâmetros (AIC).
2025-11-29 23:00:29,114 - ARIMA_BRDWGD - INFO - Melhor order encontrado: (30, 0, 0)
2025-11-29 23:00:29,114 - ARIMA_BRDWGD - INFO - Melhor AIC (treino): -16095.51
2025-11-29 23:00:29,114 - ARIMA_BRDWGD - INFO - Tempo da Fase 4: 500.25s
2025-11-29 23:00:29,114 - ARIMA_BRDWGD - INFO - [FASE 5] Reajustando melhor modelo no conjunto de treino.
2025-11-29 23:01:07,537 - ARIMA_BRDWGD - INFO - Melhor modelo ajustado no treino.
2025-11-29 23:01:07,537 - ARIMA_BRDWGD - INFO - Tempo da Fase 5: 38.42s
2025-11-29 23:01:07,537 - ARIMA_BRDWGD - INFO - [FASE 6] Gerando previsões no conjunto de teste e avaliando métricas.
2025-11-29 23:01:07,540 - ARIMA_BRDWGD - INFO - RMSE: 9.4854
2025-11-29 23:01:07,540 - ARIMA_BRDWGD - INFO - MSE : 89.9731
2025-11-29 23:01:07,540 - ARIMA_BRDWGD - INFO - MAE : 4.5144
2025-11-29 23:01:07,540 - ARIMA_BRDWGD - INFO - CSI (thr=1.0 mm): 0.2587  [TP=1521, FP=4354, FN=4]
2025-11-29 23:01:07,540 - ARIMA_BRDWGD - INFO - [TREINO] RMSE=9.4854 | MSE=89.9731 | MAE=4.5144 | CSI=0.2587
2025-11-29 23:01:07,545 - ARIMA_BRDWGD - INFO - RMSE: 13.3585
2025-11-29 23:01:07,545 - ARIMA_BRDWGD - INFO - MSE : 178.4498
2025-11-29 23:01:07,545 - ARIMA_BRDWGD - INFO - MAE : 7.4102
2025-11-29 23:01:07,545 - ARIMA_BRDWGD - INFO - CSI (thr=1.0 mm): 0.2000  [TP=6, FP=24, FN=0]
2025-11-29 23:01:07,545 - ARIMA_BRDWGD - INFO - Tempo total da Fase 6: 0.01s
2025-11-29 23:01:07,545 - ARIMA_BRDWGD - INFO - [FASE 7] Salvando gráfico de previsão vs. observado.
2025-11-29 23:01:08,286 - ARIMA_BRDWGD - INFO - Gráfico salvo como 'arimaBRDWGD_result.png'.
2025-11-29 23:01:08,286 - ARIMA_BRDWGD - INFO - ==========================================================================================
2025-11-29 23:01:08,286 - ARIMA_BRDWGD - INFO - Execução ARIMA BRDWGD finalizada com sucesso.
2025-11-29 23:01:08,286 - ARIMA_BRDWGD - INFO - Tempo total de execução: 539.43s
2025-11-29 23:01:08,286 - ARIMA_BRDWGD - INFO - ==========================================================================================
2025-11-29 23:01:14,026 - RANDOM_FOREST_BRDWGD - INFO - ====================================================================================================
2025-11-29 23:01:14,027 - RANDOM_FOREST_BRDWGD - INFO - Iniciando Random Forest BRDWGD com GridSearchCV.
2025-11-29 23:01:14,027 - RANDOM_FOREST_BRDWGD - INFO - ====================================================================================================
2025-11-29 23:01:14,027 - RANDOM_FOREST_BRDWGD - INFO - [FASE 3] Split treino/teste e preparação.
2025-11-29 23:01:14,034 - RANDOM_FOREST_BRDWGD - INFO - [FASE 3] Treino: X=(5864, 30), y=5864 | Teste: X=(30, 30), y=30
2025-11-29 23:01:14,034 - RANDOM_FOREST_BRDWGD - INFO - [FASE 3] Tempo: 0.01s
2025-11-29 23:01:14,034 - RANDOM_FOREST_BRDWGD - INFO - [FASE 4] Iniciando GridSearchCV (TimeSeriesSplit).
2025-11-29 23:02:11,548 - RANDOM_FOREST_BRDWGD - INFO - [FASE 4] GridSearchCV concluído em 57.51s
2025-11-29 23:02:11,548 - RANDOM_FOREST_BRDWGD - INFO - [FASE 4] Melhores parâmetros: {'max_depth': 60, 'max_features': 'sqrt', 'min_samples_leaf': 4, 'min_samples_split': 10, 'n_estimators': 200}
2025-11-29 23:02:11,548 - RANDOM_FOREST_BRDWGD - INFO - [FASE 4] Melhor score (neg_MSE): -98.818296
2025-11-29 23:02:11,548 - RANDOM_FOREST_BRDWGD - INFO - [FASE 4] Tempo: 57.51s
2025-11-29 23:02:11,548 - RANDOM_FOREST_BRDWGD - INFO - [FASE 5] Treinando best_estimator_ no conjunto de treino.
2025-11-29 23:02:11,781 - RANDOM_FOREST_BRDWGD - INFO - [FASE 5] Tempo: 0.23s
2025-11-29 23:02:11,781 - RANDOM_FOREST_BRDWGD - INFO - [FASE 6] Previsão e cálculo de métricas.
2025-11-29 23:02:11,892 - RANDOM_FOREST_BRDWGD - INFO - RMSE: 7.5402
2025-11-29 23:02:11,892 - RANDOM_FOREST_BRDWGD - INFO - MSE : 56.8553
2025-11-29 23:02:11,892 - RANDOM_FOREST_BRDWGD - INFO - MAE : 3.4162
2025-11-29 23:02:11,892 - RANDOM_FOREST_BRDWGD - INFO - CSI (thr=1.0 mm): 0.3223  [TP=1491, FP=3115, FN=20]
2025-11-29 23:02:11,892 - RANDOM_FOREST_BRDWGD - INFO - [TREINO] RMSE=7.5402 | MSE=56.8553 | MAE=3.4162 | CSI=0.3223
2025-11-29 23:02:11,915 - RANDOM_FOREST_BRDWGD - INFO - y_pred raw min/max: 1.993143407697288, 10.419484206937065
2025-11-29 23:02:11,915 - RANDOM_FOREST_BRDWGD - INFO - y_TRUE raw min/max: 0.0, 55.400001525878906
2025-11-29 23:02:11,916 - RANDOM_FOREST_BRDWGD - INFO - RMSE: 12.8944
2025-11-29 23:02:11,916 - RANDOM_FOREST_BRDWGD - INFO - MSE : 166.2649
2025-11-29 23:02:11,916 - RANDOM_FOREST_BRDWGD - INFO - MAE : 7.6742
2025-11-29 23:02:11,916 - RANDOM_FOREST_BRDWGD - INFO - CSI (thr=1.0 mm): 0.2000  [TP=6, FP=24, FN=0]
2025-11-29 23:02:11,916 - RANDOM_FOREST_BRDWGD - INFO - [FASE 7] Gerando gráficos.
2025-11-29 23:02:12,666 - RANDOM_FOREST_BRDWGD - INFO - Gráfico salvo como 'random_forest_BRDWGD.png'.
2025-11-29 23:02:12,666 - RANDOM_FOREST_BRDWGD - INFO - [FASE 7] Tempo: 0.75s
2025-11-29 23:02:12,666 - RANDOM_FOREST_BRDWGD - INFO - ====================================================================================================
2025-11-29 23:02:12,666 - RANDOM_FOREST_BRDWGD - INFO - Resumo Final
2025-11-29 23:02:12,666 - RANDOM_FOREST_BRDWGD - INFO - Melhores parâmetros: {'max_depth': 60, 'max_features': 'sqrt', 'min_samples_leaf': 4, 'min_samples_split': 10, 'n_estimators': 200}
2025-11-29 23:02:12,666 - RANDOM_FOREST_BRDWGD - INFO - Tempo total de execução: 58.64s
2025-11-29 23:02:12,666 - RANDOM_FOREST_BRDWGD - INFO - ====================================================================================================
2025-11-29 23:02:18,366 - LSTM_BRDWGD - INFO - ==========================================================================================
2025-11-29 23:02:18,366 - LSTM_BRDWGD - INFO - Iniciando script LSTM (PyTorch) BRDWGD com suporte a GPU e logs detalhados.
2025-11-29 23:02:18,366 - LSTM_BRDWGD - INFO - ==========================================================================================
2025-11-29 23:02:18,367 - LSTM_BRDWGD - INFO - Iniciando experimento: lookback=30, hidden_dim=32, layers=2, lr=0.001, drop=0.5
2025-11-29 23:02:18,377 - LSTM_BRDWGD - INFO - Shape treino: torch.Size([5863, 30, 1]), teste: torch.Size([30, 30, 1])
2025-11-29 23:02:18,378 - LSTM_BRDWGD - INFO - Treinando por 500 épocas...
2025-11-29 23:02:18,703 - LSTM_BRDWGD - INFO - [EXP] Época 1/500 - Loss: 0.028495
2025-11-29 23:02:34,752 - LSTM_BRDWGD - INFO - [EXP] Época 50/500 - Loss: 0.024132
2025-11-29 23:02:51,185 - LSTM_BRDWGD - INFO - [EXP] Época 100/500 - Loss: 0.024339
2025-11-29 23:03:07,624 - LSTM_BRDWGD - INFO - [EXP] Época 150/500 - Loss: 0.024308
2025-11-29 23:03:24,093 - LSTM_BRDWGD - INFO - [EXP] Época 200/500 - Loss: 0.024035
2025-11-29 23:03:40,646 - LSTM_BRDWGD - INFO - [EXP] Época 250/500 - Loss: 0.023870
2025-11-29 23:03:57,270 - LSTM_BRDWGD - INFO - [EXP] Época 300/500 - Loss: 0.023681
2025-11-29 23:04:13,892 - LSTM_BRDWGD - INFO - [EXP] Época 350/500 - Loss: 0.023475
2025-11-29 23:04:30,522 - LSTM_BRDWGD - INFO - [EXP] Época 400/500 - Loss: 0.023284
2025-11-29 23:04:47,150 - LSTM_BRDWGD - INFO - [EXP] Época 450/500 - Loss: 0.023077
2025-11-29 23:05:03,774 - LSTM_BRDWGD - INFO - [EXP] Época 500/500 - Loss: 0.022854
2025-11-29 23:05:03,774 - LSTM_BRDWGD - INFO - Treinamento concluído em 2.76 minutos
2025-11-29 23:05:03,818 - LSTM_BRDWGD - INFO - Calculando erro para o train
2025-11-29 23:05:03,821 - LSTM_BRDWGD - INFO - RMSE: 10.2198
2025-11-29 23:05:03,821 - LSTM_BRDWGD - INFO - MSE : 104.4446
2025-11-29 23:05:03,821 - LSTM_BRDWGD - INFO - MAE : 3.2861
2025-11-29 23:05:03,821 - LSTM_BRDWGD - INFO - CSI (thr=1.0 mm): 0.0708  [TP=130, FP=335, FN=1372]
2025-11-29 23:05:03,821 - LSTM_BRDWGD - INFO - train_pred TRAIN mm min/max: 0.0, 64.4988784974562
2025-11-29 23:05:03,821 - LSTM_BRDWGD - INFO - train_TRUE TRAIN mm min/max: 0.0, 154.39999389648438
2025-11-29 23:05:03,821 - LSTM_BRDWGD - INFO -  Gerando gráficos TRAIN...
2025-11-29 23:05:04,220 - LSTM_BRDWGD - INFO -  Gráficos gerados TRAIN ...
2025-11-29 23:05:04,221 - LSTM_BRDWGD - INFO - Calculando erro para parte de teste
2025-11-29 23:05:04,223 - LSTM_BRDWGD - INFO - RMSE: 14.6885
2025-11-29 23:05:04,223 - LSTM_BRDWGD - INFO - MSE : 215.7518
2025-11-29 23:05:04,223 - LSTM_BRDWGD - INFO - MAE : 6.0913
2025-11-29 23:05:04,223 - LSTM_BRDWGD - INFO - CSI (thr=1.0 mm): 0.0000  [TP=0, FP=6, FN=6]
2025-11-29 23:05:04,223 - LSTM_BRDWGD - INFO - y_pred mm min/max: 0.0, 14.688303681477604
2025-11-29 23:05:04,223 - LSTM_BRDWGD - INFO - y_TRUE mm min/max: 0.0, 55.400001525878906
2025-11-29 23:05:04,223 - LSTM_BRDWGD - INFO -  Gerando gráficos...
2025-11-29 23:05:04,545 - LSTM_BRDWGD - INFO -  Gráficos gerados...
2025-11-29 23:05:04,546 - LSTM_BRDWGD - INFO - ==========================================================================================
2025-11-29 23:05:04,546 - LSTM_BRDWGD - INFO - Execução finalizada com sucesso.
2025-11-29 23:05:04,546 - LSTM_BRDWGD - INFO - Dispositivo utilizado: cuda
2025-11-29 23:05:04,546 - LSTM_BRDWGD - INFO - ==========================================================================================
2025-11-29 23:05:10,185 - BiLSTM_BRDWGD - INFO - ==========================================================================================
2025-11-29 23:05:10,185 - BiLSTM_BRDWGD - INFO - Iniciando script BILSTM (PyTorch) BRDWGD com suporte a GPU e logs detalhados.
2025-11-29 23:05:10,186 - BiLSTM_BRDWGD - INFO - ==========================================================================================
2025-11-29 23:05:10,186 - BiLSTM_BRDWGD - INFO - Iniciando experimento: lookback=30, hidden_dim=32, layers=2, lr=0.001, drop=0.5
2025-11-29 23:05:10,192 - BiLSTM_BRDWGD - INFO - Shape treino: torch.Size([5863, 30, 1]), teste: torch.Size([30, 30, 1])
2025-11-29 23:05:10,194 - BiLSTM_BRDWGD - INFO - Treinando por 500 épocas...
2025-11-29 23:05:10,618 - BiLSTM_BRDWGD - INFO - [EXP] Época 1/500 - Loss: 0.038914
2025-11-29 23:05:31,360 - BiLSTM_BRDWGD - INFO - [EXP] Época 50/500 - Loss: 0.024073
2025-11-29 23:05:52,635 - BiLSTM_BRDWGD - INFO - [EXP] Época 100/500 - Loss: 0.024391
2025-11-29 23:06:13,933 - BiLSTM_BRDWGD - INFO - [EXP] Época 150/500 - Loss: 0.024036
2025-11-29 23:06:35,236 - BiLSTM_BRDWGD - INFO - [EXP] Época 200/500 - Loss: 0.023935
2025-11-29 23:06:56,683 - BiLSTM_BRDWGD - INFO - [EXP] Época 250/500 - Loss: 0.023799
2025-11-29 23:07:18,365 - BiLSTM_BRDWGD - INFO - [EXP] Época 300/500 - Loss: 0.023495
2025-11-29 23:07:39,560 - BiLSTM_BRDWGD - INFO - [EXP] Época 350/500 - Loss: 0.023389
2025-11-29 23:08:00,756 - BiLSTM_BRDWGD - INFO - [EXP] Época 400/500 - Loss: 0.023300
2025-11-29 23:08:21,952 - BiLSTM_BRDWGD - INFO - [EXP] Época 450/500 - Loss: 0.023023
2025-11-29 23:08:43,133 - BiLSTM_BRDWGD - INFO - [EXP] Época 500/500 - Loss: 0.022649
2025-11-29 23:08:43,133 - BiLSTM_BRDWGD - INFO - Treinamento concluído em 3.55 minutos
2025-11-29 23:08:43,185 - BiLSTM_BRDWGD - INFO - Calculando erro para o train
2025-11-29 23:08:43,188 - BiLSTM_BRDWGD - INFO - RMSE: 10.4429
2025-11-29 23:08:43,188 - BiLSTM_BRDWGD - INFO - MSE : 109.0536
2025-11-29 23:08:43,188 - BiLSTM_BRDWGD - INFO - MAE : 3.4152
2025-11-29 23:08:43,188 - BiLSTM_BRDWGD - INFO - CSI (thr=1.0 mm): 0.0960  [TP=191, FP=488, FN=1311]
2025-11-29 23:08:43,188 - BiLSTM_BRDWGD - INFO - train_pred TRAIN mm min/max: 0.0, 114.35795059636959
2025-11-29 23:08:43,188 - BiLSTM_BRDWGD - INFO - train_TRUE TRAIN mm min/max: 0.0, 154.39999389648438
2025-11-29 23:08:43,188 - BiLSTM_BRDWGD - INFO -  Gerando gráficos TRAIN...
2025-11-29 23:08:43,596 - BiLSTM_BRDWGD - INFO -  Gráficos gerados TRAIN ...
2025-11-29 23:08:43,596 - BiLSTM_BRDWGD - INFO - Calculando erro para parte de teste
2025-11-29 23:08:43,598 - BiLSTM_BRDWGD - INFO - RMSE: 14.4442
2025-11-29 23:08:43,598 - BiLSTM_BRDWGD - INFO - MSE : 208.6357
2025-11-29 23:08:43,598 - BiLSTM_BRDWGD - INFO - MAE : 5.7388
2025-11-29 23:08:43,598 - BiLSTM_BRDWGD - INFO - CSI (thr=1.0 mm): 0.0909  [TP=1, FP=5, FN=5]
2025-11-29 23:08:43,599 - BiLSTM_BRDWGD - INFO - y_pred mm min/max: 0.0, 6.367888352025761
2025-11-29 23:08:43,599 - BiLSTM_BRDWGD - INFO - y_TRUE mm min/max: 0.0, 55.400001525878906
2025-11-29 23:08:43,599 - BiLSTM_BRDWGD - INFO -  Gerando gráficos...
2025-11-29 23:08:43,924 - BiLSTM_BRDWGD - INFO -  Gráficos gerados...
2025-11-29 23:08:43,924 - BiLSTM_BRDWGD - INFO - ==========================================================================================
2025-11-29 23:08:43,924 - BiLSTM_BRDWGD - INFO - Execução finalizada com sucesso.
2025-11-29 23:08:43,924 - BiLSTM_BRDWGD - INFO - Dispositivo utilizado: cuda
2025-11-29 23:08:43,924 - BiLSTM_BRDWGD - INFO - ==========================================================================================
2025-11-29 23:08:50,002 - LSTM_BRDWGD - INFO - ==========================================================================================
2025-11-29 23:08:50,002 - LSTM_BRDWGD - INFO - Iniciando script LSTM (PyTorch) BRDWGD com suporte a GPU e logs detalhados.
2025-11-29 23:08:50,002 - LSTM_BRDWGD - INFO - ==========================================================================================
2025-11-29 23:08:50,003 - LSTM_BRDWGD - INFO - Iniciando experimento: lookback=30, hidden_dim=64, layers=2, lr=0.001, drop=0.5
2025-11-29 23:08:50,010 - LSTM_BRDWGD - INFO - Shape treino: torch.Size([5863, 30, 1]), teste: torch.Size([30, 30, 1])
2025-11-29 23:08:50,012 - LSTM_BRDWGD - INFO - Treinando por 500 épocas...
2025-11-29 23:08:50,339 - LSTM_BRDWGD - INFO - [EXP] Época 1/500 - Loss: 0.028736
2025-11-29 23:09:06,274 - LSTM_BRDWGD - INFO - [EXP] Época 50/500 - Loss: 0.024377
2025-11-29 23:09:22,530 - LSTM_BRDWGD - INFO - [EXP] Época 100/500 - Loss: 0.024139
2025-11-29 23:09:38,794 - LSTM_BRDWGD - INFO - [EXP] Época 150/500 - Loss: 0.024046
2025-11-29 23:09:55,108 - LSTM_BRDWGD - INFO - [EXP] Época 200/500 - Loss: 0.024064
2025-11-29 23:10:11,511 - LSTM_BRDWGD - INFO - [EXP] Época 250/500 - Loss: 0.023777
2025-11-29 23:10:27,916 - LSTM_BRDWGD - INFO - [EXP] Época 300/500 - Loss: 0.023420
2025-11-29 23:10:44,321 - LSTM_BRDWGD - INFO - [EXP] Época 350/500 - Loss: 0.024247
2025-11-29 23:11:00,728 - LSTM_BRDWGD - INFO - [EXP] Época 400/500 - Loss: 0.024033
2025-11-29 23:11:17,146 - LSTM_BRDWGD - INFO - [EXP] Época 450/500 - Loss: 0.023468
2025-11-29 23:11:33,762 - LSTM_BRDWGD - INFO - [EXP] Época 500/500 - Loss: 0.022865
2025-11-29 23:11:33,762 - LSTM_BRDWGD - INFO - Treinamento concluído em 2.73 minutos
2025-11-29 23:11:33,807 - LSTM_BRDWGD - INFO - Calculando erro para o train
2025-11-29 23:11:33,809 - LSTM_BRDWGD - INFO - RMSE: 10.2190
2025-11-29 23:11:33,810 - LSTM_BRDWGD - INFO - MSE : 104.4282
2025-11-29 23:11:33,810 - LSTM_BRDWGD - INFO - MAE : 3.3555
2025-11-29 23:11:33,810 - LSTM_BRDWGD - INFO - CSI (thr=1.0 mm): 0.0932  [TP=179, FP=418, FN=1323]
2025-11-29 23:11:33,810 - LSTM_BRDWGD - INFO - train_pred TRAIN mm min/max: 0.0, 80.10730532887881
2025-11-29 23:11:33,810 - LSTM_BRDWGD - INFO - train_TRUE TRAIN mm min/max: 0.0, 154.39999389648438
2025-11-29 23:11:33,810 - LSTM_BRDWGD - INFO -  Gerando gráficos TRAIN...
2025-11-29 23:11:34,257 - LSTM_BRDWGD - INFO -  Gráficos gerados TRAIN ...
2025-11-29 23:11:34,257 - LSTM_BRDWGD - INFO - Calculando erro para parte de teste
2025-11-29 23:11:34,259 - LSTM_BRDWGD - INFO - RMSE: 14.7907
2025-11-29 23:11:34,259 - LSTM_BRDWGD - INFO - MSE : 218.7651
2025-11-29 23:11:34,259 - LSTM_BRDWGD - INFO - MAE : 6.3055
2025-11-29 23:11:34,259 - LSTM_BRDWGD - INFO - CSI (thr=1.0 mm): 0.0000  [TP=0, FP=6, FN=6]
2025-11-29 23:11:34,259 - LSTM_BRDWGD - INFO - y_pred mm min/max: 0.058189003285958954, 18.197061050044457
2025-11-29 23:11:34,259 - LSTM_BRDWGD - INFO - y_TRUE mm min/max: 0.0, 55.400001525878906
2025-11-29 23:11:34,259 - LSTM_BRDWGD - INFO -  Gerando gráficos...
2025-11-29 23:11:34,552 - LSTM_BRDWGD - INFO -  Gráficos gerados...
2025-11-29 23:11:34,552 - LSTM_BRDWGD - INFO - ==========================================================================================
2025-11-29 23:11:34,552 - LSTM_BRDWGD - INFO - Execução finalizada com sucesso.
2025-11-29 23:11:34,552 - LSTM_BRDWGD - INFO - Dispositivo utilizado: cuda
2025-11-29 23:11:34,552 - LSTM_BRDWGD - INFO - ==========================================================================================
2025-11-29 23:11:40,149 - BiLSTM_BRDWGD - INFO - ==========================================================================================
2025-11-29 23:11:40,150 - BiLSTM_BRDWGD - INFO - Iniciando script BILSTM (PyTorch) BRDWGD com suporte a GPU e logs detalhados.
2025-11-29 23:11:40,150 - BiLSTM_BRDWGD - INFO - ==========================================================================================
2025-11-29 23:11:40,150 - BiLSTM_BRDWGD - INFO - Iniciando experimento: lookback=30, hidden_dim=64, layers=2, lr=0.001, drop=0.5
2025-11-29 23:11:40,158 - BiLSTM_BRDWGD - INFO - Shape treino: torch.Size([5863, 30, 1]), teste: torch.Size([30, 30, 1])
2025-11-29 23:11:40,161 - BiLSTM_BRDWGD - INFO - Treinando por 500 épocas...
2025-11-29 23:11:40,587 - BiLSTM_BRDWGD - INFO - [EXP] Época 1/500 - Loss: 0.031805
2025-11-29 23:12:01,244 - BiLSTM_BRDWGD - INFO - [EXP] Época 50/500 - Loss: 0.024097
2025-11-29 23:12:22,189 - BiLSTM_BRDWGD - INFO - [EXP] Época 100/500 - Loss: 0.024125
2025-11-29 23:12:43,100 - BiLSTM_BRDWGD - INFO - [EXP] Época 150/500 - Loss: 0.023924
2025-11-29 23:13:04,247 - BiLSTM_BRDWGD - INFO - [EXP] Época 200/500 - Loss: 0.023775
2025-11-29 23:13:25,395 - BiLSTM_BRDWGD - INFO - [EXP] Época 250/500 - Loss: 0.023614
2025-11-29 23:13:46,543 - BiLSTM_BRDWGD - INFO - [EXP] Época 300/500 - Loss: 0.024024
2025-11-29 23:14:07,577 - BiLSTM_BRDWGD - INFO - [EXP] Época 350/500 - Loss: 0.024840
2025-11-29 23:14:28,514 - BiLSTM_BRDWGD - INFO - [EXP] Época 400/500 - Loss: 0.023933
2025-11-29 23:14:49,448 - BiLSTM_BRDWGD - INFO - [EXP] Época 450/500 - Loss: 0.024008
2025-11-29 23:15:10,471 - BiLSTM_BRDWGD - INFO - [EXP] Época 500/500 - Loss: 0.024052
2025-11-29 23:15:10,471 - BiLSTM_BRDWGD - INFO - Treinamento concluído em 3.51 minutos
2025-11-29 23:15:10,545 - BiLSTM_BRDWGD - INFO - Calculando erro para o train
2025-11-29 23:15:10,547 - BiLSTM_BRDWGD - INFO - RMSE: 10.0539
2025-11-29 23:15:10,547 - BiLSTM_BRDWGD - INFO - MSE : 101.0803
2025-11-29 23:15:10,547 - BiLSTM_BRDWGD - INFO - MAE : 3.2062
2025-11-29 23:15:10,547 - BiLSTM_BRDWGD - INFO - CSI (thr=1.0 mm): 0.1100  [TP=225, FP=544, FN=1277]
2025-11-29 23:15:10,548 - BiLSTM_BRDWGD - INFO - train_pred TRAIN mm min/max: 0.0, 32.136765144777975
2025-11-29 23:15:10,548 - BiLSTM_BRDWGD - INFO - train_TRUE TRAIN mm min/max: 0.0, 154.39999389648438
2025-11-29 23:15:10,548 - BiLSTM_BRDWGD - INFO -  Gerando gráficos TRAIN...
2025-11-29 23:15:11,010 - BiLSTM_BRDWGD - INFO -  Gráficos gerados TRAIN ...
2025-11-29 23:15:11,010 - BiLSTM_BRDWGD - INFO - Calculando erro para parte de teste
2025-11-29 23:15:11,012 - BiLSTM_BRDWGD - INFO - RMSE: 14.4394
2025-11-29 23:15:11,012 - BiLSTM_BRDWGD - INFO - MSE : 208.4958
2025-11-29 23:15:11,012 - BiLSTM_BRDWGD - INFO - MAE : 5.5383
2025-11-29 23:15:11,012 - BiLSTM_BRDWGD - INFO - CSI (thr=1.0 mm): 0.0000  [TP=0, FP=4, FN=6]
2025-11-29 23:15:11,012 - BiLSTM_BRDWGD - INFO - y_pred mm min/max: 0.0, 2.6467186820675277
2025-11-29 23:15:11,012 - BiLSTM_BRDWGD - INFO - y_TRUE mm min/max: 0.0, 55.400001525878906
2025-11-29 23:15:11,012 - BiLSTM_BRDWGD - INFO -  Gerando gráficos...
2025-11-29 23:15:11,421 - BiLSTM_BRDWGD - INFO -  Gráficos gerados...
2025-11-29 23:15:11,421 - BiLSTM_BRDWGD - INFO - ==========================================================================================
2025-11-29 23:15:11,421 - BiLSTM_BRDWGD - INFO - Execução finalizada com sucesso.
2025-11-29 23:15:11,421 - BiLSTM_BRDWGD - INFO - Dispositivo utilizado: cuda
2025-11-29 23:15:11,421 - BiLSTM_BRDWGD - INFO - ==========================================================================================
2025-11-29 23:15:17,602 - LSTM_BRDWGD - INFO - ==========================================================================================
2025-11-29 23:15:17,602 - LSTM_BRDWGD - INFO - Iniciando script LSTM (PyTorch) BRDWGD com suporte a GPU e logs detalhados.
2025-11-29 23:15:17,602 - LSTM_BRDWGD - INFO - ==========================================================================================
2025-11-29 23:15:17,603 - LSTM_BRDWGD - INFO - Iniciando experimento: lookback=30, hidden_dim=128, layers=2, lr=0.001, drop=0.5
2025-11-29 23:15:17,610 - LSTM_BRDWGD - INFO - Shape treino: torch.Size([5863, 30, 1]), teste: torch.Size([30, 30, 1])
2025-11-29 23:15:17,612 - LSTM_BRDWGD - INFO - Treinando por 500 épocas...
2025-11-29 23:15:17,939 - LSTM_BRDWGD - INFO - [EXP] Época 1/500 - Loss: 0.026060
2025-11-29 23:15:33,732 - LSTM_BRDWGD - INFO - [EXP] Época 50/500 - Loss: 0.024169
2025-11-29 23:15:49,875 - LSTM_BRDWGD - INFO - [EXP] Época 100/500 - Loss: 0.024014
2025-11-29 23:16:06,195 - LSTM_BRDWGD - INFO - [EXP] Época 150/500 - Loss: 0.024131
2025-11-29 23:16:22,520 - LSTM_BRDWGD - INFO - [EXP] Época 200/500 - Loss: 0.024051
2025-11-29 23:16:38,843 - LSTM_BRDWGD - INFO - [EXP] Época 250/500 - Loss: 0.023564
2025-11-29 23:17:06,778 - LSTM_BRDWGD - INFO - [EXP] Época 300/500 - Loss: 0.023303
2025-11-29 23:17:22,926 - LSTM_BRDWGD - INFO - [EXP] Época 350/500 - Loss: 0.022783
2025-11-29 23:17:39,137 - LSTM_BRDWGD - INFO - [EXP] Época 400/500 - Loss: 0.022372
2025-11-29 23:17:55,376 - LSTM_BRDWGD - INFO - [EXP] Época 450/500 - Loss: 0.021674
2025-11-29 23:18:11,460 - LSTM_BRDWGD - INFO - [EXP] Época 500/500 - Loss: 0.021230
2025-11-29 23:18:11,460 - LSTM_BRDWGD - INFO - Treinamento concluído em 2.90 minutos
2025-11-29 23:18:11,558 - LSTM_BRDWGD - INFO - Calculando erro para o train
2025-11-29 23:18:11,560 - LSTM_BRDWGD - INFO - RMSE: 10.7530
2025-11-29 23:18:11,560 - LSTM_BRDWGD - INFO - MSE : 115.6260
2025-11-29 23:18:11,560 - LSTM_BRDWGD - INFO - MAE : 3.5269
2025-11-29 23:18:11,560 - LSTM_BRDWGD - INFO - CSI (thr=1.0 mm): 0.1009  [TP=203, FP=509, FN=1299]
2025-11-29 23:18:11,561 - LSTM_BRDWGD - INFO - train_pred TRAIN mm min/max: 0.0, 167.832119082238
2025-11-29 23:18:11,561 - LSTM_BRDWGD - INFO - train_TRUE TRAIN mm min/max: 0.0, 154.39999389648438
2025-11-29 23:18:11,561 - LSTM_BRDWGD - INFO -  Gerando gráficos TRAIN...
2025-11-29 23:18:11,995 - LSTM_BRDWGD - INFO -  Gráficos gerados TRAIN ...
2025-11-29 23:18:11,995 - LSTM_BRDWGD - INFO - Calculando erro para parte de teste
2025-11-29 23:18:11,997 - LSTM_BRDWGD - INFO - RMSE: 15.4208
2025-11-29 23:18:11,997 - LSTM_BRDWGD - INFO - MSE : 237.8002
2025-11-29 23:18:11,997 - LSTM_BRDWGD - INFO - MAE : 7.1390
2025-11-29 23:18:11,997 - LSTM_BRDWGD - INFO - CSI (thr=1.0 mm): 0.0000  [TP=0, FP=9, FN=6]
2025-11-29 23:18:11,997 - LSTM_BRDWGD - INFO - y_pred mm min/max: 0.0, 27.497071338662852
2025-11-29 23:18:11,998 - LSTM_BRDWGD - INFO - y_TRUE mm min/max: 0.0, 55.400001525878906
2025-11-29 23:18:11,998 - LSTM_BRDWGD - INFO -  Gerando gráficos...
2025-11-29 23:18:12,298 - LSTM_BRDWGD - INFO -  Gráficos gerados...
2025-11-29 23:18:12,298 - LSTM_BRDWGD - INFO - ==========================================================================================
2025-11-29 23:18:12,298 - LSTM_BRDWGD - INFO - Execução finalizada com sucesso.
2025-11-29 23:18:12,298 - LSTM_BRDWGD - INFO - Dispositivo utilizado: cuda
2025-11-29 23:18:12,298 - LSTM_BRDWGD - INFO - ==========================================================================================
2025-11-29 23:18:17,970 - BiLSTM_BRDWGD - INFO - ==========================================================================================
2025-11-29 23:18:17,970 - BiLSTM_BRDWGD - INFO - Iniciando script BILSTM (PyTorch) BRDWGD com suporte a GPU e logs detalhados.
2025-11-29 23:18:17,970 - BiLSTM_BRDWGD - INFO - ==========================================================================================
2025-11-29 23:18:17,971 - BiLSTM_BRDWGD - INFO - Iniciando experimento: lookback=30, hidden_dim=128, layers=2, lr=0.001, drop=0.5
2025-11-29 23:18:17,979 - BiLSTM_BRDWGD - INFO - Shape treino: torch.Size([5863, 30, 1]), teste: torch.Size([30, 30, 1])
2025-11-29 23:18:17,983 - BiLSTM_BRDWGD - INFO - Treinando por 500 épocas...
2025-11-29 23:18:18,430 - BiLSTM_BRDWGD - INFO - [EXP] Época 1/500 - Loss: 0.028923
2025-11-29 23:18:39,669 - BiLSTM_BRDWGD - INFO - [EXP] Época 50/500 - Loss: 0.024073
2025-11-29 23:19:01,342 - BiLSTM_BRDWGD - INFO - [EXP] Época 100/500 - Loss: 0.024155
2025-11-29 23:19:23,054 - BiLSTM_BRDWGD - INFO - [EXP] Época 150/500 - Loss: 0.024025
2025-11-29 23:19:44,802 - BiLSTM_BRDWGD - INFO - [EXP] Época 200/500 - Loss: 0.024028
2025-11-29 23:20:06,552 - BiLSTM_BRDWGD - INFO - [EXP] Época 250/500 - Loss: 0.023841
2025-11-29 23:20:28,261 - BiLSTM_BRDWGD - INFO - [EXP] Época 300/500 - Loss: 0.023656
2025-11-29 23:20:50,064 - BiLSTM_BRDWGD - INFO - [EXP] Época 350/500 - Loss: 0.023304
2025-11-29 23:21:11,947 - BiLSTM_BRDWGD - INFO - [EXP] Época 400/500 - Loss: 0.023411
2025-11-29 23:21:33,827 - BiLSTM_BRDWGD - INFO - [EXP] Época 450/500 - Loss: 0.023142
2025-11-29 23:21:55,708 - BiLSTM_BRDWGD - INFO - [EXP] Época 500/500 - Loss: 0.022662
2025-11-29 23:21:55,708 - BiLSTM_BRDWGD - INFO - Treinamento concluído em 3.63 minutos
2025-11-29 23:21:55,892 - BiLSTM_BRDWGD - INFO - Calculando erro para o train
2025-11-29 23:21:55,895 - BiLSTM_BRDWGD - INFO - RMSE: 10.1822
2025-11-29 23:21:55,895 - BiLSTM_BRDWGD - INFO - MSE : 103.6777
2025-11-29 23:21:55,895 - BiLSTM_BRDWGD - INFO - MAE : 3.2730
2025-11-29 23:21:55,895 - BiLSTM_BRDWGD - INFO - CSI (thr=1.0 mm): 0.0891  [TP=169, FP=395, FN=1333]
2025-11-29 23:21:55,895 - BiLSTM_BRDWGD - INFO - train_pred TRAIN mm min/max: 0.0, 72.43560069030805
2025-11-29 23:21:55,895 - BiLSTM_BRDWGD - INFO - train_TRUE TRAIN mm min/max: 0.0, 154.39999389648438
2025-11-29 23:21:55,895 - BiLSTM_BRDWGD - INFO -  Gerando gráficos TRAIN...
2025-11-29 23:21:56,337 - BiLSTM_BRDWGD - INFO -  Gráficos gerados TRAIN ...
2025-11-29 23:21:56,337 - BiLSTM_BRDWGD - INFO - Calculando erro para parte de teste
2025-11-29 23:21:56,339 - BiLSTM_BRDWGD - INFO - RMSE: 14.4642
2025-11-29 23:21:56,339 - BiLSTM_BRDWGD - INFO - MSE : 209.2138
2025-11-29 23:21:56,339 - BiLSTM_BRDWGD - INFO - MAE : 5.6618
2025-11-29 23:21:56,339 - BiLSTM_BRDWGD - INFO - CSI (thr=1.0 mm): 0.0000  [TP=0, FP=4, FN=6]
2025-11-29 23:21:56,339 - BiLSTM_BRDWGD - INFO - y_pred mm min/max: 0.0, 5.382573755050212
2025-11-29 23:21:56,339 - BiLSTM_BRDWGD - INFO - y_TRUE mm min/max: 0.0, 55.400001525878906
2025-11-29 23:21:56,339 - BiLSTM_BRDWGD - INFO -  Gerando gráficos...
2025-11-29 23:21:56,659 - BiLSTM_BRDWGD - INFO -  Gráficos gerados...
2025-11-29 23:21:56,659 - BiLSTM_BRDWGD - INFO - ==========================================================================================
2025-11-29 23:21:56,659 - BiLSTM_BRDWGD - INFO - Execução finalizada com sucesso.
2025-11-29 23:21:56,659 - BiLSTM_BRDWGD - INFO - Dispositivo utilizado: cuda
2025-11-29 23:21:56,659 - BiLSTM_BRDWGD - INFO - ==========================================================================================
2025-11-29 23:22:02,755 - LSTM_BRDWGD - INFO - ==========================================================================================
2025-11-29 23:22:02,755 - LSTM_BRDWGD - INFO - Iniciando script LSTM (PyTorch) BRDWGD com suporte a GPU e logs detalhados.
2025-11-29 23:22:02,755 - LSTM_BRDWGD - INFO - ==========================================================================================
2025-11-29 23:22:02,756 - LSTM_BRDWGD - INFO - Iniciando experimento: lookback=30, hidden_dim=256, layers=2, lr=0.001, drop=0.5
2025-11-29 23:22:02,761 - LSTM_BRDWGD - INFO - Shape treino: torch.Size([5863, 30, 1]), teste: torch.Size([30, 30, 1])
2025-11-29 23:22:02,781 - LSTM_BRDWGD - INFO - Treinando por 500 épocas...
2025-11-29 23:22:03,404 - LSTM_BRDWGD - INFO - [EXP] Época 1/500 - Loss: 0.026757
2025-11-29 23:22:30,426 - LSTM_BRDWGD - INFO - [EXP] Época 50/500 - Loss: 0.024140
2025-11-29 23:22:56,977 - LSTM_BRDWGD - INFO - [EXP] Época 100/500 - Loss: 0.024058
2025-11-29 23:23:23,450 - LSTM_BRDWGD - INFO - [EXP] Época 150/500 - Loss: 0.023883
2025-11-29 23:23:49,888 - LSTM_BRDWGD - INFO - [EXP] Época 200/500 - Loss: 0.024026
2025-11-29 23:24:16,563 - LSTM_BRDWGD - INFO - [EXP] Época 250/500 - Loss: 0.023656
2025-11-29 23:24:43,199 - LSTM_BRDWGD - INFO - [EXP] Época 300/500 - Loss: 0.023636
2025-11-29 23:25:09,881 - LSTM_BRDWGD - INFO - [EXP] Época 350/500 - Loss: 0.023709
2025-11-29 23:25:36,808 - LSTM_BRDWGD - INFO - [EXP] Época 400/500 - Loss: 0.023278
2025-11-29 23:26:03,561 - LSTM_BRDWGD - INFO - [EXP] Época 450/500 - Loss: 0.022490
2025-11-29 23:26:30,499 - LSTM_BRDWGD - INFO - [EXP] Época 500/500 - Loss: 0.021291
2025-11-29 23:26:30,499 - LSTM_BRDWGD - INFO - Treinamento concluído em 4.46 minutos
2025-11-29 23:26:30,635 - LSTM_BRDWGD - INFO - Calculando erro para o train
2025-11-29 23:26:30,637 - LSTM_BRDWGD - INFO - RMSE: 10.6380
2025-11-29 23:26:30,637 - LSTM_BRDWGD - INFO - MSE : 113.1675
2025-11-29 23:26:30,637 - LSTM_BRDWGD - INFO - MAE : 3.4700
2025-11-29 23:26:30,637 - LSTM_BRDWGD - INFO - CSI (thr=1.0 mm): 0.0890  [TP=173, FP=441, FN=1329]
2025-11-29 23:26:30,637 - LSTM_BRDWGD - INFO - train_pred TRAIN mm min/max: 0.0, 145.26508794252294
2025-11-29 23:26:30,638 - LSTM_BRDWGD - INFO - train_TRUE TRAIN mm min/max: 0.0, 154.39999389648438
2025-11-29 23:26:30,638 - LSTM_BRDWGD - INFO -  Gerando gráficos TRAIN...
2025-11-29 23:26:31,089 - LSTM_BRDWGD - INFO -  Gráficos gerados TRAIN ...
2025-11-29 23:26:31,089 - LSTM_BRDWGD - INFO - Calculando erro para parte de teste
2025-11-29 23:26:31,092 - LSTM_BRDWGD - INFO - RMSE: 14.3926
2025-11-29 23:26:31,092 - LSTM_BRDWGD - INFO - MSE : 207.1468
2025-11-29 23:26:31,092 - LSTM_BRDWGD - INFO - MAE : 5.4851
2025-11-29 23:26:31,092 - LSTM_BRDWGD - INFO - CSI (thr=1.0 mm): 0.0000  [TP=0, FP=3, FN=6]
2025-11-29 23:26:31,092 - LSTM_BRDWGD - INFO - y_pred mm min/max: 0.0, 3.5660650449186986
2025-11-29 23:26:31,092 - LSTM_BRDWGD - INFO - y_TRUE mm min/max: 0.0, 55.400001525878906
2025-11-29 23:26:31,092 - LSTM_BRDWGD - INFO -  Gerando gráficos...
2025-11-29 23:26:31,415 - LSTM_BRDWGD - INFO -  Gráficos gerados...
2025-11-29 23:26:31,415 - LSTM_BRDWGD - INFO - ==========================================================================================
2025-11-29 23:26:31,415 - LSTM_BRDWGD - INFO - Execução finalizada com sucesso.
2025-11-29 23:26:31,415 - LSTM_BRDWGD - INFO - Dispositivo utilizado: cuda
2025-11-29 23:26:31,415 - LSTM_BRDWGD - INFO - ==========================================================================================
2025-11-29 23:26:37,082 - BiLSTM_BRDWGD - INFO - ==========================================================================================
2025-11-29 23:26:37,082 - BiLSTM_BRDWGD - INFO - Iniciando script BILSTM (PyTorch) BRDWGD com suporte a GPU e logs detalhados.
2025-11-29 23:26:37,082 - BiLSTM_BRDWGD - INFO - ==========================================================================================
2025-11-29 23:26:37,082 - BiLSTM_BRDWGD - INFO - Iniciando experimento: lookback=30, hidden_dim=256, layers=2, lr=0.001, drop=0.5
2025-11-29 23:26:37,090 - BiLSTM_BRDWGD - INFO - Shape treino: torch.Size([5863, 30, 1]), teste: torch.Size([30, 30, 1])
2025-11-29 23:26:37,100 - BiLSTM_BRDWGD - INFO - Treinando por 500 épocas...
2025-11-29 23:26:37,951 - BiLSTM_BRDWGD - INFO - [EXP] Época 1/500 - Loss: 0.027953
2025-11-29 23:27:19,479 - BiLSTM_BRDWGD - INFO - [EXP] Época 50/500 - Loss: 0.024099
2025-11-29 23:28:02,334 - BiLSTM_BRDWGD - INFO - [EXP] Época 100/500 - Loss: 0.024089
2025-11-29 23:28:45,271 - BiLSTM_BRDWGD - INFO - [EXP] Época 150/500 - Loss: 0.023951
2025-11-29 23:29:28,275 - BiLSTM_BRDWGD - INFO - [EXP] Época 200/500 - Loss: 0.023860
2025-11-29 23:30:11,381 - BiLSTM_BRDWGD - INFO - [EXP] Época 250/500 - Loss: 0.023953
2025-11-29 23:30:54,461 - BiLSTM_BRDWGD - INFO - [EXP] Época 300/500 - Loss: 0.023609
2025-11-29 23:31:36,869 - BiLSTM_BRDWGD - INFO - [EXP] Época 350/500 - Loss: 0.023316
2025-11-29 23:32:19,500 - BiLSTM_BRDWGD - INFO - [EXP] Época 400/500 - Loss: 0.024124
2025-11-29 23:33:02,036 - BiLSTM_BRDWGD - INFO - [EXP] Época 450/500 - Loss: 0.022720
2025-11-29 23:33:44,651 - BiLSTM_BRDWGD - INFO - [EXP] Época 500/500 - Loss: 0.022830
2025-11-29 23:33:44,651 - BiLSTM_BRDWGD - INFO - Treinamento concluído em 7.13 minutos
2025-11-29 23:33:44,897 - BiLSTM_BRDWGD - INFO - Calculando erro para o train
2025-11-29 23:33:44,900 - BiLSTM_BRDWGD - INFO - RMSE: 10.3648
2025-11-29 23:33:44,900 - BiLSTM_BRDWGD - INFO - MSE : 107.4292
2025-11-29 23:33:44,900 - BiLSTM_BRDWGD - INFO - MAE : 3.3913
2025-11-29 23:33:44,900 - BiLSTM_BRDWGD - INFO - CSI (thr=1.0 mm): 0.1013  [TP=203, FP=502, FN=1299]
2025-11-29 23:33:44,900 - BiLSTM_BRDWGD - INFO - train_pred TRAIN mm min/max: 0.0, 100.18450404653302
2025-11-29 23:33:44,900 - BiLSTM_BRDWGD - INFO - train_TRUE TRAIN mm min/max: 0.0, 154.39999389648438
2025-11-29 23:33:44,900 - BiLSTM_BRDWGD - INFO -  Gerando gráficos TRAIN...
2025-11-29 23:33:45,328 - BiLSTM_BRDWGD - INFO -  Gráficos gerados TRAIN ...
2025-11-29 23:33:45,329 - BiLSTM_BRDWGD - INFO - Calculando erro para parte de teste
2025-11-29 23:33:45,331 - BiLSTM_BRDWGD - INFO - RMSE: 15.1125
2025-11-29 23:33:45,331 - BiLSTM_BRDWGD - INFO - MSE : 228.3876
2025-11-29 23:33:45,331 - BiLSTM_BRDWGD - INFO - MAE : 6.2771
2025-11-29 23:33:45,331 - BiLSTM_BRDWGD - INFO - CSI (thr=1.0 mm): 0.0000  [TP=0, FP=4, FN=6]
2025-11-29 23:33:45,331 - BiLSTM_BRDWGD - INFO - y_pred mm min/max: 0.0, 24.635478564192027
2025-11-29 23:33:45,331 - BiLSTM_BRDWGD - INFO - y_TRUE mm min/max: 0.0, 55.400001525878906
2025-11-29 23:33:45,331 - BiLSTM_BRDWGD - INFO -  Gerando gráficos...
2025-11-29 23:33:45,654 - BiLSTM_BRDWGD - INFO -  Gráficos gerados...
2025-11-29 23:33:45,654 - BiLSTM_BRDWGD - INFO - ==========================================================================================
2025-11-29 23:33:45,654 - BiLSTM_BRDWGD - INFO - Execução finalizada com sucesso.
2025-11-29 23:33:45,654 - BiLSTM_BRDWGD - INFO - Dispositivo utilizado: cuda
2025-11-29 23:33:45,654 - BiLSTM_BRDWGD - INFO - ==========================================================================================
2025-11-29 23:33:51,736 - ARIMA_BRDWGD - INFO - ==========================================================================================
2025-11-29 23:33:51,737 - ARIMA_BRDWGD - INFO - Iniciando script ARIMA BRDWGD.
2025-11-29 23:33:51,737 - ARIMA_BRDWGD - INFO - ==========================================================================================
2025-11-29 23:33:51,738 - ARIMA_BRDWGD - INFO - Tamanho treino: 5894 | teste: 30
2025-11-29 23:33:51,739 - ARIMA_BRDWGD - INFO - [FASE 4] Iniciando busca manual por hiperparâmetros (AIC).
2025-11-29 23:42:11,575 - ARIMA_BRDWGD - INFO - Melhor order encontrado: (30, 0, 0)
2025-11-29 23:42:11,576 - ARIMA_BRDWGD - INFO - Melhor AIC (treino): -16095.51
2025-11-29 23:42:11,576 - ARIMA_BRDWGD - INFO - Tempo da Fase 4: 499.84s
2025-11-29 23:42:11,576 - ARIMA_BRDWGD - INFO - [FASE 5] Reajustando melhor modelo no conjunto de treino.
2025-11-29 23:42:50,074 - ARIMA_BRDWGD - INFO - Melhor modelo ajustado no treino.
2025-11-29 23:42:50,074 - ARIMA_BRDWGD - INFO - Tempo da Fase 5: 38.50s
2025-11-29 23:42:50,074 - ARIMA_BRDWGD - INFO - [FASE 6] Gerando previsões no conjunto de teste e avaliando métricas.
2025-11-29 23:42:50,077 - ARIMA_BRDWGD - INFO - RMSE: 9.4854
2025-11-29 23:42:50,077 - ARIMA_BRDWGD - INFO - MSE : 89.9731
2025-11-29 23:42:50,077 - ARIMA_BRDWGD - INFO - MAE : 4.5144
2025-11-29 23:42:50,077 - ARIMA_BRDWGD - INFO - CSI (thr=1.0 mm): 0.2587  [TP=1521, FP=4354, FN=4]
2025-11-29 23:42:50,077 - ARIMA_BRDWGD - INFO - [TREINO] RMSE=9.4854 | MSE=89.9731 | MAE=4.5144 | CSI=0.2587
2025-11-29 23:42:50,082 - ARIMA_BRDWGD - INFO - RMSE: 13.3585
2025-11-29 23:42:50,082 - ARIMA_BRDWGD - INFO - MSE : 178.4498
2025-11-29 23:42:50,082 - ARIMA_BRDWGD - INFO - MAE : 7.4102
2025-11-29 23:42:50,082 - ARIMA_BRDWGD - INFO - CSI (thr=1.0 mm): 0.2000  [TP=6, FP=24, FN=0]
2025-11-29 23:42:50,082 - ARIMA_BRDWGD - INFO - Tempo total da Fase 6: 0.01s
2025-11-29 23:42:50,082 - ARIMA_BRDWGD - INFO - [FASE 7] Salvando gráfico de previsão vs. observado.
2025-11-29 23:42:50,835 - ARIMA_BRDWGD - INFO - Gráfico salvo como 'arimaBRDWGD_result.png'.
2025-11-29 23:42:50,835 - ARIMA_BRDWGD - INFO - ==========================================================================================
2025-11-29 23:42:50,835 - ARIMA_BRDWGD - INFO - Execução ARIMA BRDWGD finalizada com sucesso.
2025-11-29 23:42:50,835 - ARIMA_BRDWGD - INFO - Tempo total de execução: 539.10s
2025-11-29 23:42:50,836 - ARIMA_BRDWGD - INFO - ==========================================================================================
2025-11-29 23:42:56,513 - RANDOM_FOREST_BRDWGD - INFO - ====================================================================================================
2025-11-29 23:42:56,513 - RANDOM_FOREST_BRDWGD - INFO - Iniciando Random Forest BRDWGD com GridSearchCV.
2025-11-29 23:42:56,513 - RANDOM_FOREST_BRDWGD - INFO - ====================================================================================================
2025-11-29 23:42:56,514 - RANDOM_FOREST_BRDWGD - INFO - [FASE 3] Split treino/teste e preparação.
2025-11-29 23:42:56,520 - RANDOM_FOREST_BRDWGD - INFO - [FASE 3] Treino: X=(5864, 30), y=5864 | Teste: X=(30, 30), y=30
2025-11-29 23:42:56,520 - RANDOM_FOREST_BRDWGD - INFO - [FASE 3] Tempo: 0.01s
2025-11-29 23:42:56,520 - RANDOM_FOREST_BRDWGD - INFO - [FASE 4] Iniciando GridSearchCV (TimeSeriesSplit).
2025-11-29 23:43:53,899 - RANDOM_FOREST_BRDWGD - INFO - [FASE 4] GridSearchCV concluído em 57.38s
2025-11-29 23:43:53,900 - RANDOM_FOREST_BRDWGD - INFO - [FASE 4] Melhores parâmetros: {'max_depth': None, 'max_features': 'sqrt', 'min_samples_leaf': 4, 'min_samples_split': 10, 'n_estimators': 200}
2025-11-29 23:43:53,900 - RANDOM_FOREST_BRDWGD - INFO - [FASE 4] Melhor score (neg_MSE): -98.818296
2025-11-29 23:43:53,900 - RANDOM_FOREST_BRDWGD - INFO - [FASE 4] Tempo: 57.38s
2025-11-29 23:43:53,900 - RANDOM_FOREST_BRDWGD - INFO - [FASE 5] Treinando best_estimator_ no conjunto de treino.
2025-11-29 23:43:54,220 - RANDOM_FOREST_BRDWGD - INFO - [FASE 5] Tempo: 0.32s
2025-11-29 23:43:54,221 - RANDOM_FOREST_BRDWGD - INFO - [FASE 6] Previsão e cálculo de métricas.
2025-11-29 23:43:54,320 - RANDOM_FOREST_BRDWGD - INFO - RMSE: 7.5402
2025-11-29 23:43:54,320 - RANDOM_FOREST_BRDWGD - INFO - MSE : 56.8553
2025-11-29 23:43:54,320 - RANDOM_FOREST_BRDWGD - INFO - MAE : 3.4162
2025-11-29 23:43:54,320 - RANDOM_FOREST_BRDWGD - INFO - CSI (thr=1.0 mm): 0.3223  [TP=1491, FP=3115, FN=20]
2025-11-29 23:43:54,320 - RANDOM_FOREST_BRDWGD - INFO - [TREINO] RMSE=7.5402 | MSE=56.8553 | MAE=3.4162 | CSI=0.3223
2025-11-29 23:43:54,343 - RANDOM_FOREST_BRDWGD - INFO - y_pred raw min/max: 1.993143407697288, 10.419484206937064
2025-11-29 23:43:54,343 - RANDOM_FOREST_BRDWGD - INFO - y_TRUE raw min/max: 0.0, 55.400001525878906
2025-11-29 23:43:54,344 - RANDOM_FOREST_BRDWGD - INFO - RMSE: 12.8944
2025-11-29 23:43:54,344 - RANDOM_FOREST_BRDWGD - INFO - MSE : 166.2649
2025-11-29 23:43:54,344 - RANDOM_FOREST_BRDWGD - INFO - MAE : 7.6742
2025-11-29 23:43:54,344 - RANDOM_FOREST_BRDWGD - INFO - CSI (thr=1.0 mm): 0.2000  [TP=6, FP=24, FN=0]
2025-11-29 23:43:54,344 - RANDOM_FOREST_BRDWGD - INFO - [FASE 7] Gerando gráficos.
2025-11-29 23:43:55,043 - RANDOM_FOREST_BRDWGD - INFO - Gráfico salvo como 'random_forest_BRDWGD.png'.
2025-11-29 23:43:55,043 - RANDOM_FOREST_BRDWGD - INFO - [FASE 7] Tempo: 0.70s
2025-11-29 23:43:55,043 - RANDOM_FOREST_BRDWGD - INFO - ====================================================================================================
2025-11-29 23:43:55,043 - RANDOM_FOREST_BRDWGD - INFO - Resumo Final
2025-11-29 23:43:55,043 - RANDOM_FOREST_BRDWGD - INFO - Melhores parâmetros: {'max_depth': None, 'max_features': 'sqrt', 'min_samples_leaf': 4, 'min_samples_split': 10, 'n_estimators': 200}
2025-11-29 23:43:55,043 - RANDOM_FOREST_BRDWGD - INFO - Tempo total de execução: 58.53s
2025-11-29 23:43:55,043 - RANDOM_FOREST_BRDWGD - INFO - ====================================================================================================
2025-11-29 23:44:00,783 - LSTM_BRDWGD - INFO - ==========================================================================================
2025-11-29 23:44:00,784 - LSTM_BRDWGD - INFO - Iniciando script LSTM (PyTorch) BRDWGD com suporte a GPU e logs detalhados.
2025-11-29 23:44:00,784 - LSTM_BRDWGD - INFO - ==========================================================================================
2025-11-29 23:44:00,784 - LSTM_BRDWGD - INFO - Iniciando experimento: lookback=30, hidden_dim=32, layers=2, lr=0.001, drop=0.5
2025-11-29 23:44:00,794 - LSTM_BRDWGD - INFO - Shape treino: torch.Size([5863, 30, 1]), teste: torch.Size([30, 30, 1])
2025-11-29 23:44:00,796 - LSTM_BRDWGD - INFO - Treinando por 500 épocas...
2025-11-29 23:44:01,116 - LSTM_BRDWGD - INFO - [EXP] Época 1/500 - Loss: 0.025670
2025-11-29 23:44:16,770 - LSTM_BRDWGD - INFO - [EXP] Época 50/500 - Loss: 0.024187
2025-11-29 23:44:32,746 - LSTM_BRDWGD - INFO - [EXP] Época 100/500 - Loss: 0.024082
2025-11-29 23:44:48,726 - LSTM_BRDWGD - INFO - [EXP] Época 150/500 - Loss: 0.024051
2025-11-29 23:45:04,828 - LSTM_BRDWGD - INFO - [EXP] Época 200/500 - Loss: 0.023981
2025-11-29 23:45:20,963 - LSTM_BRDWGD - INFO - [EXP] Época 250/500 - Loss: 0.023730
2025-11-29 23:45:37,057 - LSTM_BRDWGD - INFO - [EXP] Época 300/500 - Loss: 0.023642
2025-11-29 23:45:53,141 - LSTM_BRDWGD - INFO - [EXP] Época 350/500 - Loss: 0.023340
2025-11-29 23:46:30,737 - LSTM_BRDWGD - INFO - [EXP] Época 400/500 - Loss: 0.023333
2025-11-29 23:46:46,821 - LSTM_BRDWGD - INFO - [EXP] Época 450/500 - Loss: 0.022573
2025-11-29 23:47:02,902 - LSTM_BRDWGD - INFO - [EXP] Época 500/500 - Loss: 0.022529
2025-11-29 23:47:02,902 - LSTM_BRDWGD - INFO - Treinamento concluído em 3.04 minutos
2025-11-29 23:47:02,944 - LSTM_BRDWGD - INFO - Calculando erro para o train
2025-11-29 23:47:02,947 - LSTM_BRDWGD - INFO - RMSE: 10.3355
2025-11-29 23:47:02,947 - LSTM_BRDWGD - INFO - MSE : 106.8219
2025-11-29 23:47:02,947 - LSTM_BRDWGD - INFO - MAE : 3.4194
2025-11-29 23:47:02,947 - LSTM_BRDWGD - INFO - CSI (thr=1.0 mm): 0.1083  [TP=222, FP=548, FN=1280]
2025-11-29 23:47:02,947 - LSTM_BRDWGD - INFO - train_pred TRAIN mm min/max: 0.0, 96.855923321537
2025-11-29 23:47:02,947 - LSTM_BRDWGD - INFO - train_TRUE TRAIN mm min/max: 0.0, 154.39999389648438
2025-11-29 23:47:02,947 - LSTM_BRDWGD - INFO -  Gerando gráficos TRAIN...
2025-11-29 23:47:03,389 - LSTM_BRDWGD - INFO -  Gráficos gerados TRAIN ...
2025-11-29 23:47:03,389 - LSTM_BRDWGD - INFO - Calculando erro para parte de teste
2025-11-29 23:47:03,391 - LSTM_BRDWGD - INFO - RMSE: 14.4451
2025-11-29 23:47:03,391 - LSTM_BRDWGD - INFO - MSE : 208.6609
2025-11-29 23:47:03,391 - LSTM_BRDWGD - INFO - MAE : 5.7198
2025-11-29 23:47:03,391 - LSTM_BRDWGD - INFO - CSI (thr=1.0 mm): 0.0000  [TP=0, FP=5, FN=6]
2025-11-29 23:47:03,391 - LSTM_BRDWGD - INFO - y_pred mm min/max: 0.0, 7.06967997363928
2025-11-29 23:47:03,391 - LSTM_BRDWGD - INFO - y_TRUE mm min/max: 0.0, 55.400001525878906
2025-11-29 23:47:03,391 - LSTM_BRDWGD - INFO -  Gerando gráficos...
2025-11-29 23:47:03,940 - LSTM_BRDWGD - INFO -  Gráficos gerados...
2025-11-29 23:47:03,940 - LSTM_BRDWGD - INFO - ==========================================================================================
2025-11-29 23:47:03,940 - LSTM_BRDWGD - INFO - Execução finalizada com sucesso.
2025-11-29 23:47:03,940 - LSTM_BRDWGD - INFO - Dispositivo utilizado: cuda
2025-11-29 23:47:03,940 - LSTM_BRDWGD - INFO - ==========================================================================================
2025-11-29 23:47:09,589 - BiLSTM_BRDWGD - INFO - ==========================================================================================
2025-11-29 23:47:09,589 - BiLSTM_BRDWGD - INFO - Iniciando script BILSTM (PyTorch) BRDWGD com suporte a GPU e logs detalhados.
2025-11-29 23:47:09,589 - BiLSTM_BRDWGD - INFO - ==========================================================================================
2025-11-29 23:47:09,589 - BiLSTM_BRDWGD - INFO - Iniciando experimento: lookback=30, hidden_dim=32, layers=2, lr=0.001, drop=0.5
2025-11-29 23:47:09,597 - BiLSTM_BRDWGD - INFO - Shape treino: torch.Size([5863, 30, 1]), teste: torch.Size([30, 30, 1])
2025-11-29 23:47:09,600 - BiLSTM_BRDWGD - INFO - Treinando por 500 épocas...
2025-11-29 23:47:10,028 - BiLSTM_BRDWGD - INFO - [EXP] Época 1/500 - Loss: 0.030069
2025-11-29 23:47:30,937 - BiLSTM_BRDWGD - INFO - [EXP] Época 50/500 - Loss: 0.024392
2025-11-29 23:47:52,272 - BiLSTM_BRDWGD - INFO - [EXP] Época 100/500 - Loss: 0.024254
2025-11-29 23:48:13,412 - BiLSTM_BRDWGD - INFO - [EXP] Época 150/500 - Loss: 0.024031
2025-11-29 23:48:34,536 - BiLSTM_BRDWGD - INFO - [EXP] Época 200/500 - Loss: 0.023818
2025-11-29 23:48:55,908 - BiLSTM_BRDWGD - INFO - [EXP] Época 250/500 - Loss: 0.024075
2025-11-29 23:49:17,237 - BiLSTM_BRDWGD - INFO - [EXP] Época 300/500 - Loss: 0.023564
2025-11-29 23:49:38,540 - BiLSTM_BRDWGD - INFO - [EXP] Época 350/500 - Loss: 0.023325
2025-11-29 23:49:59,802 - BiLSTM_BRDWGD - INFO - [EXP] Época 400/500 - Loss: 0.023037
2025-11-29 23:50:21,100 - BiLSTM_BRDWGD - INFO - [EXP] Época 450/500 - Loss: 0.022586
2025-11-29 23:50:42,717 - BiLSTM_BRDWGD - INFO - [EXP] Época 500/500 - Loss: 0.024015
2025-11-29 23:50:42,717 - BiLSTM_BRDWGD - INFO - Treinamento concluído em 3.55 minutos
2025-11-29 23:50:42,769 - BiLSTM_BRDWGD - INFO - Calculando erro para o train
2025-11-29 23:50:42,772 - BiLSTM_BRDWGD - INFO - RMSE: 10.0437
2025-11-29 23:50:42,772 - BiLSTM_BRDWGD - INFO - MSE : 100.8753
2025-11-29 23:50:42,772 - BiLSTM_BRDWGD - INFO - MAE : 3.1691
2025-11-29 23:50:42,772 - BiLSTM_BRDWGD - INFO - CSI (thr=1.0 mm): 0.0716  [TP=132, FP=342, FN=1370]
2025-11-29 23:50:42,772 - BiLSTM_BRDWGD - INFO - train_pred TRAIN mm min/max: 0.0, 21.0380518547805
2025-11-29 23:50:42,772 - BiLSTM_BRDWGD - INFO - train_TRUE TRAIN mm min/max: 0.0, 154.39999389648438
2025-11-29 23:50:42,772 - BiLSTM_BRDWGD - INFO -  Gerando gráficos TRAIN...
2025-11-29 23:50:43,217 - BiLSTM_BRDWGD - INFO -  Gráficos gerados TRAIN ...
2025-11-29 23:50:43,217 - BiLSTM_BRDWGD - INFO - Calculando erro para parte de teste
2025-11-29 23:50:43,219 - BiLSTM_BRDWGD - INFO - RMSE: 14.4285
2025-11-29 23:50:43,219 - BiLSTM_BRDWGD - INFO - MSE : 208.1816
2025-11-29 23:50:43,219 - BiLSTM_BRDWGD - INFO - MAE : 5.4924
2025-11-29 23:50:43,219 - BiLSTM_BRDWGD - INFO - CSI (thr=1.0 mm): 0.0000  [TP=0, FP=4, FN=6]
2025-11-29 23:50:43,219 - BiLSTM_BRDWGD - INFO - y_pred mm min/max: 0.0, 2.300863215802225
2025-11-29 23:50:43,220 - BiLSTM_BRDWGD - INFO - y_TRUE mm min/max: 0.0, 55.400001525878906
2025-11-29 23:50:43,220 - BiLSTM_BRDWGD - INFO -  Gerando gráficos...
2025-11-29 23:50:43,539 - BiLSTM_BRDWGD - INFO -  Gráficos gerados...
2025-11-29 23:50:43,539 - BiLSTM_BRDWGD - INFO - ==========================================================================================
2025-11-29 23:50:43,539 - BiLSTM_BRDWGD - INFO - Execução finalizada com sucesso.
2025-11-29 23:50:43,539 - BiLSTM_BRDWGD - INFO - Dispositivo utilizado: cuda
2025-11-29 23:50:43,539 - BiLSTM_BRDWGD - INFO - ==========================================================================================
2025-11-29 23:50:49,545 - LSTM_BRDWGD - INFO - ==========================================================================================
2025-11-29 23:50:49,546 - LSTM_BRDWGD - INFO - Iniciando script LSTM (PyTorch) BRDWGD com suporte a GPU e logs detalhados.
2025-11-29 23:50:49,546 - LSTM_BRDWGD - INFO - ==========================================================================================
2025-11-29 23:50:49,546 - LSTM_BRDWGD - INFO - Iniciando experimento: lookback=30, hidden_dim=64, layers=2, lr=0.001, drop=0.5
2025-11-29 23:50:49,555 - LSTM_BRDWGD - INFO - Shape treino: torch.Size([5863, 30, 1]), teste: torch.Size([30, 30, 1])
2025-11-29 23:50:49,556 - LSTM_BRDWGD - INFO - Treinando por 500 épocas...
2025-11-29 23:50:49,881 - LSTM_BRDWGD - INFO - [EXP] Época 1/500 - Loss: 0.027402
2025-11-29 23:51:05,730 - LSTM_BRDWGD - INFO - [EXP] Época 50/500 - Loss: 0.024151
2025-11-29 23:51:21,916 - LSTM_BRDWGD - INFO - [EXP] Época 100/500 - Loss: 0.024082
2025-11-29 23:51:38,112 - LSTM_BRDWGD - INFO - [EXP] Época 150/500 - Loss: 0.023762
2025-11-29 23:52:20,734 - LSTM_BRDWGD - INFO - [EXP] Época 200/500 - Loss: 0.023630
2025-11-29 23:52:36,943 - LSTM_BRDWGD - INFO - [EXP] Época 250/500 - Loss: 0.023191
2025-11-29 23:52:53,070 - LSTM_BRDWGD - INFO - [EXP] Época 300/500 - Loss: 0.024029
2025-11-29 23:53:09,208 - LSTM_BRDWGD - INFO - [EXP] Época 350/500 - Loss: 0.022565
2025-11-29 23:53:25,399 - LSTM_BRDWGD - INFO - [EXP] Época 400/500 - Loss: 0.022395
2025-11-29 23:53:41,594 - LSTM_BRDWGD - INFO - [EXP] Época 450/500 - Loss: 0.023308
2025-11-29 23:53:57,810 - LSTM_BRDWGD - INFO - [EXP] Época 500/500 - Loss: 0.020571
2025-11-29 23:53:57,810 - LSTM_BRDWGD - INFO - Treinamento concluído em 3.14 minutos
2025-11-29 23:53:57,853 - LSTM_BRDWGD - INFO - Calculando erro para o train
2025-11-29 23:53:57,856 - LSTM_BRDWGD - INFO - RMSE: 10.8449
2025-11-29 23:53:57,856 - LSTM_BRDWGD - INFO - MSE : 117.6112
2025-11-29 23:53:57,856 - LSTM_BRDWGD - INFO - MAE : 3.5113
2025-11-29 23:53:57,856 - LSTM_BRDWGD - INFO - CSI (thr=1.0 mm): 0.1023  [TP=200, FP=453, FN=1302]
2025-11-29 23:53:57,856 - LSTM_BRDWGD - INFO - train_pred TRAIN mm min/max: 0.0, 150.98470734560618
2025-11-29 23:53:57,856 - LSTM_BRDWGD - INFO - train_TRUE TRAIN mm min/max: 0.0, 154.39999389648438
2025-11-29 23:53:57,856 - LSTM_BRDWGD - INFO -  Gerando gráficos TRAIN...
2025-11-29 23:53:58,261 - LSTM_BRDWGD - INFO -  Gráficos gerados TRAIN ...
2025-11-29 23:53:58,261 - LSTM_BRDWGD - INFO - Calculando erro para parte de teste
2025-11-29 23:53:58,263 - LSTM_BRDWGD - INFO - RMSE: 14.8266
2025-11-29 23:53:58,263 - LSTM_BRDWGD - INFO - MSE : 219.8273
2025-11-29 23:53:58,263 - LSTM_BRDWGD - INFO - MAE : 6.3820
2025-11-29 23:53:58,263 - LSTM_BRDWGD - INFO - CSI (thr=1.0 mm): 0.0000  [TP=0, FP=7, FN=6]
2025-11-29 23:53:58,263 - LSTM_BRDWGD - INFO - y_pred mm min/max: 0.0, 18.348642955679207
2025-11-29 23:53:58,264 - LSTM_BRDWGD - INFO - y_TRUE mm min/max: 0.0, 55.400001525878906
2025-11-29 23:53:58,264 - LSTM_BRDWGD - INFO -  Gerando gráficos...
2025-11-29 23:53:58,544 - LSTM_BRDWGD - INFO -  Gráficos gerados...
2025-11-29 23:53:58,545 - LSTM_BRDWGD - INFO - ==========================================================================================
2025-11-29 23:53:58,545 - LSTM_BRDWGD - INFO - Execução finalizada com sucesso.
2025-11-29 23:53:58,545 - LSTM_BRDWGD - INFO - Dispositivo utilizado: cuda
2025-11-29 23:53:58,545 - LSTM_BRDWGD - INFO - ==========================================================================================
2025-11-29 23:54:04,204 - BiLSTM_BRDWGD - INFO - ==========================================================================================
2025-11-29 23:54:04,204 - BiLSTM_BRDWGD - INFO - Iniciando script BILSTM (PyTorch) BRDWGD com suporte a GPU e logs detalhados.
2025-11-29 23:54:04,204 - BiLSTM_BRDWGD - INFO - ==========================================================================================
2025-11-29 23:54:04,204 - BiLSTM_BRDWGD - INFO - Iniciando experimento: lookback=30, hidden_dim=64, layers=2, lr=0.001, drop=0.5
2025-11-29 23:54:04,211 - BiLSTM_BRDWGD - INFO - Shape treino: torch.Size([5863, 30, 1]), teste: torch.Size([30, 30, 1])
2025-11-29 23:54:04,214 - BiLSTM_BRDWGD - INFO - Treinando por 500 épocas...
2025-11-29 23:54:04,638 - BiLSTM_BRDWGD - INFO - [EXP] Época 1/500 - Loss: 0.032786
2025-11-29 23:54:25,362 - BiLSTM_BRDWGD - INFO - [EXP] Época 50/500 - Loss: 0.024102
2025-11-29 23:54:46,663 - BiLSTM_BRDWGD - INFO - [EXP] Época 100/500 - Loss: 0.024165
2025-11-29 23:55:08,228 - BiLSTM_BRDWGD - INFO - [EXP] Época 150/500 - Loss: 0.024172
2025-11-29 23:55:29,910 - BiLSTM_BRDWGD - INFO - [EXP] Época 200/500 - Loss: 0.023793
2025-11-29 23:55:51,444 - BiLSTM_BRDWGD - INFO - [EXP] Época 250/500 - Loss: 0.023768
2025-11-29 23:56:13,122 - BiLSTM_BRDWGD - INFO - [EXP] Época 300/500 - Loss: 0.024045
2025-11-29 23:56:34,803 - BiLSTM_BRDWGD - INFO - [EXP] Época 350/500 - Loss: 0.024034
2025-11-29 23:56:56,482 - BiLSTM_BRDWGD - INFO - [EXP] Época 400/500 - Loss: 0.023860
2025-11-29 23:57:18,015 - BiLSTM_BRDWGD - INFO - [EXP] Época 450/500 - Loss: 0.023852
2025-11-29 23:57:39,341 - BiLSTM_BRDWGD - INFO - [EXP] Época 500/500 - Loss: 0.023848
2025-11-29 23:57:39,341 - BiLSTM_BRDWGD - INFO - Treinamento concluído em 3.59 minutos
2025-11-29 23:57:39,415 - BiLSTM_BRDWGD - INFO - Calculando erro para o train
2025-11-29 23:57:39,418 - BiLSTM_BRDWGD - INFO - RMSE: 10.1534
2025-11-29 23:57:39,418 - BiLSTM_BRDWGD - INFO - MSE : 103.0921
2025-11-29 23:57:39,418 - BiLSTM_BRDWGD - INFO - MAE : 3.2647
2025-11-29 23:57:39,418 - BiLSTM_BRDWGD - INFO - CSI (thr=1.0 mm): 0.1081  [TP=215, FP=487, FN=1287]
2025-11-29 23:57:39,418 - BiLSTM_BRDWGD - INFO - train_pred TRAIN mm min/max: 0.055728933334857574, 103.9599435542381
2025-11-29 23:57:39,418 - BiLSTM_BRDWGD - INFO - train_TRUE TRAIN mm min/max: 0.0, 154.39999389648438
2025-11-29 23:57:39,418 - BiLSTM_BRDWGD - INFO -  Gerando gráficos TRAIN...
2025-11-29 23:57:39,860 - BiLSTM_BRDWGD - INFO -  Gráficos gerados TRAIN ...
2025-11-29 23:57:39,860 - BiLSTM_BRDWGD - INFO - Calculando erro para parte de teste
2025-11-29 23:57:39,862 - BiLSTM_BRDWGD - INFO - RMSE: 14.4121
2025-11-29 23:57:39,862 - BiLSTM_BRDWGD - INFO - MSE : 207.7078
2025-11-29 23:57:39,862 - BiLSTM_BRDWGD - INFO - MAE : 5.5572
2025-11-29 23:57:39,862 - BiLSTM_BRDWGD - INFO - CSI (thr=1.0 mm): 0.0000  [TP=0, FP=4, FN=6]
2025-11-29 23:57:39,862 - BiLSTM_BRDWGD - INFO - y_pred mm min/max: 0.0685783239588993, 2.725437613190081
2025-11-29 23:57:39,863 - BiLSTM_BRDWGD - INFO - y_TRUE mm min/max: 0.0, 55.400001525878906
2025-11-29 23:57:39,863 - BiLSTM_BRDWGD - INFO -  Gerando gráficos...
2025-11-29 23:57:40,172 - BiLSTM_BRDWGD - INFO -  Gráficos gerados...
2025-11-29 23:57:40,172 - BiLSTM_BRDWGD - INFO - ==========================================================================================
2025-11-29 23:57:40,172 - BiLSTM_BRDWGD - INFO - Execução finalizada com sucesso.
2025-11-29 23:57:40,172 - BiLSTM_BRDWGD - INFO - Dispositivo utilizado: cuda
2025-11-29 23:57:40,172 - BiLSTM_BRDWGD - INFO - ==========================================================================================
2025-11-29 23:57:46,286 - LSTM_BRDWGD - INFO - ==========================================================================================
2025-11-29 23:57:46,286 - LSTM_BRDWGD - INFO - Iniciando script LSTM (PyTorch) BRDWGD com suporte a GPU e logs detalhados.
2025-11-29 23:57:46,286 - LSTM_BRDWGD - INFO - ==========================================================================================
2025-11-29 23:57:46,287 - LSTM_BRDWGD - INFO - Iniciando experimento: lookback=30, hidden_dim=128, layers=2, lr=0.001, drop=0.5
2025-11-29 23:57:46,295 - LSTM_BRDWGD - INFO - Shape treino: torch.Size([5863, 30, 1]), teste: torch.Size([30, 30, 1])
2025-11-29 23:57:46,298 - LSTM_BRDWGD - INFO - Treinando por 500 épocas...
2025-11-29 23:57:46,629 - LSTM_BRDWGD - INFO - [EXP] Época 1/500 - Loss: 0.026061
2025-11-29 23:58:10,866 - LSTM_BRDWGD - INFO - [EXP] Época 50/500 - Loss: 0.024088
2025-11-29 23:58:27,130 - LSTM_BRDWGD - INFO - [EXP] Época 100/500 - Loss: 0.024037
2025-11-29 23:58:43,393 - LSTM_BRDWGD - INFO - [EXP] Época 150/500 - Loss: 0.024055
2025-11-29 23:58:59,658 - LSTM_BRDWGD - INFO - [EXP] Época 200/500 - Loss: 0.024174
2025-11-29 23:59:15,923 - LSTM_BRDWGD - INFO - [EXP] Época 250/500 - Loss: 0.023831
2025-11-29 23:59:32,187 - LSTM_BRDWGD - INFO - [EXP] Época 300/500 - Loss: 0.023257
2025-11-29 23:59:48,454 - LSTM_BRDWGD - INFO - [EXP] Época 350/500 - Loss: 0.023301
2025-11-30 00:00:04,793 - LSTM_BRDWGD - INFO - [EXP] Época 400/500 - Loss: 0.022961
2025-11-30 00:00:21,334 - LSTM_BRDWGD - INFO - [EXP] Época 450/500 - Loss: 0.022757
2025-11-30 00:00:37,899 - LSTM_BRDWGD - INFO - [EXP] Época 500/500 - Loss: 0.022609
2025-11-30 00:00:37,899 - LSTM_BRDWGD - INFO - Treinamento concluído em 2.86 minutos
2025-11-30 00:00:37,997 - LSTM_BRDWGD - INFO - Calculando erro para o train
2025-11-30 00:00:38,000 - LSTM_BRDWGD - INFO - RMSE: 10.3068
2025-11-30 00:00:38,000 - LSTM_BRDWGD - INFO - MSE : 106.2298
2025-11-30 00:00:38,000 - LSTM_BRDWGD - INFO - MAE : 3.3181
2025-11-30 00:00:38,000 - LSTM_BRDWGD - INFO - CSI (thr=1.0 mm): 0.0891  [TP=170, FP=407, FN=1332]
2025-11-30 00:00:38,000 - LSTM_BRDWGD - INFO - train_pred TRAIN mm min/max: 0.0, 64.29313718955927
2025-11-30 00:00:38,000 - LSTM_BRDWGD - INFO - train_TRUE TRAIN mm min/max: 0.0, 154.39999389648438
2025-11-30 00:00:38,000 - LSTM_BRDWGD - INFO -  Gerando gráficos TRAIN...
2025-11-30 00:00:38,440 - LSTM_BRDWGD - INFO -  Gráficos gerados TRAIN ...
2025-11-30 00:00:38,440 - LSTM_BRDWGD - INFO - Calculando erro para parte de teste
2025-11-30 00:00:38,442 - LSTM_BRDWGD - INFO - RMSE: 14.5032
2025-11-30 00:00:38,442 - LSTM_BRDWGD - INFO - MSE : 210.3423
2025-11-30 00:00:38,442 - LSTM_BRDWGD - INFO - MAE : 5.6974
2025-11-30 00:00:38,442 - LSTM_BRDWGD - INFO - CSI (thr=1.0 mm): 0.0000  [TP=0, FP=3, FN=6]
2025-11-30 00:00:38,442 - LSTM_BRDWGD - INFO - y_pred mm min/max: 0.0, 8.684826545469473
2025-11-30 00:00:38,443 - LSTM_BRDWGD - INFO - y_TRUE mm min/max: 0.0, 55.400001525878906
2025-11-30 00:00:38,443 - LSTM_BRDWGD - INFO -  Gerando gráficos...
2025-11-30 00:00:38,730 - LSTM_BRDWGD - INFO -  Gráficos gerados...
2025-11-30 00:00:38,730 - LSTM_BRDWGD - INFO - ==========================================================================================
2025-11-30 00:00:38,730 - LSTM_BRDWGD - INFO - Execução finalizada com sucesso.
2025-11-30 00:00:38,730 - LSTM_BRDWGD - INFO - Dispositivo utilizado: cuda
2025-11-30 00:00:38,730 - LSTM_BRDWGD - INFO - ==========================================================================================
2025-11-30 00:00:44,385 - BiLSTM_BRDWGD - INFO - ==========================================================================================
2025-11-30 00:00:44,385 - BiLSTM_BRDWGD - INFO - Iniciando script BILSTM (PyTorch) BRDWGD com suporte a GPU e logs detalhados.
2025-11-30 00:00:44,385 - BiLSTM_BRDWGD - INFO - ==========================================================================================
2025-11-30 00:00:44,385 - BiLSTM_BRDWGD - INFO - Iniciando experimento: lookback=30, hidden_dim=128, layers=2, lr=0.001, drop=0.5
2025-11-30 00:00:44,394 - BiLSTM_BRDWGD - INFO - Shape treino: torch.Size([5863, 30, 1]), teste: torch.Size([30, 30, 1])
2025-11-30 00:00:44,400 - BiLSTM_BRDWGD - INFO - Treinando por 500 épocas...
2025-11-30 00:00:44,845 - BiLSTM_BRDWGD - INFO - [EXP] Época 1/500 - Loss: 0.030163
2025-11-30 00:01:06,119 - BiLSTM_BRDWGD - INFO - [EXP] Época 50/500 - Loss: 0.024597
2025-11-30 00:01:27,828 - BiLSTM_BRDWGD - INFO - [EXP] Época 100/500 - Loss: 0.024129
2025-11-30 00:01:49,531 - BiLSTM_BRDWGD - INFO - [EXP] Época 150/500 - Loss: 0.023906
2025-11-30 00:02:11,205 - BiLSTM_BRDWGD - INFO - [EXP] Época 200/500 - Loss: 0.023851
2025-11-30 00:02:32,876 - BiLSTM_BRDWGD - INFO - [EXP] Época 250/500 - Loss: 0.024062
2025-11-30 00:02:54,558 - BiLSTM_BRDWGD - INFO - [EXP] Época 300/500 - Loss: 0.023995
2025-11-30 00:03:16,234 - BiLSTM_BRDWGD - INFO - [EXP] Época 350/500 - Loss: 0.024113
2025-11-30 00:03:37,969 - BiLSTM_BRDWGD - INFO - [EXP] Época 400/500 - Loss: 0.024149
2025-11-30 00:03:59,718 - BiLSTM_BRDWGD - INFO - [EXP] Época 450/500 - Loss: 0.023920
2025-11-30 00:04:21,469 - BiLSTM_BRDWGD - INFO - [EXP] Época 500/500 - Loss: 0.023815
2025-11-30 00:04:21,469 - BiLSTM_BRDWGD - INFO - Treinamento concluído em 3.62 minutos
2025-11-30 00:04:21,654 - BiLSTM_BRDWGD - INFO - Calculando erro para o train
2025-11-30 00:04:21,656 - BiLSTM_BRDWGD - INFO - RMSE: 10.0196
2025-11-30 00:04:21,656 - BiLSTM_BRDWGD - INFO - MSE : 100.3919
2025-11-30 00:04:21,656 - BiLSTM_BRDWGD - INFO - MAE : 3.2446
2025-11-30 00:04:21,656 - BiLSTM_BRDWGD - INFO - CSI (thr=1.0 mm): 0.1182  [TP=254, FP=647, FN=1248]
2025-11-30 00:04:21,656 - BiLSTM_BRDWGD - INFO - train_pred TRAIN mm min/max: 0.0, 23.58384515794683
2025-11-30 00:04:21,657 - BiLSTM_BRDWGD - INFO - train_TRUE TRAIN mm min/max: 0.0, 154.39999389648438
2025-11-30 00:04:21,657 - BiLSTM_BRDWGD - INFO -  Gerando gráficos TRAIN...
2025-11-30 00:04:22,099 - BiLSTM_BRDWGD - INFO -  Gráficos gerados TRAIN ...
2025-11-30 00:04:22,099 - BiLSTM_BRDWGD - INFO - Calculando erro para parte de teste
2025-11-30 00:04:22,102 - BiLSTM_BRDWGD - INFO - RMSE: 14.4318
2025-11-30 00:04:22,102 - BiLSTM_BRDWGD - INFO - MSE : 208.2779
2025-11-30 00:04:22,102 - BiLSTM_BRDWGD - INFO - MAE : 5.5375
2025-11-30 00:04:22,102 - BiLSTM_BRDWGD - INFO - CSI (thr=1.0 mm): 0.0000  [TP=0, FP=4, FN=6]
2025-11-30 00:04:22,102 - BiLSTM_BRDWGD - INFO - y_pred mm min/max: 4.442853339447548e-05, 3.43991234758591
2025-11-30 00:04:22,102 - BiLSTM_BRDWGD - INFO - y_TRUE mm min/max: 0.0, 55.400001525878906
2025-11-30 00:04:22,102 - BiLSTM_BRDWGD - INFO -  Gerando gráficos...
2025-11-30 00:04:22,451 - BiLSTM_BRDWGD - INFO -  Gráficos gerados...
2025-11-30 00:04:22,452 - BiLSTM_BRDWGD - INFO - ==========================================================================================
2025-11-30 00:04:22,452 - BiLSTM_BRDWGD - INFO - Execução finalizada com sucesso.
2025-11-30 00:04:22,452 - BiLSTM_BRDWGD - INFO - Dispositivo utilizado: cuda
2025-11-30 00:04:22,452 - BiLSTM_BRDWGD - INFO - ==========================================================================================
2025-11-30 00:04:28,549 - LSTM_BRDWGD - INFO - ==========================================================================================
2025-11-30 00:04:28,549 - LSTM_BRDWGD - INFO - Iniciando script LSTM (PyTorch) BRDWGD com suporte a GPU e logs detalhados.
2025-11-30 00:04:28,549 - LSTM_BRDWGD - INFO - ==========================================================================================
2025-11-30 00:04:28,549 - LSTM_BRDWGD - INFO - Iniciando experimento: lookback=30, hidden_dim=256, layers=2, lr=0.001, drop=0.5
2025-11-30 00:04:28,557 - LSTM_BRDWGD - INFO - Shape treino: torch.Size([5863, 30, 1]), teste: torch.Size([30, 30, 1])
2025-11-30 00:04:28,562 - LSTM_BRDWGD - INFO - Treinando por 500 épocas...
2025-11-30 00:04:29,098 - LSTM_BRDWGD - INFO - [EXP] Época 1/500 - Loss: 0.026742
2025-11-30 00:04:55,141 - LSTM_BRDWGD - INFO - [EXP] Época 50/500 - Loss: 0.024180
2025-11-30 00:05:21,717 - LSTM_BRDWGD - INFO - [EXP] Época 100/500 - Loss: 0.024102
2025-11-30 00:05:48,292 - LSTM_BRDWGD - INFO - [EXP] Época 150/500 - Loss: 0.024069
2025-11-30 00:06:14,989 - LSTM_BRDWGD - INFO - [EXP] Época 200/500 - Loss: 0.023902
2025-11-30 00:06:41,587 - LSTM_BRDWGD - INFO - [EXP] Época 250/500 - Loss: 0.023606
2025-11-30 00:07:08,269 - LSTM_BRDWGD - INFO - [EXP] Época 300/500 - Loss: 0.023389
2025-11-30 00:07:35,113 - LSTM_BRDWGD - INFO - [EXP] Época 350/500 - Loss: 0.022632
2025-11-30 00:08:01,995 - LSTM_BRDWGD - INFO - [EXP] Época 400/500 - Loss: 0.024408
2025-11-30 00:08:28,880 - LSTM_BRDWGD - INFO - [EXP] Época 450/500 - Loss: 0.024135
2025-11-30 00:08:55,771 - LSTM_BRDWGD - INFO - [EXP] Época 500/500 - Loss: 0.024063
2025-11-30 00:08:55,771 - LSTM_BRDWGD - INFO - Treinamento concluído em 4.45 minutos
2025-11-30 00:08:55,904 - LSTM_BRDWGD - INFO - Calculando erro para o train
2025-11-30 00:08:55,907 - LSTM_BRDWGD - INFO - RMSE: 10.0839
2025-11-30 00:08:55,907 - LSTM_BRDWGD - INFO - MSE : 101.6854
2025-11-30 00:08:55,907 - LSTM_BRDWGD - INFO - MAE : 3.1687
2025-11-30 00:08:55,907 - LSTM_BRDWGD - INFO - CSI (thr=1.0 mm): 0.0541  [TP=92, FP=198, FN=1410]
2025-11-30 00:08:55,907 - LSTM_BRDWGD - INFO - train_pred TRAIN mm min/max: 0.0, 38.67927385505328
2025-11-30 00:08:55,907 - LSTM_BRDWGD - INFO - train_TRUE TRAIN mm min/max: 0.0, 154.39999389648438
2025-11-30 00:08:55,907 - LSTM_BRDWGD - INFO -  Gerando gráficos TRAIN...
2025-11-30 00:08:56,338 - LSTM_BRDWGD - INFO -  Gráficos gerados TRAIN ...
2025-11-30 00:08:56,338 - LSTM_BRDWGD - INFO - Calculando erro para parte de teste
2025-11-30 00:08:56,340 - LSTM_BRDWGD - INFO - RMSE: 14.4186
2025-11-30 00:08:56,340 - LSTM_BRDWGD - INFO - MSE : 207.8951
2025-11-30 00:08:56,340 - LSTM_BRDWGD - INFO - MAE : 5.5351
2025-11-30 00:08:56,340 - LSTM_BRDWGD - INFO - CSI (thr=1.0 mm): 0.0000  [TP=0, FP=4, FN=6]
2025-11-30 00:08:56,340 - LSTM_BRDWGD - INFO - y_pred mm min/max: 0.0, 3.0108279260568285
2025-11-30 00:08:56,341 - LSTM_BRDWGD - INFO - y_TRUE mm min/max: 0.0, 55.400001525878906
2025-11-30 00:08:56,341 - LSTM_BRDWGD - INFO -  Gerando gráficos...
2025-11-30 00:08:56,628 - LSTM_BRDWGD - INFO -  Gráficos gerados...
2025-11-30 00:08:56,628 - LSTM_BRDWGD - INFO - ==========================================================================================
2025-11-30 00:08:56,628 - LSTM_BRDWGD - INFO - Execução finalizada com sucesso.
2025-11-30 00:08:56,628 - LSTM_BRDWGD - INFO - Dispositivo utilizado: cuda
2025-11-30 00:08:56,628 - LSTM_BRDWGD - INFO - ==========================================================================================
2025-11-30 00:09:02,281 - BiLSTM_BRDWGD - INFO - ==========================================================================================
2025-11-30 00:09:02,281 - BiLSTM_BRDWGD - INFO - Iniciando script BILSTM (PyTorch) BRDWGD com suporte a GPU e logs detalhados.
2025-11-30 00:09:02,282 - BiLSTM_BRDWGD - INFO - ==========================================================================================
2025-11-30 00:09:02,282 - BiLSTM_BRDWGD - INFO - Iniciando experimento: lookback=30, hidden_dim=256, layers=2, lr=0.001, drop=0.5
2025-11-30 00:09:02,287 - BiLSTM_BRDWGD - INFO - Shape treino: torch.Size([5863, 30, 1]), teste: torch.Size([30, 30, 1])
2025-11-30 00:09:02,297 - BiLSTM_BRDWGD - INFO - Treinando por 500 épocas...
2025-11-30 00:09:03,142 - BiLSTM_BRDWGD - INFO - [EXP] Época 1/500 - Loss: 0.028100
2025-11-30 00:09:44,786 - BiLSTM_BRDWGD - INFO - [EXP] Época 50/500 - Loss: 0.024129
2025-11-30 00:10:27,383 - BiLSTM_BRDWGD - INFO - [EXP] Época 100/500 - Loss: 0.024036
2025-11-30 00:11:09,711 - BiLSTM_BRDWGD - INFO - [EXP] Época 150/500 - Loss: 0.023958
2025-11-30 00:11:52,114 - BiLSTM_BRDWGD - INFO - [EXP] Época 200/500 - Loss: 0.023751
2025-11-30 00:12:34,637 - BiLSTM_BRDWGD - INFO - [EXP] Época 250/500 - Loss: 0.024297
2025-11-30 00:13:17,824 - BiLSTM_BRDWGD - INFO - [EXP] Época 300/500 - Loss: 0.023982
2025-11-30 00:14:01,010 - BiLSTM_BRDWGD - INFO - [EXP] Época 350/500 - Loss: 0.023851
2025-11-30 00:14:44,150 - BiLSTM_BRDWGD - INFO - [EXP] Época 400/500 - Loss: 0.023868
2025-11-30 00:15:27,147 - BiLSTM_BRDWGD - INFO - [EXP] Época 450/500 - Loss: 0.023816
2025-11-30 00:16:10,184 - BiLSTM_BRDWGD - INFO - [EXP] Época 500/500 - Loss: 0.024207
2025-11-30 00:16:10,184 - BiLSTM_BRDWGD - INFO - Treinamento concluído em 7.13 minutos
2025-11-30 00:16:10,431 - BiLSTM_BRDWGD - INFO - Calculando erro para o train
2025-11-30 00:16:10,434 - BiLSTM_BRDWGD - INFO - RMSE: 10.0489
2025-11-30 00:16:10,434 - BiLSTM_BRDWGD - INFO - MSE : 100.9800
2025-11-30 00:16:10,434 - BiLSTM_BRDWGD - INFO - MAE : 3.1810
2025-11-30 00:16:10,434 - BiLSTM_BRDWGD - INFO - CSI (thr=1.0 mm): 0.1021  [TP=202, FP=476, FN=1300]
2025-11-30 00:16:10,434 - BiLSTM_BRDWGD - INFO - train_pred TRAIN mm min/max: 0.0, 11.508410532122886
2025-11-30 00:16:10,434 - BiLSTM_BRDWGD - INFO - train_TRUE TRAIN mm min/max: 0.0, 154.39999389648438
2025-11-30 00:16:10,434 - BiLSTM_BRDWGD - INFO -  Gerando gráficos TRAIN...
2025-11-30 00:16:10,887 - BiLSTM_BRDWGD - INFO -  Gráficos gerados TRAIN ...
2025-11-30 00:16:10,887 - BiLSTM_BRDWGD - INFO - Calculando erro para parte de teste
2025-11-30 00:16:10,889 - BiLSTM_BRDWGD - INFO - RMSE: 14.4317
2025-11-30 00:16:10,889 - BiLSTM_BRDWGD - INFO - MSE : 208.2731
2025-11-30 00:16:10,889 - BiLSTM_BRDWGD - INFO - MAE : 5.4928
2025-11-30 00:16:10,889 - BiLSTM_BRDWGD - INFO - CSI (thr=1.0 mm): 0.0000  [TP=0, FP=5, FN=6]
2025-11-30 00:16:10,889 - BiLSTM_BRDWGD - INFO - y_pred mm min/max: 0.0, 2.5729348366651275
2025-11-30 00:16:10,889 - BiLSTM_BRDWGD - INFO - y_TRUE mm min/max: 0.0, 55.400001525878906
2025-11-30 00:16:10,889 - BiLSTM_BRDWGD - INFO -  Gerando gráficos...
2025-11-30 00:16:11,233 - BiLSTM_BRDWGD - INFO -  Gráficos gerados...
2025-11-30 00:16:11,233 - BiLSTM_BRDWGD - INFO - ==========================================================================================
2025-11-30 00:16:11,233 - BiLSTM_BRDWGD - INFO - Execução finalizada com sucesso.
2025-11-30 00:16:11,233 - BiLSTM_BRDWGD - INFO - Dispositivo utilizado: cuda
2025-11-30 00:16:11,233 - BiLSTM_BRDWGD - INFO - ==========================================================================================
2025-11-30 00:16:17,270 - ARIMA_BRDWGD - INFO - ==========================================================================================
2025-11-30 00:16:17,270 - ARIMA_BRDWGD - INFO - Iniciando script ARIMA BRDWGD.
2025-11-30 00:16:17,270 - ARIMA_BRDWGD - INFO - ==========================================================================================
2025-11-30 00:16:17,272 - ARIMA_BRDWGD - INFO - Tamanho treino: 5894 | teste: 30
2025-11-30 00:16:17,272 - ARIMA_BRDWGD - INFO - [FASE 4] Iniciando busca manual por hiperparâmetros (AIC).
2025-11-30 00:24:33,099 - ARIMA_BRDWGD - INFO - Melhor order encontrado: (30, 0, 0)
2025-11-30 00:24:33,100 - ARIMA_BRDWGD - INFO - Melhor AIC (treino): -16095.51
2025-11-30 00:24:33,100 - ARIMA_BRDWGD - INFO - Tempo da Fase 4: 495.83s
2025-11-30 00:24:33,100 - ARIMA_BRDWGD - INFO - [FASE 5] Reajustando melhor modelo no conjunto de treino.
2025-11-30 00:25:11,413 - ARIMA_BRDWGD - INFO - Melhor modelo ajustado no treino.
2025-11-30 00:25:11,413 - ARIMA_BRDWGD - INFO - Tempo da Fase 5: 38.31s
2025-11-30 00:25:11,413 - ARIMA_BRDWGD - INFO - [FASE 6] Gerando previsões no conjunto de teste e avaliando métricas.
2025-11-30 00:25:11,416 - ARIMA_BRDWGD - INFO - RMSE: 9.4854
2025-11-30 00:25:11,416 - ARIMA_BRDWGD - INFO - MSE : 89.9731
2025-11-30 00:25:11,416 - ARIMA_BRDWGD - INFO - MAE : 4.5144
2025-11-30 00:25:11,416 - ARIMA_BRDWGD - INFO - CSI (thr=1.0 mm): 0.2587  [TP=1521, FP=4354, FN=4]
2025-11-30 00:25:11,416 - ARIMA_BRDWGD - INFO - [TREINO] RMSE=9.4854 | MSE=89.9731 | MAE=4.5144 | CSI=0.2587
2025-11-30 00:25:11,420 - ARIMA_BRDWGD - INFO - RMSE: 13.3585
2025-11-30 00:25:11,421 - ARIMA_BRDWGD - INFO - MSE : 178.4498
2025-11-30 00:25:11,421 - ARIMA_BRDWGD - INFO - MAE : 7.4102
2025-11-30 00:25:11,421 - ARIMA_BRDWGD - INFO - CSI (thr=1.0 mm): 0.2000  [TP=6, FP=24, FN=0]
2025-11-30 00:25:11,421 - ARIMA_BRDWGD - INFO - Tempo total da Fase 6: 0.01s
2025-11-30 00:25:11,421 - ARIMA_BRDWGD - INFO - [FASE 7] Salvando gráfico de previsão vs. observado.
2025-11-30 00:25:12,325 - ARIMA_BRDWGD - INFO - Gráfico salvo como 'arimaBRDWGD_result.png'.
2025-11-30 00:25:12,325 - ARIMA_BRDWGD - INFO - ==========================================================================================
2025-11-30 00:25:12,325 - ARIMA_BRDWGD - INFO - Execução ARIMA BRDWGD finalizada com sucesso.
2025-11-30 00:25:12,325 - ARIMA_BRDWGD - INFO - Tempo total de execução: 535.06s
2025-11-30 00:25:12,325 - ARIMA_BRDWGD - INFO - ==========================================================================================
2025-11-30 00:25:18,079 - RANDOM_FOREST_BRDWGD - INFO - ====================================================================================================
2025-11-30 00:25:18,079 - RANDOM_FOREST_BRDWGD - INFO - Iniciando Random Forest BRDWGD com GridSearchCV.
2025-11-30 00:25:18,079 - RANDOM_FOREST_BRDWGD - INFO - ====================================================================================================
2025-11-30 00:25:18,079 - RANDOM_FOREST_BRDWGD - INFO - [FASE 3] Split treino/teste e preparação.
2025-11-30 00:25:18,084 - RANDOM_FOREST_BRDWGD - INFO - [FASE 3] Treino: X=(5864, 30), y=5864 | Teste: X=(30, 30), y=30
2025-11-30 00:25:18,084 - RANDOM_FOREST_BRDWGD - INFO - [FASE 3] Tempo: 0.00s
2025-11-30 00:25:18,084 - RANDOM_FOREST_BRDWGD - INFO - [FASE 4] Iniciando GridSearchCV (TimeSeriesSplit).
2025-11-30 00:26:15,594 - RANDOM_FOREST_BRDWGD - INFO - [FASE 4] GridSearchCV concluído em 57.51s
2025-11-30 00:26:15,594 - RANDOM_FOREST_BRDWGD - INFO - [FASE 4] Melhores parâmetros: {'max_depth': 60, 'max_features': 'sqrt', 'min_samples_leaf': 4, 'min_samples_split': 10, 'n_estimators': 200}
2025-11-30 00:26:15,595 - RANDOM_FOREST_BRDWGD - INFO - [FASE 4] Melhor score (neg_MSE): -98.818296
2025-11-30 00:26:15,595 - RANDOM_FOREST_BRDWGD - INFO - [FASE 4] Tempo: 57.51s
2025-11-30 00:26:15,595 - RANDOM_FOREST_BRDWGD - INFO - [FASE 5] Treinando best_estimator_ no conjunto de treino.
2025-11-30 00:26:15,888 - RANDOM_FOREST_BRDWGD - INFO - [FASE 5] Tempo: 0.29s
2025-11-30 00:26:15,888 - RANDOM_FOREST_BRDWGD - INFO - [FASE 6] Previsão e cálculo de métricas.
2025-11-30 00:26:15,927 - RANDOM_FOREST_BRDWGD - INFO - RMSE: 7.5402
2025-11-30 00:26:15,927 - RANDOM_FOREST_BRDWGD - INFO - MSE : 56.8553
2025-11-30 00:26:15,927 - RANDOM_FOREST_BRDWGD - INFO - MAE : 3.4162
2025-11-30 00:26:15,927 - RANDOM_FOREST_BRDWGD - INFO - CSI (thr=1.0 mm): 0.3223  [TP=1491, FP=3115, FN=20]
2025-11-30 00:26:15,927 - RANDOM_FOREST_BRDWGD - INFO - [TREINO] RMSE=7.5402 | MSE=56.8553 | MAE=3.4162 | CSI=0.3223
2025-11-30 00:26:15,950 - RANDOM_FOREST_BRDWGD - INFO - y_pred raw min/max: 1.993143407697288, 10.419484206937064
2025-11-30 00:26:15,950 - RANDOM_FOREST_BRDWGD - INFO - y_TRUE raw min/max: 0.0, 55.400001525878906
2025-11-30 00:26:15,951 - RANDOM_FOREST_BRDWGD - INFO - RMSE: 12.8944
2025-11-30 00:26:15,951 - RANDOM_FOREST_BRDWGD - INFO - MSE : 166.2649
2025-11-30 00:26:15,951 - RANDOM_FOREST_BRDWGD - INFO - MAE : 7.6742
2025-11-30 00:26:15,951 - RANDOM_FOREST_BRDWGD - INFO - CSI (thr=1.0 mm): 0.2000  [TP=6, FP=24, FN=0]
2025-11-30 00:26:15,951 - RANDOM_FOREST_BRDWGD - INFO - [FASE 7] Gerando gráficos.
2025-11-30 00:26:16,651 - RANDOM_FOREST_BRDWGD - INFO - Gráfico salvo como 'random_forest_BRDWGD.png'.
2025-11-30 00:26:16,651 - RANDOM_FOREST_BRDWGD - INFO - [FASE 7] Tempo: 0.70s
2025-11-30 00:26:16,651 - RANDOM_FOREST_BRDWGD - INFO - ====================================================================================================
2025-11-30 00:26:16,651 - RANDOM_FOREST_BRDWGD - INFO - Resumo Final
2025-11-30 00:26:16,651 - RANDOM_FOREST_BRDWGD - INFO - Melhores parâmetros: {'max_depth': 60, 'max_features': 'sqrt', 'min_samples_leaf': 4, 'min_samples_split': 10, 'n_estimators': 200}
2025-11-30 00:26:16,651 - RANDOM_FOREST_BRDWGD - INFO - Tempo total de execução: 58.57s
2025-11-30 00:26:16,651 - RANDOM_FOREST_BRDWGD - INFO - ====================================================================================================
2025-11-30 00:26:22,697 - LSTM_BRDWGD - INFO - ==========================================================================================
2025-11-30 00:26:22,697 - LSTM_BRDWGD - INFO - Iniciando script LSTM (PyTorch) BRDWGD com suporte a GPU e logs detalhados.
2025-11-30 00:26:22,697 - LSTM_BRDWGD - INFO - ==========================================================================================
2025-11-30 00:26:22,697 - LSTM_BRDWGD - INFO - Iniciando experimento: lookback=30, hidden_dim=32, layers=2, lr=0.001, drop=0.5
2025-11-30 00:26:22,707 - LSTM_BRDWGD - INFO - Shape treino: torch.Size([5863, 30, 1]), teste: torch.Size([30, 30, 1])
2025-11-30 00:26:22,709 - LSTM_BRDWGD - INFO - Treinando por 500 épocas...
2025-11-30 00:26:23,034 - LSTM_BRDWGD - INFO - [EXP] Época 1/500 - Loss: 0.028002
2025-11-30 00:26:38,886 - LSTM_BRDWGD - INFO - [EXP] Época 50/500 - Loss: 0.024164
2025-11-30 00:26:55,191 - LSTM_BRDWGD - INFO - [EXP] Época 100/500 - Loss: 0.024026
2025-11-30 00:27:11,539 - LSTM_BRDWGD - INFO - [EXP] Época 150/500 - Loss: 0.024872
2025-11-30 00:27:27,925 - LSTM_BRDWGD - INFO - [EXP] Época 200/500 - Loss: 0.023975
2025-11-30 00:27:44,370 - LSTM_BRDWGD - INFO - [EXP] Época 250/500 - Loss: 0.023529
2025-11-30 00:28:00,717 - LSTM_BRDWGD - INFO - [EXP] Época 300/500 - Loss: 0.023265
2025-11-30 00:28:17,088 - LSTM_BRDWGD - INFO - [EXP] Época 350/500 - Loss: 0.023115
2025-11-30 00:28:33,462 - LSTM_BRDWGD - INFO - [EXP] Época 400/500 - Loss: 0.022729
2025-11-30 00:28:49,810 - LSTM_BRDWGD - INFO - [EXP] Época 450/500 - Loss: 0.021753
2025-11-30 00:29:06,214 - LSTM_BRDWGD - INFO - [EXP] Época 500/500 - Loss: 0.021065
2025-11-30 00:29:06,214 - LSTM_BRDWGD - INFO - Treinamento concluído em 2.73 minutos
2025-11-30 00:29:06,257 - LSTM_BRDWGD - INFO - Calculando erro para o train
2025-11-30 00:29:06,260 - LSTM_BRDWGD - INFO - RMSE: 10.6853
2025-11-30 00:29:06,260 - LSTM_BRDWGD - INFO - MSE : 114.1749
2025-11-30 00:29:06,260 - LSTM_BRDWGD - INFO - MAE : 3.4751
2025-11-30 00:29:06,260 - LSTM_BRDWGD - INFO - CSI (thr=1.0 mm): 0.0912  [TP=174, FP=406, FN=1328]
2025-11-30 00:29:06,260 - LSTM_BRDWGD - INFO - train_pred TRAIN mm min/max: 0.0, 98.6722097227372
2025-11-30 00:29:06,260 - LSTM_BRDWGD - INFO - train_TRUE TRAIN mm min/max: 0.0, 154.39999389648438
2025-11-30 00:29:06,260 - LSTM_BRDWGD - INFO -  Gerando gráficos TRAIN...
2025-11-30 00:29:06,700 - LSTM_BRDWGD - INFO -  Gráficos gerados TRAIN ...
2025-11-30 00:29:06,700 - LSTM_BRDWGD - INFO - Calculando erro para parte de teste
2025-11-30 00:29:06,702 - LSTM_BRDWGD - INFO - RMSE: 14.4952
2025-11-30 00:29:06,702 - LSTM_BRDWGD - INFO - MSE : 210.1103
2025-11-30 00:29:06,702 - LSTM_BRDWGD - INFO - MAE : 5.9768
2025-11-30 00:29:06,702 - LSTM_BRDWGD - INFO - CSI (thr=1.0 mm): 0.0833  [TP=1, FP=6, FN=5]
2025-11-30 00:29:06,702 - LSTM_BRDWGD - INFO - y_pred mm min/max: 0.0, 7.429765799841579
2025-11-30 00:29:06,702 - LSTM_BRDWGD - INFO - y_TRUE mm min/max: 0.0, 55.400001525878906
2025-11-30 00:29:06,702 - LSTM_BRDWGD - INFO -  Gerando gráficos...
2025-11-30 00:29:07,042 - LSTM_BRDWGD - INFO -  Gráficos gerados...
2025-11-30 00:29:07,042 - LSTM_BRDWGD - INFO - ==========================================================================================
2025-11-30 00:29:07,042 - LSTM_BRDWGD - INFO - Execução finalizada com sucesso.
2025-11-30 00:29:07,042 - LSTM_BRDWGD - INFO - Dispositivo utilizado: cuda
2025-11-30 00:29:07,042 - LSTM_BRDWGD - INFO - ==========================================================================================
2025-11-30 00:29:12,710 - BiLSTM_BRDWGD - INFO - ==========================================================================================
2025-11-30 00:29:12,710 - BiLSTM_BRDWGD - INFO - Iniciando script BILSTM (PyTorch) BRDWGD com suporte a GPU e logs detalhados.
2025-11-30 00:29:12,710 - BiLSTM_BRDWGD - INFO - ==========================================================================================
2025-11-30 00:29:12,710 - BiLSTM_BRDWGD - INFO - Iniciando experimento: lookback=30, hidden_dim=32, layers=2, lr=0.001, drop=0.5
2025-11-30 00:29:12,719 - BiLSTM_BRDWGD - INFO - Shape treino: torch.Size([5863, 30, 1]), teste: torch.Size([30, 30, 1])
2025-11-30 00:29:12,721 - BiLSTM_BRDWGD - INFO - Treinando por 500 épocas...
2025-11-30 00:29:13,146 - BiLSTM_BRDWGD - INFO - [EXP] Época 1/500 - Loss: 0.033189
2025-11-30 00:29:33,794 - BiLSTM_BRDWGD - INFO - [EXP] Época 50/500 - Loss: 0.024049
2025-11-30 00:29:54,804 - BiLSTM_BRDWGD - INFO - [EXP] Época 100/500 - Loss: 0.024192
2025-11-30 00:30:15,814 - BiLSTM_BRDWGD - INFO - [EXP] Época 150/500 - Loss: 0.024034
2025-11-30 00:30:36,822 - BiLSTM_BRDWGD - INFO - [EXP] Época 200/500 - Loss: 0.023764
2025-11-30 00:30:57,830 - BiLSTM_BRDWGD - INFO - [EXP] Época 250/500 - Loss: 0.023611
2025-11-30 00:31:19,091 - BiLSTM_BRDWGD - INFO - [EXP] Época 300/500 - Loss: 0.023490
2025-11-30 00:31:40,221 - BiLSTM_BRDWGD - INFO - [EXP] Época 350/500 - Loss: 0.023363
2025-11-30 00:32:00,706 - BiLSTM_BRDWGD - INFO - [EXP] Época 400/500 - Loss: 0.023075
2025-11-30 00:32:21,168 - BiLSTM_BRDWGD - INFO - [EXP] Época 450/500 - Loss: 0.022887
2025-11-30 00:32:42,066 - BiLSTM_BRDWGD - INFO - [EXP] Época 500/500 - Loss: 0.022513
2025-11-30 00:32:42,066 - BiLSTM_BRDWGD - INFO - Treinamento concluído em 3.49 minutos
2025-11-30 00:32:42,117 - BiLSTM_BRDWGD - INFO - Calculando erro para o train
2025-11-30 00:32:42,120 - BiLSTM_BRDWGD - INFO - RMSE: 10.6213
2025-11-30 00:32:42,120 - BiLSTM_BRDWGD - INFO - MSE : 112.8120
2025-11-30 00:32:42,120 - BiLSTM_BRDWGD - INFO - MAE : 3.4066
2025-11-30 00:32:42,120 - BiLSTM_BRDWGD - INFO - CSI (thr=1.0 mm): 0.0796  [TP=149, FP=369, FN=1353]
2025-11-30 00:32:42,120 - BiLSTM_BRDWGD - INFO - train_pred TRAIN mm min/max: 0.0, 125.90611560222605
2025-11-30 00:32:42,120 - BiLSTM_BRDWGD - INFO - train_TRUE TRAIN mm min/max: 0.0, 154.39999389648438
2025-11-30 00:32:42,120 - BiLSTM_BRDWGD - INFO -  Gerando gráficos TRAIN...
2025-11-30 00:32:42,544 - BiLSTM_BRDWGD - INFO -  Gráficos gerados TRAIN ...
2025-11-30 00:32:42,544 - BiLSTM_BRDWGD - INFO - Calculando erro para parte de teste
2025-11-30 00:32:42,546 - BiLSTM_BRDWGD - INFO - RMSE: 15.1237
2025-11-30 00:32:42,546 - BiLSTM_BRDWGD - INFO - MSE : 228.7249
2025-11-30 00:32:42,546 - BiLSTM_BRDWGD - INFO - MAE : 6.6071
2025-11-30 00:32:42,546 - BiLSTM_BRDWGD - INFO - CSI (thr=1.0 mm): 0.0000  [TP=0, FP=5, FN=6]
2025-11-30 00:32:42,546 - BiLSTM_BRDWGD - INFO - y_pred mm min/max: 0.016782558318527718, 23.83279895069034
2025-11-30 00:32:42,546 - BiLSTM_BRDWGD - INFO - y_TRUE mm min/max: 0.0, 55.400001525878906
2025-11-30 00:32:42,547 - BiLSTM_BRDWGD - INFO -  Gerando gráficos...
2025-11-30 00:32:42,900 - BiLSTM_BRDWGD - INFO -  Gráficos gerados...
2025-11-30 00:32:42,900 - BiLSTM_BRDWGD - INFO - ==========================================================================================
2025-11-30 00:32:42,900 - BiLSTM_BRDWGD - INFO - Execução finalizada com sucesso.
2025-11-30 00:32:42,900 - BiLSTM_BRDWGD - INFO - Dispositivo utilizado: cuda
2025-11-30 00:32:42,900 - BiLSTM_BRDWGD - INFO - ==========================================================================================
2025-11-30 00:32:48,990 - LSTM_BRDWGD - INFO - ==========================================================================================
2025-11-30 00:32:48,990 - LSTM_BRDWGD - INFO - Iniciando script LSTM (PyTorch) BRDWGD com suporte a GPU e logs detalhados.
2025-11-30 00:32:48,990 - LSTM_BRDWGD - INFO - ==========================================================================================
2025-11-30 00:32:48,991 - LSTM_BRDWGD - INFO - Iniciando experimento: lookback=30, hidden_dim=64, layers=2, lr=0.001, drop=0.5
2025-11-30 00:32:48,999 - LSTM_BRDWGD - INFO - Shape treino: torch.Size([5863, 30, 1]), teste: torch.Size([30, 30, 1])
2025-11-30 00:32:49,001 - LSTM_BRDWGD - INFO - Treinando por 500 épocas...
2025-11-30 00:32:49,322 - LSTM_BRDWGD - INFO - [EXP] Época 1/500 - Loss: 0.028090
2025-11-30 00:33:05,068 - LSTM_BRDWGD - INFO - [EXP] Época 50/500 - Loss: 0.024221
2025-11-30 00:33:21,155 - LSTM_BRDWGD - INFO - [EXP] Época 100/500 - Loss: 0.024110
2025-11-30 00:33:37,238 - LSTM_BRDWGD - INFO - [EXP] Época 150/500 - Loss: 0.024006
2025-11-30 00:33:53,319 - LSTM_BRDWGD - INFO - [EXP] Época 200/500 - Loss: 0.024605
2025-11-30 00:34:09,396 - LSTM_BRDWGD - INFO - [EXP] Época 250/500 - Loss: 0.024137
2025-11-30 00:34:25,471 - LSTM_BRDWGD - INFO - [EXP] Época 300/500 - Loss: 0.024023
2025-11-30 00:34:41,542 - LSTM_BRDWGD - INFO - [EXP] Época 350/500 - Loss: 0.023469
2025-11-30 00:34:57,612 - LSTM_BRDWGD - INFO - [EXP] Época 400/500 - Loss: 0.023280
2025-11-30 00:35:13,688 - LSTM_BRDWGD - INFO - [EXP] Época 450/500 - Loss: 0.022368
2025-11-30 00:35:29,915 - LSTM_BRDWGD - INFO - [EXP] Época 500/500 - Loss: 0.021739
2025-11-30 00:35:29,915 - LSTM_BRDWGD - INFO - Treinamento concluído em 2.68 minutos
2025-11-30 00:35:29,959 - LSTM_BRDWGD - INFO - Calculando erro para o train
2025-11-30 00:35:29,961 - LSTM_BRDWGD - INFO - RMSE: 10.6929
2025-11-30 00:35:29,961 - LSTM_BRDWGD - INFO - MSE : 114.3377
2025-11-30 00:35:29,961 - LSTM_BRDWGD - INFO - MAE : 3.4608
2025-11-30 00:35:29,962 - LSTM_BRDWGD - INFO - CSI (thr=1.0 mm): 0.0879  [TP=171, FP=443, FN=1331]
2025-11-30 00:35:29,962 - LSTM_BRDWGD - INFO - train_pred TRAIN mm min/max: 0.0, 159.09692992947586
2025-11-30 00:35:29,962 - LSTM_BRDWGD - INFO - train_TRUE TRAIN mm min/max: 0.0, 154.39999389648438
2025-11-30 00:35:29,962 - LSTM_BRDWGD - INFO -  Gerando gráficos TRAIN...
2025-11-30 00:35:30,407 - LSTM_BRDWGD - INFO -  Gráficos gerados TRAIN ...
2025-11-30 00:35:30,408 - LSTM_BRDWGD - INFO - Calculando erro para parte de teste
2025-11-30 00:35:30,410 - LSTM_BRDWGD - INFO - RMSE: 14.3741
2025-11-30 00:35:30,410 - LSTM_BRDWGD - INFO - MSE : 206.6140
2025-11-30 00:35:30,410 - LSTM_BRDWGD - INFO - MAE : 5.5166
2025-11-30 00:35:30,410 - LSTM_BRDWGD - INFO - CSI (thr=1.0 mm): 0.0000  [TP=0, FP=3, FN=6]
2025-11-30 00:35:30,410 - LSTM_BRDWGD - INFO - y_pred mm min/max: 0.0035485712660817182, 3.1825991063209718
2025-11-30 00:35:30,410 - LSTM_BRDWGD - INFO - y_TRUE mm min/max: 0.0, 55.400001525878906
2025-11-30 00:35:30,410 - LSTM_BRDWGD - INFO -  Gerando gráficos...
2025-11-30 00:35:30,759 - LSTM_BRDWGD - INFO -  Gráficos gerados...
2025-11-30 00:35:30,759 - LSTM_BRDWGD - INFO - ==========================================================================================
2025-11-30 00:35:30,759 - LSTM_BRDWGD - INFO - Execução finalizada com sucesso.
2025-11-30 00:35:30,759 - LSTM_BRDWGD - INFO - Dispositivo utilizado: cuda
2025-11-30 00:35:30,759 - LSTM_BRDWGD - INFO - ==========================================================================================
2025-11-30 00:35:36,373 - BiLSTM_BRDWGD - INFO - ==========================================================================================
2025-11-30 00:35:36,373 - BiLSTM_BRDWGD - INFO - Iniciando script BILSTM (PyTorch) BRDWGD com suporte a GPU e logs detalhados.
2025-11-30 00:35:36,373 - BiLSTM_BRDWGD - INFO - ==========================================================================================
2025-11-30 00:35:36,374 - BiLSTM_BRDWGD - INFO - Iniciando experimento: lookback=30, hidden_dim=64, layers=2, lr=0.001, drop=0.5
2025-11-30 00:35:36,382 - BiLSTM_BRDWGD - INFO - Shape treino: torch.Size([5863, 30, 1]), teste: torch.Size([30, 30, 1])
2025-11-30 00:35:36,385 - BiLSTM_BRDWGD - INFO - Treinando por 500 épocas...
2025-11-30 00:35:36,808 - BiLSTM_BRDWGD - INFO - [EXP] Época 1/500 - Loss: 0.031725
2025-11-30 00:35:57,492 - BiLSTM_BRDWGD - INFO - [EXP] Época 50/500 - Loss: 0.024074
2025-11-30 00:36:18,604 - BiLSTM_BRDWGD - INFO - [EXP] Época 100/500 - Loss: 0.024369
2025-11-30 00:36:39,583 - BiLSTM_BRDWGD - INFO - [EXP] Época 150/500 - Loss: 0.023917
2025-11-30 00:37:00,549 - BiLSTM_BRDWGD - INFO - [EXP] Época 200/500 - Loss: 0.023804
2025-11-30 00:37:21,509 - BiLSTM_BRDWGD - INFO - [EXP] Época 250/500 - Loss: 0.023825
2025-11-30 00:37:42,515 - BiLSTM_BRDWGD - INFO - [EXP] Época 300/500 - Loss: 0.023648
2025-11-30 00:38:03,983 - BiLSTM_BRDWGD - INFO - [EXP] Época 350/500 - Loss: 0.023292
2025-11-30 00:38:25,422 - BiLSTM_BRDWGD - INFO - [EXP] Época 400/500 - Loss: 0.023308
2025-11-30 00:38:46,714 - BiLSTM_BRDWGD - INFO - [EXP] Época 450/500 - Loss: 0.023334
2025-11-30 00:39:08,005 - BiLSTM_BRDWGD - INFO - [EXP] Época 500/500 - Loss: 0.023107
2025-11-30 00:39:08,005 - BiLSTM_BRDWGD - INFO - Treinamento concluído em 3.53 minutos
2025-11-30 00:39:08,077 - BiLSTM_BRDWGD - INFO - Calculando erro para o train
2025-11-30 00:39:08,080 - BiLSTM_BRDWGD - INFO - RMSE: 10.1874
2025-11-30 00:39:08,080 - BiLSTM_BRDWGD - INFO - MSE : 103.7823
2025-11-30 00:39:08,080 - BiLSTM_BRDWGD - INFO - MAE : 3.2929
2025-11-30 00:39:08,080 - BiLSTM_BRDWGD - INFO - CSI (thr=1.0 mm): 0.0951  [TP=183, FP=422, FN=1319]
2025-11-30 00:39:08,080 - BiLSTM_BRDWGD - INFO - train_pred TRAIN mm min/max: 0.0, 70.94711441641066
2025-11-30 00:39:08,080 - BiLSTM_BRDWGD - INFO - train_TRUE TRAIN mm min/max: 0.0, 154.39999389648438
2025-11-30 00:39:08,080 - BiLSTM_BRDWGD - INFO -  Gerando gráficos TRAIN...
2025-11-30 00:39:08,506 - BiLSTM_BRDWGD - INFO -  Gráficos gerados TRAIN ...
2025-11-30 00:39:08,506 - BiLSTM_BRDWGD - INFO - Calculando erro para parte de teste
2025-11-30 00:39:08,508 - BiLSTM_BRDWGD - INFO - RMSE: 14.5086
2025-11-30 00:39:08,508 - BiLSTM_BRDWGD - INFO - MSE : 210.4982
2025-11-30 00:39:08,508 - BiLSTM_BRDWGD - INFO - MAE : 5.7541
2025-11-30 00:39:08,508 - BiLSTM_BRDWGD - INFO - CSI (thr=1.0 mm): 0.0000  [TP=0, FP=3, FN=6]
2025-11-30 00:39:08,508 - BiLSTM_BRDWGD - INFO - y_pred mm min/max: 0.0, 6.827846393731406
2025-11-30 00:39:08,508 - BiLSTM_BRDWGD - INFO - y_TRUE mm min/max: 0.0, 55.400001525878906
2025-11-30 00:39:08,508 - BiLSTM_BRDWGD - INFO -  Gerando gráficos...
2025-11-30 00:39:08,785 - BiLSTM_BRDWGD - INFO -  Gráficos gerados...
2025-11-30 00:39:08,785 - BiLSTM_BRDWGD - INFO - ==========================================================================================
2025-11-30 00:39:08,785 - BiLSTM_BRDWGD - INFO - Execução finalizada com sucesso.
2025-11-30 00:39:08,785 - BiLSTM_BRDWGD - INFO - Dispositivo utilizado: cuda
2025-11-30 00:39:08,785 - BiLSTM_BRDWGD - INFO - ==========================================================================================
2025-11-30 00:39:14,847 - LSTM_BRDWGD - INFO - ==========================================================================================
2025-11-30 00:39:14,848 - LSTM_BRDWGD - INFO - Iniciando script LSTM (PyTorch) BRDWGD com suporte a GPU e logs detalhados.
2025-11-30 00:39:14,848 - LSTM_BRDWGD - INFO - ==========================================================================================
2025-11-30 00:39:14,848 - LSTM_BRDWGD - INFO - Iniciando experimento: lookback=30, hidden_dim=128, layers=2, lr=0.001, drop=0.5
2025-11-30 00:39:14,854 - LSTM_BRDWGD - INFO - Shape treino: torch.Size([5863, 30, 1]), teste: torch.Size([30, 30, 1])
2025-11-30 00:39:14,856 - LSTM_BRDWGD - INFO - Treinando por 500 épocas...
2025-11-30 00:39:15,178 - LSTM_BRDWGD - INFO - [EXP] Época 1/500 - Loss: 0.025756
2025-11-30 00:39:31,071 - LSTM_BRDWGD - INFO - [EXP] Época 50/500 - Loss: 0.024054
2025-11-30 00:39:47,378 - LSTM_BRDWGD - INFO - [EXP] Época 100/500 - Loss: 0.024068
2025-11-30 00:40:03,683 - LSTM_BRDWGD - INFO - [EXP] Época 150/500 - Loss: 0.024112
2025-11-30 00:40:20,003 - LSTM_BRDWGD - INFO - [EXP] Época 200/500 - Loss: 0.023851
2025-11-30 00:40:36,486 - LSTM_BRDWGD - INFO - [EXP] Época 250/500 - Loss: 0.023517
2025-11-30 00:40:52,964 - LSTM_BRDWGD - INFO - [EXP] Época 300/500 - Loss: 0.023525
2025-11-30 00:41:09,445 - LSTM_BRDWGD - INFO - [EXP] Época 350/500 - Loss: 0.023131
2025-11-30 00:41:25,801 - LSTM_BRDWGD - INFO - [EXP] Época 400/500 - Loss: 0.024167
2025-11-30 00:41:42,342 - LSTM_BRDWGD - INFO - [EXP] Época 450/500 - Loss: 0.023724
2025-11-30 00:41:58,748 - LSTM_BRDWGD - INFO - [EXP] Época 500/500 - Loss: 0.022908
2025-11-30 00:41:58,748 - LSTM_BRDWGD - INFO - Treinamento concluído em 2.73 minutos
2025-11-30 00:41:58,845 - LSTM_BRDWGD - INFO - Calculando erro para o train
2025-11-30 00:41:58,847 - LSTM_BRDWGD - INFO - RMSE: 10.4276
2025-11-30 00:41:58,847 - LSTM_BRDWGD - INFO - MSE : 108.7342
2025-11-30 00:41:58,847 - LSTM_BRDWGD - INFO - MAE : 3.2891
2025-11-30 00:41:58,847 - LSTM_BRDWGD - INFO - CSI (thr=1.0 mm): 0.0729  [TP=132, FP=308, FN=1370]
2025-11-30 00:41:58,848 - LSTM_BRDWGD - INFO - train_pred TRAIN mm min/max: 0.0, 92.60161714648943
2025-11-30 00:41:58,848 - LSTM_BRDWGD - INFO - train_TRUE TRAIN mm min/max: 0.0, 154.39999389648438
2025-11-30 00:41:58,848 - LSTM_BRDWGD - INFO -  Gerando gráficos TRAIN...
2025-11-30 00:41:59,289 - LSTM_BRDWGD - INFO -  Gráficos gerados TRAIN ...
2025-11-30 00:41:59,289 - LSTM_BRDWGD - INFO - Calculando erro para parte de teste
2025-11-30 00:41:59,291 - LSTM_BRDWGD - INFO - RMSE: 14.4037
2025-11-30 00:41:59,291 - LSTM_BRDWGD - INFO - MSE : 207.4668
2025-11-30 00:41:59,291 - LSTM_BRDWGD - INFO - MAE : 5.4005
2025-11-30 00:41:59,291 - LSTM_BRDWGD - INFO - CSI (thr=1.0 mm): 0.0000  [TP=0, FP=2, FN=6]
2025-11-30 00:41:59,291 - LSTM_BRDWGD - INFO - y_pred mm min/max: 0.0, 2.067403607832378
2025-11-30 00:41:59,291 - LSTM_BRDWGD - INFO - y_TRUE mm min/max: 0.0, 55.400001525878906
2025-11-30 00:41:59,291 - LSTM_BRDWGD - INFO -  Gerando gráficos...
2025-11-30 00:41:59,600 - LSTM_BRDWGD - INFO -  Gráficos gerados...
2025-11-30 00:41:59,600 - LSTM_BRDWGD - INFO - ==========================================================================================
2025-11-30 00:41:59,600 - LSTM_BRDWGD - INFO - Execução finalizada com sucesso.
2025-11-30 00:41:59,600 - LSTM_BRDWGD - INFO - Dispositivo utilizado: cuda
2025-11-30 00:41:59,600 - LSTM_BRDWGD - INFO - ==========================================================================================
2025-11-30 00:42:05,273 - BiLSTM_BRDWGD - INFO - ==========================================================================================
2025-11-30 00:42:05,273 - BiLSTM_BRDWGD - INFO - Iniciando script BILSTM (PyTorch) BRDWGD com suporte a GPU e logs detalhados.
2025-11-30 00:42:05,273 - BiLSTM_BRDWGD - INFO - ==========================================================================================
2025-11-30 00:42:05,273 - BiLSTM_BRDWGD - INFO - Iniciando experimento: lookback=30, hidden_dim=128, layers=2, lr=0.001, drop=0.5
2025-11-30 00:42:05,281 - BiLSTM_BRDWGD - INFO - Shape treino: torch.Size([5863, 30, 1]), teste: torch.Size([30, 30, 1])
2025-11-30 00:42:05,286 - BiLSTM_BRDWGD - INFO - Treinando por 500 épocas...
2025-11-30 00:42:05,738 - BiLSTM_BRDWGD - INFO - [EXP] Época 1/500 - Loss: 0.028520
2025-11-30 00:42:26,987 - BiLSTM_BRDWGD - INFO - [EXP] Época 50/500 - Loss: 0.024062
2025-11-30 00:42:48,698 - BiLSTM_BRDWGD - INFO - [EXP] Época 100/500 - Loss: 0.024033
2025-11-30 00:43:10,451 - BiLSTM_BRDWGD - INFO - [EXP] Época 150/500 - Loss: 0.023925
2025-11-30 00:43:32,212 - BiLSTM_BRDWGD - INFO - [EXP] Época 200/500 - Loss: 0.023949
2025-11-30 00:43:53,968 - BiLSTM_BRDWGD - INFO - [EXP] Época 250/500 - Loss: 0.023826
2025-11-30 00:44:15,722 - BiLSTM_BRDWGD - INFO - [EXP] Época 300/500 - Loss: 0.023521
2025-11-30 00:44:37,474 - BiLSTM_BRDWGD - INFO - [EXP] Época 350/500 - Loss: 0.023410
2025-11-30 00:44:59,227 - BiLSTM_BRDWGD - INFO - [EXP] Época 400/500 - Loss: 0.023178
2025-11-30 00:45:20,980 - BiLSTM_BRDWGD - INFO - [EXP] Época 450/500 - Loss: 0.023019
2025-11-30 00:45:42,730 - BiLSTM_BRDWGD - INFO - [EXP] Época 500/500 - Loss: 0.022890
2025-11-30 00:45:42,730 - BiLSTM_BRDWGD - INFO - Treinamento concluído em 3.62 minutos
2025-11-30 00:45:42,914 - BiLSTM_BRDWGD - INFO - Calculando erro para o train
2025-11-30 00:45:42,917 - BiLSTM_BRDWGD - INFO - RMSE: 10.2627
2025-11-30 00:45:42,917 - BiLSTM_BRDWGD - INFO - MSE : 105.3237
2025-11-30 00:45:42,917 - BiLSTM_BRDWGD - INFO - MAE : 3.2824
2025-11-30 00:45:42,917 - BiLSTM_BRDWGD - INFO - CSI (thr=1.0 mm): 0.0830  [TP=160, FP=425, FN=1342]
2025-11-30 00:45:42,917 - BiLSTM_BRDWGD - INFO - train_pred TRAIN mm min/max: 0.0, 122.92154141190473
2025-11-30 00:45:42,917 - BiLSTM_BRDWGD - INFO - train_TRUE TRAIN mm min/max: 0.0, 154.39999389648438
2025-11-30 00:45:42,917 - BiLSTM_BRDWGD - INFO -  Gerando gráficos TRAIN...
2025-11-30 00:45:43,357 - BiLSTM_BRDWGD - INFO -  Gráficos gerados TRAIN ...
2025-11-30 00:45:43,357 - BiLSTM_BRDWGD - INFO - Calculando erro para parte de teste
2025-11-30 00:45:43,359 - BiLSTM_BRDWGD - INFO - RMSE: 14.4404
2025-11-30 00:45:43,359 - BiLSTM_BRDWGD - INFO - MSE : 208.5258
2025-11-30 00:45:43,359 - BiLSTM_BRDWGD - INFO - MAE : 5.5615
2025-11-30 00:45:43,360 - BiLSTM_BRDWGD - INFO - CSI (thr=1.0 mm): 0.0000  [TP=0, FP=4, FN=6]
2025-11-30 00:45:43,360 - BiLSTM_BRDWGD - INFO - y_pred mm min/max: 0.0, 3.640032086684953
2025-11-30 00:45:43,360 - BiLSTM_BRDWGD - INFO - y_TRUE mm min/max: 0.0, 55.400001525878906
2025-11-30 00:45:43,360 - BiLSTM_BRDWGD - INFO -  Gerando gráficos...
2025-11-30 00:45:43,705 - BiLSTM_BRDWGD - INFO -  Gráficos gerados...
2025-11-30 00:45:43,705 - BiLSTM_BRDWGD - INFO - ==========================================================================================
2025-11-30 00:45:43,705 - BiLSTM_BRDWGD - INFO - Execução finalizada com sucesso.
2025-11-30 00:45:43,705 - BiLSTM_BRDWGD - INFO - Dispositivo utilizado: cuda
2025-11-30 00:45:43,705 - BiLSTM_BRDWGD - INFO - ==========================================================================================
2025-11-30 00:45:49,814 - LSTM_BRDWGD - INFO - ==========================================================================================
2025-11-30 00:45:49,814 - LSTM_BRDWGD - INFO - Iniciando script LSTM (PyTorch) BRDWGD com suporte a GPU e logs detalhados.
2025-11-30 00:45:49,814 - LSTM_BRDWGD - INFO - ==========================================================================================
2025-11-30 00:45:49,814 - LSTM_BRDWGD - INFO - Iniciando experimento: lookback=30, hidden_dim=256, layers=2, lr=0.001, drop=0.5
2025-11-30 00:45:49,822 - LSTM_BRDWGD - INFO - Shape treino: torch.Size([5863, 30, 1]), teste: torch.Size([30, 30, 1])
2025-11-30 00:45:49,827 - LSTM_BRDWGD - INFO - Treinando por 500 épocas...
2025-11-30 00:45:50,367 - LSTM_BRDWGD - INFO - [EXP] Época 1/500 - Loss: 0.026682
2025-11-30 00:46:16,458 - LSTM_BRDWGD - INFO - [EXP] Época 50/500 - Loss: 0.024183
2025-11-30 00:46:43,074 - LSTM_BRDWGD - INFO - [EXP] Época 100/500 - Loss: 0.024163
2025-11-30 00:47:09,698 - LSTM_BRDWGD - INFO - [EXP] Época 150/500 - Loss: 0.023911
2025-11-30 00:47:36,332 - LSTM_BRDWGD - INFO - [EXP] Época 200/500 - Loss: 0.023731
2025-11-30 00:48:02,967 - LSTM_BRDWGD - INFO - [EXP] Época 250/500 - Loss: 0.023198
2025-11-30 00:48:29,697 - LSTM_BRDWGD - INFO - [EXP] Época 300/500 - Loss: 0.022905
2025-11-30 00:48:56,614 - LSTM_BRDWGD - INFO - [EXP] Época 350/500 - Loss: 0.024161
2025-11-30 00:49:23,789 - LSTM_BRDWGD - INFO - [EXP] Época 400/500 - Loss: 0.024509
2025-11-30 00:49:50,981 - LSTM_BRDWGD - INFO - [EXP] Época 450/500 - Loss: 0.024429
2025-11-30 00:50:18,120 - LSTM_BRDWGD - INFO - [EXP] Época 500/500 - Loss: 0.024313
2025-11-30 00:50:18,120 - LSTM_BRDWGD - INFO - Treinamento concluído em 4.47 minutos
2025-11-30 00:50:18,255 - LSTM_BRDWGD - INFO - Calculando erro para o train
2025-11-30 00:50:18,258 - LSTM_BRDWGD - INFO - RMSE: 10.0745
2025-11-30 00:50:18,258 - LSTM_BRDWGD - INFO - MSE : 101.4957
2025-11-30 00:50:18,258 - LSTM_BRDWGD - INFO - MAE : 3.1504
2025-11-30 00:50:18,258 - LSTM_BRDWGD - INFO - CSI (thr=1.0 mm): 0.0508  [TP=86, FP=191, FN=1416]
2025-11-30 00:50:18,258 - LSTM_BRDWGD - INFO - train_pred TRAIN mm min/max: 0.0, 11.900049271769289
2025-11-30 00:50:18,258 - LSTM_BRDWGD - INFO - train_TRUE TRAIN mm min/max: 0.0, 154.39999389648438
2025-11-30 00:50:18,258 - LSTM_BRDWGD - INFO -  Gerando gráficos TRAIN...
2025-11-30 00:50:18,685 - LSTM_BRDWGD - INFO -  Gráficos gerados TRAIN ...
2025-11-30 00:50:18,685 - LSTM_BRDWGD - INFO - Calculando erro para parte de teste
2025-11-30 00:50:18,687 - LSTM_BRDWGD - INFO - RMSE: 14.4712
2025-11-30 00:50:18,687 - LSTM_BRDWGD - INFO - MSE : 209.4168
2025-11-30 00:50:18,687 - LSTM_BRDWGD - INFO - MAE : 5.6371
2025-11-30 00:50:18,687 - LSTM_BRDWGD - INFO - CSI (thr=1.0 mm): 0.0000  [TP=0, FP=4, FN=6]
2025-11-30 00:50:18,688 - LSTM_BRDWGD - INFO - y_pred mm min/max: 0.0, 5.270148130940536
2025-11-30 00:50:18,688 - LSTM_BRDWGD - INFO - y_TRUE mm min/max: 0.0, 55.400001525878906
2025-11-30 00:50:18,688 - LSTM_BRDWGD - INFO -  Gerando gráficos...
2025-11-30 00:50:18,988 - LSTM_BRDWGD - INFO -  Gráficos gerados...
2025-11-30 00:50:18,988 - LSTM_BRDWGD - INFO - ==========================================================================================
2025-11-30 00:50:18,988 - LSTM_BRDWGD - INFO - Execução finalizada com sucesso.
2025-11-30 00:50:18,988 - LSTM_BRDWGD - INFO - Dispositivo utilizado: cuda
2025-11-30 00:50:18,988 - LSTM_BRDWGD - INFO - ==========================================================================================
2025-11-30 00:50:24,649 - BiLSTM_BRDWGD - INFO - ==========================================================================================
2025-11-30 00:50:24,650 - BiLSTM_BRDWGD - INFO - Iniciando script BILSTM (PyTorch) BRDWGD com suporte a GPU e logs detalhados.
2025-11-30 00:50:24,650 - BiLSTM_BRDWGD - INFO - ==========================================================================================
2025-11-30 00:50:24,650 - BiLSTM_BRDWGD - INFO - Iniciando experimento: lookback=30, hidden_dim=256, layers=2, lr=0.001, drop=0.5
2025-11-30 00:50:24,656 - BiLSTM_BRDWGD - INFO - Shape treino: torch.Size([5863, 30, 1]), teste: torch.Size([30, 30, 1])
2025-11-30 00:50:24,669 - BiLSTM_BRDWGD - INFO - Treinando por 500 épocas...
2025-11-30 00:50:25,520 - BiLSTM_BRDWGD - INFO - [EXP] Época 1/500 - Loss: 0.028273
2025-11-30 00:51:07,174 - BiLSTM_BRDWGD - INFO - [EXP] Época 50/500 - Loss: 0.024078
2025-11-30 00:51:50,321 - BiLSTM_BRDWGD - INFO - [EXP] Época 100/500 - Loss: 0.025244
2025-11-30 00:52:32,940 - BiLSTM_BRDWGD - INFO - [EXP] Época 150/500 - Loss: 0.024087
2025-11-30 00:53:15,427 - BiLSTM_BRDWGD - INFO - [EXP] Época 200/500 - Loss: 0.023964
2025-11-30 00:53:58,060 - BiLSTM_BRDWGD - INFO - [EXP] Época 250/500 - Loss: 0.023776
2025-11-30 00:54:40,563 - BiLSTM_BRDWGD - INFO - [EXP] Época 300/500 - Loss: 0.023729
2025-11-30 00:55:23,062 - BiLSTM_BRDWGD - INFO - [EXP] Época 350/500 - Loss: 0.023514
2025-11-30 00:56:05,658 - BiLSTM_BRDWGD - INFO - [EXP] Época 400/500 - Loss: 0.023819
2025-11-30 00:56:48,694 - BiLSTM_BRDWGD - INFO - [EXP] Época 450/500 - Loss: 0.023133
2025-11-30 00:57:31,440 - BiLSTM_BRDWGD - INFO - [EXP] Época 500/500 - Loss: 0.022904
2025-11-30 00:57:31,440 - BiLSTM_BRDWGD - INFO - Treinamento concluído em 7.11 minutos
2025-11-30 00:57:31,686 - BiLSTM_BRDWGD - INFO - Calculando erro para o train
2025-11-30 00:57:31,689 - BiLSTM_BRDWGD - INFO - RMSE: 10.2365
2025-11-30 00:57:31,689 - BiLSTM_BRDWGD - INFO - MSE : 104.7850
2025-11-30 00:57:31,689 - BiLSTM_BRDWGD - INFO - MAE : 3.3279
2025-11-30 00:57:31,689 - BiLSTM_BRDWGD - INFO - CSI (thr=1.0 mm): 0.0988  [TP=203, FP=552, FN=1299]
2025-11-30 00:57:31,689 - BiLSTM_BRDWGD - INFO - train_pred TRAIN mm min/max: 0.0, 87.535426100147
2025-11-30 00:57:31,689 - BiLSTM_BRDWGD - INFO - train_TRUE TRAIN mm min/max: 0.0, 154.39999389648438
2025-11-30 00:57:31,689 - BiLSTM_BRDWGD - INFO -  Gerando gráficos TRAIN...
2025-11-30 00:57:32,132 - BiLSTM_BRDWGD - INFO -  Gráficos gerados TRAIN ...
2025-11-30 00:57:32,132 - BiLSTM_BRDWGD - INFO - Calculando erro para parte de teste
2025-11-30 00:57:32,134 - BiLSTM_BRDWGD - INFO - RMSE: 14.4366
2025-11-30 00:57:32,134 - BiLSTM_BRDWGD - INFO - MSE : 208.4147
2025-11-30 00:57:32,135 - BiLSTM_BRDWGD - INFO - MAE : 5.5509
2025-11-30 00:57:32,135 - BiLSTM_BRDWGD - INFO - CSI (thr=1.0 mm): 0.0000  [TP=0, FP=4, FN=6]
2025-11-30 00:57:32,135 - BiLSTM_BRDWGD - INFO - y_pred mm min/max: 0.0, 3.236254071499643
2025-11-30 00:57:32,135 - BiLSTM_BRDWGD - INFO - y_TRUE mm min/max: 0.0, 55.400001525878906
2025-11-30 00:57:32,135 - BiLSTM_BRDWGD - INFO -  Gerando gráficos...
2025-11-30 00:57:32,794 - BiLSTM_BRDWGD - INFO -  Gráficos gerados...
2025-11-30 00:57:32,794 - BiLSTM_BRDWGD - INFO - ==========================================================================================
2025-11-30 00:57:32,794 - BiLSTM_BRDWGD - INFO - Execução finalizada com sucesso.
2025-11-30 00:57:32,794 - BiLSTM_BRDWGD - INFO - Dispositivo utilizado: cuda
2025-11-30 00:57:32,794 - BiLSTM_BRDWGD - INFO - ==========================================================================================
2025-11-30 00:57:34,258 - MAIN_BRDWGD - INFO - Arquivo '../results/BRDWGD/metricas/resultados_BRDWGD.csv' gerado com sucesso!
