2025-11-30 14:36:00,482 - MAIN_MERGE - INFO - GPU detectada: NVIDIA GeForce RTX 3060
2025-11-30 14:36:00,483 - MAIN_MERGE - INFO - Memória disponível: 12.48 GB
2025-11-30 14:36:00,483 - MAIN_MERGE - INFO - [FASE 1] Carregando e pré-processando dados...
2025-11-30 14:44:32,157 - MAIN_MERGE - INFO - GPU detectada: NVIDIA GeForce RTX 3060
2025-11-30 14:44:32,157 - MAIN_MERGE - INFO - Memória disponível: 12.48 GB
2025-11-30 14:44:32,157 - MAIN_MERGE - INFO - [FASE 1] Carregando e pré-processando dados...
2025-11-30 14:55:59,475 - MAIN_MERGE - INFO - Dados carregados com 10143 registros.
2025-11-30 14:55:59,531 - MAIN_MERGE - INFO - Período: 1998-01-02 00:00:00 → 2025-10-09 00:00:00
2025-11-30 14:56:00,132 - MAIN_MERGE - INFO - Primeiras linhas:
             chuva
data              
1998-01-02   0.000
1998-01-03   0.000
1998-01-04  32.625
1998-01-05   1.875
1998-01-06   1.000
2025-11-30 14:56:00,132 - MAIN_MERGE - INFO - [FASE 2] Criando features temporais e estatísticas...
2025-11-30 14:56:00,132 - MAIN_MERGE - INFO - Engenharia de features concluída. Total de colunas: 1
2025-11-30 14:56:00,132 - MAIN_MERGE - INFO - Colunas criadas: ['chuva']
2025-11-30 14:56:00,132 - MAIN_MERGE - INFO - Tempo total da Fase 2: 687.97 segundos.
2025-11-30 14:56:00,132 - MAIN_MERGE - INFO - [FASE 3] Normalizando e criando sequências...
2025-11-30 14:56:09,130 - ARIMA_MERGE - INFO - ==========================================================================================
2025-11-30 14:56:09,130 - ARIMA_MERGE - INFO - Iniciando script ARIMA MERGE.
2025-11-30 14:56:09,130 - ARIMA_MERGE - INFO - ==========================================================================================
2025-11-30 14:56:09,131 - ARIMA_MERGE - INFO - Tamanho treino: 10113 | teste: 30
2025-11-30 14:56:09,131 - ARIMA_MERGE - INFO - [FASE 4] Iniciando busca manual por hiperparâmetros (AIC).
2025-11-30 15:12:32,070 - ARIMA_MERGE - INFO - Melhor order encontrado: (30, 0, 0)
2025-11-30 15:12:32,071 - ARIMA_MERGE - INFO - Melhor AIC (treino): -23571.78
2025-11-30 15:12:32,071 - ARIMA_MERGE - INFO - Tempo da Fase 4: 982.94s
2025-11-30 15:12:32,071 - ARIMA_MERGE - INFO - [FASE 5] Reajustando melhor modelo no conjunto de treino.
2025-11-30 15:14:16,069 - ARIMA_MERGE - INFO - Melhor modelo ajustado no treino.
2025-11-30 15:14:16,070 - ARIMA_MERGE - INFO - Tempo da Fase 5: 104.00s
2025-11-30 15:14:16,070 - ARIMA_MERGE - INFO - [FASE 6] Gerando previsões no conjunto de teste e avaliando métricas.
2025-11-30 15:14:16,421 - ARIMA_MERGE - INFO - RMSE: 6.7734
2025-11-30 15:14:16,422 - ARIMA_MERGE - INFO - MSE : 45.8787
2025-11-30 15:14:16,422 - ARIMA_MERGE - INFO - MAE : 3.4876
2025-11-30 15:14:16,422 - ARIMA_MERGE - INFO - CSI (thr=1.0 mm): 0.2724  [TP=2754, FP=7351, FN=4]
2025-11-30 15:14:16,422 - ARIMA_MERGE - INFO - [TREINO] RMSE=6.7734 | MSE=45.8787 | MAE=3.4876 | CSI=0.2724
2025-11-30 15:14:16,501 - ARIMA_MERGE - INFO - RMSE: 3.0177
2025-11-30 15:14:16,501 - ARIMA_MERGE - INFO - MSE : 9.1067
2025-11-30 15:14:16,501 - ARIMA_MERGE - INFO - MAE : 2.5906
2025-11-30 15:14:16,501 - ARIMA_MERGE - INFO - CSI (thr=1.0 mm): 0.2000  [TP=6, FP=24, FN=0]
2025-11-30 15:14:16,501 - ARIMA_MERGE - INFO - Tempo total da Fase 6: 0.43s
2025-11-30 15:14:16,501 - ARIMA_MERGE - INFO - [FASE 7] Salvando gráfico de previsão vs. observado.
2025-11-30 15:14:41,056 - ARIMA_MERGE - INFO - Gráfico salvo como 'arimaMERGE_result.png'.
2025-11-30 15:14:41,057 - ARIMA_MERGE - INFO - ==========================================================================================
2025-11-30 15:14:41,057 - ARIMA_MERGE - INFO - Execução ARIMA MERGE finalizada com sucesso.
2025-11-30 15:14:41,057 - ARIMA_MERGE - INFO - Tempo total de execução: 1111.93s
2025-11-30 15:14:41,057 - ARIMA_MERGE - INFO - ==========================================================================================
2025-11-30 15:14:46,850 - RANDOM_FOREST_MERGE - INFO - ====================================================================================================
2025-11-30 15:14:46,850 - RANDOM_FOREST_MERGE - INFO - Iniciando Random Forest MERGE com GridSearchCV.
2025-11-30 15:14:46,850 - RANDOM_FOREST_MERGE - INFO - ====================================================================================================
2025-11-30 15:14:46,850 - RANDOM_FOREST_MERGE - INFO - [FASE 3] Split treino/teste e preparação.
2025-11-30 15:14:46,856 - RANDOM_FOREST_MERGE - INFO - [FASE 3] Treino: X=(10083, 30), y=10083 | Teste: X=(30, 30), y=30
2025-11-30 15:14:46,856 - RANDOM_FOREST_MERGE - INFO - [FASE 3] Tempo: 0.01s
2025-11-30 15:14:46,856 - RANDOM_FOREST_MERGE - INFO - [FASE 4] Iniciando GridSearchCV (TimeSeriesSplit).
2025-11-30 15:19:03,548 - RANDOM_FOREST_MERGE - INFO - [FASE 4] GridSearchCV concluído em 256.69s
2025-11-30 15:19:03,549 - RANDOM_FOREST_MERGE - INFO - [FASE 4] Melhores parâmetros: {'max_depth': None, 'max_features': 'sqrt', 'min_samples_leaf': 4, 'min_samples_split': 10, 'n_estimators': 400}
2025-11-30 15:19:03,549 - RANDOM_FOREST_MERGE - INFO - [FASE 4] Melhor score (neg_MSE): -44.966315
2025-11-30 15:19:03,549 - RANDOM_FOREST_MERGE - INFO - [FASE 4] Tempo: 256.69s
2025-11-30 15:19:03,550 - RANDOM_FOREST_MERGE - INFO - [FASE 5] Treinando best_estimator_ no conjunto de treino.
2025-11-30 15:19:04,301 - RANDOM_FOREST_MERGE - INFO - [FASE 5] Tempo: 0.75s
2025-11-30 15:19:04,301 - RANDOM_FOREST_MERGE - INFO - [FASE 6] Previsão e cálculo de métricas.
2025-11-30 15:19:04,390 - RANDOM_FOREST_MERGE - INFO - RMSE: 5.1608
2025-11-30 15:19:04,390 - RANDOM_FOREST_MERGE - INFO - MSE : 26.6336
2025-11-30 15:19:04,390 - RANDOM_FOREST_MERGE - INFO - MAE : 2.5502
2025-11-30 15:19:04,390 - RANDOM_FOREST_MERGE - INFO - CSI (thr=1.0 mm): 0.3691  [TP=2706, FP=4580, FN=45]
2025-11-30 15:19:04,390 - RANDOM_FOREST_MERGE - INFO - [TREINO] RMSE=5.1608 | MSE=26.6336 | MAE=2.5502 | CSI=0.3691
2025-11-30 15:19:04,425 - RANDOM_FOREST_MERGE - INFO - y_pred raw min/max: 0.4113597184925334, 6.764372335906768
2025-11-30 15:19:04,425 - RANDOM_FOREST_MERGE - INFO - y_TRUE raw min/max: 0.0, 10.62500000066143
2025-11-30 15:19:04,425 - RANDOM_FOREST_MERGE - INFO - RMSE: 3.0398
2025-11-30 15:19:04,426 - RANDOM_FOREST_MERGE - INFO - MSE : 9.2406
2025-11-30 15:19:04,426 - RANDOM_FOREST_MERGE - INFO - MAE : 1.9900
2025-11-30 15:19:04,426 - RANDOM_FOREST_MERGE - INFO - CSI (thr=1.0 mm): 0.1905  [TP=4, FP=15, FN=2]
2025-11-30 15:19:04,426 - RANDOM_FOREST_MERGE - INFO - [FASE 7] Gerando gráficos.
2025-11-30 15:19:05,431 - RANDOM_FOREST_MERGE - INFO - Gráfico salvo como 'random_forest_MERGE.png'.
2025-11-30 15:19:05,431 - RANDOM_FOREST_MERGE - INFO - [FASE 7] Tempo: 1.01s
2025-11-30 15:19:05,431 - RANDOM_FOREST_MERGE - INFO - ====================================================================================================
2025-11-30 15:19:05,431 - RANDOM_FOREST_MERGE - INFO - Resumo Final
2025-11-30 15:19:05,431 - RANDOM_FOREST_MERGE - INFO - Melhores parâmetros: {'max_depth': None, 'max_features': 'sqrt', 'min_samples_leaf': 4, 'min_samples_split': 10, 'n_estimators': 400}
2025-11-30 15:19:05,431 - RANDOM_FOREST_MERGE - INFO - Tempo total de execução: 258.58s
2025-11-30 15:19:05,431 - RANDOM_FOREST_MERGE - INFO - ====================================================================================================
2025-11-30 15:19:12,373 - LSTM_MERGE - INFO - ==========================================================================================
2025-11-30 15:19:12,374 - LSTM_MERGE - INFO - Iniciando script LSTM (PyTorch) MERGE com suporte a GPU e logs detalhados.
2025-11-30 15:19:12,374 - LSTM_MERGE - INFO - ==========================================================================================
2025-11-30 15:19:12,374 - LSTM_MERGE - INFO - Iniciando experimento: lookback=30, hidden_dim=32, layers=2, lr=0.001, drop=0.5
2025-11-30 15:19:17,518 - LSTM_MERGE - INFO - Shape treino: torch.Size([10082, 30, 1]), teste: torch.Size([30, 30, 1])
2025-11-30 15:19:29,891 - LSTM_MERGE - INFO - Treinando por 500 épocas...
2025-11-30 15:19:37,041 - LSTM_MERGE - INFO - [EXP] Época 1/500 - Loss: 0.036816
2025-11-30 15:20:09,577 - LSTM_MERGE - INFO - [EXP] Época 50/500 - Loss: 0.033518
2025-11-30 15:20:37,948 - LSTM_MERGE - INFO - [EXP] Época 100/500 - Loss: 0.033296
2025-11-30 15:21:05,768 - LSTM_MERGE - INFO - [EXP] Época 150/500 - Loss: 0.033129
2025-11-30 15:21:33,888 - LSTM_MERGE - INFO - [EXP] Época 200/500 - Loss: 0.032711
2025-11-30 15:22:02,129 - LSTM_MERGE - INFO - [EXP] Época 250/500 - Loss: 0.032091
2025-11-30 15:22:29,999 - LSTM_MERGE - INFO - [EXP] Época 300/500 - Loss: 0.031139
2025-11-30 15:22:58,012 - LSTM_MERGE - INFO - [EXP] Época 350/500 - Loss: 0.029839
2025-11-30 15:23:26,183 - LSTM_MERGE - INFO - [EXP] Época 400/500 - Loss: 0.029280
2025-11-30 15:23:54,139 - LSTM_MERGE - INFO - [EXP] Época 450/500 - Loss: 0.027372
2025-11-30 15:24:22,195 - LSTM_MERGE - INFO - [EXP] Época 500/500 - Loss: 0.026627
2025-11-30 15:24:22,196 - LSTM_MERGE - INFO - Treinamento concluído em 4.87 minutos
2025-11-30 15:24:22,498 - LSTM_MERGE - INFO - Calculando erro para o train
2025-11-30 15:24:22,548 - LSTM_MERGE - INFO - RMSE: 7.9443
2025-11-30 15:24:22,548 - LSTM_MERGE - INFO - MSE : 63.1115
2025-11-30 15:24:22,548 - LSTM_MERGE - INFO - MAE : 3.0579
2025-11-30 15:24:22,548 - LSTM_MERGE - INFO - CSI (thr=1.0 mm): 0.1067  [TP=406, FP=1062, FN=2336]
2025-11-30 15:24:22,548 - LSTM_MERGE - INFO - train_pred TRAIN mm min/max: 0.0, 91.83215138623436
2025-11-30 15:24:22,548 - LSTM_MERGE - INFO - train_TRUE TRAIN mm min/max: 0.0, 90.0624999957066
2025-11-30 15:24:22,549 - LSTM_MERGE - INFO -  Gerando gráficos TRAIN...
2025-11-30 15:24:22,961 - LSTM_MERGE - INFO -  Gráficos gerados TRAIN ...
2025-11-30 15:24:22,961 - LSTM_MERGE - INFO - Calculando erro para parte de teste
2025-11-30 15:24:22,963 - LSTM_MERGE - INFO - RMSE: 3.2427
2025-11-30 15:24:22,963 - LSTM_MERGE - INFO - MSE : 10.5154
2025-11-30 15:24:22,963 - LSTM_MERGE - INFO - MAE : 1.4177
2025-11-30 15:24:22,963 - LSTM_MERGE - INFO - CSI (thr=1.0 mm): 0.1429  [TP=1, FP=1, FN=5]
2025-11-30 15:24:22,963 - LSTM_MERGE - INFO - y_pred mm min/max: 0.0, 2.494787571367156
2025-11-30 15:24:22,963 - LSTM_MERGE - INFO - y_TRUE mm min/max: 0.0, 10.62500000066143
2025-11-30 15:24:22,964 - LSTM_MERGE - INFO -  Gerando gráficos...
2025-11-30 15:24:23,229 - LSTM_MERGE - INFO -  Gráficos gerados...
2025-11-30 15:24:23,229 - LSTM_MERGE - INFO - ==========================================================================================
2025-11-30 15:24:23,229 - LSTM_MERGE - INFO - Execução finalizada com sucesso.
2025-11-30 15:24:23,229 - LSTM_MERGE - INFO - Dispositivo utilizado: cuda
2025-11-30 15:24:23,229 - LSTM_MERGE - INFO - ==========================================================================================
2025-11-30 15:24:28,919 - BiLSTM_MERGE - INFO - ==========================================================================================
2025-11-30 15:24:28,920 - BiLSTM_MERGE - INFO - Iniciando script BILSTM (PyTorch) MERGE com suporte a GPU e logs detalhados.
2025-11-30 15:24:28,920 - BiLSTM_MERGE - INFO - ==========================================================================================
2025-11-30 15:24:28,920 - BiLSTM_MERGE - INFO - Iniciando experimento: lookback=30, hidden_dim=32, layers=2, lr=0.001, drop=0.5
2025-11-30 15:24:28,930 - BiLSTM_MERGE - INFO - Shape treino: torch.Size([10082, 30, 1]), teste: torch.Size([30, 30, 1])
2025-11-30 15:24:28,932 - BiLSTM_MERGE - INFO - Treinando por 500 épocas...
2025-11-30 15:24:31,361 - BiLSTM_MERGE - INFO - [EXP] Época 1/500 - Loss: 0.041264
2025-11-30 15:25:07,292 - BiLSTM_MERGE - INFO - [EXP] Época 50/500 - Loss: 0.033643
2025-11-30 15:25:43,873 - BiLSTM_MERGE - INFO - [EXP] Época 100/500 - Loss: 0.033577
2025-11-30 15:26:20,404 - BiLSTM_MERGE - INFO - [EXP] Época 150/500 - Loss: 0.033290
2025-11-30 15:26:56,856 - BiLSTM_MERGE - INFO - [EXP] Época 200/500 - Loss: 0.032954
2025-11-30 15:27:32,167 - BiLSTM_MERGE - INFO - [EXP] Época 250/500 - Loss: 0.032928
2025-11-30 15:28:07,757 - BiLSTM_MERGE - INFO - [EXP] Época 300/500 - Loss: 0.032391
2025-11-30 15:28:44,578 - BiLSTM_MERGE - INFO - [EXP] Época 350/500 - Loss: 0.031868
2025-11-30 15:29:21,533 - BiLSTM_MERGE - INFO - [EXP] Época 400/500 - Loss: 0.031918
2025-11-30 15:29:58,846 - BiLSTM_MERGE - INFO - [EXP] Época 450/500 - Loss: 0.033528
2025-11-30 15:30:36,292 - BiLSTM_MERGE - INFO - [EXP] Época 500/500 - Loss: 0.033491
2025-11-30 15:30:36,292 - BiLSTM_MERGE - INFO - Treinamento concluído em 6.12 minutos
2025-11-30 15:30:36,383 - BiLSTM_MERGE - INFO - Calculando erro para o train
2025-11-30 15:30:36,386 - BiLSTM_MERGE - INFO - RMSE: 7.2668
2025-11-30 15:30:36,387 - BiLSTM_MERGE - INFO - MSE : 52.8061
2025-11-30 15:30:36,387 - BiLSTM_MERGE - INFO - MAE : 2.6656
2025-11-30 15:30:36,387 - BiLSTM_MERGE - INFO - CSI (thr=1.0 mm): 0.1066  [TP=408, FP=1087, FN=2334]
2025-11-30 15:30:36,387 - BiLSTM_MERGE - INFO - train_pred TRAIN mm min/max: 0.0, 9.412386410886619
2025-11-30 15:30:36,387 - BiLSTM_MERGE - INFO - train_TRUE TRAIN mm min/max: 0.0, 90.0624999957066
2025-11-30 15:30:36,387 - BiLSTM_MERGE - INFO -  Gerando gráficos TRAIN...
2025-11-30 15:30:36,802 - BiLSTM_MERGE - INFO -  Gráficos gerados TRAIN ...
2025-11-30 15:30:36,802 - BiLSTM_MERGE - INFO - Calculando erro para parte de teste
2025-11-30 15:30:36,804 - BiLSTM_MERGE - INFO - RMSE: 3.2281
2025-11-30 15:30:36,804 - BiLSTM_MERGE - INFO - MSE : 10.4207
2025-11-30 15:30:36,804 - BiLSTM_MERGE - INFO - MAE : 1.4013
2025-11-30 15:30:36,804 - BiLSTM_MERGE - INFO - CSI (thr=1.0 mm): 0.1429  [TP=1, FP=1, FN=5]
2025-11-30 15:30:36,805 - BiLSTM_MERGE - INFO - y_pred mm min/max: 0.0, 2.3892475251366405
2025-11-30 15:30:36,805 - BiLSTM_MERGE - INFO - y_TRUE mm min/max: 0.0, 10.62500000066143
2025-11-30 15:30:36,805 - BiLSTM_MERGE - INFO -  Gerando gráficos...
2025-11-30 15:30:37,102 - BiLSTM_MERGE - INFO -  Gráficos gerados...
2025-11-30 15:30:37,102 - BiLSTM_MERGE - INFO - ==========================================================================================
2025-11-30 15:30:37,102 - BiLSTM_MERGE - INFO - Execução finalizada com sucesso.
2025-11-30 15:30:37,102 - BiLSTM_MERGE - INFO - Dispositivo utilizado: cuda
2025-11-30 15:30:37,102 - BiLSTM_MERGE - INFO - ==========================================================================================
2025-11-30 15:30:43,217 - LSTM_MERGE - INFO - ==========================================================================================
2025-11-30 15:30:43,218 - LSTM_MERGE - INFO - Iniciando script LSTM (PyTorch) MERGE com suporte a GPU e logs detalhados.
2025-11-30 15:30:43,218 - LSTM_MERGE - INFO - ==========================================================================================
2025-11-30 15:30:43,218 - LSTM_MERGE - INFO - Iniciando experimento: lookback=30, hidden_dim=64, layers=2, lr=0.001, drop=0.5
2025-11-30 15:30:43,229 - LSTM_MERGE - INFO - Shape treino: torch.Size([10082, 30, 1]), teste: torch.Size([30, 30, 1])
2025-11-30 15:30:43,231 - LSTM_MERGE - INFO - Treinando por 500 épocas...
2025-11-30 15:30:43,832 - LSTM_MERGE - INFO - [EXP] Época 1/500 - Loss: 0.035267
2025-11-30 15:31:12,166 - LSTM_MERGE - INFO - [EXP] Época 50/500 - Loss: 0.033457
2025-11-30 15:31:40,777 - LSTM_MERGE - INFO - [EXP] Época 100/500 - Loss: 0.033517
2025-11-30 15:32:09,384 - LSTM_MERGE - INFO - [EXP] Época 150/500 - Loss: 0.033751
2025-11-30 15:32:38,177 - LSTM_MERGE - INFO - [EXP] Época 200/500 - Loss: 0.033197
2025-11-30 15:33:07,023 - LSTM_MERGE - INFO - [EXP] Época 250/500 - Loss: 0.033020
2025-11-30 15:33:35,377 - LSTM_MERGE - INFO - [EXP] Época 300/500 - Loss: 0.033001
2025-11-30 15:34:03,728 - LSTM_MERGE - INFO - [EXP] Época 350/500 - Loss: 0.031341
2025-11-30 15:34:32,085 - LSTM_MERGE - INFO - [EXP] Época 400/500 - Loss: 0.030736
2025-11-30 15:35:00,446 - LSTM_MERGE - INFO - [EXP] Época 450/500 - Loss: 0.028659
2025-11-30 15:35:28,975 - LSTM_MERGE - INFO - [EXP] Época 500/500 - Loss: 0.027168
2025-11-30 15:35:28,975 - LSTM_MERGE - INFO - Treinamento concluído em 4.76 minutos
2025-11-30 15:35:29,051 - LSTM_MERGE - INFO - Calculando erro para o train
2025-11-30 15:35:29,054 - LSTM_MERGE - INFO - RMSE: 7.8499
2025-11-30 15:35:29,054 - LSTM_MERGE - INFO - MSE : 61.6213
2025-11-30 15:35:29,054 - LSTM_MERGE - INFO - MAE : 3.0011
2025-11-30 15:35:29,054 - LSTM_MERGE - INFO - CSI (thr=1.0 mm): 0.1028  [TP=391, FP=1062, FN=2351]
2025-11-30 15:35:29,054 - LSTM_MERGE - INFO - train_pred TRAIN mm min/max: 0.0, 87.7405847567216
2025-11-30 15:35:29,054 - LSTM_MERGE - INFO - train_TRUE TRAIN mm min/max: 0.0, 90.0624999957066
2025-11-30 15:35:29,054 - LSTM_MERGE - INFO -  Gerando gráficos TRAIN...
2025-11-30 15:35:29,516 - LSTM_MERGE - INFO -  Gráficos gerados TRAIN ...
2025-11-30 15:35:29,516 - LSTM_MERGE - INFO - Calculando erro para parte de teste
2025-11-30 15:35:29,518 - LSTM_MERGE - INFO - RMSE: 3.2013
2025-11-30 15:35:29,518 - LSTM_MERGE - INFO - MSE : 10.2486
2025-11-30 15:35:29,518 - LSTM_MERGE - INFO - MAE : 1.4077
2025-11-30 15:35:29,518 - LSTM_MERGE - INFO - CSI (thr=1.0 mm): 0.1429  [TP=1, FP=1, FN=5]
2025-11-30 15:35:29,518 - LSTM_MERGE - INFO - y_pred mm min/max: 0.026381530652194857, 2.1037330929118365
2025-11-30 15:35:29,518 - LSTM_MERGE - INFO - y_TRUE mm min/max: 0.0, 10.62500000066143
2025-11-30 15:35:29,518 - LSTM_MERGE - INFO -  Gerando gráficos...
2025-11-30 15:35:29,784 - LSTM_MERGE - INFO -  Gráficos gerados...
2025-11-30 15:35:29,784 - LSTM_MERGE - INFO - ==========================================================================================
2025-11-30 15:35:29,784 - LSTM_MERGE - INFO - Execução finalizada com sucesso.
2025-11-30 15:35:29,784 - LSTM_MERGE - INFO - Dispositivo utilizado: cuda
2025-11-30 15:35:29,784 - LSTM_MERGE - INFO - ==========================================================================================
2025-11-30 15:35:35,499 - BiLSTM_MERGE - INFO - ==========================================================================================
2025-11-30 15:35:35,499 - BiLSTM_MERGE - INFO - Iniciando script BILSTM (PyTorch) MERGE com suporte a GPU e logs detalhados.
2025-11-30 15:35:35,499 - BiLSTM_MERGE - INFO - ==========================================================================================
2025-11-30 15:35:35,500 - BiLSTM_MERGE - INFO - Iniciando experimento: lookback=30, hidden_dim=64, layers=2, lr=0.001, drop=0.5
2025-11-30 15:35:35,508 - BiLSTM_MERGE - INFO - Shape treino: torch.Size([10082, 30, 1]), teste: torch.Size([30, 30, 1])
2025-11-30 15:35:35,511 - BiLSTM_MERGE - INFO - Treinando por 500 épocas...
2025-11-30 15:35:36,987 - BiLSTM_MERGE - INFO - [EXP] Época 1/500 - Loss: 0.040307
2025-11-30 15:36:14,115 - BiLSTM_MERGE - INFO - [EXP] Época 50/500 - Loss: 0.033453
2025-11-30 15:36:50,498 - BiLSTM_MERGE - INFO - [EXP] Época 100/500 - Loss: 0.033724
2025-11-30 15:37:26,880 - BiLSTM_MERGE - INFO - [EXP] Época 150/500 - Loss: 0.033111
2025-11-30 15:38:03,776 - BiLSTM_MERGE - INFO - [EXP] Época 200/500 - Loss: 0.032638
2025-11-30 15:38:42,596 - BiLSTM_MERGE - INFO - [EXP] Época 250/500 - Loss: 0.033433
2025-11-30 15:39:19,730 - BiLSTM_MERGE - INFO - [EXP] Época 300/500 - Loss: 0.034108
2025-11-30 15:39:56,528 - BiLSTM_MERGE - INFO - [EXP] Época 350/500 - Loss: 0.032622
2025-11-30 15:40:31,085 - BiLSTM_MERGE - INFO - [EXP] Época 400/500 - Loss: 0.031358
2025-11-30 15:41:05,617 - BiLSTM_MERGE - INFO - [EXP] Época 450/500 - Loss: 0.030139
2025-11-30 15:41:41,268 - BiLSTM_MERGE - INFO - [EXP] Época 500/500 - Loss: 0.027824
2025-11-30 15:41:41,268 - BiLSTM_MERGE - INFO - Treinamento concluído em 6.10 minutos
2025-11-30 15:41:41,414 - BiLSTM_MERGE - INFO - Calculando erro para o train
2025-11-30 15:41:41,420 - BiLSTM_MERGE - INFO - RMSE: 8.2152
2025-11-30 15:41:41,420 - BiLSTM_MERGE - INFO - MSE : 67.4897
2025-11-30 15:41:41,420 - BiLSTM_MERGE - INFO - MAE : 3.1488
2025-11-30 15:41:41,420 - BiLSTM_MERGE - INFO - CSI (thr=1.0 mm): 0.1136  [TP=436, FP=1097, FN=2306]
2025-11-30 15:41:41,421 - BiLSTM_MERGE - INFO - train_pred TRAIN mm min/max: 0.0, 108.0027490802777
2025-11-30 15:41:41,421 - BiLSTM_MERGE - INFO - train_TRUE TRAIN mm min/max: 0.0, 90.0624999957066
2025-11-30 15:41:41,421 - BiLSTM_MERGE - INFO -  Gerando gráficos TRAIN...
2025-11-30 15:41:41,841 - BiLSTM_MERGE - INFO -  Gráficos gerados TRAIN ...
2025-11-30 15:41:41,841 - BiLSTM_MERGE - INFO - Calculando erro para parte de teste
2025-11-30 15:41:41,843 - BiLSTM_MERGE - INFO - RMSE: 3.2121
2025-11-30 15:41:41,843 - BiLSTM_MERGE - INFO - MSE : 10.3177
2025-11-30 15:41:41,843 - BiLSTM_MERGE - INFO - MAE : 1.3797
2025-11-30 15:41:41,843 - BiLSTM_MERGE - INFO - CSI (thr=1.0 mm): 0.1667  [TP=1, FP=0, FN=5]
2025-11-30 15:41:41,844 - BiLSTM_MERGE - INFO - y_pred mm min/max: 0.006401316287487565, 2.8855065408649856
2025-11-30 15:41:41,844 - BiLSTM_MERGE - INFO - y_TRUE mm min/max: 0.0, 10.62500000066143
2025-11-30 15:41:41,844 - BiLSTM_MERGE - INFO -  Gerando gráficos...
2025-11-30 15:41:42,146 - BiLSTM_MERGE - INFO -  Gráficos gerados...
2025-11-30 15:41:42,146 - BiLSTM_MERGE - INFO - ==========================================================================================
2025-11-30 15:41:42,146 - BiLSTM_MERGE - INFO - Execução finalizada com sucesso.
2025-11-30 15:41:42,146 - BiLSTM_MERGE - INFO - Dispositivo utilizado: cuda
2025-11-30 15:41:42,146 - BiLSTM_MERGE - INFO - ==========================================================================================
2025-11-30 15:41:48,261 - LSTM_MERGE - INFO - ==========================================================================================
2025-11-30 15:41:48,261 - LSTM_MERGE - INFO - Iniciando script LSTM (PyTorch) MERGE com suporte a GPU e logs detalhados.
2025-11-30 15:41:48,261 - LSTM_MERGE - INFO - ==========================================================================================
2025-11-30 15:41:48,262 - LSTM_MERGE - INFO - Iniciando experimento: lookback=30, hidden_dim=128, layers=2, lr=0.001, drop=0.5
2025-11-30 15:41:48,272 - LSTM_MERGE - INFO - Shape treino: torch.Size([10082, 30, 1]), teste: torch.Size([30, 30, 1])
2025-11-30 15:41:48,274 - LSTM_MERGE - INFO - Treinando por 500 épocas...
2025-11-30 15:41:48,854 - LSTM_MERGE - INFO - [EXP] Época 1/500 - Loss: 0.036224
2025-11-30 15:42:18,089 - LSTM_MERGE - INFO - [EXP] Época 50/500 - Loss: 0.033466
2025-11-30 15:42:46,189 - LSTM_MERGE - INFO - [EXP] Época 100/500 - Loss: 0.033193
2025-11-30 15:43:14,553 - LSTM_MERGE - INFO - [EXP] Época 150/500 - Loss: 0.033147
2025-11-30 15:43:42,920 - LSTM_MERGE - INFO - [EXP] Época 200/500 - Loss: 0.032447
2025-11-30 15:44:11,340 - LSTM_MERGE - INFO - [EXP] Época 250/500 - Loss: 0.031435
2025-11-30 15:44:39,691 - LSTM_MERGE - INFO - [EXP] Época 300/500 - Loss: 0.030112
2025-11-30 15:45:08,338 - LSTM_MERGE - INFO - [EXP] Época 350/500 - Loss: 0.027805
2025-11-30 15:45:37,319 - LSTM_MERGE - INFO - [EXP] Época 400/500 - Loss: 0.026193
2025-11-30 15:46:06,303 - LSTM_MERGE - INFO - [EXP] Época 450/500 - Loss: 0.023195
2025-11-30 15:46:35,289 - LSTM_MERGE - INFO - [EXP] Época 500/500 - Loss: 0.020394
2025-11-30 15:46:35,289 - LSTM_MERGE - INFO - Treinamento concluído em 4.78 minutos
2025-11-30 15:46:35,458 - LSTM_MERGE - INFO - Calculando erro para o train
2025-11-30 15:46:35,460 - LSTM_MERGE - INFO - RMSE: 8.5169
2025-11-30 15:46:35,460 - LSTM_MERGE - INFO - MSE : 72.5372
2025-11-30 15:46:35,460 - LSTM_MERGE - INFO - MAE : 3.3663
2025-11-30 15:46:35,461 - LSTM_MERGE - INFO - CSI (thr=1.0 mm): 0.1099  [TP=422, FP=1099, FN=2320]
2025-11-30 15:46:35,461 - LSTM_MERGE - INFO - train_pred TRAIN mm min/max: 0.0, 88.9698788406755
2025-11-30 15:46:35,461 - LSTM_MERGE - INFO - train_TRUE TRAIN mm min/max: 0.0, 90.0624999957066
2025-11-30 15:46:35,461 - LSTM_MERGE - INFO -  Gerando gráficos TRAIN...
2025-11-30 15:46:35,899 - LSTM_MERGE - INFO -  Gráficos gerados TRAIN ...
2025-11-30 15:46:35,900 - LSTM_MERGE - INFO - Calculando erro para parte de teste
2025-11-30 15:46:35,902 - LSTM_MERGE - INFO - RMSE: 3.3672
2025-11-30 15:46:35,902 - LSTM_MERGE - INFO - MSE : 11.3380
2025-11-30 15:46:35,902 - LSTM_MERGE - INFO - MAE : 1.5684
2025-11-30 15:46:35,902 - LSTM_MERGE - INFO - CSI (thr=1.0 mm): 0.0000  [TP=0, FP=1, FN=6]
2025-11-30 15:46:35,902 - LSTM_MERGE - INFO - y_pred mm min/max: 0.0, 5.766748762880283
2025-11-30 15:46:35,902 - LSTM_MERGE - INFO - y_TRUE mm min/max: 0.0, 10.62500000066143
2025-11-30 15:46:35,902 - LSTM_MERGE - INFO -  Gerando gráficos...
2025-11-30 15:46:36,250 - LSTM_MERGE - INFO -  Gráficos gerados...
2025-11-30 15:46:36,250 - LSTM_MERGE - INFO - ==========================================================================================
2025-11-30 15:46:36,250 - LSTM_MERGE - INFO - Execução finalizada com sucesso.
2025-11-30 15:46:36,250 - LSTM_MERGE - INFO - Dispositivo utilizado: cuda
2025-11-30 15:46:36,250 - LSTM_MERGE - INFO - ==========================================================================================
2025-11-30 15:46:41,911 - BiLSTM_MERGE - INFO - ==========================================================================================
2025-11-30 15:46:41,912 - BiLSTM_MERGE - INFO - Iniciando script BILSTM (PyTorch) MERGE com suporte a GPU e logs detalhados.
2025-11-30 15:46:41,912 - BiLSTM_MERGE - INFO - ==========================================================================================
2025-11-30 15:46:41,912 - BiLSTM_MERGE - INFO - Iniciando experimento: lookback=30, hidden_dim=128, layers=2, lr=0.001, drop=0.5
2025-11-30 15:46:41,923 - BiLSTM_MERGE - INFO - Shape treino: torch.Size([10082, 30, 1]), teste: torch.Size([30, 30, 1])
2025-11-30 15:46:41,928 - BiLSTM_MERGE - INFO - Treinando por 500 épocas...
2025-11-30 15:46:43,342 - BiLSTM_MERGE - INFO - [EXP] Época 1/500 - Loss: 0.037536
2025-11-30 15:47:22,502 - BiLSTM_MERGE - INFO - [EXP] Época 50/500 - Loss: 0.033667
2025-11-30 15:47:59,911 - BiLSTM_MERGE - INFO - [EXP] Época 100/500 - Loss: 0.033480
2025-11-30 15:48:37,180 - BiLSTM_MERGE - INFO - [EXP] Época 150/500 - Loss: 0.033303
2025-11-30 15:49:15,333 - BiLSTM_MERGE - INFO - [EXP] Época 200/500 - Loss: 0.033864
2025-11-30 15:49:53,565 - BiLSTM_MERGE - INFO - [EXP] Época 250/500 - Loss: 0.032821
2025-11-30 15:50:31,793 - BiLSTM_MERGE - INFO - [EXP] Época 300/500 - Loss: 0.032713
2025-11-30 15:51:10,039 - BiLSTM_MERGE - INFO - [EXP] Época 350/500 - Loss: 0.032371
2025-11-30 15:51:48,306 - BiLSTM_MERGE - INFO - [EXP] Época 400/500 - Loss: 0.031829
2025-11-30 15:52:25,959 - BiLSTM_MERGE - INFO - [EXP] Época 450/500 - Loss: 0.030975
2025-11-30 15:53:03,363 - BiLSTM_MERGE - INFO - [EXP] Época 500/500 - Loss: 0.029512
2025-11-30 15:53:03,363 - BiLSTM_MERGE - INFO - Treinamento concluído em 6.36 minutos
2025-11-30 15:53:03,679 - BiLSTM_MERGE - INFO - Calculando erro para o train
2025-11-30 15:53:03,682 - BiLSTM_MERGE - INFO - RMSE: 7.8110
2025-11-30 15:53:03,682 - BiLSTM_MERGE - INFO - MSE : 61.0110
2025-11-30 15:53:03,682 - BiLSTM_MERGE - INFO - MAE : 2.9346
2025-11-30 15:53:03,682 - BiLSTM_MERGE - INFO - CSI (thr=1.0 mm): 0.1033  [TP=390, FP=1032, FN=2352]
2025-11-30 15:53:03,682 - BiLSTM_MERGE - INFO - train_pred TRAIN mm min/max: 0.0, 104.83588808275181
2025-11-30 15:53:03,682 - BiLSTM_MERGE - INFO - train_TRUE TRAIN mm min/max: 0.0, 90.0624999957066
2025-11-30 15:53:03,682 - BiLSTM_MERGE - INFO -  Gerando gráficos TRAIN...
2025-11-30 15:53:04,105 - BiLSTM_MERGE - INFO -  Gráficos gerados TRAIN ...
2025-11-30 15:53:04,105 - BiLSTM_MERGE - INFO - Calculando erro para parte de teste
2025-11-30 15:53:04,107 - BiLSTM_MERGE - INFO - RMSE: 3.2371
2025-11-30 15:53:04,107 - BiLSTM_MERGE - INFO - MSE : 10.4789
2025-11-30 15:53:04,107 - BiLSTM_MERGE - INFO - MAE : 1.4347
2025-11-30 15:53:04,107 - BiLSTM_MERGE - INFO - CSI (thr=1.0 mm): 0.1250  [TP=1, FP=2, FN=5]
2025-11-30 15:53:04,107 - BiLSTM_MERGE - INFO - y_pred mm min/max: 0.0, 1.8289180413413642
2025-11-30 15:53:04,108 - BiLSTM_MERGE - INFO - y_TRUE mm min/max: 0.0, 10.62500000066143
2025-11-30 15:53:04,108 - BiLSTM_MERGE - INFO -  Gerando gráficos...
2025-11-30 15:53:04,436 - BiLSTM_MERGE - INFO -  Gráficos gerados...
2025-11-30 15:53:04,436 - BiLSTM_MERGE - INFO - ==========================================================================================
2025-11-30 15:53:04,436 - BiLSTM_MERGE - INFO - Execução finalizada com sucesso.
2025-11-30 15:53:04,436 - BiLSTM_MERGE - INFO - Dispositivo utilizado: cuda
2025-11-30 15:53:04,436 - BiLSTM_MERGE - INFO - ==========================================================================================
2025-11-30 15:53:10,511 - LSTM_MERGE - INFO - ==========================================================================================
2025-11-30 15:53:10,511 - LSTM_MERGE - INFO - Iniciando script LSTM (PyTorch) MERGE com suporte a GPU e logs detalhados.
2025-11-30 15:53:10,511 - LSTM_MERGE - INFO - ==========================================================================================
2025-11-30 15:53:10,512 - LSTM_MERGE - INFO - Iniciando experimento: lookback=30, hidden_dim=256, layers=2, lr=0.001, drop=0.5
2025-11-30 15:53:10,522 - LSTM_MERGE - INFO - Shape treino: torch.Size([10082, 30, 1]), teste: torch.Size([30, 30, 1])
2025-11-30 15:53:10,527 - LSTM_MERGE - INFO - Treinando por 500 épocas...
2025-11-30 15:53:12,547 - LSTM_MERGE - INFO - [EXP] Época 1/500 - Loss: 0.035324
2025-11-30 15:54:03,841 - LSTM_MERGE - INFO - [EXP] Época 50/500 - Loss: 0.033588
2025-11-30 15:54:49,813 - LSTM_MERGE - INFO - [EXP] Época 100/500 - Loss: 0.033465
2025-11-30 15:55:36,399 - LSTM_MERGE - INFO - [EXP] Época 150/500 - Loss: 0.033224
2025-11-30 15:56:22,517 - LSTM_MERGE - INFO - [EXP] Época 200/500 - Loss: 0.032843
2025-11-30 15:57:09,192 - LSTM_MERGE - INFO - [EXP] Época 250/500 - Loss: 0.032426
2025-11-30 15:57:56,223 - LSTM_MERGE - INFO - [EXP] Época 300/500 - Loss: 0.031528
2025-11-30 15:58:42,950 - LSTM_MERGE - INFO - [EXP] Época 350/500 - Loss: 0.031169
2025-11-30 15:59:29,466 - LSTM_MERGE - INFO - [EXP] Época 400/500 - Loss: 0.029121
2025-11-30 16:00:16,009 - LSTM_MERGE - INFO - [EXP] Época 450/500 - Loss: 0.027656
2025-11-30 16:01:02,528 - LSTM_MERGE - INFO - [EXP] Época 500/500 - Loss: 0.026578
2025-11-30 16:01:02,528 - LSTM_MERGE - INFO - Treinamento concluído em 7.87 minutos
2025-11-30 16:01:02,759 - LSTM_MERGE - INFO - Calculando erro para o train
2025-11-30 16:01:02,762 - LSTM_MERGE - INFO - RMSE: 8.1586
2025-11-30 16:01:02,762 - LSTM_MERGE - INFO - MSE : 66.5628
2025-11-30 16:01:02,762 - LSTM_MERGE - INFO - MAE : 3.1078
2025-11-30 16:01:02,762 - LSTM_MERGE - INFO - CSI (thr=1.0 mm): 0.1097  [TP=419, FP=1076, FN=2323]
2025-11-30 16:01:02,762 - LSTM_MERGE - INFO - train_pred TRAIN mm min/max: 0.0, 94.83687298292817
2025-11-30 16:01:02,762 - LSTM_MERGE - INFO - train_TRUE TRAIN mm min/max: 0.0, 90.0624999957066
2025-11-30 16:01:02,762 - LSTM_MERGE - INFO -  Gerando gráficos TRAIN...
2025-11-30 16:01:03,180 - LSTM_MERGE - INFO -  Gráficos gerados TRAIN ...
2025-11-30 16:01:03,180 - LSTM_MERGE - INFO - Calculando erro para parte de teste
2025-11-30 16:01:03,182 - LSTM_MERGE - INFO - RMSE: 3.2300
2025-11-30 16:01:03,182 - LSTM_MERGE - INFO - MSE : 10.4331
2025-11-30 16:01:03,182 - LSTM_MERGE - INFO - MAE : 1.4217
2025-11-30 16:01:03,182 - LSTM_MERGE - INFO - CSI (thr=1.0 mm): 0.1250  [TP=1, FP=2, FN=5]
2025-11-30 16:01:03,182 - LSTM_MERGE - INFO - y_pred mm min/max: 0.0, 1.3159509311617732
2025-11-30 16:01:03,182 - LSTM_MERGE - INFO - y_TRUE mm min/max: 0.0, 10.62500000066143
2025-11-30 16:01:03,182 - LSTM_MERGE - INFO -  Gerando gráficos...
2025-11-30 16:01:03,762 - LSTM_MERGE - INFO -  Gráficos gerados...
2025-11-30 16:01:03,762 - LSTM_MERGE - INFO - ==========================================================================================
2025-11-30 16:01:03,762 - LSTM_MERGE - INFO - Execução finalizada com sucesso.
2025-11-30 16:01:03,762 - LSTM_MERGE - INFO - Dispositivo utilizado: cuda
2025-11-30 16:01:03,762 - LSTM_MERGE - INFO - ==========================================================================================
2025-11-30 16:01:09,445 - BiLSTM_MERGE - INFO - ==========================================================================================
2025-11-30 16:01:09,445 - BiLSTM_MERGE - INFO - Iniciando script BILSTM (PyTorch) MERGE com suporte a GPU e logs detalhados.
2025-11-30 16:01:09,445 - BiLSTM_MERGE - INFO - ==========================================================================================
2025-11-30 16:01:09,446 - BiLSTM_MERGE - INFO - Iniciando experimento: lookback=30, hidden_dim=256, layers=2, lr=0.001, drop=0.5
2025-11-30 16:01:09,456 - BiLSTM_MERGE - INFO - Shape treino: torch.Size([10082, 30, 1]), teste: torch.Size([30, 30, 1])
2025-11-30 16:01:09,467 - BiLSTM_MERGE - INFO - Treinando por 500 épocas...
2025-11-30 16:01:10,950 - BiLSTM_MERGE - INFO - [EXP] Época 1/500 - Loss: 0.036966
2025-11-30 16:02:29,775 - BiLSTM_MERGE - INFO - [EXP] Época 50/500 - Loss: 0.033513
2025-11-30 16:03:43,831 - BiLSTM_MERGE - INFO - [EXP] Época 100/500 - Loss: 0.033421
2025-11-30 16:04:58,419 - BiLSTM_MERGE - INFO - [EXP] Época 150/500 - Loss: 0.033295
2025-11-30 16:06:13,034 - BiLSTM_MERGE - INFO - [EXP] Época 200/500 - Loss: 0.033159
2025-11-30 16:07:26,899 - BiLSTM_MERGE - INFO - [EXP] Época 250/500 - Loss: 0.033089
2025-11-30 16:08:40,601 - BiLSTM_MERGE - INFO - [EXP] Época 300/500 - Loss: 0.032769
2025-11-30 16:09:54,794 - BiLSTM_MERGE - INFO - [EXP] Época 350/500 - Loss: 0.032462
2025-11-30 16:11:09,407 - BiLSTM_MERGE - INFO - [EXP] Época 400/500 - Loss: 0.033537
2025-11-30 16:12:23,329 - BiLSTM_MERGE - INFO - [EXP] Época 450/500 - Loss: 0.033393
2025-11-30 16:13:36,800 - BiLSTM_MERGE - INFO - [EXP] Época 500/500 - Loss: 0.033221
2025-11-30 16:13:36,801 - BiLSTM_MERGE - INFO - Treinamento concluído em 12.46 minutos
2025-11-30 16:13:37,213 - BiLSTM_MERGE - INFO - Calculando erro para o train
2025-11-30 16:13:37,215 - BiLSTM_MERGE - INFO - RMSE: 7.2662
2025-11-30 16:13:37,215 - BiLSTM_MERGE - INFO - MSE : 52.7974
2025-11-30 16:13:37,215 - BiLSTM_MERGE - INFO - MAE : 2.7153
2025-11-30 16:13:37,215 - BiLSTM_MERGE - INFO - CSI (thr=1.0 mm): 0.1193  [TP=473, FP=1224, FN=2269]
2025-11-30 16:13:37,216 - BiLSTM_MERGE - INFO - train_pred TRAIN mm min/max: 0.0, 17.47771643577644
2025-11-30 16:13:37,216 - BiLSTM_MERGE - INFO - train_TRUE TRAIN mm min/max: 0.0, 90.0624999957066
2025-11-30 16:13:37,216 - BiLSTM_MERGE - INFO -  Gerando gráficos TRAIN...
2025-11-30 16:13:37,648 - BiLSTM_MERGE - INFO -  Gráficos gerados TRAIN ...
2025-11-30 16:13:37,648 - BiLSTM_MERGE - INFO - Calculando erro para parte de teste
2025-11-30 16:13:37,650 - BiLSTM_MERGE - INFO - RMSE: 3.2348
2025-11-30 16:13:37,650 - BiLSTM_MERGE - INFO - MSE : 10.4639
2025-11-30 16:13:37,650 - BiLSTM_MERGE - INFO - MAE : 1.4574
2025-11-30 16:13:37,650 - BiLSTM_MERGE - INFO - CSI (thr=1.0 mm): 0.1250  [TP=1, FP=2, FN=5]
2025-11-30 16:13:37,650 - BiLSTM_MERGE - INFO - y_pred mm min/max: 0.013596449389558384, 2.8443043633405205
2025-11-30 16:13:37,650 - BiLSTM_MERGE - INFO - y_TRUE mm min/max: 0.0, 10.62500000066143
2025-11-30 16:13:37,651 - BiLSTM_MERGE - INFO -  Gerando gráficos...
2025-11-30 16:13:37,988 - BiLSTM_MERGE - INFO -  Gráficos gerados...
2025-11-30 16:13:37,988 - BiLSTM_MERGE - INFO - ==========================================================================================
2025-11-30 16:13:37,988 - BiLSTM_MERGE - INFO - Execução finalizada com sucesso.
2025-11-30 16:13:37,988 - BiLSTM_MERGE - INFO - Dispositivo utilizado: cuda
2025-11-30 16:13:37,988 - BiLSTM_MERGE - INFO - ==========================================================================================
2025-11-30 16:13:44,062 - ARIMA_MERGE - INFO - ==========================================================================================
2025-11-30 16:13:44,063 - ARIMA_MERGE - INFO - Iniciando script ARIMA MERGE.
2025-11-30 16:13:44,063 - ARIMA_MERGE - INFO - ==========================================================================================
2025-11-30 16:13:44,065 - ARIMA_MERGE - INFO - Tamanho treino: 10113 | teste: 30
2025-11-30 16:13:44,065 - ARIMA_MERGE - INFO - [FASE 4] Iniciando busca manual por hiperparâmetros (AIC).
2025-11-30 16:25:47,132 - ARIMA_MERGE - INFO - Melhor order encontrado: (30, 0, 0)
2025-11-30 16:25:47,133 - ARIMA_MERGE - INFO - Melhor AIC (treino): -23571.78
2025-11-30 16:25:47,133 - ARIMA_MERGE - INFO - Tempo da Fase 4: 723.07s
2025-11-30 16:25:47,133 - ARIMA_MERGE - INFO - [FASE 5] Reajustando melhor modelo no conjunto de treino.
2025-11-30 16:27:10,062 - ARIMA_MERGE - INFO - Melhor modelo ajustado no treino.
2025-11-30 16:27:10,063 - ARIMA_MERGE - INFO - Tempo da Fase 5: 82.93s
2025-11-30 16:27:10,063 - ARIMA_MERGE - INFO - [FASE 6] Gerando previsões no conjunto de teste e avaliando métricas.
2025-11-30 16:27:10,075 - ARIMA_MERGE - INFO - RMSE: 6.7734
2025-11-30 16:27:10,075 - ARIMA_MERGE - INFO - MSE : 45.8787
2025-11-30 16:27:10,075 - ARIMA_MERGE - INFO - MAE : 3.4876
2025-11-30 16:27:10,076 - ARIMA_MERGE - INFO - CSI (thr=1.0 mm): 0.2724  [TP=2754, FP=7351, FN=4]
2025-11-30 16:27:10,076 - ARIMA_MERGE - INFO - [TREINO] RMSE=6.7734 | MSE=45.8787 | MAE=3.4876 | CSI=0.2724
2025-11-30 16:27:10,100 - ARIMA_MERGE - INFO - RMSE: 3.0177
2025-11-30 16:27:10,100 - ARIMA_MERGE - INFO - MSE : 9.1067
2025-11-30 16:27:10,100 - ARIMA_MERGE - INFO - MAE : 2.5906
2025-11-30 16:27:10,100 - ARIMA_MERGE - INFO - CSI (thr=1.0 mm): 0.2000  [TP=6, FP=24, FN=0]
2025-11-30 16:27:10,100 - ARIMA_MERGE - INFO - Tempo total da Fase 6: 0.04s
2025-11-30 16:27:10,100 - ARIMA_MERGE - INFO - [FASE 7] Salvando gráfico de previsão vs. observado.
2025-11-30 16:27:10,909 - ARIMA_MERGE - INFO - Gráfico salvo como 'arimaMERGE_result.png'.
2025-11-30 16:27:10,909 - ARIMA_MERGE - INFO - ==========================================================================================
2025-11-30 16:27:10,909 - ARIMA_MERGE - INFO - Execução ARIMA MERGE finalizada com sucesso.
2025-11-30 16:27:10,909 - ARIMA_MERGE - INFO - Tempo total de execução: 806.85s
2025-11-30 16:27:10,909 - ARIMA_MERGE - INFO - ==========================================================================================
2025-11-30 16:27:16,784 - RANDOM_FOREST_MERGE - INFO - ====================================================================================================
2025-11-30 16:27:16,784 - RANDOM_FOREST_MERGE - INFO - Iniciando Random Forest MERGE com GridSearchCV.
2025-11-30 16:27:16,785 - RANDOM_FOREST_MERGE - INFO - ====================================================================================================
2025-11-30 16:27:16,785 - RANDOM_FOREST_MERGE - INFO - [FASE 3] Split treino/teste e preparação.
2025-11-30 16:27:16,794 - RANDOM_FOREST_MERGE - INFO - [FASE 3] Treino: X=(10083, 30), y=10083 | Teste: X=(30, 30), y=30
2025-11-30 16:27:16,794 - RANDOM_FOREST_MERGE - INFO - [FASE 3] Tempo: 0.01s
2025-11-30 16:27:16,794 - RANDOM_FOREST_MERGE - INFO - [FASE 4] Iniciando GridSearchCV (TimeSeriesSplit).
2025-11-30 16:29:25,567 - RANDOM_FOREST_MERGE - INFO - [FASE 4] GridSearchCV concluído em 128.77s
2025-11-30 16:29:25,568 - RANDOM_FOREST_MERGE - INFO - [FASE 4] Melhores parâmetros: {'max_depth': None, 'max_features': 'sqrt', 'min_samples_leaf': 4, 'min_samples_split': 10, 'n_estimators': 400}
2025-11-30 16:29:25,568 - RANDOM_FOREST_MERGE - INFO - [FASE 4] Melhor score (neg_MSE): -44.966315
2025-11-30 16:29:25,568 - RANDOM_FOREST_MERGE - INFO - [FASE 4] Tempo: 128.77s
2025-11-30 16:29:25,568 - RANDOM_FOREST_MERGE - INFO - [FASE 5] Treinando best_estimator_ no conjunto de treino.
2025-11-30 16:29:26,345 - RANDOM_FOREST_MERGE - INFO - [FASE 5] Tempo: 0.78s
2025-11-30 16:29:26,345 - RANDOM_FOREST_MERGE - INFO - [FASE 6] Previsão e cálculo de métricas.
2025-11-30 16:29:26,416 - RANDOM_FOREST_MERGE - INFO - RMSE: 5.1608
2025-11-30 16:29:26,416 - RANDOM_FOREST_MERGE - INFO - MSE : 26.6336
2025-11-30 16:29:26,416 - RANDOM_FOREST_MERGE - INFO - MAE : 2.5502
2025-11-30 16:29:26,416 - RANDOM_FOREST_MERGE - INFO - CSI (thr=1.0 mm): 0.3691  [TP=2706, FP=4580, FN=45]
2025-11-30 16:29:26,416 - RANDOM_FOREST_MERGE - INFO - [TREINO] RMSE=5.1608 | MSE=26.6336 | MAE=2.5502 | CSI=0.3691
2025-11-30 16:29:26,450 - RANDOM_FOREST_MERGE - INFO - y_pred raw min/max: 0.4113597184925332, 6.764372335906769
2025-11-30 16:29:26,450 - RANDOM_FOREST_MERGE - INFO - y_TRUE raw min/max: 0.0, 10.62500000066143
2025-11-30 16:29:26,451 - RANDOM_FOREST_MERGE - INFO - RMSE: 3.0398
2025-11-30 16:29:26,451 - RANDOM_FOREST_MERGE - INFO - MSE : 9.2406
2025-11-30 16:29:26,451 - RANDOM_FOREST_MERGE - INFO - MAE : 1.9900
2025-11-30 16:29:26,451 - RANDOM_FOREST_MERGE - INFO - CSI (thr=1.0 mm): 0.1905  [TP=4, FP=15, FN=2]
2025-11-30 16:29:26,451 - RANDOM_FOREST_MERGE - INFO - [FASE 7] Gerando gráficos.
2025-11-30 16:29:27,548 - RANDOM_FOREST_MERGE - INFO - Gráfico salvo como 'random_forest_MERGE.png'.
2025-11-30 16:29:27,549 - RANDOM_FOREST_MERGE - INFO - [FASE 7] Tempo: 1.10s
2025-11-30 16:29:27,549 - RANDOM_FOREST_MERGE - INFO - ====================================================================================================
2025-11-30 16:29:27,549 - RANDOM_FOREST_MERGE - INFO - Resumo Final
2025-11-30 16:29:27,549 - RANDOM_FOREST_MERGE - INFO - Melhores parâmetros: {'max_depth': None, 'max_features': 'sqrt', 'min_samples_leaf': 4, 'min_samples_split': 10, 'n_estimators': 400}
2025-11-30 16:29:27,549 - RANDOM_FOREST_MERGE - INFO - Tempo total de execução: 130.76s
2025-11-30 16:29:27,549 - RANDOM_FOREST_MERGE - INFO - ====================================================================================================
2025-11-30 16:29:33,242 - LSTM_MERGE - INFO - ==========================================================================================
2025-11-30 16:29:33,242 - LSTM_MERGE - INFO - Iniciando script LSTM (PyTorch) MERGE com suporte a GPU e logs detalhados.
2025-11-30 16:29:33,242 - LSTM_MERGE - INFO - ==========================================================================================
2025-11-30 16:29:33,243 - LSTM_MERGE - INFO - Iniciando experimento: lookback=30, hidden_dim=32, layers=2, lr=0.001, drop=0.5
2025-11-30 16:29:33,256 - LSTM_MERGE - INFO - Shape treino: torch.Size([10082, 30, 1]), teste: torch.Size([30, 30, 1])
2025-11-30 16:29:33,258 - LSTM_MERGE - INFO - Treinando por 500 épocas...
2025-11-30 16:29:33,823 - LSTM_MERGE - INFO - [EXP] Época 1/500 - Loss: 0.037418
2025-11-30 16:30:01,442 - LSTM_MERGE - INFO - [EXP] Época 50/500 - Loss: 0.033494
2025-11-30 16:30:29,649 - LSTM_MERGE - INFO - [EXP] Época 100/500 - Loss: 0.033520
2025-11-30 16:30:57,793 - LSTM_MERGE - INFO - [EXP] Época 150/500 - Loss: 0.033770
2025-11-30 16:31:25,928 - LSTM_MERGE - INFO - [EXP] Época 200/500 - Loss: 0.033516
2025-11-30 16:31:54,279 - LSTM_MERGE - INFO - [EXP] Época 250/500 - Loss: 0.032964
2025-11-30 16:32:22,662 - LSTM_MERGE - INFO - [EXP] Época 300/500 - Loss: 0.032715
2025-11-30 16:32:50,791 - LSTM_MERGE - INFO - [EXP] Época 350/500 - Loss: 0.032225
2025-11-30 16:33:18,926 - LSTM_MERGE - INFO - [EXP] Época 400/500 - Loss: 0.031418
2025-11-30 16:33:47,128 - LSTM_MERGE - INFO - [EXP] Época 450/500 - Loss: 0.030687
2025-11-30 16:34:16,016 - LSTM_MERGE - INFO - [EXP] Época 500/500 - Loss: 0.029779
2025-11-30 16:34:16,016 - LSTM_MERGE - INFO - Treinamento concluído em 4.71 minutos
2025-11-30 16:34:16,094 - LSTM_MERGE - INFO - Calculando erro para o train
2025-11-30 16:34:16,097 - LSTM_MERGE - INFO - RMSE: 7.6812
2025-11-30 16:34:16,097 - LSTM_MERGE - INFO - MSE : 59.0014
2025-11-30 16:34:16,097 - LSTM_MERGE - INFO - MAE : 2.8787
2025-11-30 16:34:16,097 - LSTM_MERGE - INFO - CSI (thr=1.0 mm): 0.1049  [TP=394, FP=1015, FN=2348]
2025-11-30 16:34:16,098 - LSTM_MERGE - INFO - train_pred TRAIN mm min/max: 0.0, 75.34256251169691
2025-11-30 16:34:16,098 - LSTM_MERGE - INFO - train_TRUE TRAIN mm min/max: 0.0, 90.0624999957066
2025-11-30 16:34:16,098 - LSTM_MERGE - INFO -  Gerando gráficos TRAIN...
2025-11-30 16:34:16,530 - LSTM_MERGE - INFO -  Gráficos gerados TRAIN ...
2025-11-30 16:34:16,530 - LSTM_MERGE - INFO - Calculando erro para parte de teste
2025-11-30 16:34:16,532 - LSTM_MERGE - INFO - RMSE: 3.2342
2025-11-30 16:34:16,532 - LSTM_MERGE - INFO - MSE : 10.4602
2025-11-30 16:34:16,532 - LSTM_MERGE - INFO - MAE : 1.4192
2025-11-30 16:34:16,532 - LSTM_MERGE - INFO - CSI (thr=1.0 mm): 0.1250  [TP=1, FP=2, FN=5]
2025-11-30 16:34:16,532 - LSTM_MERGE - INFO - y_pred mm min/max: 0.0, 2.471463324151462
2025-11-30 16:34:16,532 - LSTM_MERGE - INFO - y_TRUE mm min/max: 0.0, 10.62500000066143
2025-11-30 16:34:16,532 - LSTM_MERGE - INFO -  Gerando gráficos...
2025-11-30 16:34:16,822 - LSTM_MERGE - INFO -  Gráficos gerados...
2025-11-30 16:34:16,822 - LSTM_MERGE - INFO - ==========================================================================================
2025-11-30 16:34:16,822 - LSTM_MERGE - INFO - Execução finalizada com sucesso.
2025-11-30 16:34:16,822 - LSTM_MERGE - INFO - Dispositivo utilizado: cuda
2025-11-30 16:34:16,822 - LSTM_MERGE - INFO - ==========================================================================================
2025-11-30 16:34:22,611 - BiLSTM_MERGE - INFO - ==========================================================================================
2025-11-30 16:34:22,612 - BiLSTM_MERGE - INFO - Iniciando script BILSTM (PyTorch) MERGE com suporte a GPU e logs detalhados.
2025-11-30 16:34:22,612 - BiLSTM_MERGE - INFO - ==========================================================================================
2025-11-30 16:34:22,612 - BiLSTM_MERGE - INFO - Iniciando experimento: lookback=30, hidden_dim=32, layers=2, lr=0.001, drop=0.5
2025-11-30 16:34:22,622 - BiLSTM_MERGE - INFO - Shape treino: torch.Size([10082, 30, 1]), teste: torch.Size([30, 30, 1])
2025-11-30 16:34:22,625 - BiLSTM_MERGE - INFO - Treinando por 500 épocas...
2025-11-30 16:34:23,370 - BiLSTM_MERGE - INFO - [EXP] Época 1/500 - Loss: 0.043086
2025-11-30 16:34:59,724 - BiLSTM_MERGE - INFO - [EXP] Época 50/500 - Loss: 0.033491
2025-11-30 16:35:36,630 - BiLSTM_MERGE - INFO - [EXP] Época 100/500 - Loss: 0.033315
2025-11-30 16:36:13,077 - BiLSTM_MERGE - INFO - [EXP] Época 150/500 - Loss: 0.033277
2025-11-30 16:36:49,933 - BiLSTM_MERGE - INFO - [EXP] Época 200/500 - Loss: 0.033492
2025-11-30 16:37:27,023 - BiLSTM_MERGE - INFO - [EXP] Época 250/500 - Loss: 0.032500
2025-11-30 16:38:03,862 - BiLSTM_MERGE - INFO - [EXP] Época 300/500 - Loss: 0.032338
2025-11-30 16:38:40,490 - BiLSTM_MERGE - INFO - [EXP] Época 350/500 - Loss: 0.032159
2025-11-30 16:39:17,112 - BiLSTM_MERGE - INFO - [EXP] Época 400/500 - Loss: 0.031291
2025-11-30 16:39:53,737 - BiLSTM_MERGE - INFO - [EXP] Época 450/500 - Loss: 0.031024
2025-11-30 16:40:30,369 - BiLSTM_MERGE - INFO - [EXP] Época 500/500 - Loss: 0.030170
2025-11-30 16:40:30,369 - BiLSTM_MERGE - INFO - Treinamento concluído em 6.13 minutos
2025-11-30 16:40:30,458 - BiLSTM_MERGE - INFO - Calculando erro para o train
2025-11-30 16:40:30,461 - BiLSTM_MERGE - INFO - RMSE: 7.5512
2025-11-30 16:40:30,461 - BiLSTM_MERGE - INFO - MSE : 57.0212
2025-11-30 16:40:30,461 - BiLSTM_MERGE - INFO - MAE : 2.8397
2025-11-30 16:40:30,461 - BiLSTM_MERGE - INFO - CSI (thr=1.0 mm): 0.0901  [TP=331, FP=932, FN=2411]
2025-11-30 16:40:30,461 - BiLSTM_MERGE - INFO - train_pred TRAIN mm min/max: 0.0, 78.77299397808301
2025-11-30 16:40:30,461 - BiLSTM_MERGE - INFO - train_TRUE TRAIN mm min/max: 0.0, 90.0624999957066
2025-11-30 16:40:30,461 - BiLSTM_MERGE - INFO -  Gerando gráficos TRAIN...
2025-11-30 16:40:30,890 - BiLSTM_MERGE - INFO -  Gráficos gerados TRAIN ...
2025-11-30 16:40:30,890 - BiLSTM_MERGE - INFO - Calculando erro para parte de teste
2025-11-30 16:40:30,892 - BiLSTM_MERGE - INFO - RMSE: 3.2074
2025-11-30 16:40:30,892 - BiLSTM_MERGE - INFO - MSE : 10.2872
2025-11-30 16:40:30,892 - BiLSTM_MERGE - INFO - MAE : 1.4412
2025-11-30 16:40:30,892 - BiLSTM_MERGE - INFO - CSI (thr=1.0 mm): 0.1429  [TP=1, FP=1, FN=5]
2025-11-30 16:40:30,892 - BiLSTM_MERGE - INFO - y_pred mm min/max: 0.04119230097952904, 3.3402634340608706
2025-11-30 16:40:30,892 - BiLSTM_MERGE - INFO - y_TRUE mm min/max: 0.0, 10.62500000066143
2025-11-30 16:40:30,892 - BiLSTM_MERGE - INFO -  Gerando gráficos...
2025-11-30 16:40:31,210 - BiLSTM_MERGE - INFO -  Gráficos gerados...
2025-11-30 16:40:31,210 - BiLSTM_MERGE - INFO - ==========================================================================================
2025-11-30 16:40:31,211 - BiLSTM_MERGE - INFO - Execução finalizada com sucesso.
2025-11-30 16:40:31,211 - BiLSTM_MERGE - INFO - Dispositivo utilizado: cuda
2025-11-30 16:40:31,211 - BiLSTM_MERGE - INFO - ==========================================================================================
2025-11-30 16:40:37,177 - LSTM_MERGE - INFO - ==========================================================================================
2025-11-30 16:40:37,177 - LSTM_MERGE - INFO - Iniciando script LSTM (PyTorch) MERGE com suporte a GPU e logs detalhados.
2025-11-30 16:40:37,178 - LSTM_MERGE - INFO - ==========================================================================================
2025-11-30 16:40:37,178 - LSTM_MERGE - INFO - Iniciando experimento: lookback=30, hidden_dim=64, layers=2, lr=0.001, drop=0.5
2025-11-30 16:40:37,188 - LSTM_MERGE - INFO - Shape treino: torch.Size([10082, 30, 1]), teste: torch.Size([30, 30, 1])
2025-11-30 16:40:37,190 - LSTM_MERGE - INFO - Treinando por 500 épocas...
2025-11-30 16:40:37,754 - LSTM_MERGE - INFO - [EXP] Época 1/500 - Loss: 0.036029
2025-11-30 16:41:05,355 - LSTM_MERGE - INFO - [EXP] Época 50/500 - Loss: 0.033464
2025-11-30 16:41:33,465 - LSTM_MERGE - INFO - [EXP] Época 100/500 - Loss: 0.033767
2025-11-30 16:42:01,460 - LSTM_MERGE - INFO - [EXP] Época 150/500 - Loss: 0.033055
2025-11-30 16:42:29,508 - LSTM_MERGE - INFO - [EXP] Época 200/500 - Loss: 0.032652
2025-11-30 16:42:57,892 - LSTM_MERGE - INFO - [EXP] Época 250/500 - Loss: 0.031999
2025-11-30 16:43:26,293 - LSTM_MERGE - INFO - [EXP] Época 300/500 - Loss: 0.031390
2025-11-30 16:43:55,082 - LSTM_MERGE - INFO - [EXP] Época 350/500 - Loss: 0.032204
2025-11-30 16:44:23,945 - LSTM_MERGE - INFO - [EXP] Época 400/500 - Loss: 0.029593
2025-11-30 16:44:53,011 - LSTM_MERGE - INFO - [EXP] Época 450/500 - Loss: 0.028247
2025-11-30 16:45:21,924 - LSTM_MERGE - INFO - [EXP] Época 500/500 - Loss: 0.029332
2025-11-30 16:45:21,924 - LSTM_MERGE - INFO - Treinamento concluído em 4.75 minutos
2025-11-30 16:45:22,001 - LSTM_MERGE - INFO - Calculando erro para o train
2025-11-30 16:45:22,004 - LSTM_MERGE - INFO - RMSE: 7.8728
2025-11-30 16:45:22,004 - LSTM_MERGE - INFO - MSE : 61.9807
2025-11-30 16:45:22,004 - LSTM_MERGE - INFO - MAE : 3.0255
2025-11-30 16:45:22,004 - LSTM_MERGE - INFO - CSI (thr=1.0 mm): 0.1121  [TP=431, FP=1103, FN=2311]
2025-11-30 16:45:22,004 - LSTM_MERGE - INFO - train_pred TRAIN mm min/max: 0.0, 77.81290154533183
2025-11-30 16:45:22,004 - LSTM_MERGE - INFO - train_TRUE TRAIN mm min/max: 0.0, 90.0624999957066
2025-11-30 16:45:22,004 - LSTM_MERGE - INFO -  Gerando gráficos TRAIN...
2025-11-30 16:45:22,445 - LSTM_MERGE - INFO -  Gráficos gerados TRAIN ...
2025-11-30 16:45:22,445 - LSTM_MERGE - INFO - Calculando erro para parte de teste
2025-11-30 16:45:22,447 - LSTM_MERGE - INFO - RMSE: 3.2342
2025-11-30 16:45:22,447 - LSTM_MERGE - INFO - MSE : 10.4603
2025-11-30 16:45:22,448 - LSTM_MERGE - INFO - MAE : 1.4671
2025-11-30 16:45:22,448 - LSTM_MERGE - INFO - CSI (thr=1.0 mm): 0.1429  [TP=1, FP=1, FN=5]
2025-11-30 16:45:22,448 - LSTM_MERGE - INFO - y_pred mm min/max: 0.010655219287802088, 3.4235350797649104
2025-11-30 16:45:22,448 - LSTM_MERGE - INFO - y_TRUE mm min/max: 0.0, 10.62500000066143
2025-11-30 16:45:22,448 - LSTM_MERGE - INFO -  Gerando gráficos...
2025-11-30 16:45:22,773 - LSTM_MERGE - INFO -  Gráficos gerados...
2025-11-30 16:45:22,773 - LSTM_MERGE - INFO - ==========================================================================================
2025-11-30 16:45:22,773 - LSTM_MERGE - INFO - Execução finalizada com sucesso.
2025-11-30 16:45:22,773 - LSTM_MERGE - INFO - Dispositivo utilizado: cuda
2025-11-30 16:45:22,773 - LSTM_MERGE - INFO - ==========================================================================================
2025-11-30 16:45:28,443 - BiLSTM_MERGE - INFO - ==========================================================================================
2025-11-30 16:45:28,444 - BiLSTM_MERGE - INFO - Iniciando script BILSTM (PyTorch) MERGE com suporte a GPU e logs detalhados.
2025-11-30 16:45:28,444 - BiLSTM_MERGE - INFO - ==========================================================================================
2025-11-30 16:45:28,444 - BiLSTM_MERGE - INFO - Iniciando experimento: lookback=30, hidden_dim=64, layers=2, lr=0.001, drop=0.5
2025-11-30 16:45:28,452 - BiLSTM_MERGE - INFO - Shape treino: torch.Size([10082, 30, 1]), teste: torch.Size([30, 30, 1])
2025-11-30 16:45:28,455 - BiLSTM_MERGE - INFO - Treinando por 500 épocas...
2025-11-30 16:45:29,192 - BiLSTM_MERGE - INFO - [EXP] Época 1/500 - Loss: 0.036882
2025-11-30 16:46:05,164 - BiLSTM_MERGE - INFO - [EXP] Época 50/500 - Loss: 0.033516
2025-11-30 16:46:41,855 - BiLSTM_MERGE - INFO - [EXP] Época 100/500 - Loss: 0.033588
2025-11-30 16:47:18,538 - BiLSTM_MERGE - INFO - [EXP] Época 150/500 - Loss: 0.033204
2025-11-30 16:47:55,232 - BiLSTM_MERGE - INFO - [EXP] Época 200/500 - Loss: 0.033092
2025-11-30 16:48:31,947 - BiLSTM_MERGE - INFO - [EXP] Época 250/500 - Loss: 0.033044
2025-11-30 16:49:08,667 - BiLSTM_MERGE - INFO - [EXP] Época 300/500 - Loss: 0.032507
2025-11-30 16:49:45,334 - BiLSTM_MERGE - INFO - [EXP] Época 350/500 - Loss: 0.032133
2025-11-30 16:50:22,185 - BiLSTM_MERGE - INFO - [EXP] Época 400/500 - Loss: 0.033365
2025-11-30 16:50:59,084 - BiLSTM_MERGE - INFO - [EXP] Época 450/500 - Loss: 0.031109
2025-11-30 16:51:35,981 - BiLSTM_MERGE - INFO - [EXP] Época 500/500 - Loss: 0.030359
2025-11-30 16:51:35,981 - BiLSTM_MERGE - INFO - Treinamento concluído em 6.13 minutos
2025-11-30 16:51:36,107 - BiLSTM_MERGE - INFO - Calculando erro para o train
2025-11-30 16:51:36,109 - BiLSTM_MERGE - INFO - RMSE: 7.6433
2025-11-30 16:51:36,109 - BiLSTM_MERGE - INFO - MSE : 58.4201
2025-11-30 16:51:36,109 - BiLSTM_MERGE - INFO - MAE : 2.8970
2025-11-30 16:51:36,110 - BiLSTM_MERGE - INFO - CSI (thr=1.0 mm): 0.1124  [TP=442, FP=1192, FN=2300]
2025-11-30 16:51:36,110 - BiLSTM_MERGE - INFO - train_pred TRAIN mm min/max: 0.0, 103.02701703712938
2025-11-30 16:51:36,110 - BiLSTM_MERGE - INFO - train_TRUE TRAIN mm min/max: 0.0, 90.0624999957066
2025-11-30 16:51:36,110 - BiLSTM_MERGE - INFO -  Gerando gráficos TRAIN...
2025-11-30 16:51:36,526 - BiLSTM_MERGE - INFO -  Gráficos gerados TRAIN ...
2025-11-30 16:51:36,526 - BiLSTM_MERGE - INFO - Calculando erro para parte de teste
2025-11-30 16:51:36,528 - BiLSTM_MERGE - INFO - RMSE: 3.2250
2025-11-30 16:51:36,528 - BiLSTM_MERGE - INFO - MSE : 10.4007
2025-11-30 16:51:36,528 - BiLSTM_MERGE - INFO - MAE : 1.4506
2025-11-30 16:51:36,528 - BiLSTM_MERGE - INFO - CSI (thr=1.0 mm): 0.1111  [TP=1, FP=3, FN=5]
2025-11-30 16:51:36,528 - BiLSTM_MERGE - INFO - y_pred mm min/max: 0.027045830524532345, 2.0541014205849333
2025-11-30 16:51:36,529 - BiLSTM_MERGE - INFO - y_TRUE mm min/max: 0.0, 10.62500000066143
2025-11-30 16:51:36,529 - BiLSTM_MERGE - INFO -  Gerando gráficos...
2025-11-30 16:51:36,825 - BiLSTM_MERGE - INFO -  Gráficos gerados...
2025-11-30 16:51:36,826 - BiLSTM_MERGE - INFO - ==========================================================================================
2025-11-30 16:51:36,826 - BiLSTM_MERGE - INFO - Execução finalizada com sucesso.
2025-11-30 16:51:36,826 - BiLSTM_MERGE - INFO - Dispositivo utilizado: cuda
2025-11-30 16:51:36,826 - BiLSTM_MERGE - INFO - ==========================================================================================
2025-11-30 16:51:42,955 - LSTM_MERGE - INFO - ==========================================================================================
2025-11-30 16:51:42,955 - LSTM_MERGE - INFO - Iniciando script LSTM (PyTorch) MERGE com suporte a GPU e logs detalhados.
2025-11-30 16:51:42,955 - LSTM_MERGE - INFO - ==========================================================================================
2025-11-30 16:51:42,955 - LSTM_MERGE - INFO - Iniciando experimento: lookback=30, hidden_dim=128, layers=2, lr=0.001, drop=0.5
2025-11-30 16:51:42,964 - LSTM_MERGE - INFO - Shape treino: torch.Size([10082, 30, 1]), teste: torch.Size([30, 30, 1])
2025-11-30 16:51:42,966 - LSTM_MERGE - INFO - Treinando por 500 épocas...
2025-11-30 16:51:43,529 - LSTM_MERGE - INFO - [EXP] Época 1/500 - Loss: 0.035005
2025-11-30 16:52:11,065 - LSTM_MERGE - INFO - [EXP] Época 50/500 - Loss: 0.033594
2025-11-30 16:52:39,481 - LSTM_MERGE - INFO - [EXP] Época 100/500 - Loss: 0.033439
2025-11-30 16:53:08,024 - LSTM_MERGE - INFO - [EXP] Época 150/500 - Loss: 0.034686
2025-11-30 16:53:36,739 - LSTM_MERGE - INFO - [EXP] Época 200/500 - Loss: 0.033250
2025-11-30 16:54:05,450 - LSTM_MERGE - INFO - [EXP] Época 250/500 - Loss: 0.032743
2025-11-30 16:54:33,829 - LSTM_MERGE - INFO - [EXP] Época 300/500 - Loss: 0.031992
2025-11-30 16:55:02,207 - LSTM_MERGE - INFO - [EXP] Época 350/500 - Loss: 0.029066
2025-11-30 16:55:30,602 - LSTM_MERGE - INFO - [EXP] Época 400/500 - Loss: 0.027441
2025-11-30 16:55:58,956 - LSTM_MERGE - INFO - [EXP] Época 450/500 - Loss: 0.024590
2025-11-30 16:56:27,273 - LSTM_MERGE - INFO - [EXP] Época 500/500 - Loss: 0.022222
2025-11-30 16:56:27,273 - LSTM_MERGE - INFO - Treinamento concluído em 4.74 minutos
2025-11-30 16:56:27,443 - LSTM_MERGE - INFO - Calculando erro para o train
2025-11-30 16:56:27,445 - LSTM_MERGE - INFO - RMSE: 8.4737
2025-11-30 16:56:27,445 - LSTM_MERGE - INFO - MSE : 71.8028
2025-11-30 16:56:27,446 - LSTM_MERGE - INFO - MAE : 3.3656
2025-11-30 16:56:27,446 - LSTM_MERGE - INFO - CSI (thr=1.0 mm): 0.1182  [TP=457, FP=1124, FN=2285]
2025-11-30 16:56:27,446 - LSTM_MERGE - INFO - train_pred TRAIN mm min/max: 0.0, 89.44684911092884
2025-11-30 16:56:27,446 - LSTM_MERGE - INFO - train_TRUE TRAIN mm min/max: 0.0, 90.0624999957066
2025-11-30 16:56:27,446 - LSTM_MERGE - INFO -  Gerando gráficos TRAIN...
2025-11-30 16:56:27,883 - LSTM_MERGE - INFO -  Gráficos gerados TRAIN ...
2025-11-30 16:56:27,883 - LSTM_MERGE - INFO - Calculando erro para parte de teste
2025-11-30 16:56:27,885 - LSTM_MERGE - INFO - RMSE: 3.3172
2025-11-30 16:56:27,885 - LSTM_MERGE - INFO - MSE : 11.0041
2025-11-30 16:56:27,885 - LSTM_MERGE - INFO - MAE : 1.6182
2025-11-30 16:56:27,885 - LSTM_MERGE - INFO - CSI (thr=1.0 mm): 0.1429  [TP=1, FP=1, FN=5]
2025-11-30 16:56:27,885 - LSTM_MERGE - INFO - y_pred mm min/max: 0.0, 5.214893228824312
2025-11-30 16:56:27,885 - LSTM_MERGE - INFO - y_TRUE mm min/max: 0.0, 10.62500000066143
2025-11-30 16:56:27,885 - LSTM_MERGE - INFO -  Gerando gráficos...
2025-11-30 16:56:28,181 - LSTM_MERGE - INFO -  Gráficos gerados...
2025-11-30 16:56:28,181 - LSTM_MERGE - INFO - ==========================================================================================
2025-11-30 16:56:28,181 - LSTM_MERGE - INFO - Execução finalizada com sucesso.
2025-11-30 16:56:28,181 - LSTM_MERGE - INFO - Dispositivo utilizado: cuda
2025-11-30 16:56:28,181 - LSTM_MERGE - INFO - ==========================================================================================
2025-11-30 16:56:33,864 - BiLSTM_MERGE - INFO - ==========================================================================================
2025-11-30 16:56:33,864 - BiLSTM_MERGE - INFO - Iniciando script BILSTM (PyTorch) MERGE com suporte a GPU e logs detalhados.
2025-11-30 16:56:33,864 - BiLSTM_MERGE - INFO - ==========================================================================================
2025-11-30 16:56:33,865 - BiLSTM_MERGE - INFO - Iniciando experimento: lookback=30, hidden_dim=128, layers=2, lr=0.001, drop=0.5
2025-11-30 16:56:33,875 - BiLSTM_MERGE - INFO - Shape treino: torch.Size([10082, 30, 1]), teste: torch.Size([30, 30, 1])
2025-11-30 16:56:33,880 - BiLSTM_MERGE - INFO - Treinando por 500 épocas...
2025-11-30 16:56:34,645 - BiLSTM_MERGE - INFO - [EXP] Época 1/500 - Loss: 0.038199
2025-11-30 16:57:11,366 - BiLSTM_MERGE - INFO - [EXP] Época 50/500 - Loss: 0.033523
2025-11-30 16:57:48,860 - BiLSTM_MERGE - INFO - [EXP] Época 100/500 - Loss: 0.033363
2025-11-30 16:58:26,358 - BiLSTM_MERGE - INFO - [EXP] Época 150/500 - Loss: 0.033172
2025-11-30 16:59:03,852 - BiLSTM_MERGE - INFO - [EXP] Época 200/500 - Loss: 0.033248
2025-11-30 16:59:41,353 - BiLSTM_MERGE - INFO - [EXP] Época 250/500 - Loss: 0.032667
2025-11-30 17:00:19,409 - BiLSTM_MERGE - INFO - [EXP] Época 300/500 - Loss: 0.031690
2025-11-30 17:00:57,473 - BiLSTM_MERGE - INFO - [EXP] Época 350/500 - Loss: 0.031235
2025-11-30 17:01:35,377 - BiLSTM_MERGE - INFO - [EXP] Época 400/500 - Loss: 0.029706
2025-11-30 17:02:13,258 - BiLSTM_MERGE - INFO - [EXP] Época 450/500 - Loss: 0.027705
2025-11-30 17:02:50,854 - BiLSTM_MERGE - INFO - [EXP] Época 500/500 - Loss: 0.026762
2025-11-30 17:02:50,854 - BiLSTM_MERGE - INFO - Treinamento concluído em 6.28 minutos
2025-11-30 17:02:51,171 - BiLSTM_MERGE - INFO - Calculando erro para o train
2025-11-30 17:02:51,174 - BiLSTM_MERGE - INFO - RMSE: 8.0275
2025-11-30 17:02:51,174 - BiLSTM_MERGE - INFO - MSE : 64.4415
2025-11-30 17:02:51,174 - BiLSTM_MERGE - INFO - MAE : 3.0642
2025-11-30 17:02:51,174 - BiLSTM_MERGE - INFO - CSI (thr=1.0 mm): 0.0998  [TP=372, FP=986, FN=2370]
2025-11-30 17:02:51,174 - BiLSTM_MERGE - INFO - train_pred TRAIN mm min/max: 0.0, 91.07428764862773
2025-11-30 17:02:51,174 - BiLSTM_MERGE - INFO - train_TRUE TRAIN mm min/max: 0.0, 90.0624999957066
2025-11-30 17:02:51,174 - BiLSTM_MERGE - INFO -  Gerando gráficos TRAIN...
2025-11-30 17:02:51,579 - BiLSTM_MERGE - INFO -  Gráficos gerados TRAIN ...
2025-11-30 17:02:51,579 - BiLSTM_MERGE - INFO - Calculando erro para parte de teste
2025-11-30 17:02:51,581 - BiLSTM_MERGE - INFO - RMSE: 3.2495
2025-11-30 17:02:51,581 - BiLSTM_MERGE - INFO - MSE : 10.5592
2025-11-30 17:02:51,581 - BiLSTM_MERGE - INFO - MAE : 1.4895
2025-11-30 17:02:51,581 - BiLSTM_MERGE - INFO - CSI (thr=1.0 mm): 0.0000  [TP=0, FP=2, FN=6]
2025-11-30 17:02:51,581 - BiLSTM_MERGE - INFO - y_pred mm min/max: 0.0, 1.6705427155033596
2025-11-30 17:02:51,581 - BiLSTM_MERGE - INFO - y_TRUE mm min/max: 0.0, 10.62500000066143
2025-11-30 17:02:51,581 - BiLSTM_MERGE - INFO -  Gerando gráficos...
2025-11-30 17:02:51,938 - BiLSTM_MERGE - INFO -  Gráficos gerados...
2025-11-30 17:02:51,938 - BiLSTM_MERGE - INFO - ==========================================================================================
2025-11-30 17:02:51,938 - BiLSTM_MERGE - INFO - Execução finalizada com sucesso.
2025-11-30 17:02:51,938 - BiLSTM_MERGE - INFO - Dispositivo utilizado: cuda
2025-11-30 17:02:51,938 - BiLSTM_MERGE - INFO - ==========================================================================================
2025-11-30 17:02:57,976 - LSTM_MERGE - INFO - ==========================================================================================
2025-11-30 17:02:57,977 - LSTM_MERGE - INFO - Iniciando script LSTM (PyTorch) MERGE com suporte a GPU e logs detalhados.
2025-11-30 17:02:57,977 - LSTM_MERGE - INFO - ==========================================================================================
2025-11-30 17:02:57,977 - LSTM_MERGE - INFO - Iniciando experimento: lookback=30, hidden_dim=256, layers=2, lr=0.001, drop=0.5
2025-11-30 17:02:57,988 - LSTM_MERGE - INFO - Shape treino: torch.Size([10082, 30, 1]), teste: torch.Size([30, 30, 1])
2025-11-30 17:02:57,992 - LSTM_MERGE - INFO - Treinando por 500 épocas...
2025-11-30 17:02:58,924 - LSTM_MERGE - INFO - [EXP] Época 1/500 - Loss: 0.035691
2025-11-30 17:03:44,312 - LSTM_MERGE - INFO - [EXP] Época 50/500 - Loss: 0.033936
2025-11-30 17:04:31,126 - LSTM_MERGE - INFO - [EXP] Época 100/500 - Loss: 0.033261
2025-11-30 17:05:18,076 - LSTM_MERGE - INFO - [EXP] Época 150/500 - Loss: 0.033289
2025-11-30 17:06:04,686 - LSTM_MERGE - INFO - [EXP] Época 200/500 - Loss: 0.032991
2025-11-30 17:06:51,092 - LSTM_MERGE - INFO - [EXP] Época 250/500 - Loss: 0.032200
2025-11-30 17:07:37,854 - LSTM_MERGE - INFO - [EXP] Época 300/500 - Loss: 0.031752
2025-11-30 17:08:24,757 - LSTM_MERGE - INFO - [EXP] Época 350/500 - Loss: 0.030330
2025-11-30 17:09:11,662 - LSTM_MERGE - INFO - [EXP] Época 400/500 - Loss: 0.028665
2025-11-30 17:09:58,217 - LSTM_MERGE - INFO - [EXP] Época 450/500 - Loss: 0.026540
2025-11-30 17:10:44,671 - LSTM_MERGE - INFO - [EXP] Época 500/500 - Loss: 0.025147
2025-11-30 17:10:44,671 - LSTM_MERGE - INFO - Treinamento concluído em 7.78 minutos
2025-11-30 17:10:44,897 - LSTM_MERGE - INFO - Calculando erro para o train
2025-11-30 17:10:44,900 - LSTM_MERGE - INFO - RMSE: 8.1379
2025-11-30 17:10:44,900 - LSTM_MERGE - INFO - MSE : 66.2260
2025-11-30 17:10:44,900 - LSTM_MERGE - INFO - MAE : 3.1560
2025-11-30 17:10:44,900 - LSTM_MERGE - INFO - CSI (thr=1.0 mm): 0.1042  [TP=400, FP=1096, FN=2342]
2025-11-30 17:10:44,900 - LSTM_MERGE - INFO - train_pred TRAIN mm min/max: 0.0, 91.42211112689264
2025-11-30 17:10:44,900 - LSTM_MERGE - INFO - train_TRUE TRAIN mm min/max: 0.0, 90.0624999957066
2025-11-30 17:10:44,900 - LSTM_MERGE - INFO -  Gerando gráficos TRAIN...
2025-11-30 17:10:45,307 - LSTM_MERGE - INFO -  Gráficos gerados TRAIN ...
2025-11-30 17:10:45,307 - LSTM_MERGE - INFO - Calculando erro para parte de teste
2025-11-30 17:10:45,309 - LSTM_MERGE - INFO - RMSE: 3.2466
2025-11-30 17:10:45,309 - LSTM_MERGE - INFO - MSE : 10.5404
2025-11-30 17:10:45,309 - LSTM_MERGE - INFO - MAE : 1.4616
2025-11-30 17:10:45,309 - LSTM_MERGE - INFO - CSI (thr=1.0 mm): 0.1429  [TP=1, FP=1, FN=5]
2025-11-30 17:10:45,309 - LSTM_MERGE - INFO - y_pred mm min/max: 0.0, 2.5206794686345146
2025-11-30 17:10:45,309 - LSTM_MERGE - INFO - y_TRUE mm min/max: 0.0, 10.62500000066143
2025-11-30 17:10:45,309 - LSTM_MERGE - INFO -  Gerando gráficos...
2025-11-30 17:10:45,659 - LSTM_MERGE - INFO -  Gráficos gerados...
2025-11-30 17:10:45,659 - LSTM_MERGE - INFO - ==========================================================================================
2025-11-30 17:10:45,659 - LSTM_MERGE - INFO - Execução finalizada com sucesso.
2025-11-30 17:10:45,659 - LSTM_MERGE - INFO - Dispositivo utilizado: cuda
2025-11-30 17:10:45,660 - LSTM_MERGE - INFO - ==========================================================================================
2025-11-30 17:10:51,386 - BiLSTM_MERGE - INFO - ==========================================================================================
2025-11-30 17:10:51,386 - BiLSTM_MERGE - INFO - Iniciando script BILSTM (PyTorch) MERGE com suporte a GPU e logs detalhados.
2025-11-30 17:10:51,386 - BiLSTM_MERGE - INFO - ==========================================================================================
2025-11-30 17:10:51,387 - BiLSTM_MERGE - INFO - Iniciando experimento: lookback=30, hidden_dim=256, layers=2, lr=0.001, drop=0.5
2025-11-30 17:10:51,397 - BiLSTM_MERGE - INFO - Shape treino: torch.Size([10082, 30, 1]), teste: torch.Size([30, 30, 1])
2025-11-30 17:10:51,410 - BiLSTM_MERGE - INFO - Treinando por 500 épocas...
2025-11-30 17:10:52,871 - BiLSTM_MERGE - INFO - [EXP] Época 1/500 - Loss: 0.036486
2025-11-30 17:12:05,097 - BiLSTM_MERGE - INFO - [EXP] Época 50/500 - Loss: 0.033614
2025-11-30 17:13:19,288 - BiLSTM_MERGE - INFO - [EXP] Época 100/500 - Loss: 0.033351
2025-11-30 17:14:33,621 - BiLSTM_MERGE - INFO - [EXP] Época 150/500 - Loss: 0.033264
2025-11-30 17:15:47,570 - BiLSTM_MERGE - INFO - [EXP] Época 200/500 - Loss: 0.033164
2025-11-30 17:17:01,035 - BiLSTM_MERGE - INFO - [EXP] Época 250/500 - Loss: 0.033247
2025-11-30 17:18:14,528 - BiLSTM_MERGE - INFO - [EXP] Época 300/500 - Loss: 0.033189
2025-11-30 17:19:27,738 - BiLSTM_MERGE - INFO - [EXP] Época 350/500 - Loss: 0.032245
2025-11-30 17:20:41,999 - BiLSTM_MERGE - INFO - [EXP] Época 400/500 - Loss: 0.031787
2025-11-30 17:21:56,852 - BiLSTM_MERGE - INFO - [EXP] Época 450/500 - Loss: 0.030802
2025-11-30 17:23:10,447 - BiLSTM_MERGE - INFO - [EXP] Época 500/500 - Loss: 0.028846
2025-11-30 17:23:10,447 - BiLSTM_MERGE - INFO - Treinamento concluído em 12.32 minutos
2025-11-30 17:23:10,861 - BiLSTM_MERGE - INFO - Calculando erro para o train
2025-11-30 17:23:10,863 - BiLSTM_MERGE - INFO - RMSE: 8.0308
2025-11-30 17:23:10,863 - BiLSTM_MERGE - INFO - MSE : 64.4937
2025-11-30 17:23:10,863 - BiLSTM_MERGE - INFO - MAE : 3.0826
2025-11-30 17:23:10,863 - BiLSTM_MERGE - INFO - CSI (thr=1.0 mm): 0.1161  [TP=455, FP=1176, FN=2287]
2025-11-30 17:23:10,864 - BiLSTM_MERGE - INFO - train_pred TRAIN mm min/max: 0.0, 138.17190779086894
2025-11-30 17:23:10,864 - BiLSTM_MERGE - INFO - train_TRUE TRAIN mm min/max: 0.0, 90.0624999957066
2025-11-30 17:23:10,864 - BiLSTM_MERGE - INFO -  Gerando gráficos TRAIN...
2025-11-30 17:23:11,314 - BiLSTM_MERGE - INFO -  Gráficos gerados TRAIN ...
2025-11-30 17:23:11,314 - BiLSTM_MERGE - INFO - Calculando erro para parte de teste
2025-11-30 17:23:11,316 - BiLSTM_MERGE - INFO - RMSE: 3.2909
2025-11-30 17:23:11,316 - BiLSTM_MERGE - INFO - MSE : 10.8302
2025-11-30 17:23:11,316 - BiLSTM_MERGE - INFO - MAE : 1.5404
2025-11-30 17:23:11,316 - BiLSTM_MERGE - INFO - CSI (thr=1.0 mm): 0.1111  [TP=1, FP=3, FN=5]
2025-11-30 17:23:11,316 - BiLSTM_MERGE - INFO - y_pred mm min/max: 0.0, 3.209816880371142
2025-11-30 17:23:11,316 - BiLSTM_MERGE - INFO - y_TRUE mm min/max: 0.0, 10.62500000066143
2025-11-30 17:23:11,316 - BiLSTM_MERGE - INFO -  Gerando gráficos...
2025-11-30 17:23:11,864 - BiLSTM_MERGE - INFO -  Gráficos gerados...
2025-11-30 17:23:11,865 - BiLSTM_MERGE - INFO - ==========================================================================================
2025-11-30 17:23:11,865 - BiLSTM_MERGE - INFO - Execução finalizada com sucesso.
2025-11-30 17:23:11,865 - BiLSTM_MERGE - INFO - Dispositivo utilizado: cuda
2025-11-30 17:23:11,865 - BiLSTM_MERGE - INFO - ==========================================================================================
2025-11-30 17:23:17,885 - ARIMA_MERGE - INFO - ==========================================================================================
2025-11-30 17:23:17,885 - ARIMA_MERGE - INFO - Iniciando script ARIMA MERGE.
2025-11-30 17:23:17,885 - ARIMA_MERGE - INFO - ==========================================================================================
2025-11-30 17:23:17,887 - ARIMA_MERGE - INFO - Tamanho treino: 10113 | teste: 30
2025-11-30 17:23:17,887 - ARIMA_MERGE - INFO - [FASE 4] Iniciando busca manual por hiperparâmetros (AIC).
2025-11-30 17:35:22,706 - ARIMA_MERGE - INFO - Melhor order encontrado: (30, 0, 0)
2025-11-30 17:35:22,707 - ARIMA_MERGE - INFO - Melhor AIC (treino): -23571.78
2025-11-30 17:35:22,707 - ARIMA_MERGE - INFO - Tempo da Fase 4: 724.82s
2025-11-30 17:35:22,707 - ARIMA_MERGE - INFO - [FASE 5] Reajustando melhor modelo no conjunto de treino.
2025-11-30 17:36:45,670 - ARIMA_MERGE - INFO - Melhor modelo ajustado no treino.
2025-11-30 17:36:45,670 - ARIMA_MERGE - INFO - Tempo da Fase 5: 82.96s
2025-11-30 17:36:45,670 - ARIMA_MERGE - INFO - [FASE 6] Gerando previsões no conjunto de teste e avaliando métricas.
2025-11-30 17:36:45,675 - ARIMA_MERGE - INFO - RMSE: 6.7734
2025-11-30 17:36:45,675 - ARIMA_MERGE - INFO - MSE : 45.8787
2025-11-30 17:36:45,675 - ARIMA_MERGE - INFO - MAE : 3.4876
2025-11-30 17:36:45,675 - ARIMA_MERGE - INFO - CSI (thr=1.0 mm): 0.2724  [TP=2754, FP=7351, FN=4]
2025-11-30 17:36:45,675 - ARIMA_MERGE - INFO - [TREINO] RMSE=6.7734 | MSE=45.8787 | MAE=3.4876 | CSI=0.2724
2025-11-30 17:36:45,681 - ARIMA_MERGE - INFO - RMSE: 3.0177
2025-11-30 17:36:45,681 - ARIMA_MERGE - INFO - MSE : 9.1067
2025-11-30 17:36:45,681 - ARIMA_MERGE - INFO - MAE : 2.5906
2025-11-30 17:36:45,681 - ARIMA_MERGE - INFO - CSI (thr=1.0 mm): 0.2000  [TP=6, FP=24, FN=0]
2025-11-30 17:36:45,681 - ARIMA_MERGE - INFO - Tempo total da Fase 6: 0.01s
2025-11-30 17:36:45,681 - ARIMA_MERGE - INFO - [FASE 7] Salvando gráfico de previsão vs. observado.
2025-11-30 17:36:46,502 - ARIMA_MERGE - INFO - Gráfico salvo como 'arimaMERGE_result.png'.
2025-11-30 17:36:46,502 - ARIMA_MERGE - INFO - ==========================================================================================
2025-11-30 17:36:46,502 - ARIMA_MERGE - INFO - Execução ARIMA MERGE finalizada com sucesso.
2025-11-30 17:36:46,502 - ARIMA_MERGE - INFO - Tempo total de execução: 808.62s
2025-11-30 17:36:46,502 - ARIMA_MERGE - INFO - ==========================================================================================
2025-11-30 17:36:52,162 - RANDOM_FOREST_MERGE - INFO - ====================================================================================================
2025-11-30 17:36:52,162 - RANDOM_FOREST_MERGE - INFO - Iniciando Random Forest MERGE com GridSearchCV.
2025-11-30 17:36:52,162 - RANDOM_FOREST_MERGE - INFO - ====================================================================================================
2025-11-30 17:36:52,163 - RANDOM_FOREST_MERGE - INFO - [FASE 3] Split treino/teste e preparação.
2025-11-30 17:36:52,171 - RANDOM_FOREST_MERGE - INFO - [FASE 3] Treino: X=(10083, 30), y=10083 | Teste: X=(30, 30), y=30
2025-11-30 17:36:52,171 - RANDOM_FOREST_MERGE - INFO - [FASE 3] Tempo: 0.01s
2025-11-30 17:36:52,171 - RANDOM_FOREST_MERGE - INFO - [FASE 4] Iniciando GridSearchCV (TimeSeriesSplit).
2025-11-30 17:38:45,851 - RANDOM_FOREST_MERGE - INFO - [FASE 4] GridSearchCV concluído em 113.68s
2025-11-30 17:38:45,852 - RANDOM_FOREST_MERGE - INFO - [FASE 4] Melhores parâmetros: {'max_depth': None, 'max_features': 'sqrt', 'min_samples_leaf': 4, 'min_samples_split': 10, 'n_estimators': 400}
2025-11-30 17:38:45,852 - RANDOM_FOREST_MERGE - INFO - [FASE 4] Melhor score (neg_MSE): -44.966315
2025-11-30 17:38:45,852 - RANDOM_FOREST_MERGE - INFO - [FASE 4] Tempo: 113.68s
2025-11-30 17:38:45,852 - RANDOM_FOREST_MERGE - INFO - [FASE 5] Treinando best_estimator_ no conjunto de treino.
2025-11-30 17:38:46,599 - RANDOM_FOREST_MERGE - INFO - [FASE 5] Tempo: 0.75s
2025-11-30 17:38:46,600 - RANDOM_FOREST_MERGE - INFO - [FASE 6] Previsão e cálculo de métricas.
2025-11-30 17:38:46,664 - RANDOM_FOREST_MERGE - INFO - RMSE: 5.1608
2025-11-30 17:38:46,664 - RANDOM_FOREST_MERGE - INFO - MSE : 26.6336
2025-11-30 17:38:46,664 - RANDOM_FOREST_MERGE - INFO - MAE : 2.5502
2025-11-30 17:38:46,664 - RANDOM_FOREST_MERGE - INFO - CSI (thr=1.0 mm): 0.3691  [TP=2706, FP=4580, FN=45]
2025-11-30 17:38:46,665 - RANDOM_FOREST_MERGE - INFO - [TREINO] RMSE=5.1608 | MSE=26.6336 | MAE=2.5502 | CSI=0.3691
2025-11-30 17:38:46,698 - RANDOM_FOREST_MERGE - INFO - y_pred raw min/max: 0.4113597184925334, 6.764372335906769
2025-11-30 17:38:46,698 - RANDOM_FOREST_MERGE - INFO - y_TRUE raw min/max: 0.0, 10.62500000066143
2025-11-30 17:38:46,699 - RANDOM_FOREST_MERGE - INFO - RMSE: 3.0398
2025-11-30 17:38:46,699 - RANDOM_FOREST_MERGE - INFO - MSE : 9.2406
2025-11-30 17:38:46,699 - RANDOM_FOREST_MERGE - INFO - MAE : 1.9900
2025-11-30 17:38:46,699 - RANDOM_FOREST_MERGE - INFO - CSI (thr=1.0 mm): 0.1905  [TP=4, FP=15, FN=2]
2025-11-30 17:38:46,699 - RANDOM_FOREST_MERGE - INFO - [FASE 7] Gerando gráficos.
2025-11-30 17:38:47,410 - RANDOM_FOREST_MERGE - INFO - Gráfico salvo como 'random_forest_MERGE.png'.
2025-11-30 17:38:47,411 - RANDOM_FOREST_MERGE - INFO - [FASE 7] Tempo: 0.71s
2025-11-30 17:38:47,411 - RANDOM_FOREST_MERGE - INFO - ====================================================================================================
2025-11-30 17:38:47,411 - RANDOM_FOREST_MERGE - INFO - Resumo Final
2025-11-30 17:38:47,411 - RANDOM_FOREST_MERGE - INFO - Melhores parâmetros: {'max_depth': None, 'max_features': 'sqrt', 'min_samples_leaf': 4, 'min_samples_split': 10, 'n_estimators': 400}
2025-11-30 17:38:47,411 - RANDOM_FOREST_MERGE - INFO - Tempo total de execução: 115.25s
2025-11-30 17:38:47,411 - RANDOM_FOREST_MERGE - INFO - ====================================================================================================
2025-11-30 17:38:53,098 - LSTM_MERGE - INFO - ==========================================================================================
2025-11-30 17:38:53,098 - LSTM_MERGE - INFO - Iniciando script LSTM (PyTorch) MERGE com suporte a GPU e logs detalhados.
2025-11-30 17:38:53,098 - LSTM_MERGE - INFO - ==========================================================================================
2025-11-30 17:38:53,098 - LSTM_MERGE - INFO - Iniciando experimento: lookback=30, hidden_dim=32, layers=2, lr=0.001, drop=0.5
2025-11-30 17:38:53,111 - LSTM_MERGE - INFO - Shape treino: torch.Size([10082, 30, 1]), teste: torch.Size([30, 30, 1])
2025-11-30 17:38:53,113 - LSTM_MERGE - INFO - Treinando por 500 épocas...
2025-11-30 17:38:53,640 - LSTM_MERGE - INFO - [EXP] Época 1/500 - Loss: 0.035884
2025-11-30 17:39:19,416 - LSTM_MERGE - INFO - [EXP] Época 50/500 - Loss: 0.033452
2025-11-30 17:39:45,709 - LSTM_MERGE - INFO - [EXP] Época 100/500 - Loss: 0.033529
2025-11-30 17:40:13,623 - LSTM_MERGE - INFO - [EXP] Época 150/500 - Loss: 0.033357
2025-11-30 17:40:42,626 - LSTM_MERGE - INFO - [EXP] Época 200/500 - Loss: 0.033064
2025-11-30 17:41:11,651 - LSTM_MERGE - INFO - [EXP] Época 250/500 - Loss: 0.033135
2025-11-30 17:41:38,850 - LSTM_MERGE - INFO - [EXP] Época 300/500 - Loss: 0.035103
2025-11-30 17:42:05,146 - LSTM_MERGE - INFO - [EXP] Época 350/500 - Loss: 0.033625
2025-11-30 17:42:31,959 - LSTM_MERGE - INFO - [EXP] Época 400/500 - Loss: 0.033500
2025-11-30 17:43:00,038 - LSTM_MERGE - INFO - [EXP] Época 450/500 - Loss: 0.033186
2025-11-30 17:43:28,115 - LSTM_MERGE - INFO - [EXP] Época 500/500 - Loss: 0.032595
2025-11-30 17:43:28,115 - LSTM_MERGE - INFO - Treinamento concluído em 4.58 minutos
2025-11-30 17:43:28,189 - LSTM_MERGE - INFO - Calculando erro para o train
2025-11-30 17:43:28,191 - LSTM_MERGE - INFO - RMSE: 7.3861
2025-11-30 17:43:28,191 - LSTM_MERGE - INFO - MSE : 54.5542
2025-11-30 17:43:28,192 - LSTM_MERGE - INFO - MAE : 2.8150
2025-11-30 17:43:28,192 - LSTM_MERGE - INFO - CSI (thr=1.0 mm): 0.1206  [TP=481, FP=1246, FN=2261]
2025-11-30 17:43:28,192 - LSTM_MERGE - INFO - train_pred TRAIN mm min/max: 0.0, 60.55380543032703
2025-11-30 17:43:28,192 - LSTM_MERGE - INFO - train_TRUE TRAIN mm min/max: 0.0, 90.0624999957066
2025-11-30 17:43:28,192 - LSTM_MERGE - INFO -  Gerando gráficos TRAIN...
2025-11-30 17:43:28,610 - LSTM_MERGE - INFO -  Gráficos gerados TRAIN ...
2025-11-30 17:43:28,610 - LSTM_MERGE - INFO - Calculando erro para parte de teste
2025-11-30 17:43:28,612 - LSTM_MERGE - INFO - RMSE: 3.2464
2025-11-30 17:43:28,612 - LSTM_MERGE - INFO - MSE : 10.5392
2025-11-30 17:43:28,612 - LSTM_MERGE - INFO - MAE : 1.5216
2025-11-30 17:43:28,612 - LSTM_MERGE - INFO - CSI (thr=1.0 mm): 0.1250  [TP=1, FP=2, FN=5]
2025-11-30 17:43:28,612 - LSTM_MERGE - INFO - y_pred mm min/max: 0.01796780477075864, 3.5189618794898276
2025-11-30 17:43:28,613 - LSTM_MERGE - INFO - y_TRUE mm min/max: 0.0, 10.62500000066143
2025-11-30 17:43:28,613 - LSTM_MERGE - INFO -  Gerando gráficos...
2025-11-30 17:43:28,939 - LSTM_MERGE - INFO -  Gráficos gerados...
2025-11-30 17:43:28,939 - LSTM_MERGE - INFO - ==========================================================================================
2025-11-30 17:43:28,939 - LSTM_MERGE - INFO - Execução finalizada com sucesso.
2025-11-30 17:43:28,939 - LSTM_MERGE - INFO - Dispositivo utilizado: cuda
2025-11-30 17:43:28,939 - LSTM_MERGE - INFO - ==========================================================================================
2025-11-30 17:43:34,628 - BiLSTM_MERGE - INFO - ==========================================================================================
2025-11-30 17:43:34,628 - BiLSTM_MERGE - INFO - Iniciando script BILSTM (PyTorch) MERGE com suporte a GPU e logs detalhados.
2025-11-30 17:43:34,628 - BiLSTM_MERGE - INFO - ==========================================================================================
2025-11-30 17:43:34,628 - BiLSTM_MERGE - INFO - Iniciando experimento: lookback=30, hidden_dim=32, layers=2, lr=0.001, drop=0.5
2025-11-30 17:43:34,639 - BiLSTM_MERGE - INFO - Shape treino: torch.Size([10082, 30, 1]), teste: torch.Size([30, 30, 1])
2025-11-30 17:43:34,641 - BiLSTM_MERGE - INFO - Treinando por 500 épocas...
2025-11-30 17:43:35,374 - BiLSTM_MERGE - INFO - [EXP] Época 1/500 - Loss: 0.039235
2025-11-30 17:44:11,451 - BiLSTM_MERGE - INFO - [EXP] Época 50/500 - Loss: 0.033548
2025-11-30 17:44:48,120 - BiLSTM_MERGE - INFO - [EXP] Época 100/500 - Loss: 0.033370
2025-11-30 17:45:24,729 - BiLSTM_MERGE - INFO - [EXP] Época 150/500 - Loss: 0.033290
2025-11-30 17:46:02,028 - BiLSTM_MERGE - INFO - [EXP] Época 200/500 - Loss: 0.034822
2025-11-30 17:46:39,041 - BiLSTM_MERGE - INFO - [EXP] Época 250/500 - Loss: 0.032565
2025-11-30 17:47:16,052 - BiLSTM_MERGE - INFO - [EXP] Época 300/500 - Loss: 0.032326
2025-11-30 17:47:53,081 - BiLSTM_MERGE - INFO - [EXP] Época 350/500 - Loss: 0.032330
2025-11-30 17:48:30,347 - BiLSTM_MERGE - INFO - [EXP] Época 400/500 - Loss: 0.031410
2025-11-30 17:49:07,638 - BiLSTM_MERGE - INFO - [EXP] Época 450/500 - Loss: 0.030372
2025-11-30 17:49:46,694 - BiLSTM_MERGE - INFO - [EXP] Época 500/500 - Loss: 0.030054
2025-11-30 17:49:46,694 - BiLSTM_MERGE - INFO - Treinamento concluído em 6.20 minutos
2025-11-30 17:49:46,784 - BiLSTM_MERGE - INFO - Calculando erro para o train
2025-11-30 17:49:46,787 - BiLSTM_MERGE - INFO - RMSE: 7.7700
2025-11-30 17:49:46,787 - BiLSTM_MERGE - INFO - MSE : 60.3733
2025-11-30 17:49:46,787 - BiLSTM_MERGE - INFO - MAE : 2.9467
2025-11-30 17:49:46,787 - BiLSTM_MERGE - INFO - CSI (thr=1.0 mm): 0.1012  [TP=377, FP=983, FN=2365]
2025-11-30 17:49:46,787 - BiLSTM_MERGE - INFO - train_pred TRAIN mm min/max: 0.0, 83.81831863122956
2025-11-30 17:49:46,787 - BiLSTM_MERGE - INFO - train_TRUE TRAIN mm min/max: 0.0, 90.0624999957066
2025-11-30 17:49:46,787 - BiLSTM_MERGE - INFO -  Gerando gráficos TRAIN...
2025-11-30 17:49:47,155 - BiLSTM_MERGE - INFO -  Gráficos gerados TRAIN ...
2025-11-30 17:49:47,155 - BiLSTM_MERGE - INFO - Calculando erro para parte de teste
2025-11-30 17:49:47,157 - BiLSTM_MERGE - INFO - RMSE: 3.2500
2025-11-30 17:49:47,157 - BiLSTM_MERGE - INFO - MSE : 10.5622
2025-11-30 17:49:47,157 - BiLSTM_MERGE - INFO - MAE : 1.4903
2025-11-30 17:49:47,157 - BiLSTM_MERGE - INFO - CSI (thr=1.0 mm): 0.1250  [TP=1, FP=2, FN=5]
2025-11-30 17:49:47,157 - BiLSTM_MERGE - INFO - y_pred mm min/max: 0.0, 3.8137719228908287
2025-11-30 17:49:47,157 - BiLSTM_MERGE - INFO - y_TRUE mm min/max: 0.0, 10.62500000066143
2025-11-30 17:49:47,157 - BiLSTM_MERGE - INFO -  Gerando gráficos...
2025-11-30 17:49:47,493 - BiLSTM_MERGE - INFO -  Gráficos gerados...
2025-11-30 17:49:47,493 - BiLSTM_MERGE - INFO - ==========================================================================================
2025-11-30 17:49:47,493 - BiLSTM_MERGE - INFO - Execução finalizada com sucesso.
2025-11-30 17:49:47,493 - BiLSTM_MERGE - INFO - Dispositivo utilizado: cuda
2025-11-30 17:49:47,493 - BiLSTM_MERGE - INFO - ==========================================================================================
2025-11-30 17:49:53,512 - LSTM_MERGE - INFO - ==========================================================================================
2025-11-30 17:49:53,513 - LSTM_MERGE - INFO - Iniciando script LSTM (PyTorch) MERGE com suporte a GPU e logs detalhados.
2025-11-30 17:49:53,513 - LSTM_MERGE - INFO - ==========================================================================================
2025-11-30 17:49:53,513 - LSTM_MERGE - INFO - Iniciando experimento: lookback=30, hidden_dim=64, layers=2, lr=0.001, drop=0.5
2025-11-30 17:49:53,523 - LSTM_MERGE - INFO - Shape treino: torch.Size([10082, 30, 1]), teste: torch.Size([30, 30, 1])
2025-11-30 17:49:53,525 - LSTM_MERGE - INFO - Treinando por 500 épocas...
2025-11-30 17:49:54,091 - LSTM_MERGE - INFO - [EXP] Época 1/500 - Loss: 0.035158
2025-11-30 17:50:21,873 - LSTM_MERGE - INFO - [EXP] Época 50/500 - Loss: 0.033412
2025-11-30 17:50:50,187 - LSTM_MERGE - INFO - [EXP] Época 100/500 - Loss: 0.033365
2025-11-30 17:51:18,681 - LSTM_MERGE - INFO - [EXP] Época 150/500 - Loss: 0.033037
2025-11-30 17:51:47,571 - LSTM_MERGE - INFO - [EXP] Época 200/500 - Loss: 0.032752
2025-11-30 17:52:16,366 - LSTM_MERGE - INFO - [EXP] Época 250/500 - Loss: 0.031945
2025-11-30 17:52:44,840 - LSTM_MERGE - INFO - [EXP] Época 300/500 - Loss: 0.031155
2025-11-30 17:53:13,161 - LSTM_MERGE - INFO - [EXP] Época 350/500 - Loss: 0.030800
2025-11-30 17:53:41,622 - LSTM_MERGE - INFO - [EXP] Época 400/500 - Loss: 0.028040
2025-11-30 17:54:09,960 - LSTM_MERGE - INFO - [EXP] Época 450/500 - Loss: 0.025805
2025-11-30 17:54:38,345 - LSTM_MERGE - INFO - [EXP] Época 500/500 - Loss: 0.024922
2025-11-30 17:54:38,345 - LSTM_MERGE - INFO - Treinamento concluído em 4.75 minutos
2025-11-30 17:54:38,419 - LSTM_MERGE - INFO - Calculando erro para o train
2025-11-30 17:54:38,422 - LSTM_MERGE - INFO - RMSE: 8.2758
2025-11-30 17:54:38,422 - LSTM_MERGE - INFO - MSE : 68.4888
2025-11-30 17:54:38,422 - LSTM_MERGE - INFO - MAE : 3.2032
2025-11-30 17:54:38,422 - LSTM_MERGE - INFO - CSI (thr=1.0 mm): 0.1079  [TP=406, FP=1022, FN=2336]
2025-11-30 17:54:38,422 - LSTM_MERGE - INFO - train_pred TRAIN mm min/max: 0.0, 83.27914231618607
2025-11-30 17:54:38,422 - LSTM_MERGE - INFO - train_TRUE TRAIN mm min/max: 0.0, 90.0624999957066
2025-11-30 17:54:38,423 - LSTM_MERGE - INFO -  Gerando gráficos TRAIN...
2025-11-30 17:54:38,824 - LSTM_MERGE - INFO -  Gráficos gerados TRAIN ...
2025-11-30 17:54:38,824 - LSTM_MERGE - INFO - Calculando erro para parte de teste
2025-11-30 17:54:38,826 - LSTM_MERGE - INFO - RMSE: 3.2109
2025-11-30 17:54:38,826 - LSTM_MERGE - INFO - MSE : 10.3101
2025-11-30 17:54:38,826 - LSTM_MERGE - INFO - MAE : 1.3351
2025-11-30 17:54:38,826 - LSTM_MERGE - INFO - CSI (thr=1.0 mm): 0.1667  [TP=1, FP=0, FN=5]
2025-11-30 17:54:38,826 - LSTM_MERGE - INFO - y_pred mm min/max: 0.0, 2.4902883962472253
2025-11-30 17:54:38,826 - LSTM_MERGE - INFO - y_TRUE mm min/max: 0.0, 10.62500000066143
2025-11-30 17:54:38,826 - LSTM_MERGE - INFO -  Gerando gráficos...
2025-11-30 17:54:39,380 - LSTM_MERGE - INFO -  Gráficos gerados...
2025-11-30 17:54:39,380 - LSTM_MERGE - INFO - ==========================================================================================
2025-11-30 17:54:39,380 - LSTM_MERGE - INFO - Execução finalizada com sucesso.
2025-11-30 17:54:39,380 - LSTM_MERGE - INFO - Dispositivo utilizado: cuda
2025-11-30 17:54:39,380 - LSTM_MERGE - INFO - ==========================================================================================
2025-11-30 17:54:45,065 - BiLSTM_MERGE - INFO - ==========================================================================================
2025-11-30 17:54:45,065 - BiLSTM_MERGE - INFO - Iniciando script BILSTM (PyTorch) MERGE com suporte a GPU e logs detalhados.
2025-11-30 17:54:45,065 - BiLSTM_MERGE - INFO - ==========================================================================================
2025-11-30 17:54:45,065 - BiLSTM_MERGE - INFO - Iniciando experimento: lookback=30, hidden_dim=64, layers=2, lr=0.001, drop=0.5
2025-11-30 17:54:45,076 - BiLSTM_MERGE - INFO - Shape treino: torch.Size([10082, 30, 1]), teste: torch.Size([30, 30, 1])
2025-11-30 17:54:45,079 - BiLSTM_MERGE - INFO - Treinando por 500 épocas...
2025-11-30 17:54:45,812 - BiLSTM_MERGE - INFO - [EXP] Época 1/500 - Loss: 0.039134
2025-11-30 17:55:21,670 - BiLSTM_MERGE - INFO - [EXP] Época 50/500 - Loss: 0.033515
2025-11-30 17:55:58,055 - BiLSTM_MERGE - INFO - [EXP] Época 100/500 - Loss: 0.033307
2025-11-30 17:56:34,339 - BiLSTM_MERGE - INFO - [EXP] Época 150/500 - Loss: 0.034374
2025-11-30 17:57:11,382 - BiLSTM_MERGE - INFO - [EXP] Época 200/500 - Loss: 0.033181
2025-11-30 17:57:48,543 - BiLSTM_MERGE - INFO - [EXP] Época 250/500 - Loss: 0.033370
2025-11-30 17:58:25,975 - BiLSTM_MERGE - INFO - [EXP] Época 300/500 - Loss: 0.033050
2025-11-30 17:59:03,404 - BiLSTM_MERGE - INFO - [EXP] Época 350/500 - Loss: 0.032787
2025-11-30 17:59:40,625 - BiLSTM_MERGE - INFO - [EXP] Época 400/500 - Loss: 0.031806
2025-11-30 18:00:17,731 - BiLSTM_MERGE - INFO - [EXP] Época 450/500 - Loss: 0.030503
2025-11-30 18:00:54,936 - BiLSTM_MERGE - INFO - [EXP] Época 500/500 - Loss: 0.029620
2025-11-30 18:00:54,936 - BiLSTM_MERGE - INFO - Treinamento concluído em 6.16 minutos
2025-11-30 18:00:55,062 - BiLSTM_MERGE - INFO - Calculando erro para o train
2025-11-30 18:00:55,064 - BiLSTM_MERGE - INFO - RMSE: 7.9282
2025-11-30 18:00:55,065 - BiLSTM_MERGE - INFO - MSE : 62.8571
2025-11-30 18:00:55,065 - BiLSTM_MERGE - INFO - MAE : 3.0397
2025-11-30 18:00:55,065 - BiLSTM_MERGE - INFO - CSI (thr=1.0 mm): 0.1198  [TP=479, FP=1256, FN=2263]
2025-11-30 18:00:55,065 - BiLSTM_MERGE - INFO - train_pred TRAIN mm min/max: 0.0, 72.66543722923892
2025-11-30 18:00:55,065 - BiLSTM_MERGE - INFO - train_TRUE TRAIN mm min/max: 0.0, 90.0624999957066
2025-11-30 18:00:55,065 - BiLSTM_MERGE - INFO -  Gerando gráficos TRAIN...
2025-11-30 18:00:55,480 - BiLSTM_MERGE - INFO -  Gráficos gerados TRAIN ...
2025-11-30 18:00:55,480 - BiLSTM_MERGE - INFO - Calculando erro para parte de teste
2025-11-30 18:00:55,482 - BiLSTM_MERGE - INFO - RMSE: 3.3912
2025-11-30 18:00:55,483 - BiLSTM_MERGE - INFO - MSE : 11.5003
2025-11-30 18:00:55,483 - BiLSTM_MERGE - INFO - MAE : 1.6221
2025-11-30 18:00:55,483 - BiLSTM_MERGE - INFO - CSI (thr=1.0 mm): 0.1250  [TP=1, FP=2, FN=5]
2025-11-30 18:00:55,483 - BiLSTM_MERGE - INFO - y_pred mm min/max: 0.0, 7.608248725636451
2025-11-30 18:00:55,483 - BiLSTM_MERGE - INFO - y_TRUE mm min/max: 0.0, 10.62500000066143
2025-11-30 18:00:55,483 - BiLSTM_MERGE - INFO -  Gerando gráficos...
2025-11-30 18:00:55,798 - BiLSTM_MERGE - INFO -  Gráficos gerados...
2025-11-30 18:00:55,799 - BiLSTM_MERGE - INFO - ==========================================================================================
2025-11-30 18:00:55,799 - BiLSTM_MERGE - INFO - Execução finalizada com sucesso.
2025-11-30 18:00:55,799 - BiLSTM_MERGE - INFO - Dispositivo utilizado: cuda
2025-11-30 18:00:55,799 - BiLSTM_MERGE - INFO - ==========================================================================================
2025-11-30 18:01:01,830 - LSTM_MERGE - INFO - ==========================================================================================
2025-11-30 18:01:01,830 - LSTM_MERGE - INFO - Iniciando script LSTM (PyTorch) MERGE com suporte a GPU e logs detalhados.
2025-11-30 18:01:01,830 - LSTM_MERGE - INFO - ==========================================================================================
2025-11-30 18:01:01,831 - LSTM_MERGE - INFO - Iniciando experimento: lookback=30, hidden_dim=128, layers=2, lr=0.001, drop=0.5
2025-11-30 18:01:01,841 - LSTM_MERGE - INFO - Shape treino: torch.Size([10082, 30, 1]), teste: torch.Size([30, 30, 1])
2025-11-30 18:01:01,844 - LSTM_MERGE - INFO - Treinando por 500 épocas...
2025-11-30 18:01:02,410 - LSTM_MERGE - INFO - [EXP] Época 1/500 - Loss: 0.035273
2025-11-30 18:01:30,070 - LSTM_MERGE - INFO - [EXP] Época 50/500 - Loss: 0.033411
2025-11-30 18:01:58,136 - LSTM_MERGE - INFO - [EXP] Época 100/500 - Loss: 0.033243
2025-11-30 18:02:26,273 - LSTM_MERGE - INFO - [EXP] Época 150/500 - Loss: 0.036194
2025-11-30 18:02:54,320 - LSTM_MERGE - INFO - [EXP] Época 200/500 - Loss: 0.032953
2025-11-30 18:03:22,658 - LSTM_MERGE - INFO - [EXP] Época 250/500 - Loss: 0.032612
2025-11-30 18:03:50,882 - LSTM_MERGE - INFO - [EXP] Época 300/500 - Loss: 0.031421
2025-11-30 18:04:19,103 - LSTM_MERGE - INFO - [EXP] Época 350/500 - Loss: 0.029241
2025-11-30 18:04:47,082 - LSTM_MERGE - INFO - [EXP] Época 400/500 - Loss: 0.026911
2025-11-30 18:05:15,017 - LSTM_MERGE - INFO - [EXP] Época 450/500 - Loss: 0.024723
2025-11-30 18:05:42,998 - LSTM_MERGE - INFO - [EXP] Época 500/500 - Loss: 0.022918
2025-11-30 18:05:42,998 - LSTM_MERGE - INFO - Treinamento concluído em 4.69 minutos
2025-11-30 18:05:43,168 - LSTM_MERGE - INFO - Calculando erro para o train
2025-11-30 18:05:43,171 - LSTM_MERGE - INFO - RMSE: 8.4624
2025-11-30 18:05:43,171 - LSTM_MERGE - INFO - MSE : 71.6116
2025-11-30 18:05:43,171 - LSTM_MERGE - INFO - MAE : 3.3363
2025-11-30 18:05:43,171 - LSTM_MERGE - INFO - CSI (thr=1.0 mm): 0.1163  [TP=450, FP=1128, FN=2292]
2025-11-30 18:05:43,171 - LSTM_MERGE - INFO - train_pred TRAIN mm min/max: 0.0, 91.61741491715462
2025-11-30 18:05:43,171 - LSTM_MERGE - INFO - train_TRUE TRAIN mm min/max: 0.0, 90.0624999957066
2025-11-30 18:05:43,171 - LSTM_MERGE - INFO -  Gerando gráficos TRAIN...
2025-11-30 18:05:43,580 - LSTM_MERGE - INFO -  Gráficos gerados TRAIN ...
2025-11-30 18:05:43,580 - LSTM_MERGE - INFO - Calculando erro para parte de teste
2025-11-30 18:05:43,582 - LSTM_MERGE - INFO - RMSE: 3.2242
2025-11-30 18:05:43,582 - LSTM_MERGE - INFO - MSE : 10.3956
2025-11-30 18:05:43,583 - LSTM_MERGE - INFO - MAE : 1.4126
2025-11-30 18:05:43,583 - LSTM_MERGE - INFO - CSI (thr=1.0 mm): 0.1667  [TP=1, FP=0, FN=5]
2025-11-30 18:05:43,583 - LSTM_MERGE - INFO - y_pred mm min/max: 0.0, 3.8082568266476207
2025-11-30 18:05:43,583 - LSTM_MERGE - INFO - y_TRUE mm min/max: 0.0, 10.62500000066143
2025-11-30 18:05:43,583 - LSTM_MERGE - INFO -  Gerando gráficos...
2025-11-30 18:05:43,891 - LSTM_MERGE - INFO -  Gráficos gerados...
2025-11-30 18:05:43,891 - LSTM_MERGE - INFO - ==========================================================================================
2025-11-30 18:05:43,891 - LSTM_MERGE - INFO - Execução finalizada com sucesso.
2025-11-30 18:05:43,891 - LSTM_MERGE - INFO - Dispositivo utilizado: cuda
2025-11-30 18:05:43,891 - LSTM_MERGE - INFO - ==========================================================================================
2025-11-30 18:05:49,576 - BiLSTM_MERGE - INFO - ==========================================================================================
2025-11-30 18:05:49,576 - BiLSTM_MERGE - INFO - Iniciando script BILSTM (PyTorch) MERGE com suporte a GPU e logs detalhados.
2025-11-30 18:05:49,577 - BiLSTM_MERGE - INFO - ==========================================================================================
2025-11-30 18:05:49,577 - BiLSTM_MERGE - INFO - Iniciando experimento: lookback=30, hidden_dim=128, layers=2, lr=0.001, drop=0.5
2025-11-30 18:05:49,587 - BiLSTM_MERGE - INFO - Shape treino: torch.Size([10082, 30, 1]), teste: torch.Size([30, 30, 1])
2025-11-30 18:05:49,593 - BiLSTM_MERGE - INFO - Treinando por 500 épocas...
2025-11-30 18:05:50,356 - BiLSTM_MERGE - INFO - [EXP] Época 1/500 - Loss: 0.036640
2025-11-30 18:06:27,077 - BiLSTM_MERGE - INFO - [EXP] Época 50/500 - Loss: 0.033557
2025-11-30 18:07:04,379 - BiLSTM_MERGE - INFO - [EXP] Época 100/500 - Loss: 0.033399
2025-11-30 18:07:41,675 - BiLSTM_MERGE - INFO - [EXP] Época 150/500 - Loss: 0.033163
2025-11-30 18:08:19,096 - BiLSTM_MERGE - INFO - [EXP] Época 200/500 - Loss: 0.033317
2025-11-30 18:08:56,518 - BiLSTM_MERGE - INFO - [EXP] Época 250/500 - Loss: 0.033357
2025-11-30 18:09:34,078 - BiLSTM_MERGE - INFO - [EXP] Época 300/500 - Loss: 0.033279
2025-11-30 18:10:11,681 - BiLSTM_MERGE - INFO - [EXP] Época 350/500 - Loss: 0.032873
2025-11-30 18:10:49,238 - BiLSTM_MERGE - INFO - [EXP] Época 400/500 - Loss: 0.032557
2025-11-30 18:11:26,804 - BiLSTM_MERGE - INFO - [EXP] Época 450/500 - Loss: 0.030839
2025-11-30 18:12:04,331 - BiLSTM_MERGE - INFO - [EXP] Época 500/500 - Loss: 0.029892
2025-11-30 18:12:04,331 - BiLSTM_MERGE - INFO - Treinamento concluído em 6.25 minutos
2025-11-30 18:12:04,647 - BiLSTM_MERGE - INFO - Calculando erro para o train
2025-11-30 18:12:04,650 - BiLSTM_MERGE - INFO - RMSE: 7.6618
2025-11-30 18:12:04,650 - BiLSTM_MERGE - INFO - MSE : 58.7031
2025-11-30 18:12:04,650 - BiLSTM_MERGE - INFO - MAE : 2.9111
2025-11-30 18:12:04,650 - BiLSTM_MERGE - INFO - CSI (thr=1.0 mm): 0.1004  [TP=368, FP=922, FN=2374]
2025-11-30 18:12:04,651 - BiLSTM_MERGE - INFO - train_pred TRAIN mm min/max: 0.0, 80.16051408638884
2025-11-30 18:12:04,651 - BiLSTM_MERGE - INFO - train_TRUE TRAIN mm min/max: 0.0, 90.0624999957066
2025-11-30 18:12:04,651 - BiLSTM_MERGE - INFO -  Gerando gráficos TRAIN...
2025-11-30 18:12:05,204 - BiLSTM_MERGE - INFO -  Gráficos gerados TRAIN ...
2025-11-30 18:12:05,204 - BiLSTM_MERGE - INFO - Calculando erro para parte de teste
2025-11-30 18:12:05,206 - BiLSTM_MERGE - INFO - RMSE: 3.2742
2025-11-30 18:12:05,206 - BiLSTM_MERGE - INFO - MSE : 10.7203
2025-11-30 18:12:05,206 - BiLSTM_MERGE - INFO - MAE : 1.4855
2025-11-30 18:12:05,206 - BiLSTM_MERGE - INFO - CSI (thr=1.0 mm): 0.1429  [TP=1, FP=1, FN=5]
2025-11-30 18:12:05,206 - BiLSTM_MERGE - INFO - y_pred mm min/max: 0.0, 3.889640227938911
2025-11-30 18:12:05,206 - BiLSTM_MERGE - INFO - y_TRUE mm min/max: 0.0, 10.62500000066143
2025-11-30 18:12:05,206 - BiLSTM_MERGE - INFO -  Gerando gráficos...
2025-11-30 18:12:05,483 - BiLSTM_MERGE - INFO -  Gráficos gerados...
2025-11-30 18:12:05,483 - BiLSTM_MERGE - INFO - ==========================================================================================
2025-11-30 18:12:05,483 - BiLSTM_MERGE - INFO - Execução finalizada com sucesso.
2025-11-30 18:12:05,483 - BiLSTM_MERGE - INFO - Dispositivo utilizado: cuda
2025-11-30 18:12:05,484 - BiLSTM_MERGE - INFO - ==========================================================================================
2025-11-30 18:12:11,459 - LSTM_MERGE - INFO - ==========================================================================================
2025-11-30 18:12:11,459 - LSTM_MERGE - INFO - Iniciando script LSTM (PyTorch) MERGE com suporte a GPU e logs detalhados.
2025-11-30 18:12:11,459 - LSTM_MERGE - INFO - ==========================================================================================
2025-11-30 18:12:11,459 - LSTM_MERGE - INFO - Iniciando experimento: lookback=30, hidden_dim=256, layers=2, lr=0.001, drop=0.5
2025-11-30 18:12:11,470 - LSTM_MERGE - INFO - Shape treino: torch.Size([10082, 30, 1]), teste: torch.Size([30, 30, 1])
2025-11-30 18:12:11,476 - LSTM_MERGE - INFO - Treinando por 500 épocas...
2025-11-30 18:12:12,397 - LSTM_MERGE - INFO - [EXP] Época 1/500 - Loss: 0.035431
2025-11-30 18:12:57,707 - LSTM_MERGE - INFO - [EXP] Época 50/500 - Loss: 0.033408
2025-11-30 18:13:44,316 - LSTM_MERGE - INFO - [EXP] Época 100/500 - Loss: 0.033423
2025-11-30 18:14:31,206 - LSTM_MERGE - INFO - [EXP] Época 150/500 - Loss: 0.036629
2025-11-30 18:15:18,023 - LSTM_MERGE - INFO - [EXP] Época 200/500 - Loss: 0.034447
2025-11-30 18:16:04,596 - LSTM_MERGE - INFO - [EXP] Época 250/500 - Loss: 0.033883
2025-11-30 18:16:51,546 - LSTM_MERGE - INFO - [EXP] Época 300/500 - Loss: 0.033437
2025-11-30 18:17:38,345 - LSTM_MERGE - INFO - [EXP] Época 350/500 - Loss: 0.033404
2025-11-30 18:18:24,602 - LSTM_MERGE - INFO - [EXP] Época 400/500 - Loss: 0.033769
2025-11-30 18:19:11,020 - LSTM_MERGE - INFO - [EXP] Época 450/500 - Loss: 0.033582
2025-11-30 18:19:57,355 - LSTM_MERGE - INFO - [EXP] Época 500/500 - Loss: 0.034099
2025-11-30 18:19:57,355 - LSTM_MERGE - INFO - Treinamento concluído em 7.76 minutos
2025-11-30 18:19:57,583 - LSTM_MERGE - INFO - Calculando erro para o train
2025-11-30 18:19:57,585 - LSTM_MERGE - INFO - RMSE: 7.2640
2025-11-30 18:19:57,585 - LSTM_MERGE - INFO - MSE : 52.7651
2025-11-30 18:19:57,585 - LSTM_MERGE - INFO - MAE : 2.6784
2025-11-30 18:19:57,585 - LSTM_MERGE - INFO - CSI (thr=1.0 mm): 0.0825  [TP=285, FP=712, FN=2457]
2025-11-30 18:19:57,585 - LSTM_MERGE - INFO - train_pred TRAIN mm min/max: 0.0, 10.7565211848816
2025-11-30 18:19:57,586 - LSTM_MERGE - INFO - train_TRUE TRAIN mm min/max: 0.0, 90.0624999957066
2025-11-30 18:19:57,586 - LSTM_MERGE - INFO -  Gerando gráficos TRAIN...
2025-11-30 18:19:57,992 - LSTM_MERGE - INFO -  Gráficos gerados TRAIN ...
2025-11-30 18:19:57,993 - LSTM_MERGE - INFO - Calculando erro para parte de teste
2025-11-30 18:19:57,995 - LSTM_MERGE - INFO - RMSE: 3.1751
2025-11-30 18:19:57,995 - LSTM_MERGE - INFO - MSE : 10.0815
2025-11-30 18:19:57,995 - LSTM_MERGE - INFO - MAE : 1.3960
2025-11-30 18:19:57,995 - LSTM_MERGE - INFO - CSI (thr=1.0 mm): 0.1667  [TP=1, FP=0, FN=5]
2025-11-30 18:19:57,995 - LSTM_MERGE - INFO - y_pred mm min/max: 0.07269760909929532, 1.8043795872085167
2025-11-30 18:19:57,995 - LSTM_MERGE - INFO - y_TRUE mm min/max: 0.0, 10.62500000066143
2025-11-30 18:19:57,995 - LSTM_MERGE - INFO -  Gerando gráficos...
2025-11-30 18:19:58,333 - LSTM_MERGE - INFO -  Gráficos gerados...
2025-11-30 18:19:58,333 - LSTM_MERGE - INFO - ==========================================================================================
2025-11-30 18:19:58,333 - LSTM_MERGE - INFO - Execução finalizada com sucesso.
2025-11-30 18:19:58,333 - LSTM_MERGE - INFO - Dispositivo utilizado: cuda
2025-11-30 18:19:58,333 - LSTM_MERGE - INFO - ==========================================================================================
2025-11-30 18:20:03,976 - BiLSTM_MERGE - INFO - ==========================================================================================
2025-11-30 18:20:03,976 - BiLSTM_MERGE - INFO - Iniciando script BILSTM (PyTorch) MERGE com suporte a GPU e logs detalhados.
2025-11-30 18:20:03,976 - BiLSTM_MERGE - INFO - ==========================================================================================
2025-11-30 18:20:03,977 - BiLSTM_MERGE - INFO - Iniciando experimento: lookback=30, hidden_dim=256, layers=2, lr=0.001, drop=0.5
2025-11-30 18:20:03,987 - BiLSTM_MERGE - INFO - Shape treino: torch.Size([10082, 30, 1]), teste: torch.Size([30, 30, 1])
2025-11-30 18:20:03,997 - BiLSTM_MERGE - INFO - Treinando por 500 épocas...
2025-11-30 18:20:05,458 - BiLSTM_MERGE - INFO - [EXP] Época 1/500 - Loss: 0.036680
2025-11-30 18:21:17,869 - BiLSTM_MERGE - INFO - [EXP] Época 50/500 - Loss: 0.033482
2025-11-30 18:22:31,879 - BiLSTM_MERGE - INFO - [EXP] Época 100/500 - Loss: 0.033358
2025-11-30 18:23:46,049 - BiLSTM_MERGE - INFO - [EXP] Época 150/500 - Loss: 0.033312
2025-11-30 18:25:00,238 - BiLSTM_MERGE - INFO - [EXP] Época 200/500 - Loss: 0.033177
2025-11-30 18:26:14,001 - BiLSTM_MERGE - INFO - [EXP] Época 250/500 - Loss: 0.033135
2025-11-30 18:27:26,833 - BiLSTM_MERGE - INFO - [EXP] Época 300/500 - Loss: 0.032355
2025-11-30 18:28:38,780 - BiLSTM_MERGE - INFO - [EXP] Época 350/500 - Loss: 0.031803
2025-11-30 18:29:50,723 - BiLSTM_MERGE - INFO - [EXP] Época 400/500 - Loss: 0.031369
2025-11-30 18:31:02,663 - BiLSTM_MERGE - INFO - [EXP] Época 450/500 - Loss: 0.029541
2025-11-30 18:32:14,604 - BiLSTM_MERGE - INFO - [EXP] Época 500/500 - Loss: 0.028137
2025-11-30 18:32:14,604 - BiLSTM_MERGE - INFO - Treinamento concluído em 12.18 minutos
2025-11-30 18:32:15,019 - BiLSTM_MERGE - INFO - Calculando erro para o train
2025-11-30 18:32:15,022 - BiLSTM_MERGE - INFO - RMSE: 7.9511
2025-11-30 18:32:15,022 - BiLSTM_MERGE - INFO - MSE : 63.2204
2025-11-30 18:32:15,022 - BiLSTM_MERGE - INFO - MAE : 3.0516
2025-11-30 18:32:15,022 - BiLSTM_MERGE - INFO - CSI (thr=1.0 mm): 0.1128  [TP=432, FP=1089, FN=2310]
2025-11-30 18:32:15,022 - BiLSTM_MERGE - INFO - train_pred TRAIN mm min/max: 0.0, 89.34123089111122
2025-11-30 18:32:15,022 - BiLSTM_MERGE - INFO - train_TRUE TRAIN mm min/max: 0.0, 90.0624999957066
2025-11-30 18:32:15,022 - BiLSTM_MERGE - INFO -  Gerando gráficos TRAIN...
2025-11-30 18:32:15,427 - BiLSTM_MERGE - INFO -  Gráficos gerados TRAIN ...
2025-11-30 18:32:15,427 - BiLSTM_MERGE - INFO - Calculando erro para parte de teste
2025-11-30 18:32:15,429 - BiLSTM_MERGE - INFO - RMSE: 3.6571
2025-11-30 18:32:15,429 - BiLSTM_MERGE - INFO - MSE : 13.3745
2025-11-30 18:32:15,429 - BiLSTM_MERGE - INFO - MAE : 1.7426
2025-11-30 18:32:15,429 - BiLSTM_MERGE - INFO - CSI (thr=1.0 mm): 0.1429  [TP=1, FP=1, FN=5]
2025-11-30 18:32:15,429 - BiLSTM_MERGE - INFO - y_pred mm min/max: 0.009919670942945285, 11.538138285660558
2025-11-30 18:32:15,430 - BiLSTM_MERGE - INFO - y_TRUE mm min/max: 0.0, 10.62500000066143
2025-11-30 18:32:15,430 - BiLSTM_MERGE - INFO -  Gerando gráficos...
2025-11-30 18:32:15,732 - BiLSTM_MERGE - INFO -  Gráficos gerados...
2025-11-30 18:32:15,732 - BiLSTM_MERGE - INFO - ==========================================================================================
2025-11-30 18:32:15,732 - BiLSTM_MERGE - INFO - Execução finalizada com sucesso.
2025-11-30 18:32:15,732 - BiLSTM_MERGE - INFO - Dispositivo utilizado: cuda
2025-11-30 18:32:15,732 - BiLSTM_MERGE - INFO - ==========================================================================================
2025-11-30 18:32:21,826 - ARIMA_MERGE - INFO - ==========================================================================================
2025-11-30 18:32:21,827 - ARIMA_MERGE - INFO - Iniciando script ARIMA MERGE.
2025-11-30 18:32:21,827 - ARIMA_MERGE - INFO - ==========================================================================================
2025-11-30 18:32:21,828 - ARIMA_MERGE - INFO - Tamanho treino: 10113 | teste: 30
2025-11-30 18:32:21,829 - ARIMA_MERGE - INFO - [FASE 4] Iniciando busca manual por hiperparâmetros (AIC).
2025-11-30 18:44:20,793 - ARIMA_MERGE - INFO - Melhor order encontrado: (30, 0, 0)
2025-11-30 18:44:20,794 - ARIMA_MERGE - INFO - Melhor AIC (treino): -23571.78
2025-11-30 18:44:20,794 - ARIMA_MERGE - INFO - Tempo da Fase 4: 718.97s
2025-11-30 18:44:20,794 - ARIMA_MERGE - INFO - [FASE 5] Reajustando melhor modelo no conjunto de treino.
2025-11-30 18:45:45,669 - ARIMA_MERGE - INFO - Melhor modelo ajustado no treino.
2025-11-30 18:45:45,669 - ARIMA_MERGE - INFO - Tempo da Fase 5: 84.88s
2025-11-30 18:45:45,669 - ARIMA_MERGE - INFO - [FASE 6] Gerando previsões no conjunto de teste e avaliando métricas.
2025-11-30 18:45:45,673 - ARIMA_MERGE - INFO - RMSE: 6.7734
2025-11-30 18:45:45,673 - ARIMA_MERGE - INFO - MSE : 45.8787
2025-11-30 18:45:45,674 - ARIMA_MERGE - INFO - MAE : 3.4876
2025-11-30 18:45:45,674 - ARIMA_MERGE - INFO - CSI (thr=1.0 mm): 0.2724  [TP=2754, FP=7351, FN=4]
2025-11-30 18:45:45,674 - ARIMA_MERGE - INFO - [TREINO] RMSE=6.7734 | MSE=45.8787 | MAE=3.4876 | CSI=0.2724
2025-11-30 18:45:45,680 - ARIMA_MERGE - INFO - RMSE: 3.0177
2025-11-30 18:45:45,680 - ARIMA_MERGE - INFO - MSE : 9.1067
2025-11-30 18:45:45,680 - ARIMA_MERGE - INFO - MAE : 2.5906
2025-11-30 18:45:45,680 - ARIMA_MERGE - INFO - CSI (thr=1.0 mm): 0.2000  [TP=6, FP=24, FN=0]
2025-11-30 18:45:45,680 - ARIMA_MERGE - INFO - Tempo total da Fase 6: 0.01s
2025-11-30 18:45:45,680 - ARIMA_MERGE - INFO - [FASE 7] Salvando gráfico de previsão vs. observado.
2025-11-30 18:45:46,798 - ARIMA_MERGE - INFO - Gráfico salvo como 'arimaMERGE_result.png'.
2025-11-30 18:45:46,799 - ARIMA_MERGE - INFO - ==========================================================================================
2025-11-30 18:45:46,799 - ARIMA_MERGE - INFO - Execução ARIMA MERGE finalizada com sucesso.
2025-11-30 18:45:46,799 - ARIMA_MERGE - INFO - Tempo total de execução: 804.97s
2025-11-30 18:45:46,799 - ARIMA_MERGE - INFO - ==========================================================================================
2025-11-30 18:45:52,485 - RANDOM_FOREST_MERGE - INFO - ====================================================================================================
2025-11-30 18:45:52,486 - RANDOM_FOREST_MERGE - INFO - Iniciando Random Forest MERGE com GridSearchCV.
2025-11-30 18:45:52,486 - RANDOM_FOREST_MERGE - INFO - ====================================================================================================
2025-11-30 18:45:52,486 - RANDOM_FOREST_MERGE - INFO - [FASE 3] Split treino/teste e preparação.
2025-11-30 18:45:52,495 - RANDOM_FOREST_MERGE - INFO - [FASE 3] Treino: X=(10083, 30), y=10083 | Teste: X=(30, 30), y=30
2025-11-30 18:45:52,495 - RANDOM_FOREST_MERGE - INFO - [FASE 3] Tempo: 0.01s
2025-11-30 18:45:52,495 - RANDOM_FOREST_MERGE - INFO - [FASE 4] Iniciando GridSearchCV (TimeSeriesSplit).
2025-11-30 18:47:46,387 - RANDOM_FOREST_MERGE - INFO - [FASE 4] GridSearchCV concluído em 113.89s
2025-11-30 18:47:46,388 - RANDOM_FOREST_MERGE - INFO - [FASE 4] Melhores parâmetros: {'max_depth': None, 'max_features': 'sqrt', 'min_samples_leaf': 4, 'min_samples_split': 10, 'n_estimators': 400}
2025-11-30 18:47:46,388 - RANDOM_FOREST_MERGE - INFO - [FASE 4] Melhor score (neg_MSE): -44.966315
2025-11-30 18:47:46,389 - RANDOM_FOREST_MERGE - INFO - [FASE 4] Tempo: 113.89s
2025-11-30 18:47:46,389 - RANDOM_FOREST_MERGE - INFO - [FASE 5] Treinando best_estimator_ no conjunto de treino.
2025-11-30 18:47:47,164 - RANDOM_FOREST_MERGE - INFO - [FASE 5] Tempo: 0.78s
2025-11-30 18:47:47,165 - RANDOM_FOREST_MERGE - INFO - [FASE 6] Previsão e cálculo de métricas.
2025-11-30 18:47:47,229 - RANDOM_FOREST_MERGE - INFO - RMSE: 5.1608
2025-11-30 18:47:47,229 - RANDOM_FOREST_MERGE - INFO - MSE : 26.6336
2025-11-30 18:47:47,229 - RANDOM_FOREST_MERGE - INFO - MAE : 2.5502
2025-11-30 18:47:47,229 - RANDOM_FOREST_MERGE - INFO - CSI (thr=1.0 mm): 0.3691  [TP=2706, FP=4580, FN=45]
2025-11-30 18:47:47,229 - RANDOM_FOREST_MERGE - INFO - [TREINO] RMSE=5.1608 | MSE=26.6336 | MAE=2.5502 | CSI=0.3691
2025-11-30 18:47:47,263 - RANDOM_FOREST_MERGE - INFO - y_pred raw min/max: 0.4113597184925332, 6.764372335906769
2025-11-30 18:47:47,263 - RANDOM_FOREST_MERGE - INFO - y_TRUE raw min/max: 0.0, 10.62500000066143
2025-11-30 18:47:47,264 - RANDOM_FOREST_MERGE - INFO - RMSE: 3.0398
2025-11-30 18:47:47,264 - RANDOM_FOREST_MERGE - INFO - MSE : 9.2406
2025-11-30 18:47:47,264 - RANDOM_FOREST_MERGE - INFO - MAE : 1.9900
2025-11-30 18:47:47,264 - RANDOM_FOREST_MERGE - INFO - CSI (thr=1.0 mm): 0.1905  [TP=4, FP=15, FN=2]
2025-11-30 18:47:47,264 - RANDOM_FOREST_MERGE - INFO - [FASE 7] Gerando gráficos.
2025-11-30 18:47:48,011 - RANDOM_FOREST_MERGE - INFO - Gráfico salvo como 'random_forest_MERGE.png'.
2025-11-30 18:47:48,011 - RANDOM_FOREST_MERGE - INFO - [FASE 7] Tempo: 0.75s
2025-11-30 18:47:48,011 - RANDOM_FOREST_MERGE - INFO - ====================================================================================================
2025-11-30 18:47:48,011 - RANDOM_FOREST_MERGE - INFO - Resumo Final
2025-11-30 18:47:48,011 - RANDOM_FOREST_MERGE - INFO - Melhores parâmetros: {'max_depth': None, 'max_features': 'sqrt', 'min_samples_leaf': 4, 'min_samples_split': 10, 'n_estimators': 400}
2025-11-30 18:47:48,011 - RANDOM_FOREST_MERGE - INFO - Tempo total de execução: 115.53s
2025-11-30 18:47:48,011 - RANDOM_FOREST_MERGE - INFO - ====================================================================================================
2025-11-30 18:47:53,627 - LSTM_MERGE - INFO - ==========================================================================================
2025-11-30 18:47:53,627 - LSTM_MERGE - INFO - Iniciando script LSTM (PyTorch) MERGE com suporte a GPU e logs detalhados.
2025-11-30 18:47:53,627 - LSTM_MERGE - INFO - ==========================================================================================
2025-11-30 18:47:53,628 - LSTM_MERGE - INFO - Iniciando experimento: lookback=30, hidden_dim=32, layers=2, lr=0.001, drop=0.5
2025-11-30 18:47:53,640 - LSTM_MERGE - INFO - Shape treino: torch.Size([10082, 30, 1]), teste: torch.Size([30, 30, 1])
2025-11-30 18:47:53,642 - LSTM_MERGE - INFO - Treinando por 500 épocas...
2025-11-30 18:47:54,209 - LSTM_MERGE - INFO - [EXP] Época 1/500 - Loss: 0.039055
2025-11-30 18:48:22,123 - LSTM_MERGE - INFO - [EXP] Época 50/500 - Loss: 0.033512
2025-11-30 18:48:50,944 - LSTM_MERGE - INFO - [EXP] Época 100/500 - Loss: 0.033409
2025-11-30 18:49:20,084 - LSTM_MERGE - INFO - [EXP] Época 150/500 - Loss: 0.033632
2025-11-30 18:49:49,274 - LSTM_MERGE - INFO - [EXP] Época 200/500 - Loss: 0.032858
2025-11-30 18:50:18,452 - LSTM_MERGE - INFO - [EXP] Época 250/500 - Loss: 0.032296
2025-11-30 18:50:47,631 - LSTM_MERGE - INFO - [EXP] Época 300/500 - Loss: 0.031750
2025-11-30 18:51:16,606 - LSTM_MERGE - INFO - [EXP] Época 350/500 - Loss: 0.031530
2025-11-30 18:51:45,533 - LSTM_MERGE - INFO - [EXP] Época 400/500 - Loss: 0.031005
2025-11-30 18:52:14,273 - LSTM_MERGE - INFO - [EXP] Época 450/500 - Loss: 0.030517
2025-11-30 18:52:42,616 - LSTM_MERGE - INFO - [EXP] Época 500/500 - Loss: 0.029403
2025-11-30 18:52:42,616 - LSTM_MERGE - INFO - Treinamento concluído em 4.82 minutos
2025-11-30 18:52:42,694 - LSTM_MERGE - INFO - Calculando erro para o train
2025-11-30 18:52:42,697 - LSTM_MERGE - INFO - RMSE: 7.7326
2025-11-30 18:52:42,697 - LSTM_MERGE - INFO - MSE : 59.7931
2025-11-30 18:52:42,697 - LSTM_MERGE - INFO - MAE : 2.9096
2025-11-30 18:52:42,697 - LSTM_MERGE - INFO - CSI (thr=1.0 mm): 0.1088  [TP=413, FP=1054, FN=2329]
2025-11-30 18:52:42,697 - LSTM_MERGE - INFO - train_pred TRAIN mm min/max: 0.0, 84.3954906646908
2025-11-30 18:52:42,698 - LSTM_MERGE - INFO - train_TRUE TRAIN mm min/max: 0.0, 90.0624999957066
2025-11-30 18:52:42,698 - LSTM_MERGE - INFO -  Gerando gráficos TRAIN...
2025-11-30 18:52:43,032 - LSTM_MERGE - INFO -  Gráficos gerados TRAIN ...
2025-11-30 18:52:43,032 - LSTM_MERGE - INFO - Calculando erro para parte de teste
2025-11-30 18:52:43,034 - LSTM_MERGE - INFO - RMSE: 3.2179
2025-11-30 18:52:43,034 - LSTM_MERGE - INFO - MSE : 10.3548
2025-11-30 18:52:43,034 - LSTM_MERGE - INFO - MAE : 1.4024
2025-11-30 18:52:43,034 - LSTM_MERGE - INFO - CSI (thr=1.0 mm): 0.1429  [TP=1, FP=1, FN=5]
2025-11-30 18:52:43,034 - LSTM_MERGE - INFO - y_pred mm min/max: 0.0, 2.2948963671294336
2025-11-30 18:52:43,034 - LSTM_MERGE - INFO - y_TRUE mm min/max: 0.0, 10.62500000066143
2025-11-30 18:52:43,034 - LSTM_MERGE - INFO -  Gerando gráficos...
2025-11-30 18:52:43,337 - LSTM_MERGE - INFO -  Gráficos gerados...
2025-11-30 18:52:43,337 - LSTM_MERGE - INFO - ==========================================================================================
2025-11-30 18:52:43,337 - LSTM_MERGE - INFO - Execução finalizada com sucesso.
2025-11-30 18:52:43,337 - LSTM_MERGE - INFO - Dispositivo utilizado: cuda
2025-11-30 18:52:43,337 - LSTM_MERGE - INFO - ==========================================================================================
2025-11-30 18:52:48,975 - BiLSTM_MERGE - INFO - ==========================================================================================
2025-11-30 18:52:48,975 - BiLSTM_MERGE - INFO - Iniciando script BILSTM (PyTorch) MERGE com suporte a GPU e logs detalhados.
2025-11-30 18:52:48,975 - BiLSTM_MERGE - INFO - ==========================================================================================
2025-11-30 18:52:48,975 - BiLSTM_MERGE - INFO - Iniciando experimento: lookback=30, hidden_dim=32, layers=2, lr=0.001, drop=0.5
2025-11-30 18:52:48,984 - BiLSTM_MERGE - INFO - Shape treino: torch.Size([10082, 30, 1]), teste: torch.Size([30, 30, 1])
2025-11-30 18:52:48,986 - BiLSTM_MERGE - INFO - Treinando por 500 épocas...
2025-11-30 18:52:49,732 - BiLSTM_MERGE - INFO - [EXP] Época 1/500 - Loss: 0.038709
2025-11-30 18:53:26,147 - BiLSTM_MERGE - INFO - [EXP] Época 50/500 - Loss: 0.033508
2025-11-30 18:54:03,428 - BiLSTM_MERGE - INFO - [EXP] Época 100/500 - Loss: 0.033333
2025-11-30 18:54:40,705 - BiLSTM_MERGE - INFO - [EXP] Época 150/500 - Loss: 0.033261
2025-11-30 18:55:16,310 - BiLSTM_MERGE - INFO - [EXP] Época 200/500 - Loss: 0.033476
2025-11-30 18:55:53,373 - BiLSTM_MERGE - INFO - [EXP] Época 250/500 - Loss: 0.033373
2025-11-30 18:56:30,452 - BiLSTM_MERGE - INFO - [EXP] Época 300/500 - Loss: 0.033401
2025-11-30 18:57:07,788 - BiLSTM_MERGE - INFO - [EXP] Época 350/500 - Loss: 0.033402
2025-11-30 18:57:45,094 - BiLSTM_MERGE - INFO - [EXP] Época 400/500 - Loss: 0.033579
2025-11-30 18:58:22,299 - BiLSTM_MERGE - INFO - [EXP] Época 450/500 - Loss: 0.033373
2025-11-30 18:58:59,498 - BiLSTM_MERGE - INFO - [EXP] Época 500/500 - Loss: 0.033437
2025-11-30 18:58:59,498 - BiLSTM_MERGE - INFO - Treinamento concluído em 6.18 minutos
2025-11-30 18:58:59,589 - BiLSTM_MERGE - INFO - Calculando erro para o train
2025-11-30 18:58:59,592 - BiLSTM_MERGE - INFO - RMSE: 7.2529
2025-11-30 18:58:59,592 - BiLSTM_MERGE - INFO - MSE : 52.6050
2025-11-30 18:58:59,592 - BiLSTM_MERGE - INFO - MAE : 2.7118
2025-11-30 18:58:59,592 - BiLSTM_MERGE - INFO - CSI (thr=1.0 mm): 0.1198  [TP=476, FP=1230, FN=2266]
2025-11-30 18:58:59,592 - BiLSTM_MERGE - INFO - train_pred TRAIN mm min/max: 0.0, 10.1530673927444
2025-11-30 18:58:59,593 - BiLSTM_MERGE - INFO - train_TRUE TRAIN mm min/max: 0.0, 90.0624999957066
2025-11-30 18:58:59,593 - BiLSTM_MERGE - INFO -  Gerando gráficos TRAIN...
2025-11-30 18:59:00,008 - BiLSTM_MERGE - INFO -  Gráficos gerados TRAIN ...
2025-11-30 18:59:00,008 - BiLSTM_MERGE - INFO - Calculando erro para parte de teste
2025-11-30 18:59:00,010 - BiLSTM_MERGE - INFO - RMSE: 3.2355
2025-11-30 18:59:00,010 - BiLSTM_MERGE - INFO - MSE : 10.4683
2025-11-30 18:59:00,010 - BiLSTM_MERGE - INFO - MAE : 1.4304
2025-11-30 18:59:00,010 - BiLSTM_MERGE - INFO - CSI (thr=1.0 mm): 0.1250  [TP=1, FP=2, FN=5]
2025-11-30 18:59:00,010 - BiLSTM_MERGE - INFO - y_pred mm min/max: 0.0, 2.4762208411686593
2025-11-30 18:59:00,011 - BiLSTM_MERGE - INFO - y_TRUE mm min/max: 0.0, 10.62500000066143
2025-11-30 18:59:00,011 - BiLSTM_MERGE - INFO -  Gerando gráficos...
2025-11-30 18:59:00,324 - BiLSTM_MERGE - INFO -  Gráficos gerados...
2025-11-30 18:59:00,324 - BiLSTM_MERGE - INFO - ==========================================================================================
2025-11-30 18:59:00,324 - BiLSTM_MERGE - INFO - Execução finalizada com sucesso.
2025-11-30 18:59:00,324 - BiLSTM_MERGE - INFO - Dispositivo utilizado: cuda
2025-11-30 18:59:00,324 - BiLSTM_MERGE - INFO - ==========================================================================================
2025-11-30 18:59:06,354 - LSTM_MERGE - INFO - ==========================================================================================
2025-11-30 18:59:06,354 - LSTM_MERGE - INFO - Iniciando script LSTM (PyTorch) MERGE com suporte a GPU e logs detalhados.
2025-11-30 18:59:06,355 - LSTM_MERGE - INFO - ==========================================================================================
2025-11-30 18:59:06,355 - LSTM_MERGE - INFO - Iniciando experimento: lookback=30, hidden_dim=64, layers=2, lr=0.001, drop=0.5
2025-11-30 18:59:06,365 - LSTM_MERGE - INFO - Shape treino: torch.Size([10082, 30, 1]), teste: torch.Size([30, 30, 1])
2025-11-30 18:59:06,367 - LSTM_MERGE - INFO - Treinando por 500 épocas...
2025-11-30 18:59:06,914 - LSTM_MERGE - INFO - [EXP] Época 1/500 - Loss: 0.036360
2025-11-30 18:59:33,675 - LSTM_MERGE - INFO - [EXP] Época 50/500 - Loss: 0.033651
2025-11-30 19:00:00,994 - LSTM_MERGE - INFO - [EXP] Época 100/500 - Loss: 0.033383
2025-11-30 19:00:28,011 - LSTM_MERGE - INFO - [EXP] Época 150/500 - Loss: 0.033300
2025-11-30 19:00:55,024 - LSTM_MERGE - INFO - [EXP] Época 200/500 - Loss: 0.033016
2025-11-30 19:01:22,033 - LSTM_MERGE - INFO - [EXP] Época 250/500 - Loss: 0.032720
2025-11-30 19:01:49,153 - LSTM_MERGE - INFO - [EXP] Época 300/500 - Loss: 0.032567
2025-11-30 19:02:16,164 - LSTM_MERGE - INFO - [EXP] Época 350/500 - Loss: 0.031827
2025-11-30 19:02:43,173 - LSTM_MERGE - INFO - [EXP] Época 400/500 - Loss: 0.031359
2025-11-30 19:03:10,179 - LSTM_MERGE - INFO - [EXP] Época 450/500 - Loss: 0.030479
2025-11-30 19:03:37,187 - LSTM_MERGE - INFO - [EXP] Época 500/500 - Loss: 0.029970
2025-11-30 19:03:37,187 - LSTM_MERGE - INFO - Treinamento concluído em 4.51 minutos
2025-11-30 19:03:37,263 - LSTM_MERGE - INFO - Calculando erro para o train
2025-11-30 19:03:37,266 - LSTM_MERGE - INFO - RMSE: 7.7541
2025-11-30 19:03:37,266 - LSTM_MERGE - INFO - MSE : 60.1261
2025-11-30 19:03:37,266 - LSTM_MERGE - INFO - MAE : 2.8965
2025-11-30 19:03:37,266 - LSTM_MERGE - INFO - CSI (thr=1.0 mm): 0.0997  [TP=365, FP=919, FN=2377]
2025-11-30 19:03:37,266 - LSTM_MERGE - INFO - train_pred TRAIN mm min/max: 0.0, 82.9447875095106
2025-11-30 19:03:37,266 - LSTM_MERGE - INFO - train_TRUE TRAIN mm min/max: 0.0, 90.0624999957066
2025-11-30 19:03:37,266 - LSTM_MERGE - INFO -  Gerando gráficos TRAIN...
2025-11-30 19:03:37,668 - LSTM_MERGE - INFO -  Gráficos gerados TRAIN ...
2025-11-30 19:03:37,668 - LSTM_MERGE - INFO - Calculando erro para parte de teste
2025-11-30 19:03:37,670 - LSTM_MERGE - INFO - RMSE: 3.2279
2025-11-30 19:03:37,670 - LSTM_MERGE - INFO - MSE : 10.4191
2025-11-30 19:03:37,670 - LSTM_MERGE - INFO - MAE : 1.3951
2025-11-30 19:03:37,670 - LSTM_MERGE - INFO - CSI (thr=1.0 mm): 0.1429  [TP=1, FP=1, FN=5]
2025-11-30 19:03:37,671 - LSTM_MERGE - INFO - y_pred mm min/max: 0.0, 2.598997324581226
2025-11-30 19:03:37,671 - LSTM_MERGE - INFO - y_TRUE mm min/max: 0.0, 10.62500000066143
2025-11-30 19:03:37,671 - LSTM_MERGE - INFO -  Gerando gráficos...
2025-11-30 19:03:37,973 - LSTM_MERGE - INFO -  Gráficos gerados...
2025-11-30 19:03:37,973 - LSTM_MERGE - INFO - ==========================================================================================
2025-11-30 19:03:37,973 - LSTM_MERGE - INFO - Execução finalizada com sucesso.
2025-11-30 19:03:37,973 - LSTM_MERGE - INFO - Dispositivo utilizado: cuda
2025-11-30 19:03:37,973 - LSTM_MERGE - INFO - ==========================================================================================
2025-11-30 19:03:43,630 - BiLSTM_MERGE - INFO - ==========================================================================================
2025-11-30 19:03:43,631 - BiLSTM_MERGE - INFO - Iniciando script BILSTM (PyTorch) MERGE com suporte a GPU e logs detalhados.
2025-11-30 19:03:43,631 - BiLSTM_MERGE - INFO - ==========================================================================================
2025-11-30 19:03:43,631 - BiLSTM_MERGE - INFO - Iniciando experimento: lookback=30, hidden_dim=64, layers=2, lr=0.001, drop=0.5
2025-11-30 19:03:43,639 - BiLSTM_MERGE - INFO - Shape treino: torch.Size([10082, 30, 1]), teste: torch.Size([30, 30, 1])
2025-11-30 19:03:43,643 - BiLSTM_MERGE - INFO - Treinando por 500 épocas...
2025-11-30 19:03:44,382 - BiLSTM_MERGE - INFO - [EXP] Época 1/500 - Loss: 0.036789
2025-11-30 19:04:20,592 - BiLSTM_MERGE - INFO - [EXP] Época 50/500 - Loss: 0.033557
2025-11-30 19:04:57,877 - BiLSTM_MERGE - INFO - [EXP] Época 100/500 - Loss: 0.033357
2025-11-30 19:05:35,461 - BiLSTM_MERGE - INFO - [EXP] Época 150/500 - Loss: 0.033318
2025-11-30 19:06:10,933 - BiLSTM_MERGE - INFO - [EXP] Época 200/500 - Loss: 0.034345
2025-11-30 19:06:47,297 - BiLSTM_MERGE - INFO - [EXP] Época 250/500 - Loss: 0.033383
2025-11-30 19:07:23,889 - BiLSTM_MERGE - INFO - [EXP] Época 300/500 - Loss: 0.034803
2025-11-30 19:07:59,373 - BiLSTM_MERGE - INFO - [EXP] Época 350/500 - Loss: 0.032794
2025-11-30 19:08:34,861 - BiLSTM_MERGE - INFO - [EXP] Época 400/500 - Loss: 0.032570
2025-11-30 19:09:11,539 - BiLSTM_MERGE - INFO - [EXP] Época 450/500 - Loss: 0.031847
2025-11-30 19:09:47,186 - BiLSTM_MERGE - INFO - [EXP] Época 500/500 - Loss: 0.031571
2025-11-30 19:09:47,186 - BiLSTM_MERGE - INFO - Treinamento concluído em 6.06 minutos
2025-11-30 19:09:47,313 - BiLSTM_MERGE - INFO - Calculando erro para o train
2025-11-30 19:09:47,316 - BiLSTM_MERGE - INFO - RMSE: 7.3595
2025-11-30 19:09:47,316 - BiLSTM_MERGE - INFO - MSE : 54.1622
2025-11-30 19:09:47,316 - BiLSTM_MERGE - INFO - MAE : 2.7761
2025-11-30 19:09:47,316 - BiLSTM_MERGE - INFO - CSI (thr=1.0 mm): 0.1100  [TP=422, FP=1095, FN=2320]
2025-11-30 19:09:47,316 - BiLSTM_MERGE - INFO - train_pred TRAIN mm min/max: 0.0, 53.817896769610456
2025-11-30 19:09:47,316 - BiLSTM_MERGE - INFO - train_TRUE TRAIN mm min/max: 0.0, 90.0624999957066
2025-11-30 19:09:47,316 - BiLSTM_MERGE - INFO -  Gerando gráficos TRAIN...
2025-11-30 19:09:47,719 - BiLSTM_MERGE - INFO -  Gráficos gerados TRAIN ...
2025-11-30 19:09:47,719 - BiLSTM_MERGE - INFO - Calculando erro para parte de teste
2025-11-30 19:09:47,721 - BiLSTM_MERGE - INFO - RMSE: 3.2170
2025-11-30 19:09:47,721 - BiLSTM_MERGE - INFO - MSE : 10.3490
2025-11-30 19:09:47,721 - BiLSTM_MERGE - INFO - MAE : 1.4220
2025-11-30 19:09:47,721 - BiLSTM_MERGE - INFO - CSI (thr=1.0 mm): 0.1429  [TP=1, FP=1, FN=5]
2025-11-30 19:09:47,721 - BiLSTM_MERGE - INFO - y_pred mm min/max: 0.021874633583914543, 2.674695862096819
2025-11-30 19:09:47,721 - BiLSTM_MERGE - INFO - y_TRUE mm min/max: 0.0, 10.62500000066143
2025-11-30 19:09:47,721 - BiLSTM_MERGE - INFO -  Gerando gráficos...
2025-11-30 19:09:48,306 - BiLSTM_MERGE - INFO -  Gráficos gerados...
2025-11-30 19:09:48,306 - BiLSTM_MERGE - INFO - ==========================================================================================
2025-11-30 19:09:48,306 - BiLSTM_MERGE - INFO - Execução finalizada com sucesso.
2025-11-30 19:09:48,306 - BiLSTM_MERGE - INFO - Dispositivo utilizado: cuda
2025-11-30 19:09:48,306 - BiLSTM_MERGE - INFO - ==========================================================================================
2025-11-30 19:09:54,407 - LSTM_MERGE - INFO - ==========================================================================================
2025-11-30 19:09:54,408 - LSTM_MERGE - INFO - Iniciando script LSTM (PyTorch) MERGE com suporte a GPU e logs detalhados.
2025-11-30 19:09:54,408 - LSTM_MERGE - INFO - ==========================================================================================
2025-11-30 19:09:54,408 - LSTM_MERGE - INFO - Iniciando experimento: lookback=30, hidden_dim=128, layers=2, lr=0.001, drop=0.5
2025-11-30 19:09:54,419 - LSTM_MERGE - INFO - Shape treino: torch.Size([10082, 30, 1]), teste: torch.Size([30, 30, 1])
2025-11-30 19:09:54,421 - LSTM_MERGE - INFO - Treinando por 500 épocas...
2025-11-30 19:09:54,994 - LSTM_MERGE - INFO - [EXP] Época 1/500 - Loss: 0.035642
2025-11-30 19:10:23,331 - LSTM_MERGE - INFO - [EXP] Época 50/500 - Loss: 0.033511
2025-11-30 19:10:52,479 - LSTM_MERGE - INFO - [EXP] Época 100/500 - Loss: 0.033276
2025-11-30 19:11:21,587 - LSTM_MERGE - INFO - [EXP] Época 150/500 - Loss: 0.033221
2025-11-30 19:11:50,698 - LSTM_MERGE - INFO - [EXP] Época 200/500 - Loss: 0.032866
2025-11-30 19:12:19,664 - LSTM_MERGE - INFO - [EXP] Época 250/500 - Loss: 0.032249
2025-11-30 19:12:48,327 - LSTM_MERGE - INFO - [EXP] Época 300/500 - Loss: 0.031115
2025-11-30 19:13:16,952 - LSTM_MERGE - INFO - [EXP] Época 350/500 - Loss: 0.029168
2025-11-30 19:13:45,537 - LSTM_MERGE - INFO - [EXP] Época 400/500 - Loss: 0.027663
2025-11-30 19:14:14,111 - LSTM_MERGE - INFO - [EXP] Época 450/500 - Loss: 0.025944
2025-11-30 19:14:42,919 - LSTM_MERGE - INFO - [EXP] Época 500/500 - Loss: 0.023448
2025-11-30 19:14:42,919 - LSTM_MERGE - INFO - Treinamento concluído em 4.81 minutos
2025-11-30 19:14:43,090 - LSTM_MERGE - INFO - Calculando erro para o train
2025-11-30 19:14:43,093 - LSTM_MERGE - INFO - RMSE: 8.2536
2025-11-30 19:14:43,093 - LSTM_MERGE - INFO - MSE : 68.1212
2025-11-30 19:14:43,093 - LSTM_MERGE - INFO - MAE : 3.1963
2025-11-30 19:14:43,093 - LSTM_MERGE - INFO - CSI (thr=1.0 mm): 0.1128  [TP=433, FP=1095, FN=2309]
2025-11-30 19:14:43,093 - LSTM_MERGE - INFO - train_pred TRAIN mm min/max: 0.0, 81.66121612844992
2025-11-30 19:14:43,093 - LSTM_MERGE - INFO - train_TRUE TRAIN mm min/max: 0.0, 90.0624999957066
2025-11-30 19:14:43,093 - LSTM_MERGE - INFO -  Gerando gráficos TRAIN...
2025-11-30 19:14:43,526 - LSTM_MERGE - INFO -  Gráficos gerados TRAIN ...
2025-11-30 19:14:43,526 - LSTM_MERGE - INFO - Calculando erro para parte de teste
2025-11-30 19:14:43,528 - LSTM_MERGE - INFO - RMSE: 3.2376
2025-11-30 19:14:43,528 - LSTM_MERGE - INFO - MSE : 10.4822
2025-11-30 19:14:43,528 - LSTM_MERGE - INFO - MAE : 1.4182
2025-11-30 19:14:43,528 - LSTM_MERGE - INFO - CSI (thr=1.0 mm): 0.1429  [TP=1, FP=1, FN=5]
2025-11-30 19:14:43,528 - LSTM_MERGE - INFO - y_pred mm min/max: 0.0, 3.0663935112236453
2025-11-30 19:14:43,528 - LSTM_MERGE - INFO - y_TRUE mm min/max: 0.0, 10.62500000066143
2025-11-30 19:14:43,528 - LSTM_MERGE - INFO -  Gerando gráficos...
2025-11-30 19:14:43,844 - LSTM_MERGE - INFO -  Gráficos gerados...
2025-11-30 19:14:43,844 - LSTM_MERGE - INFO - ==========================================================================================
2025-11-30 19:14:43,844 - LSTM_MERGE - INFO - Execução finalizada com sucesso.
2025-11-30 19:14:43,844 - LSTM_MERGE - INFO - Dispositivo utilizado: cuda
2025-11-30 19:14:43,844 - LSTM_MERGE - INFO - ==========================================================================================
2025-11-30 19:14:49,494 - BiLSTM_MERGE - INFO - ==========================================================================================
2025-11-30 19:14:49,494 - BiLSTM_MERGE - INFO - Iniciando script BILSTM (PyTorch) MERGE com suporte a GPU e logs detalhados.
2025-11-30 19:14:49,494 - BiLSTM_MERGE - INFO - ==========================================================================================
2025-11-30 19:14:49,494 - BiLSTM_MERGE - INFO - Iniciando experimento: lookback=30, hidden_dim=128, layers=2, lr=0.001, drop=0.5
2025-11-30 19:14:49,504 - BiLSTM_MERGE - INFO - Shape treino: torch.Size([10082, 30, 1]), teste: torch.Size([30, 30, 1])
2025-11-30 19:14:49,509 - BiLSTM_MERGE - INFO - Treinando por 500 épocas...
2025-11-30 19:14:50,272 - BiLSTM_MERGE - INFO - [EXP] Época 1/500 - Loss: 0.037688
2025-11-30 19:15:27,124 - BiLSTM_MERGE - INFO - [EXP] Época 50/500 - Loss: 0.034536
2025-11-30 19:16:04,638 - BiLSTM_MERGE - INFO - [EXP] Época 100/500 - Loss: 0.033459
2025-11-30 19:16:42,602 - BiLSTM_MERGE - INFO - [EXP] Época 150/500 - Loss: 0.033238
2025-11-30 19:17:20,561 - BiLSTM_MERGE - INFO - [EXP] Época 200/500 - Loss: 0.032897
2025-11-30 19:17:58,172 - BiLSTM_MERGE - INFO - [EXP] Época 250/500 - Loss: 0.032771
2025-11-30 19:18:36,490 - BiLSTM_MERGE - INFO - [EXP] Época 300/500 - Loss: 0.033010
2025-11-30 19:19:14,569 - BiLSTM_MERGE - INFO - [EXP] Época 350/500 - Loss: 0.031335
2025-11-30 19:19:52,483 - BiLSTM_MERGE - INFO - [EXP] Época 400/500 - Loss: 0.030659
2025-11-30 19:20:30,555 - BiLSTM_MERGE - INFO - [EXP] Época 450/500 - Loss: 0.028823
2025-11-30 19:21:08,143 - BiLSTM_MERGE - INFO - [EXP] Época 500/500 - Loss: 0.029548
2025-11-30 19:21:08,143 - BiLSTM_MERGE - INFO - Treinamento concluído em 6.31 minutos
2025-11-30 19:21:08,460 - BiLSTM_MERGE - INFO - Calculando erro para o train
2025-11-30 19:21:08,463 - BiLSTM_MERGE - INFO - RMSE: 8.0659
2025-11-30 19:21:08,463 - BiLSTM_MERGE - INFO - MSE : 65.0589
2025-11-30 19:21:08,463 - BiLSTM_MERGE - INFO - MAE : 3.0848
2025-11-30 19:21:08,463 - BiLSTM_MERGE - INFO - CSI (thr=1.0 mm): 0.1107  [TP=418, FP=1034, FN=2324]
2025-11-30 19:21:08,463 - BiLSTM_MERGE - INFO - train_pred TRAIN mm min/max: 0.0, 90.9042033956823
2025-11-30 19:21:08,463 - BiLSTM_MERGE - INFO - train_TRUE TRAIN mm min/max: 0.0, 90.0624999957066
2025-11-30 19:21:08,463 - BiLSTM_MERGE - INFO -  Gerando gráficos TRAIN...
2025-11-30 19:21:08,877 - BiLSTM_MERGE - INFO -  Gráficos gerados TRAIN ...
2025-11-30 19:21:08,877 - BiLSTM_MERGE - INFO - Calculando erro para parte de teste
2025-11-30 19:21:08,879 - BiLSTM_MERGE - INFO - RMSE: 3.3265
2025-11-30 19:21:08,879 - BiLSTM_MERGE - INFO - MSE : 11.0657
2025-11-30 19:21:08,879 - BiLSTM_MERGE - INFO - MAE : 1.5925
2025-11-30 19:21:08,879 - BiLSTM_MERGE - INFO - CSI (thr=1.0 mm): 0.1111  [TP=1, FP=3, FN=5]
2025-11-30 19:21:08,879 - BiLSTM_MERGE - INFO - y_pred mm min/max: 0.028614589153676352, 4.63784365613256
2025-11-30 19:21:08,879 - BiLSTM_MERGE - INFO - y_TRUE mm min/max: 0.0, 10.62500000066143
2025-11-30 19:21:08,879 - BiLSTM_MERGE - INFO -  Gerando gráficos...
2025-11-30 19:21:09,180 - BiLSTM_MERGE - INFO -  Gráficos gerados...
2025-11-30 19:21:09,180 - BiLSTM_MERGE - INFO - ==========================================================================================
2025-11-30 19:21:09,180 - BiLSTM_MERGE - INFO - Execução finalizada com sucesso.
2025-11-30 19:21:09,180 - BiLSTM_MERGE - INFO - Dispositivo utilizado: cuda
2025-11-30 19:21:09,180 - BiLSTM_MERGE - INFO - ==========================================================================================
2025-11-30 19:21:15,253 - LSTM_MERGE - INFO - ==========================================================================================
2025-11-30 19:21:15,253 - LSTM_MERGE - INFO - Iniciando script LSTM (PyTorch) MERGE com suporte a GPU e logs detalhados.
2025-11-30 19:21:15,254 - LSTM_MERGE - INFO - ==========================================================================================
2025-11-30 19:21:15,254 - LSTM_MERGE - INFO - Iniciando experimento: lookback=30, hidden_dim=256, layers=2, lr=0.001, drop=0.5
2025-11-30 19:21:15,265 - LSTM_MERGE - INFO - Shape treino: torch.Size([10082, 30, 1]), teste: torch.Size([30, 30, 1])
2025-11-30 19:21:15,271 - LSTM_MERGE - INFO - Treinando por 500 épocas...
2025-11-30 19:21:16,195 - LSTM_MERGE - INFO - [EXP] Época 1/500 - Loss: 0.035792
2025-11-30 19:22:01,098 - LSTM_MERGE - INFO - [EXP] Época 50/500 - Loss: 0.033429
2025-11-30 19:22:47,025 - LSTM_MERGE - INFO - [EXP] Época 100/500 - Loss: 0.033247
2025-11-30 19:23:33,483 - LSTM_MERGE - INFO - [EXP] Época 150/500 - Loss: 0.033295
2025-11-30 19:24:20,046 - LSTM_MERGE - INFO - [EXP] Época 200/500 - Loss: 0.032659
2025-11-30 19:25:06,601 - LSTM_MERGE - INFO - [EXP] Época 250/500 - Loss: 0.032139
2025-11-30 19:25:53,188 - LSTM_MERGE - INFO - [EXP] Época 300/500 - Loss: 0.030192
2025-11-30 19:26:39,796 - LSTM_MERGE - INFO - [EXP] Época 350/500 - Loss: 0.028582
2025-11-30 19:27:26,262 - LSTM_MERGE - INFO - [EXP] Época 400/500 - Loss: 0.026259
2025-11-30 19:28:12,461 - LSTM_MERGE - INFO - [EXP] Época 450/500 - Loss: 0.024107
2025-11-30 19:28:58,790 - LSTM_MERGE - INFO - [EXP] Época 500/500 - Loss: 0.021492
2025-11-30 19:28:58,790 - LSTM_MERGE - INFO - Treinamento concluído em 7.73 minutos
2025-11-30 19:28:59,020 - LSTM_MERGE - INFO - Calculando erro para o train
2025-11-30 19:28:59,023 - LSTM_MERGE - INFO - RMSE: 8.4564
2025-11-30 19:28:59,023 - LSTM_MERGE - INFO - MSE : 71.5099
2025-11-30 19:28:59,023 - LSTM_MERGE - INFO - MAE : 3.3332
2025-11-30 19:28:59,023 - LSTM_MERGE - INFO - CSI (thr=1.0 mm): 0.1145  [TP=441, FP=1109, FN=2301]
2025-11-30 19:28:59,023 - LSTM_MERGE - INFO - train_pred TRAIN mm min/max: 0.0, 89.9808451676687
2025-11-30 19:28:59,023 - LSTM_MERGE - INFO - train_TRUE TRAIN mm min/max: 0.0, 90.0624999957066
2025-11-30 19:28:59,023 - LSTM_MERGE - INFO -  Gerando gráficos TRAIN...
2025-11-30 19:28:59,457 - LSTM_MERGE - INFO -  Gráficos gerados TRAIN ...
2025-11-30 19:28:59,457 - LSTM_MERGE - INFO - Calculando erro para parte de teste
2025-11-30 19:28:59,459 - LSTM_MERGE - INFO - RMSE: 3.4861
2025-11-30 19:28:59,459 - LSTM_MERGE - INFO - MSE : 12.1528
2025-11-30 19:28:59,459 - LSTM_MERGE - INFO - MAE : 1.7023
2025-11-30 19:28:59,459 - LSTM_MERGE - INFO - CSI (thr=1.0 mm): 0.0000  [TP=0, FP=2, FN=6]
2025-11-30 19:28:59,459 - LSTM_MERGE - INFO - y_pred mm min/max: 0.0, 6.890213927391276
2025-11-30 19:28:59,459 - LSTM_MERGE - INFO - y_TRUE mm min/max: 0.0, 10.62500000066143
2025-11-30 19:28:59,459 - LSTM_MERGE - INFO -  Gerando gráficos...
2025-11-30 19:28:59,751 - LSTM_MERGE - INFO -  Gráficos gerados...
2025-11-30 19:28:59,751 - LSTM_MERGE - INFO - ==========================================================================================
2025-11-30 19:28:59,752 - LSTM_MERGE - INFO - Execução finalizada com sucesso.
2025-11-30 19:28:59,752 - LSTM_MERGE - INFO - Dispositivo utilizado: cuda
2025-11-30 19:28:59,752 - LSTM_MERGE - INFO - ==========================================================================================
2025-11-30 19:29:05,541 - BiLSTM_MERGE - INFO - ==========================================================================================
2025-11-30 19:29:05,541 - BiLSTM_MERGE - INFO - Iniciando script BILSTM (PyTorch) MERGE com suporte a GPU e logs detalhados.
2025-11-30 19:29:05,541 - BiLSTM_MERGE - INFO - ==========================================================================================
2025-11-30 19:29:05,541 - BiLSTM_MERGE - INFO - Iniciando experimento: lookback=30, hidden_dim=256, layers=2, lr=0.001, drop=0.5
2025-11-30 19:29:05,552 - BiLSTM_MERGE - INFO - Shape treino: torch.Size([10082, 30, 1]), teste: torch.Size([30, 30, 1])
2025-11-30 19:29:05,562 - BiLSTM_MERGE - INFO - Treinando por 500 épocas...
2025-11-30 19:29:07,024 - BiLSTM_MERGE - INFO - [EXP] Época 1/500 - Loss: 0.036310
2025-11-30 19:30:19,264 - BiLSTM_MERGE - INFO - [EXP] Época 50/500 - Loss: 0.033540
2025-11-30 19:31:33,661 - BiLSTM_MERGE - INFO - [EXP] Época 100/500 - Loss: 0.033643
2025-11-30 19:32:48,439 - BiLSTM_MERGE - INFO - [EXP] Época 150/500 - Loss: 0.033446
2025-11-30 19:34:03,330 - BiLSTM_MERGE - INFO - [EXP] Época 200/500 - Loss: 0.033427
2025-11-30 19:35:18,215 - BiLSTM_MERGE - INFO - [EXP] Época 250/500 - Loss: 0.033535
2025-11-30 19:36:32,743 - BiLSTM_MERGE - INFO - [EXP] Época 300/500 - Loss: 0.033091
2025-11-30 19:37:47,340 - BiLSTM_MERGE - INFO - [EXP] Época 350/500 - Loss: 0.032873
2025-11-30 19:39:01,942 - BiLSTM_MERGE - INFO - [EXP] Época 400/500 - Loss: 0.032704
2025-11-30 19:40:16,652 - BiLSTM_MERGE - INFO - [EXP] Época 450/500 - Loss: 0.032304
2025-11-30 19:41:31,420 - BiLSTM_MERGE - INFO - [EXP] Época 500/500 - Loss: 0.031308
2025-11-30 19:41:31,420 - BiLSTM_MERGE - INFO - Treinamento concluído em 12.43 minutos
2025-11-30 19:41:31,833 - BiLSTM_MERGE - INFO - Calculando erro para o train
2025-11-30 19:41:31,836 - BiLSTM_MERGE - INFO - RMSE: 7.5530
2025-11-30 19:41:31,836 - BiLSTM_MERGE - INFO - MSE : 57.0473
2025-11-30 19:41:31,836 - BiLSTM_MERGE - INFO - MAE : 2.8546
2025-11-30 19:41:31,836 - BiLSTM_MERGE - INFO - CSI (thr=1.0 mm): 0.1142  [TP=446, FP=1163, FN=2296]
2025-11-30 19:41:31,836 - BiLSTM_MERGE - INFO - train_pred TRAIN mm min/max: 0.0, 96.72557905600307
2025-11-30 19:41:31,836 - BiLSTM_MERGE - INFO - train_TRUE TRAIN mm min/max: 0.0, 90.0624999957066
2025-11-30 19:41:31,836 - BiLSTM_MERGE - INFO -  Gerando gráficos TRAIN...
2025-11-30 19:41:32,231 - BiLSTM_MERGE - INFO -  Gráficos gerados TRAIN ...
2025-11-30 19:41:32,231 - BiLSTM_MERGE - INFO - Calculando erro para parte de teste
2025-11-30 19:41:32,233 - BiLSTM_MERGE - INFO - RMSE: 3.2403
2025-11-30 19:41:32,233 - BiLSTM_MERGE - INFO - MSE : 10.4994
2025-11-30 19:41:32,233 - BiLSTM_MERGE - INFO - MAE : 1.4393
2025-11-30 19:41:32,233 - BiLSTM_MERGE - INFO - CSI (thr=1.0 mm): 0.1250  [TP=1, FP=2, FN=5]
2025-11-30 19:41:32,233 - BiLSTM_MERGE - INFO - y_pred mm min/max: 0.0, 1.7475616485211514
2025-11-30 19:41:32,233 - BiLSTM_MERGE - INFO - y_TRUE mm min/max: 0.0, 10.62500000066143
2025-11-30 19:41:32,233 - BiLSTM_MERGE - INFO -  Gerando gráficos...
2025-11-30 19:41:32,761 - BiLSTM_MERGE - INFO -  Gráficos gerados...
2025-11-30 19:41:32,761 - BiLSTM_MERGE - INFO - ==========================================================================================
2025-11-30 19:41:32,761 - BiLSTM_MERGE - INFO - Execução finalizada com sucesso.
2025-11-30 19:41:32,761 - BiLSTM_MERGE - INFO - Dispositivo utilizado: cuda
2025-11-30 19:41:32,761 - BiLSTM_MERGE - INFO - ==========================================================================================
2025-11-30 19:41:38,799 - ARIMA_MERGE - INFO - ==========================================================================================
2025-11-30 19:41:38,800 - ARIMA_MERGE - INFO - Iniciando script ARIMA MERGE.
2025-11-30 19:41:38,800 - ARIMA_MERGE - INFO - ==========================================================================================
2025-11-30 19:41:38,801 - ARIMA_MERGE - INFO - Tamanho treino: 10113 | teste: 30
2025-11-30 19:41:38,801 - ARIMA_MERGE - INFO - [FASE 4] Iniciando busca manual por hiperparâmetros (AIC).
2025-11-30 19:53:42,968 - ARIMA_MERGE - INFO - Melhor order encontrado: (30, 0, 0)
2025-11-30 19:53:42,969 - ARIMA_MERGE - INFO - Melhor AIC (treino): -23571.78
2025-11-30 19:53:42,969 - ARIMA_MERGE - INFO - Tempo da Fase 4: 724.17s
2025-11-30 19:53:42,969 - ARIMA_MERGE - INFO - [FASE 5] Reajustando melhor modelo no conjunto de treino.
2025-11-30 19:55:07,144 - ARIMA_MERGE - INFO - Melhor modelo ajustado no treino.
2025-11-30 19:55:07,144 - ARIMA_MERGE - INFO - Tempo da Fase 5: 84.17s
2025-11-30 19:55:07,144 - ARIMA_MERGE - INFO - [FASE 6] Gerando previsões no conjunto de teste e avaliando métricas.
2025-11-30 19:55:07,148 - ARIMA_MERGE - INFO - RMSE: 6.7734
2025-11-30 19:55:07,148 - ARIMA_MERGE - INFO - MSE : 45.8787
2025-11-30 19:55:07,148 - ARIMA_MERGE - INFO - MAE : 3.4876
2025-11-30 19:55:07,148 - ARIMA_MERGE - INFO - CSI (thr=1.0 mm): 0.2724  [TP=2754, FP=7351, FN=4]
2025-11-30 19:55:07,148 - ARIMA_MERGE - INFO - [TREINO] RMSE=6.7734 | MSE=45.8787 | MAE=3.4876 | CSI=0.2724
2025-11-30 19:55:07,155 - ARIMA_MERGE - INFO - RMSE: 3.0177
2025-11-30 19:55:07,155 - ARIMA_MERGE - INFO - MSE : 9.1067
2025-11-30 19:55:07,155 - ARIMA_MERGE - INFO - MAE : 2.5906
2025-11-30 19:55:07,155 - ARIMA_MERGE - INFO - CSI (thr=1.0 mm): 0.2000  [TP=6, FP=24, FN=0]
2025-11-30 19:55:07,155 - ARIMA_MERGE - INFO - Tempo total da Fase 6: 0.01s
2025-11-30 19:55:07,155 - ARIMA_MERGE - INFO - [FASE 7] Salvando gráfico de previsão vs. observado.
2025-11-30 19:55:07,982 - ARIMA_MERGE - INFO - Gráfico salvo como 'arimaMERGE_result.png'.
2025-11-30 19:55:07,982 - ARIMA_MERGE - INFO - ==========================================================================================
2025-11-30 19:55:07,982 - ARIMA_MERGE - INFO - Execução ARIMA MERGE finalizada com sucesso.
2025-11-30 19:55:07,982 - ARIMA_MERGE - INFO - Tempo total de execução: 809.18s
2025-11-30 19:55:07,982 - ARIMA_MERGE - INFO - ==========================================================================================
2025-11-30 19:55:13,863 - RANDOM_FOREST_MERGE - INFO - ====================================================================================================
2025-11-30 19:55:13,864 - RANDOM_FOREST_MERGE - INFO - Iniciando Random Forest MERGE com GridSearchCV.
2025-11-30 19:55:13,864 - RANDOM_FOREST_MERGE - INFO - ====================================================================================================
2025-11-30 19:55:13,864 - RANDOM_FOREST_MERGE - INFO - [FASE 3] Split treino/teste e preparação.
2025-11-30 19:55:13,873 - RANDOM_FOREST_MERGE - INFO - [FASE 3] Treino: X=(10083, 30), y=10083 | Teste: X=(30, 30), y=30
2025-11-30 19:55:13,873 - RANDOM_FOREST_MERGE - INFO - [FASE 3] Tempo: 0.01s
2025-11-30 19:55:13,873 - RANDOM_FOREST_MERGE - INFO - [FASE 4] Iniciando GridSearchCV (TimeSeriesSplit).
2025-11-30 19:57:09,996 - RANDOM_FOREST_MERGE - INFO - [FASE 4] GridSearchCV concluído em 116.12s
2025-11-30 19:57:09,997 - RANDOM_FOREST_MERGE - INFO - [FASE 4] Melhores parâmetros: {'max_depth': None, 'max_features': 'sqrt', 'min_samples_leaf': 4, 'min_samples_split': 10, 'n_estimators': 400}
2025-11-30 19:57:09,997 - RANDOM_FOREST_MERGE - INFO - [FASE 4] Melhor score (neg_MSE): -44.966315
2025-11-30 19:57:09,997 - RANDOM_FOREST_MERGE - INFO - [FASE 4] Tempo: 116.12s
2025-11-30 19:57:09,997 - RANDOM_FOREST_MERGE - INFO - [FASE 5] Treinando best_estimator_ no conjunto de treino.
2025-11-30 19:57:10,787 - RANDOM_FOREST_MERGE - INFO - [FASE 5] Tempo: 0.79s
2025-11-30 19:57:10,787 - RANDOM_FOREST_MERGE - INFO - [FASE 6] Previsão e cálculo de métricas.
2025-11-30 19:57:10,852 - RANDOM_FOREST_MERGE - INFO - RMSE: 5.1608
2025-11-30 19:57:10,852 - RANDOM_FOREST_MERGE - INFO - MSE : 26.6336
2025-11-30 19:57:10,852 - RANDOM_FOREST_MERGE - INFO - MAE : 2.5502
2025-11-30 19:57:10,852 - RANDOM_FOREST_MERGE - INFO - CSI (thr=1.0 mm): 0.3691  [TP=2706, FP=4580, FN=45]
2025-11-30 19:57:10,852 - RANDOM_FOREST_MERGE - INFO - [TREINO] RMSE=5.1608 | MSE=26.6336 | MAE=2.5502 | CSI=0.3691
2025-11-30 19:57:10,886 - RANDOM_FOREST_MERGE - INFO - y_pred raw min/max: 0.4113597184925333, 6.764372335906767
2025-11-30 19:57:10,886 - RANDOM_FOREST_MERGE - INFO - y_TRUE raw min/max: 0.0, 10.62500000066143
2025-11-30 19:57:10,887 - RANDOM_FOREST_MERGE - INFO - RMSE: 3.0398
2025-11-30 19:57:10,887 - RANDOM_FOREST_MERGE - INFO - MSE : 9.2406
2025-11-30 19:57:10,887 - RANDOM_FOREST_MERGE - INFO - MAE : 1.9900
2025-11-30 19:57:10,887 - RANDOM_FOREST_MERGE - INFO - CSI (thr=1.0 mm): 0.1905  [TP=4, FP=15, FN=2]
2025-11-30 19:57:10,887 - RANDOM_FOREST_MERGE - INFO - [FASE 7] Gerando gráficos.
2025-11-30 19:57:11,596 - RANDOM_FOREST_MERGE - INFO - Gráfico salvo como 'random_forest_MERGE.png'.
2025-11-30 19:57:11,596 - RANDOM_FOREST_MERGE - INFO - [FASE 7] Tempo: 0.71s
2025-11-30 19:57:11,596 - RANDOM_FOREST_MERGE - INFO - ====================================================================================================
2025-11-30 19:57:11,596 - RANDOM_FOREST_MERGE - INFO - Resumo Final
2025-11-30 19:57:11,596 - RANDOM_FOREST_MERGE - INFO - Melhores parâmetros: {'max_depth': None, 'max_features': 'sqrt', 'min_samples_leaf': 4, 'min_samples_split': 10, 'n_estimators': 400}
2025-11-30 19:57:11,596 - RANDOM_FOREST_MERGE - INFO - Tempo total de execução: 117.73s
2025-11-30 19:57:11,596 - RANDOM_FOREST_MERGE - INFO - ====================================================================================================
2025-11-30 19:57:17,254 - LSTM_MERGE - INFO - ==========================================================================================
2025-11-30 19:57:17,255 - LSTM_MERGE - INFO - Iniciando script LSTM (PyTorch) MERGE com suporte a GPU e logs detalhados.
2025-11-30 19:57:17,255 - LSTM_MERGE - INFO - ==========================================================================================
2025-11-30 19:57:17,255 - LSTM_MERGE - INFO - Iniciando experimento: lookback=30, hidden_dim=32, layers=2, lr=0.001, drop=0.5
2025-11-30 19:57:17,266 - LSTM_MERGE - INFO - Shape treino: torch.Size([10082, 30, 1]), teste: torch.Size([30, 30, 1])
2025-11-30 19:57:17,267 - LSTM_MERGE - INFO - Treinando por 500 épocas...
2025-11-30 19:57:17,837 - LSTM_MERGE - INFO - [EXP] Época 1/500 - Loss: 0.035246
2025-11-30 19:57:45,728 - LSTM_MERGE - INFO - [EXP] Época 50/500 - Loss: 0.033533
2025-11-30 19:58:14,634 - LSTM_MERGE - INFO - [EXP] Época 100/500 - Loss: 0.034837
2025-11-30 19:58:43,632 - LSTM_MERGE - INFO - [EXP] Época 150/500 - Loss: 0.033188
2025-11-30 19:59:12,585 - LSTM_MERGE - INFO - [EXP] Época 200/500 - Loss: 0.033504
2025-11-30 19:59:40,985 - LSTM_MERGE - INFO - [EXP] Época 250/500 - Loss: 0.033390
2025-11-30 20:00:09,737 - LSTM_MERGE - INFO - [EXP] Época 300/500 - Loss: 0.032679
2025-11-30 20:00:38,726 - LSTM_MERGE - INFO - [EXP] Época 350/500 - Loss: 0.031473
2025-11-30 20:01:07,234 - LSTM_MERGE - INFO - [EXP] Época 400/500 - Loss: 0.030229
2025-11-30 20:01:36,178 - LSTM_MERGE - INFO - [EXP] Época 450/500 - Loss: 0.029401
2025-11-30 20:02:05,177 - LSTM_MERGE - INFO - [EXP] Época 500/500 - Loss: 0.028636
2025-11-30 20:02:05,177 - LSTM_MERGE - INFO - Treinamento concluído em 4.80 minutos
2025-11-30 20:02:05,255 - LSTM_MERGE - INFO - Calculando erro para o train
2025-11-30 20:02:05,258 - LSTM_MERGE - INFO - RMSE: 7.8940
2025-11-30 20:02:05,258 - LSTM_MERGE - INFO - MSE : 62.3150
2025-11-30 20:02:05,258 - LSTM_MERGE - INFO - MAE : 3.1095
2025-11-30 20:02:05,258 - LSTM_MERGE - INFO - CSI (thr=1.0 mm): 0.1222  [TP=488, FP=1252, FN=2254]
2025-11-30 20:02:05,258 - LSTM_MERGE - INFO - train_pred TRAIN mm min/max: 0.0, 81.3158566279688
2025-11-30 20:02:05,258 - LSTM_MERGE - INFO - train_TRUE TRAIN mm min/max: 0.0, 90.0624999957066
2025-11-30 20:02:05,258 - LSTM_MERGE - INFO -  Gerando gráficos TRAIN...
2025-11-30 20:02:05,644 - LSTM_MERGE - INFO -  Gráficos gerados TRAIN ...
2025-11-30 20:02:05,644 - LSTM_MERGE - INFO - Calculando erro para parte de teste
2025-11-30 20:02:05,646 - LSTM_MERGE - INFO - RMSE: 3.2468
2025-11-30 20:02:05,646 - LSTM_MERGE - INFO - MSE : 10.5415
2025-11-30 20:02:05,646 - LSTM_MERGE - INFO - MAE : 1.5625
2025-11-30 20:02:05,646 - LSTM_MERGE - INFO - CSI (thr=1.0 mm): 0.1429  [TP=1, FP=1, FN=5]
2025-11-30 20:02:05,647 - LSTM_MERGE - INFO - y_pred mm min/max: 0.09938234548716614, 3.8148978909521625
2025-11-30 20:02:05,647 - LSTM_MERGE - INFO - y_TRUE mm min/max: 0.0, 10.62500000066143
2025-11-30 20:02:05,647 - LSTM_MERGE - INFO -  Gerando gráficos...
2025-11-30 20:02:05,927 - LSTM_MERGE - INFO -  Gráficos gerados...
2025-11-30 20:02:05,927 - LSTM_MERGE - INFO - ==========================================================================================
2025-11-30 20:02:05,927 - LSTM_MERGE - INFO - Execução finalizada com sucesso.
2025-11-30 20:02:05,927 - LSTM_MERGE - INFO - Dispositivo utilizado: cuda
2025-11-30 20:02:05,927 - LSTM_MERGE - INFO - ==========================================================================================
2025-11-30 20:02:11,624 - BiLSTM_MERGE - INFO - ==========================================================================================
2025-11-30 20:02:11,624 - BiLSTM_MERGE - INFO - Iniciando script BILSTM (PyTorch) MERGE com suporte a GPU e logs detalhados.
2025-11-30 20:02:11,625 - BiLSTM_MERGE - INFO - ==========================================================================================
2025-11-30 20:02:11,625 - BiLSTM_MERGE - INFO - Iniciando experimento: lookback=30, hidden_dim=32, layers=2, lr=0.001, drop=0.5
2025-11-30 20:02:11,633 - BiLSTM_MERGE - INFO - Shape treino: torch.Size([10082, 30, 1]), teste: torch.Size([30, 30, 1])
2025-11-30 20:02:11,635 - BiLSTM_MERGE - INFO - Treinando por 500 épocas...
2025-11-30 20:02:12,373 - BiLSTM_MERGE - INFO - [EXP] Época 1/500 - Loss: 0.038525
2025-11-30 20:02:48,909 - BiLSTM_MERGE - INFO - [EXP] Época 50/500 - Loss: 0.034460
2025-11-30 20:03:26,566 - BiLSTM_MERGE - INFO - [EXP] Época 100/500 - Loss: 0.033358
2025-11-30 20:04:04,218 - BiLSTM_MERGE - INFO - [EXP] Época 150/500 - Loss: 0.033349
2025-11-30 20:04:41,312 - BiLSTM_MERGE - INFO - [EXP] Época 200/500 - Loss: 0.032990
2025-11-30 20:05:18,395 - BiLSTM_MERGE - INFO - [EXP] Época 250/500 - Loss: 0.033543
2025-11-30 20:05:55,190 - BiLSTM_MERGE - INFO - [EXP] Época 300/500 - Loss: 0.032852
2025-11-30 20:06:32,281 - BiLSTM_MERGE - INFO - [EXP] Época 350/500 - Loss: 0.031965
2025-11-30 20:07:09,969 - BiLSTM_MERGE - INFO - [EXP] Época 400/500 - Loss: 0.031429
2025-11-30 20:07:47,650 - BiLSTM_MERGE - INFO - [EXP] Época 450/500 - Loss: 0.030826
2025-11-30 20:08:25,333 - BiLSTM_MERGE - INFO - [EXP] Época 500/500 - Loss: 0.030302
2025-11-30 20:08:25,333 - BiLSTM_MERGE - INFO - Treinamento concluído em 6.23 minutos
2025-11-30 20:08:25,425 - BiLSTM_MERGE - INFO - Calculando erro para o train
2025-11-30 20:08:25,427 - BiLSTM_MERGE - INFO - RMSE: 7.6634
2025-11-30 20:08:25,427 - BiLSTM_MERGE - INFO - MSE : 58.7274
2025-11-30 20:08:25,428 - BiLSTM_MERGE - INFO - MAE : 2.9201
2025-11-30 20:08:25,428 - BiLSTM_MERGE - INFO - CSI (thr=1.0 mm): 0.1062  [TP=401, FP=1033, FN=2341]
2025-11-30 20:08:25,428 - BiLSTM_MERGE - INFO - train_pred TRAIN mm min/max: 0.0, 79.36559942358875
2025-11-30 20:08:25,428 - BiLSTM_MERGE - INFO - train_TRUE TRAIN mm min/max: 0.0, 90.0624999957066
2025-11-30 20:08:25,428 - BiLSTM_MERGE - INFO -  Gerando gráficos TRAIN...
2025-11-30 20:08:25,856 - BiLSTM_MERGE - INFO -  Gráficos gerados TRAIN ...
2025-11-30 20:08:25,856 - BiLSTM_MERGE - INFO - Calculando erro para parte de teste
2025-11-30 20:08:25,858 - BiLSTM_MERGE - INFO - RMSE: 3.2290
2025-11-30 20:08:25,858 - BiLSTM_MERGE - INFO - MSE : 10.4266
2025-11-30 20:08:25,858 - BiLSTM_MERGE - INFO - MAE : 1.4761
2025-11-30 20:08:25,858 - BiLSTM_MERGE - INFO - CSI (thr=1.0 mm): 0.1250  [TP=1, FP=2, FN=5]
2025-11-30 20:08:25,858 - BiLSTM_MERGE - INFO - y_pred mm min/max: 0.032254919008036585, 2.109582188322225
2025-11-30 20:08:25,858 - BiLSTM_MERGE - INFO - y_TRUE mm min/max: 0.0, 10.62500000066143
2025-11-30 20:08:25,858 - BiLSTM_MERGE - INFO -  Gerando gráficos...
2025-11-30 20:08:26,169 - BiLSTM_MERGE - INFO -  Gráficos gerados...
2025-11-30 20:08:26,169 - BiLSTM_MERGE - INFO - ==========================================================================================
2025-11-30 20:08:26,169 - BiLSTM_MERGE - INFO - Execução finalizada com sucesso.
2025-11-30 20:08:26,169 - BiLSTM_MERGE - INFO - Dispositivo utilizado: cuda
2025-11-30 20:08:26,169 - BiLSTM_MERGE - INFO - ==========================================================================================
2025-11-30 20:08:32,483 - LSTM_MERGE - INFO - ==========================================================================================
2025-11-30 20:08:32,483 - LSTM_MERGE - INFO - Iniciando script LSTM (PyTorch) MERGE com suporte a GPU e logs detalhados.
2025-11-30 20:08:32,483 - LSTM_MERGE - INFO - ==========================================================================================
2025-11-30 20:08:32,483 - LSTM_MERGE - INFO - Iniciando experimento: lookback=30, hidden_dim=64, layers=2, lr=0.001, drop=0.5
2025-11-30 20:08:32,492 - LSTM_MERGE - INFO - Shape treino: torch.Size([10082, 30, 1]), teste: torch.Size([30, 30, 1])
2025-11-30 20:08:32,494 - LSTM_MERGE - INFO - Treinando por 500 épocas...
2025-11-30 20:08:33,065 - LSTM_MERGE - INFO - [EXP] Época 1/500 - Loss: 0.035203
2025-11-30 20:09:01,023 - LSTM_MERGE - INFO - [EXP] Época 50/500 - Loss: 0.033427
2025-11-30 20:09:29,946 - LSTM_MERGE - INFO - [EXP] Época 100/500 - Loss: 0.033483
2025-11-30 20:09:58,974 - LSTM_MERGE - INFO - [EXP] Época 150/500 - Loss: 0.033081
2025-11-30 20:10:28,012 - LSTM_MERGE - INFO - [EXP] Época 200/500 - Loss: 0.032373
2025-11-30 20:10:57,049 - LSTM_MERGE - INFO - [EXP] Época 250/500 - Loss: 0.031963
2025-11-30 20:11:24,076 - LSTM_MERGE - INFO - [EXP] Época 300/500 - Loss: 0.029844
2025-11-30 20:11:51,030 - LSTM_MERGE - INFO - [EXP] Época 350/500 - Loss: 0.027951
2025-11-30 20:12:17,982 - LSTM_MERGE - INFO - [EXP] Época 400/500 - Loss: 0.025966
2025-11-30 20:12:44,939 - LSTM_MERGE - INFO - [EXP] Época 450/500 - Loss: 0.024624
2025-11-30 20:13:11,917 - LSTM_MERGE - INFO - [EXP] Época 500/500 - Loss: 0.022671
2025-11-30 20:13:11,917 - LSTM_MERGE - INFO - Treinamento concluído em 4.66 minutos
2025-11-30 20:13:11,994 - LSTM_MERGE - INFO - Calculando erro para o train
2025-11-30 20:13:11,997 - LSTM_MERGE - INFO - RMSE: 8.3540
2025-11-30 20:13:11,997 - LSTM_MERGE - INFO - MSE : 69.7891
2025-11-30 20:13:11,997 - LSTM_MERGE - INFO - MAE : 3.2999
2025-11-30 20:13:11,997 - LSTM_MERGE - INFO - CSI (thr=1.0 mm): 0.1170  [TP=455, FP=1147, FN=2287]
2025-11-30 20:13:11,997 - LSTM_MERGE - INFO - train_pred TRAIN mm min/max: 0.0, 92.8348990858049
2025-11-30 20:13:11,997 - LSTM_MERGE - INFO - train_TRUE TRAIN mm min/max: 0.0, 90.0624999957066
2025-11-30 20:13:11,997 - LSTM_MERGE - INFO -  Gerando gráficos TRAIN...
2025-11-30 20:13:12,432 - LSTM_MERGE - INFO -  Gráficos gerados TRAIN ...
2025-11-30 20:13:12,432 - LSTM_MERGE - INFO - Calculando erro para parte de teste
2025-11-30 20:13:12,434 - LSTM_MERGE - INFO - RMSE: 3.1555
2025-11-30 20:13:12,434 - LSTM_MERGE - INFO - MSE : 9.9569
2025-11-30 20:13:12,434 - LSTM_MERGE - INFO - MAE : 1.4168
2025-11-30 20:13:12,434 - LSTM_MERGE - INFO - CSI (thr=1.0 mm): 0.0000  [TP=0, FP=1, FN=6]
2025-11-30 20:13:12,435 - LSTM_MERGE - INFO - y_pred mm min/max: 0.0, 1.802229981317883
2025-11-30 20:13:12,435 - LSTM_MERGE - INFO - y_TRUE mm min/max: 0.0, 10.62500000066143
2025-11-30 20:13:12,435 - LSTM_MERGE - INFO -  Gerando gráficos...
2025-11-30 20:13:12,768 - LSTM_MERGE - INFO -  Gráficos gerados...
2025-11-30 20:13:12,768 - LSTM_MERGE - INFO - ==========================================================================================
2025-11-30 20:13:12,768 - LSTM_MERGE - INFO - Execução finalizada com sucesso.
2025-11-30 20:13:12,768 - LSTM_MERGE - INFO - Dispositivo utilizado: cuda
2025-11-30 20:13:12,768 - LSTM_MERGE - INFO - ==========================================================================================
2025-11-30 20:13:18,405 - BiLSTM_MERGE - INFO - ==========================================================================================
2025-11-30 20:13:18,405 - BiLSTM_MERGE - INFO - Iniciando script BILSTM (PyTorch) MERGE com suporte a GPU e logs detalhados.
2025-11-30 20:13:18,405 - BiLSTM_MERGE - INFO - ==========================================================================================
2025-11-30 20:13:18,405 - BiLSTM_MERGE - INFO - Iniciando experimento: lookback=30, hidden_dim=64, layers=2, lr=0.001, drop=0.5
2025-11-30 20:13:18,416 - BiLSTM_MERGE - INFO - Shape treino: torch.Size([10082, 30, 1]), teste: torch.Size([30, 30, 1])
2025-11-30 20:13:18,420 - BiLSTM_MERGE - INFO - Treinando por 500 épocas...
2025-11-30 20:13:19,155 - BiLSTM_MERGE - INFO - [EXP] Época 1/500 - Loss: 0.037505
2025-11-30 20:13:54,612 - BiLSTM_MERGE - INFO - [EXP] Época 50/500 - Loss: 0.034144
2025-11-30 20:14:30,058 - BiLSTM_MERGE - INFO - [EXP] Época 100/500 - Loss: 0.033554
2025-11-30 20:15:06,052 - BiLSTM_MERGE - INFO - [EXP] Época 150/500 - Loss: 0.033214
2025-11-30 20:15:43,139 - BiLSTM_MERGE - INFO - [EXP] Época 200/500 - Loss: 0.033117
2025-11-30 20:16:20,232 - BiLSTM_MERGE - INFO - [EXP] Época 250/500 - Loss: 0.032604
2025-11-30 20:16:57,330 - BiLSTM_MERGE - INFO - [EXP] Época 300/500 - Loss: 0.032417
2025-11-30 20:17:34,245 - BiLSTM_MERGE - INFO - [EXP] Época 350/500 - Loss: 0.032882
2025-11-30 20:18:11,046 - BiLSTM_MERGE - INFO - [EXP] Época 400/500 - Loss: 0.031019
2025-11-30 20:18:47,957 - BiLSTM_MERGE - INFO - [EXP] Época 450/500 - Loss: 0.030087
2025-11-30 20:19:25,077 - BiLSTM_MERGE - INFO - [EXP] Época 500/500 - Loss: 0.029020
2025-11-30 20:19:25,078 - BiLSTM_MERGE - INFO - Treinamento concluído em 6.11 minutos
2025-11-30 20:19:25,204 - BiLSTM_MERGE - INFO - Calculando erro para o train
2025-11-30 20:19:25,207 - BiLSTM_MERGE - INFO - RMSE: 7.9226
2025-11-30 20:19:25,207 - BiLSTM_MERGE - INFO - MSE : 62.7683
2025-11-30 20:19:25,207 - BiLSTM_MERGE - INFO - MAE : 2.9829
2025-11-30 20:19:25,207 - BiLSTM_MERGE - INFO - CSI (thr=1.0 mm): 0.1031  [TP=391, FP=1051, FN=2351]
2025-11-30 20:19:25,207 - BiLSTM_MERGE - INFO - train_pred TRAIN mm min/max: 0.0, 106.55193319408778
2025-11-30 20:19:25,207 - BiLSTM_MERGE - INFO - train_TRUE TRAIN mm min/max: 0.0, 90.0624999957066
2025-11-30 20:19:25,207 - BiLSTM_MERGE - INFO -  Gerando gráficos TRAIN...
2025-11-30 20:19:25,616 - BiLSTM_MERGE - INFO -  Gráficos gerados TRAIN ...
2025-11-30 20:19:25,616 - BiLSTM_MERGE - INFO - Calculando erro para parte de teste
2025-11-30 20:19:25,618 - BiLSTM_MERGE - INFO - RMSE: 3.2435
2025-11-30 20:19:25,618 - BiLSTM_MERGE - INFO - MSE : 10.5202
2025-11-30 20:19:25,618 - BiLSTM_MERGE - INFO - MAE : 1.4509
2025-11-30 20:19:25,618 - BiLSTM_MERGE - INFO - CSI (thr=1.0 mm): 0.1429  [TP=1, FP=1, FN=5]
2025-11-30 20:19:25,618 - BiLSTM_MERGE - INFO - y_pred mm min/max: 0.0, 2.4388743325836604
2025-11-30 20:19:25,618 - BiLSTM_MERGE - INFO - y_TRUE mm min/max: 0.0, 10.62500000066143
2025-11-30 20:19:25,618 - BiLSTM_MERGE - INFO -  Gerando gráficos...
2025-11-30 20:19:25,911 - BiLSTM_MERGE - INFO -  Gráficos gerados...
2025-11-30 20:19:25,911 - BiLSTM_MERGE - INFO - ==========================================================================================
2025-11-30 20:19:25,911 - BiLSTM_MERGE - INFO - Execução finalizada com sucesso.
2025-11-30 20:19:25,911 - BiLSTM_MERGE - INFO - Dispositivo utilizado: cuda
2025-11-30 20:19:25,911 - BiLSTM_MERGE - INFO - ==========================================================================================
2025-11-30 20:19:31,964 - LSTM_MERGE - INFO - ==========================================================================================
2025-11-30 20:19:31,964 - LSTM_MERGE - INFO - Iniciando script LSTM (PyTorch) MERGE com suporte a GPU e logs detalhados.
2025-11-30 20:19:31,964 - LSTM_MERGE - INFO - ==========================================================================================
2025-11-30 20:19:31,964 - LSTM_MERGE - INFO - Iniciando experimento: lookback=30, hidden_dim=128, layers=2, lr=0.001, drop=0.5
2025-11-30 20:19:31,975 - LSTM_MERGE - INFO - Shape treino: torch.Size([10082, 30, 1]), teste: torch.Size([30, 30, 1])
2025-11-30 20:19:31,978 - LSTM_MERGE - INFO - Treinando por 500 épocas...
2025-11-30 20:19:32,548 - LSTM_MERGE - INFO - [EXP] Época 1/500 - Loss: 0.035871
2025-11-30 20:20:00,455 - LSTM_MERGE - INFO - [EXP] Época 50/500 - Loss: 0.033446
2025-11-30 20:20:29,392 - LSTM_MERGE - INFO - [EXP] Época 100/500 - Loss: 0.033601
2025-11-30 20:20:58,055 - LSTM_MERGE - INFO - [EXP] Época 150/500 - Loss: 0.033199
2025-11-30 20:21:26,672 - LSTM_MERGE - INFO - [EXP] Época 200/500 - Loss: 0.032957
2025-11-30 20:21:55,305 - LSTM_MERGE - INFO - [EXP] Época 250/500 - Loss: 0.032568
2025-11-30 20:22:23,718 - LSTM_MERGE - INFO - [EXP] Época 300/500 - Loss: 0.031666
2025-11-30 20:22:51,799 - LSTM_MERGE - INFO - [EXP] Época 350/500 - Loss: 0.030185
2025-11-30 20:23:20,036 - LSTM_MERGE - INFO - [EXP] Época 400/500 - Loss: 0.028293
2025-11-30 20:23:48,319 - LSTM_MERGE - INFO - [EXP] Época 450/500 - Loss: 0.026066
2025-11-30 20:24:16,392 - LSTM_MERGE - INFO - [EXP] Época 500/500 - Loss: 0.024252
2025-11-30 20:24:16,392 - LSTM_MERGE - INFO - Treinamento concluído em 4.74 minutos
2025-11-30 20:24:16,562 - LSTM_MERGE - INFO - Calculando erro para o train
2025-11-30 20:24:16,565 - LSTM_MERGE - INFO - RMSE: 8.3895
2025-11-30 20:24:16,565 - LSTM_MERGE - INFO - MSE : 70.3835
2025-11-30 20:24:16,565 - LSTM_MERGE - INFO - MAE : 3.2650
2025-11-30 20:24:16,565 - LSTM_MERGE - INFO - CSI (thr=1.0 mm): 0.1140  [TP=437, FP=1091, FN=2305]
2025-11-30 20:24:16,565 - LSTM_MERGE - INFO - train_pred TRAIN mm min/max: 0.0, 98.93987375771216
2025-11-30 20:24:16,565 - LSTM_MERGE - INFO - train_TRUE TRAIN mm min/max: 0.0, 90.0624999957066
2025-11-30 20:24:16,565 - LSTM_MERGE - INFO -  Gerando gráficos TRAIN...
2025-11-30 20:24:16,997 - LSTM_MERGE - INFO -  Gráficos gerados TRAIN ...
2025-11-30 20:24:16,997 - LSTM_MERGE - INFO - Calculando erro para parte de teste
2025-11-30 20:24:16,999 - LSTM_MERGE - INFO - RMSE: 3.3593
2025-11-30 20:24:16,999 - LSTM_MERGE - INFO - MSE : 11.2847
2025-11-30 20:24:16,999 - LSTM_MERGE - INFO - MAE : 1.5722
2025-11-30 20:24:16,999 - LSTM_MERGE - INFO - CSI (thr=1.0 mm): 0.1429  [TP=1, FP=1, FN=5]
2025-11-30 20:24:16,999 - LSTM_MERGE - INFO - y_pred mm min/max: 0.0, 6.427297456349254
2025-11-30 20:24:17,000 - LSTM_MERGE - INFO - y_TRUE mm min/max: 0.0, 10.62500000066143
2025-11-30 20:24:17,000 - LSTM_MERGE - INFO -  Gerando gráficos...
2025-11-30 20:24:17,334 - LSTM_MERGE - INFO -  Gráficos gerados...
2025-11-30 20:24:17,334 - LSTM_MERGE - INFO - ==========================================================================================
2025-11-30 20:24:17,334 - LSTM_MERGE - INFO - Execução finalizada com sucesso.
2025-11-30 20:24:17,334 - LSTM_MERGE - INFO - Dispositivo utilizado: cuda
2025-11-30 20:24:17,334 - LSTM_MERGE - INFO - ==========================================================================================
2025-11-30 20:24:23,011 - BiLSTM_MERGE - INFO - ==========================================================================================
2025-11-30 20:24:23,011 - BiLSTM_MERGE - INFO - Iniciando script BILSTM (PyTorch) MERGE com suporte a GPU e logs detalhados.
2025-11-30 20:24:23,011 - BiLSTM_MERGE - INFO - ==========================================================================================
2025-11-30 20:24:23,011 - BiLSTM_MERGE - INFO - Iniciando experimento: lookback=30, hidden_dim=128, layers=2, lr=0.001, drop=0.5
2025-11-30 20:24:23,022 - BiLSTM_MERGE - INFO - Shape treino: torch.Size([10082, 30, 1]), teste: torch.Size([30, 30, 1])
2025-11-30 20:24:23,050 - BiLSTM_MERGE - INFO - Treinando por 500 épocas...
2025-11-30 20:24:24,787 - BiLSTM_MERGE - INFO - [EXP] Época 1/500 - Loss: 0.037276
2025-11-30 20:25:01,602 - BiLSTM_MERGE - INFO - [EXP] Época 50/500 - Loss: 0.033511
2025-11-30 20:25:39,227 - BiLSTM_MERGE - INFO - [EXP] Época 100/500 - Loss: 0.033760
2025-11-30 20:26:16,487 - BiLSTM_MERGE - INFO - [EXP] Época 150/500 - Loss: 0.033438
2025-11-30 20:26:53,722 - BiLSTM_MERGE - INFO - [EXP] Época 200/500 - Loss: 0.033346
2025-11-30 20:27:30,989 - BiLSTM_MERGE - INFO - [EXP] Época 250/500 - Loss: 0.033316
2025-11-30 20:28:08,392 - BiLSTM_MERGE - INFO - [EXP] Época 300/500 - Loss: 0.033443
2025-11-30 20:28:45,816 - BiLSTM_MERGE - INFO - [EXP] Época 350/500 - Loss: 0.033152
2025-11-30 20:29:23,475 - BiLSTM_MERGE - INFO - [EXP] Época 400/500 - Loss: 0.032953
2025-11-30 20:30:00,995 - BiLSTM_MERGE - INFO - [EXP] Época 450/500 - Loss: 0.033306
2025-11-30 20:30:38,519 - BiLSTM_MERGE - INFO - [EXP] Época 500/500 - Loss: 0.033302
2025-11-30 20:30:38,519 - BiLSTM_MERGE - INFO - Treinamento concluído em 6.26 minutos
2025-11-30 20:30:38,837 - BiLSTM_MERGE - INFO - Calculando erro para o train
2025-11-30 20:30:38,840 - BiLSTM_MERGE - INFO - RMSE: 7.2585
2025-11-30 20:30:38,840 - BiLSTM_MERGE - INFO - MSE : 52.6860
2025-11-30 20:30:38,840 - BiLSTM_MERGE - INFO - MAE : 2.7515
2025-11-30 20:30:38,840 - BiLSTM_MERGE - INFO - CSI (thr=1.0 mm): 0.1279  [TP=528, FP=1385, FN=2214]
2025-11-30 20:30:38,840 - BiLSTM_MERGE - INFO - train_pred TRAIN mm min/max: 0.0, 11.495275003287563
2025-11-30 20:30:38,840 - BiLSTM_MERGE - INFO - train_TRUE TRAIN mm min/max: 0.0, 90.0624999957066
2025-11-30 20:30:38,840 - BiLSTM_MERGE - INFO -  Gerando gráficos TRAIN...
2025-11-30 20:30:39,267 - BiLSTM_MERGE - INFO -  Gráficos gerados TRAIN ...
2025-11-30 20:30:39,268 - BiLSTM_MERGE - INFO - Calculando erro para parte de teste
2025-11-30 20:30:39,270 - BiLSTM_MERGE - INFO - RMSE: 3.2478
2025-11-30 20:30:39,270 - BiLSTM_MERGE - INFO - MSE : 10.5483
2025-11-30 20:30:39,270 - BiLSTM_MERGE - INFO - MAE : 1.4622
2025-11-30 20:30:39,270 - BiLSTM_MERGE - INFO - CSI (thr=1.0 mm): 0.1111  [TP=1, FP=3, FN=5]
2025-11-30 20:30:39,270 - BiLSTM_MERGE - INFO - y_pred mm min/max: 0.0, 2.705015471076164
2025-11-30 20:30:39,270 - BiLSTM_MERGE - INFO - y_TRUE mm min/max: 0.0, 10.62500000066143
2025-11-30 20:30:39,270 - BiLSTM_MERGE - INFO -  Gerando gráficos...
2025-11-30 20:30:39,603 - BiLSTM_MERGE - INFO -  Gráficos gerados...
2025-11-30 20:30:39,603 - BiLSTM_MERGE - INFO - ==========================================================================================
2025-11-30 20:30:39,603 - BiLSTM_MERGE - INFO - Execução finalizada com sucesso.
2025-11-30 20:30:39,603 - BiLSTM_MERGE - INFO - Dispositivo utilizado: cuda
2025-11-30 20:30:39,603 - BiLSTM_MERGE - INFO - ==========================================================================================
2025-11-30 20:30:45,618 - LSTM_MERGE - INFO - ==========================================================================================
2025-11-30 20:30:45,618 - LSTM_MERGE - INFO - Iniciando script LSTM (PyTorch) MERGE com suporte a GPU e logs detalhados.
2025-11-30 20:30:45,619 - LSTM_MERGE - INFO - ==========================================================================================
2025-11-30 20:30:45,619 - LSTM_MERGE - INFO - Iniciando experimento: lookback=30, hidden_dim=256, layers=2, lr=0.001, drop=0.5
2025-11-30 20:30:45,627 - LSTM_MERGE - INFO - Shape treino: torch.Size([10082, 30, 1]), teste: torch.Size([30, 30, 1])
2025-11-30 20:30:45,632 - LSTM_MERGE - INFO - Treinando por 500 épocas...
2025-11-30 20:30:46,557 - LSTM_MERGE - INFO - [EXP] Época 1/500 - Loss: 0.036267
2025-11-30 20:31:32,467 - LSTM_MERGE - INFO - [EXP] Época 50/500 - Loss: 0.033644
2025-11-30 20:32:19,260 - LSTM_MERGE - INFO - [EXP] Época 100/500 - Loss: 0.033270
2025-11-30 20:33:05,194 - LSTM_MERGE - INFO - [EXP] Época 150/500 - Loss: 0.033078
2025-11-30 20:33:51,372 - LSTM_MERGE - INFO - [EXP] Época 200/500 - Loss: 0.033168
2025-11-30 20:34:37,767 - LSTM_MERGE - INFO - [EXP] Época 250/500 - Loss: 0.034546
2025-11-30 20:35:24,161 - LSTM_MERGE - INFO - [EXP] Época 300/500 - Loss: 0.032552
2025-11-30 20:36:10,742 - LSTM_MERGE - INFO - [EXP] Época 350/500 - Loss: 0.029294
2025-11-30 20:36:57,743 - LSTM_MERGE - INFO - [EXP] Época 400/500 - Loss: 0.026143
2025-11-30 20:37:44,756 - LSTM_MERGE - INFO - [EXP] Época 450/500 - Loss: 0.022833
2025-11-30 20:38:31,452 - LSTM_MERGE - INFO - [EXP] Época 500/500 - Loss: 0.021779
2025-11-30 20:38:31,452 - LSTM_MERGE - INFO - Treinamento concluído em 7.76 minutos
2025-11-30 20:38:31,679 - LSTM_MERGE - INFO - Calculando erro para o train
2025-11-30 20:38:31,681 - LSTM_MERGE - INFO - RMSE: 8.7140
2025-11-30 20:38:31,681 - LSTM_MERGE - INFO - MSE : 75.9341
2025-11-30 20:38:31,681 - LSTM_MERGE - INFO - MAE : 3.4694
2025-11-30 20:38:31,681 - LSTM_MERGE - INFO - CSI (thr=1.0 mm): 0.1178  [TP=460, FP=1164, FN=2282]
2025-11-30 20:38:31,682 - LSTM_MERGE - INFO - train_pred TRAIN mm min/max: 0.0, 96.1410848750536
2025-11-30 20:38:31,682 - LSTM_MERGE - INFO - train_TRUE TRAIN mm min/max: 0.0, 90.0624999957066
2025-11-30 20:38:31,682 - LSTM_MERGE - INFO -  Gerando gráficos TRAIN...
2025-11-30 20:38:32,098 - LSTM_MERGE - INFO -  Gráficos gerados TRAIN ...
2025-11-30 20:38:32,098 - LSTM_MERGE - INFO - Calculando erro para parte de teste
2025-11-30 20:38:32,100 - LSTM_MERGE - INFO - RMSE: 3.1780
2025-11-30 20:38:32,100 - LSTM_MERGE - INFO - MSE : 10.0999
2025-11-30 20:38:32,100 - LSTM_MERGE - INFO - MAE : 1.4254
2025-11-30 20:38:32,100 - LSTM_MERGE - INFO - CSI (thr=1.0 mm): 0.0000  [TP=0, FP=0, FN=6]
2025-11-30 20:38:32,101 - LSTM_MERGE - INFO - y_pred mm min/max: 0.0, 0.9304587718354286
2025-11-30 20:38:32,101 - LSTM_MERGE - INFO - y_TRUE mm min/max: 0.0, 10.62500000066143
2025-11-30 20:38:32,101 - LSTM_MERGE - INFO -  Gerando gráficos...
2025-11-30 20:38:32,399 - LSTM_MERGE - INFO -  Gráficos gerados...
2025-11-30 20:38:32,400 - LSTM_MERGE - INFO - ==========================================================================================
2025-11-30 20:38:32,400 - LSTM_MERGE - INFO - Execução finalizada com sucesso.
2025-11-30 20:38:32,400 - LSTM_MERGE - INFO - Dispositivo utilizado: cuda
2025-11-30 20:38:32,400 - LSTM_MERGE - INFO - ==========================================================================================
2025-11-30 20:38:38,133 - BiLSTM_MERGE - INFO - ==========================================================================================
2025-11-30 20:38:38,133 - BiLSTM_MERGE - INFO - Iniciando script BILSTM (PyTorch) MERGE com suporte a GPU e logs detalhados.
2025-11-30 20:38:38,133 - BiLSTM_MERGE - INFO - ==========================================================================================
2025-11-30 20:38:38,133 - BiLSTM_MERGE - INFO - Iniciando experimento: lookback=30, hidden_dim=256, layers=2, lr=0.001, drop=0.5
2025-11-30 20:38:38,151 - BiLSTM_MERGE - INFO - Shape treino: torch.Size([10082, 30, 1]), teste: torch.Size([30, 30, 1])
2025-11-30 20:38:38,164 - BiLSTM_MERGE - INFO - Treinando por 500 épocas...
2025-11-30 20:38:39,632 - BiLSTM_MERGE - INFO - [EXP] Época 1/500 - Loss: 0.036382
2025-11-30 20:39:51,263 - BiLSTM_MERGE - INFO - [EXP] Época 50/500 - Loss: 0.033506
2025-11-30 20:41:05,180 - BiLSTM_MERGE - INFO - [EXP] Época 100/500 - Loss: 0.033683
2025-11-30 20:42:19,413 - BiLSTM_MERGE - INFO - [EXP] Época 150/500 - Loss: 0.033565
2025-11-30 20:43:32,883 - BiLSTM_MERGE - INFO - [EXP] Época 200/500 - Loss: 0.033196
2025-11-30 20:44:46,260 - BiLSTM_MERGE - INFO - [EXP] Época 250/500 - Loss: 0.033128
2025-11-30 20:45:59,401 - BiLSTM_MERGE - INFO - [EXP] Época 300/500 - Loss: 0.032875
2025-11-30 20:47:11,931 - BiLSTM_MERGE - INFO - [EXP] Época 350/500 - Loss: 0.033267
2025-11-30 20:48:24,872 - BiLSTM_MERGE - INFO - [EXP] Época 400/500 - Loss: 0.032153
2025-11-30 20:49:39,305 - BiLSTM_MERGE - INFO - [EXP] Época 450/500 - Loss: 0.030716
2025-11-30 20:50:53,961 - BiLSTM_MERGE - INFO - [EXP] Época 500/500 - Loss: 0.029039
2025-11-30 20:50:53,961 - BiLSTM_MERGE - INFO - Treinamento concluído em 12.26 minutos
2025-11-30 20:50:54,374 - BiLSTM_MERGE - INFO - Calculando erro para o train
2025-11-30 20:50:54,377 - BiLSTM_MERGE - INFO - RMSE: 7.7454
2025-11-30 20:50:54,377 - BiLSTM_MERGE - INFO - MSE : 59.9908
2025-11-30 20:50:54,377 - BiLSTM_MERGE - INFO - MAE : 2.9567
2025-11-30 20:50:54,377 - BiLSTM_MERGE - INFO - CSI (thr=1.0 mm): 0.1009  [TP=377, FP=995, FN=2365]
2025-11-30 20:50:54,377 - BiLSTM_MERGE - INFO - train_pred TRAIN mm min/max: 0.0, 92.97173305902731
2025-11-30 20:50:54,377 - BiLSTM_MERGE - INFO - train_TRUE TRAIN mm min/max: 0.0, 90.0624999957066
2025-11-30 20:50:54,377 - BiLSTM_MERGE - INFO -  Gerando gráficos TRAIN...
2025-11-30 20:50:54,772 - BiLSTM_MERGE - INFO -  Gráficos gerados TRAIN ...
2025-11-30 20:50:54,772 - BiLSTM_MERGE - INFO - Calculando erro para parte de teste
2025-11-30 20:50:54,774 - BiLSTM_MERGE - INFO - RMSE: 3.2474
2025-11-30 20:50:54,774 - BiLSTM_MERGE - INFO - MSE : 10.5455
2025-11-30 20:50:54,774 - BiLSTM_MERGE - INFO - MAE : 1.4481
2025-11-30 20:50:54,774 - BiLSTM_MERGE - INFO - CSI (thr=1.0 mm): 0.1250  [TP=1, FP=2, FN=5]
2025-11-30 20:50:54,774 - BiLSTM_MERGE - INFO - y_pred mm min/max: 0.0, 2.1554997764897226
2025-11-30 20:50:54,774 - BiLSTM_MERGE - INFO - y_TRUE mm min/max: 0.0, 10.62500000066143
2025-11-30 20:50:54,774 - BiLSTM_MERGE - INFO -  Gerando gráficos...
2025-11-30 20:50:55,110 - BiLSTM_MERGE - INFO -  Gráficos gerados...
2025-11-30 20:50:55,110 - BiLSTM_MERGE - INFO - ==========================================================================================
2025-11-30 20:50:55,110 - BiLSTM_MERGE - INFO - Execução finalizada com sucesso.
2025-11-30 20:50:55,110 - BiLSTM_MERGE - INFO - Dispositivo utilizado: cuda
2025-11-30 20:50:55,110 - BiLSTM_MERGE - INFO - ==========================================================================================
2025-11-30 20:51:01,273 - ARIMA_MERGE - INFO - ==========================================================================================
2025-11-30 20:51:01,273 - ARIMA_MERGE - INFO - Iniciando script ARIMA MERGE.
2025-11-30 20:51:01,273 - ARIMA_MERGE - INFO - ==========================================================================================
2025-11-30 20:51:01,275 - ARIMA_MERGE - INFO - Tamanho treino: 10113 | teste: 30
2025-11-30 20:51:01,275 - ARIMA_MERGE - INFO - [FASE 4] Iniciando busca manual por hiperparâmetros (AIC).
2025-11-30 21:02:58,846 - ARIMA_MERGE - INFO - Melhor order encontrado: (30, 0, 0)
2025-11-30 21:02:58,846 - ARIMA_MERGE - INFO - Melhor AIC (treino): -23571.78
2025-11-30 21:02:58,846 - ARIMA_MERGE - INFO - Tempo da Fase 4: 717.57s
2025-11-30 21:02:58,846 - ARIMA_MERGE - INFO - [FASE 5] Reajustando melhor modelo no conjunto de treino.
2025-11-30 21:04:21,633 - ARIMA_MERGE - INFO - Melhor modelo ajustado no treino.
2025-11-30 21:04:21,634 - ARIMA_MERGE - INFO - Tempo da Fase 5: 82.79s
2025-11-30 21:04:21,634 - ARIMA_MERGE - INFO - [FASE 6] Gerando previsões no conjunto de teste e avaliando métricas.
2025-11-30 21:04:21,638 - ARIMA_MERGE - INFO - RMSE: 6.7734
2025-11-30 21:04:21,638 - ARIMA_MERGE - INFO - MSE : 45.8787
2025-11-30 21:04:21,638 - ARIMA_MERGE - INFO - MAE : 3.4876
2025-11-30 21:04:21,638 - ARIMA_MERGE - INFO - CSI (thr=1.0 mm): 0.2724  [TP=2754, FP=7351, FN=4]
2025-11-30 21:04:21,638 - ARIMA_MERGE - INFO - [TREINO] RMSE=6.7734 | MSE=45.8787 | MAE=3.4876 | CSI=0.2724
2025-11-30 21:04:21,644 - ARIMA_MERGE - INFO - RMSE: 3.0177
2025-11-30 21:04:21,644 - ARIMA_MERGE - INFO - MSE : 9.1067
2025-11-30 21:04:21,644 - ARIMA_MERGE - INFO - MAE : 2.5906
2025-11-30 21:04:21,644 - ARIMA_MERGE - INFO - CSI (thr=1.0 mm): 0.2000  [TP=6, FP=24, FN=0]
2025-11-30 21:04:21,644 - ARIMA_MERGE - INFO - Tempo total da Fase 6: 0.01s
2025-11-30 21:04:21,644 - ARIMA_MERGE - INFO - [FASE 7] Salvando gráfico de previsão vs. observado.
2025-11-30 21:04:22,405 - ARIMA_MERGE - INFO - Gráfico salvo como 'arimaMERGE_result.png'.
2025-11-30 21:04:22,405 - ARIMA_MERGE - INFO - ==========================================================================================
2025-11-30 21:04:22,405 - ARIMA_MERGE - INFO - Execução ARIMA MERGE finalizada com sucesso.
2025-11-30 21:04:22,405 - ARIMA_MERGE - INFO - Tempo total de execução: 801.13s
2025-11-30 21:04:22,405 - ARIMA_MERGE - INFO - ==========================================================================================
2025-11-30 21:04:28,173 - RANDOM_FOREST_MERGE - INFO - ====================================================================================================
2025-11-30 21:04:28,173 - RANDOM_FOREST_MERGE - INFO - Iniciando Random Forest MERGE com GridSearchCV.
2025-11-30 21:04:28,173 - RANDOM_FOREST_MERGE - INFO - ====================================================================================================
2025-11-30 21:04:28,174 - RANDOM_FOREST_MERGE - INFO - [FASE 3] Split treino/teste e preparação.
2025-11-30 21:04:28,182 - RANDOM_FOREST_MERGE - INFO - [FASE 3] Treino: X=(10083, 30), y=10083 | Teste: X=(30, 30), y=30
2025-11-30 21:04:28,182 - RANDOM_FOREST_MERGE - INFO - [FASE 3] Tempo: 0.01s
2025-11-30 21:04:28,182 - RANDOM_FOREST_MERGE - INFO - [FASE 4] Iniciando GridSearchCV (TimeSeriesSplit).
2025-11-30 21:06:22,365 - RANDOM_FOREST_MERGE - INFO - [FASE 4] GridSearchCV concluído em 114.18s
2025-11-30 21:06:22,366 - RANDOM_FOREST_MERGE - INFO - [FASE 4] Melhores parâmetros: {'max_depth': None, 'max_features': 'sqrt', 'min_samples_leaf': 4, 'min_samples_split': 10, 'n_estimators': 400}
2025-11-30 21:06:22,366 - RANDOM_FOREST_MERGE - INFO - [FASE 4] Melhor score (neg_MSE): -44.966315
2025-11-30 21:06:22,366 - RANDOM_FOREST_MERGE - INFO - [FASE 4] Tempo: 114.18s
2025-11-30 21:06:22,366 - RANDOM_FOREST_MERGE - INFO - [FASE 5] Treinando best_estimator_ no conjunto de treino.
2025-11-30 21:06:23,106 - RANDOM_FOREST_MERGE - INFO - [FASE 5] Tempo: 0.74s
2025-11-30 21:06:23,107 - RANDOM_FOREST_MERGE - INFO - [FASE 6] Previsão e cálculo de métricas.
2025-11-30 21:06:23,171 - RANDOM_FOREST_MERGE - INFO - RMSE: 5.1608
2025-11-30 21:06:23,171 - RANDOM_FOREST_MERGE - INFO - MSE : 26.6336
2025-11-30 21:06:23,171 - RANDOM_FOREST_MERGE - INFO - MAE : 2.5502
2025-11-30 21:06:23,171 - RANDOM_FOREST_MERGE - INFO - CSI (thr=1.0 mm): 0.3691  [TP=2706, FP=4580, FN=45]
2025-11-30 21:06:23,171 - RANDOM_FOREST_MERGE - INFO - [TREINO] RMSE=5.1608 | MSE=26.6336 | MAE=2.5502 | CSI=0.3691
2025-11-30 21:06:23,206 - RANDOM_FOREST_MERGE - INFO - y_pred raw min/max: 0.4113597184925334, 6.764372335906768
2025-11-30 21:06:23,206 - RANDOM_FOREST_MERGE - INFO - y_TRUE raw min/max: 0.0, 10.62500000066143
2025-11-30 21:06:23,207 - RANDOM_FOREST_MERGE - INFO - RMSE: 3.0398
2025-11-30 21:06:23,207 - RANDOM_FOREST_MERGE - INFO - MSE : 9.2406
2025-11-30 21:06:23,207 - RANDOM_FOREST_MERGE - INFO - MAE : 1.9900
2025-11-30 21:06:23,207 - RANDOM_FOREST_MERGE - INFO - CSI (thr=1.0 mm): 0.1905  [TP=4, FP=15, FN=2]
2025-11-30 21:06:23,207 - RANDOM_FOREST_MERGE - INFO - [FASE 7] Gerando gráficos.
2025-11-30 21:06:23,938 - RANDOM_FOREST_MERGE - INFO - Gráfico salvo como 'random_forest_MERGE.png'.
2025-11-30 21:06:23,939 - RANDOM_FOREST_MERGE - INFO - [FASE 7] Tempo: 0.73s
2025-11-30 21:06:23,939 - RANDOM_FOREST_MERGE - INFO - ====================================================================================================
2025-11-30 21:06:23,939 - RANDOM_FOREST_MERGE - INFO - Resumo Final
2025-11-30 21:06:23,939 - RANDOM_FOREST_MERGE - INFO - Melhores parâmetros: {'max_depth': None, 'max_features': 'sqrt', 'min_samples_leaf': 4, 'min_samples_split': 10, 'n_estimators': 400}
2025-11-30 21:06:23,939 - RANDOM_FOREST_MERGE - INFO - Tempo total de execução: 115.77s
2025-11-30 21:06:23,939 - RANDOM_FOREST_MERGE - INFO - ====================================================================================================
2025-11-30 21:06:29,597 - LSTM_MERGE - INFO - ==========================================================================================
2025-11-30 21:06:29,597 - LSTM_MERGE - INFO - Iniciando script LSTM (PyTorch) MERGE com suporte a GPU e logs detalhados.
2025-11-30 21:06:29,597 - LSTM_MERGE - INFO - ==========================================================================================
2025-11-30 21:06:29,597 - LSTM_MERGE - INFO - Iniciando experimento: lookback=30, hidden_dim=32, layers=2, lr=0.001, drop=0.5
2025-11-30 21:06:29,611 - LSTM_MERGE - INFO - Shape treino: torch.Size([10082, 30, 1]), teste: torch.Size([30, 30, 1])
2025-11-30 21:06:29,612 - LSTM_MERGE - INFO - Treinando por 500 épocas...
2025-11-30 21:06:30,184 - LSTM_MERGE - INFO - [EXP] Época 1/500 - Loss: 0.037788
2025-11-30 21:06:58,103 - LSTM_MERGE - INFO - [EXP] Época 50/500 - Loss: 0.033458
2025-11-30 21:07:26,392 - LSTM_MERGE - INFO - [EXP] Época 100/500 - Loss: 0.033511
2025-11-30 21:07:54,728 - LSTM_MERGE - INFO - [EXP] Época 150/500 - Loss: 0.033219
2025-11-30 21:08:23,176 - LSTM_MERGE - INFO - [EXP] Época 200/500 - Loss: 0.033071
2025-11-30 21:08:51,630 - LSTM_MERGE - INFO - [EXP] Época 250/500 - Loss: 0.032704
2025-11-30 21:09:20,371 - LSTM_MERGE - INFO - [EXP] Época 300/500 - Loss: 0.032137
2025-11-30 21:09:49,113 - LSTM_MERGE - INFO - [EXP] Época 350/500 - Loss: 0.031353
2025-11-30 21:10:17,857 - LSTM_MERGE - INFO - [EXP] Época 400/500 - Loss: 0.030589
2025-11-30 21:10:46,250 - LSTM_MERGE - INFO - [EXP] Época 450/500 - Loss: 0.032809
2025-11-30 21:11:14,924 - LSTM_MERGE - INFO - [EXP] Época 500/500 - Loss: 0.029448
2025-11-30 21:11:14,924 - LSTM_MERGE - INFO - Treinamento concluído em 4.76 minutos
2025-11-30 21:11:14,998 - LSTM_MERGE - INFO - Calculando erro para o train
2025-11-30 21:11:15,001 - LSTM_MERGE - INFO - RMSE: 7.7799
2025-11-30 21:11:15,001 - LSTM_MERGE - INFO - MSE : 60.5261
2025-11-30 21:11:15,001 - LSTM_MERGE - INFO - MAE : 3.0259
2025-11-30 21:11:15,001 - LSTM_MERGE - INFO - CSI (thr=1.0 mm): 0.1157  [TP=451, FP=1155, FN=2291]
2025-11-30 21:11:15,001 - LSTM_MERGE - INFO - train_pred TRAIN mm min/max: 0.0, 80.64227274048346
2025-11-30 21:11:15,001 - LSTM_MERGE - INFO - train_TRUE TRAIN mm min/max: 0.0, 90.0624999957066
2025-11-30 21:11:15,001 - LSTM_MERGE - INFO -  Gerando gráficos TRAIN...
2025-11-30 21:11:15,349 - LSTM_MERGE - INFO -  Gráficos gerados TRAIN ...
2025-11-30 21:11:15,349 - LSTM_MERGE - INFO - Calculando erro para parte de teste
2025-11-30 21:11:15,352 - LSTM_MERGE - INFO - RMSE: 3.2127
2025-11-30 21:11:15,352 - LSTM_MERGE - INFO - MSE : 10.3218
2025-11-30 21:11:15,352 - LSTM_MERGE - INFO - MAE : 1.4573
2025-11-30 21:11:15,352 - LSTM_MERGE - INFO - CSI (thr=1.0 mm): 0.1429  [TP=1, FP=1, FN=5]
2025-11-30 21:11:15,352 - LSTM_MERGE - INFO - y_pred mm min/max: 0.0, 3.3905233469106726
2025-11-30 21:11:15,352 - LSTM_MERGE - INFO - y_TRUE mm min/max: 0.0, 10.62500000066143
2025-11-30 21:11:15,352 - LSTM_MERGE - INFO -  Gerando gráficos...
2025-11-30 21:11:15,610 - LSTM_MERGE - INFO -  Gráficos gerados...
2025-11-30 21:11:15,611 - LSTM_MERGE - INFO - ==========================================================================================
2025-11-30 21:11:15,611 - LSTM_MERGE - INFO - Execução finalizada com sucesso.
2025-11-30 21:11:15,611 - LSTM_MERGE - INFO - Dispositivo utilizado: cuda
2025-11-30 21:11:15,611 - LSTM_MERGE - INFO - ==========================================================================================
2025-11-30 21:11:21,279 - BiLSTM_MERGE - INFO - ==========================================================================================
2025-11-30 21:11:21,279 - BiLSTM_MERGE - INFO - Iniciando script BILSTM (PyTorch) MERGE com suporte a GPU e logs detalhados.
2025-11-30 21:11:21,279 - BiLSTM_MERGE - INFO - ==========================================================================================
2025-11-30 21:11:21,279 - BiLSTM_MERGE - INFO - Iniciando experimento: lookback=30, hidden_dim=32, layers=2, lr=0.001, drop=0.5
2025-11-30 21:11:21,287 - BiLSTM_MERGE - INFO - Shape treino: torch.Size([10082, 30, 1]), teste: torch.Size([30, 30, 1])
2025-11-30 21:11:21,297 - BiLSTM_MERGE - INFO - Treinando por 500 épocas...
2025-11-30 21:11:22,049 - BiLSTM_MERGE - INFO - [EXP] Época 1/500 - Loss: 0.037884
2025-11-30 21:11:57,847 - BiLSTM_MERGE - INFO - [EXP] Época 50/500 - Loss: 0.033598
2025-11-30 21:12:34,947 - BiLSTM_MERGE - INFO - [EXP] Época 100/500 - Loss: 0.033364
2025-11-30 21:13:12,298 - BiLSTM_MERGE - INFO - [EXP] Época 150/500 - Loss: 0.033237
2025-11-30 21:13:49,599 - BiLSTM_MERGE - INFO - [EXP] Época 200/500 - Loss: 0.033377
2025-11-30 21:14:26,889 - BiLSTM_MERGE - INFO - [EXP] Época 250/500 - Loss: 0.033423
2025-11-30 21:15:03,441 - BiLSTM_MERGE - INFO - [EXP] Época 300/500 - Loss: 0.032523
2025-11-30 21:15:40,104 - BiLSTM_MERGE - INFO - [EXP] Época 350/500 - Loss: 0.031981
2025-11-30 21:16:16,820 - BiLSTM_MERGE - INFO - [EXP] Época 400/500 - Loss: 0.031804
2025-11-30 21:16:51,910 - BiLSTM_MERGE - INFO - [EXP] Época 450/500 - Loss: 0.031062
2025-11-30 21:17:26,996 - BiLSTM_MERGE - INFO - [EXP] Época 500/500 - Loss: 0.030722
2025-11-30 21:17:26,996 - BiLSTM_MERGE - INFO - Treinamento concluído em 6.09 minutos
2025-11-30 21:17:27,085 - BiLSTM_MERGE - INFO - Calculando erro para o train
2025-11-30 21:17:27,087 - BiLSTM_MERGE - INFO - RMSE: 7.8038
2025-11-30 21:17:27,087 - BiLSTM_MERGE - INFO - MSE : 60.8986
2025-11-30 21:17:27,087 - BiLSTM_MERGE - INFO - MAE : 2.9188
2025-11-30 21:17:27,087 - BiLSTM_MERGE - INFO - CSI (thr=1.0 mm): 0.0927  [TP=340, FP=925, FN=2402]
2025-11-30 21:17:27,087 - BiLSTM_MERGE - INFO - train_pred TRAIN mm min/max: 0.0, 97.096582177123
2025-11-30 21:17:27,088 - BiLSTM_MERGE - INFO - train_TRUE TRAIN mm min/max: 0.0, 90.0624999957066
2025-11-30 21:17:27,088 - BiLSTM_MERGE - INFO -  Gerando gráficos TRAIN...
2025-11-30 21:17:27,510 - BiLSTM_MERGE - INFO -  Gráficos gerados TRAIN ...
2025-11-30 21:17:27,510 - BiLSTM_MERGE - INFO - Calculando erro para parte de teste
2025-11-30 21:17:27,512 - BiLSTM_MERGE - INFO - RMSE: 3.2223
2025-11-30 21:17:27,512 - BiLSTM_MERGE - INFO - MSE : 10.3831
2025-11-30 21:17:27,512 - BiLSTM_MERGE - INFO - MAE : 1.4273
2025-11-30 21:17:27,512 - BiLSTM_MERGE - INFO - CSI (thr=1.0 mm): 0.1429  [TP=1, FP=1, FN=5]
2025-11-30 21:17:27,513 - BiLSTM_MERGE - INFO - y_pred mm min/max: 0.0, 1.2838343362061164
2025-11-30 21:17:27,513 - BiLSTM_MERGE - INFO - y_TRUE mm min/max: 0.0, 10.62500000066143
2025-11-30 21:17:27,513 - BiLSTM_MERGE - INFO -  Gerando gráficos...
2025-11-30 21:17:27,824 - BiLSTM_MERGE - INFO -  Gráficos gerados...
2025-11-30 21:17:27,824 - BiLSTM_MERGE - INFO - ==========================================================================================
2025-11-30 21:17:27,824 - BiLSTM_MERGE - INFO - Execução finalizada com sucesso.
2025-11-30 21:17:27,824 - BiLSTM_MERGE - INFO - Dispositivo utilizado: cuda
2025-11-30 21:17:27,824 - BiLSTM_MERGE - INFO - ==========================================================================================
2025-11-30 21:17:33,874 - LSTM_MERGE - INFO - ==========================================================================================
2025-11-30 21:17:33,874 - LSTM_MERGE - INFO - Iniciando script LSTM (PyTorch) MERGE com suporte a GPU e logs detalhados.
2025-11-30 21:17:33,874 - LSTM_MERGE - INFO - ==========================================================================================
2025-11-30 21:17:33,874 - LSTM_MERGE - INFO - Iniciando experimento: lookback=30, hidden_dim=64, layers=2, lr=0.001, drop=0.5
2025-11-30 21:17:33,885 - LSTM_MERGE - INFO - Shape treino: torch.Size([10082, 30, 1]), teste: torch.Size([30, 30, 1])
2025-11-30 21:17:33,886 - LSTM_MERGE - INFO - Treinando por 500 épocas...
2025-11-30 21:17:34,421 - LSTM_MERGE - INFO - [EXP] Época 1/500 - Loss: 0.037028
2025-11-30 21:18:00,537 - LSTM_MERGE - INFO - [EXP] Época 50/500 - Loss: 0.033872
2025-11-30 21:18:27,272 - LSTM_MERGE - INFO - [EXP] Época 100/500 - Loss: 0.033392
2025-11-30 21:18:54,790 - LSTM_MERGE - INFO - [EXP] Época 150/500 - Loss: 0.033137
2025-11-30 21:19:22,861 - LSTM_MERGE - INFO - [EXP] Época 200/500 - Loss: 0.032850
2025-11-30 21:19:51,151 - LSTM_MERGE - INFO - [EXP] Época 250/500 - Loss: 0.032390
2025-11-30 21:20:19,810 - LSTM_MERGE - INFO - [EXP] Época 300/500 - Loss: 0.031861
2025-11-30 21:20:47,201 - LSTM_MERGE - INFO - [EXP] Época 350/500 - Loss: 0.030634
2025-11-30 21:21:15,385 - LSTM_MERGE - INFO - [EXP] Época 400/500 - Loss: 0.029766
2025-11-30 21:21:43,432 - LSTM_MERGE - INFO - [EXP] Época 450/500 - Loss: 0.028735
2025-11-30 21:22:10,499 - LSTM_MERGE - INFO - [EXP] Época 500/500 - Loss: 0.027311
2025-11-30 21:22:10,499 - LSTM_MERGE - INFO - Treinamento concluído em 4.61 minutos
2025-11-30 21:22:10,575 - LSTM_MERGE - INFO - Calculando erro para o train
2025-11-30 21:22:10,578 - LSTM_MERGE - INFO - RMSE: 8.0263
2025-11-30 21:22:10,578 - LSTM_MERGE - INFO - MSE : 64.4220
2025-11-30 21:22:10,578 - LSTM_MERGE - INFO - MAE : 3.0768
2025-11-30 21:22:10,578 - LSTM_MERGE - INFO - CSI (thr=1.0 mm): 0.1115  [TP=430, FP=1113, FN=2312]
2025-11-30 21:22:10,578 - LSTM_MERGE - INFO - train_pred TRAIN mm min/max: 0.0, 85.97362817414039
2025-11-30 21:22:10,578 - LSTM_MERGE - INFO - train_TRUE TRAIN mm min/max: 0.0, 90.0624999957066
2025-11-30 21:22:10,578 - LSTM_MERGE - INFO -  Gerando gráficos TRAIN...
2025-11-30 21:22:11,010 - LSTM_MERGE - INFO -  Gráficos gerados TRAIN ...
2025-11-30 21:22:11,010 - LSTM_MERGE - INFO - Calculando erro para parte de teste
2025-11-30 21:22:11,012 - LSTM_MERGE - INFO - RMSE: 3.2198
2025-11-30 21:22:11,012 - LSTM_MERGE - INFO - MSE : 10.3671
2025-11-30 21:22:11,012 - LSTM_MERGE - INFO - MAE : 1.3889
2025-11-30 21:22:11,012 - LSTM_MERGE - INFO - CSI (thr=1.0 mm): 0.1667  [TP=1, FP=0, FN=5]
2025-11-30 21:22:11,013 - LSTM_MERGE - INFO - y_pred mm min/max: 0.0, 1.5588752691822185
2025-11-30 21:22:11,013 - LSTM_MERGE - INFO - y_TRUE mm min/max: 0.0, 10.62500000066143
2025-11-30 21:22:11,013 - LSTM_MERGE - INFO -  Gerando gráficos...
2025-11-30 21:22:11,347 - LSTM_MERGE - INFO -  Gráficos gerados...
2025-11-30 21:22:11,348 - LSTM_MERGE - INFO - ==========================================================================================
2025-11-30 21:22:11,348 - LSTM_MERGE - INFO - Execução finalizada com sucesso.
2025-11-30 21:22:11,348 - LSTM_MERGE - INFO - Dispositivo utilizado: cuda
2025-11-30 21:22:11,348 - LSTM_MERGE - INFO - ==========================================================================================
2025-11-30 21:22:17,000 - BiLSTM_MERGE - INFO - ==========================================================================================
2025-11-30 21:22:17,001 - BiLSTM_MERGE - INFO - Iniciando script BILSTM (PyTorch) MERGE com suporte a GPU e logs detalhados.
2025-11-30 21:22:17,001 - BiLSTM_MERGE - INFO - ==========================================================================================
2025-11-30 21:22:17,001 - BiLSTM_MERGE - INFO - Iniciando experimento: lookback=30, hidden_dim=64, layers=2, lr=0.001, drop=0.5
2025-11-30 21:22:17,012 - BiLSTM_MERGE - INFO - Shape treino: torch.Size([10082, 30, 1]), teste: torch.Size([30, 30, 1])
2025-11-30 21:22:17,015 - BiLSTM_MERGE - INFO - Treinando por 500 épocas...
2025-11-30 21:22:17,759 - BiLSTM_MERGE - INFO - [EXP] Época 1/500 - Loss: 0.041062
2025-11-30 21:22:54,369 - BiLSTM_MERGE - INFO - [EXP] Época 50/500 - Loss: 0.033510
2025-11-30 21:23:31,788 - BiLSTM_MERGE - INFO - [EXP] Época 100/500 - Loss: 0.033790
2025-11-30 21:24:08,677 - BiLSTM_MERGE - INFO - [EXP] Época 150/500 - Loss: 0.033315
2025-11-30 21:24:44,948 - BiLSTM_MERGE - INFO - [EXP] Época 200/500 - Loss: 0.032972
2025-11-30 21:25:21,588 - BiLSTM_MERGE - INFO - [EXP] Época 250/500 - Loss: 0.032985
2025-11-30 21:25:58,886 - BiLSTM_MERGE - INFO - [EXP] Época 300/500 - Loss: 0.032417
2025-11-30 21:26:36,267 - BiLSTM_MERGE - INFO - [EXP] Época 350/500 - Loss: 0.032069
2025-11-30 21:27:12,953 - BiLSTM_MERGE - INFO - [EXP] Época 400/500 - Loss: 0.031580
2025-11-30 21:27:49,604 - BiLSTM_MERGE - INFO - [EXP] Época 450/500 - Loss: 0.030992
2025-11-30 21:28:26,363 - BiLSTM_MERGE - INFO - [EXP] Época 500/500 - Loss: 0.030112
2025-11-30 21:28:26,363 - BiLSTM_MERGE - INFO - Treinamento concluído em 6.16 minutos
2025-11-30 21:28:26,487 - BiLSTM_MERGE - INFO - Calculando erro para o train
2025-11-30 21:28:26,490 - BiLSTM_MERGE - INFO - RMSE: 7.6084
2025-11-30 21:28:26,490 - BiLSTM_MERGE - INFO - MSE : 57.8881
2025-11-30 21:28:26,490 - BiLSTM_MERGE - INFO - MAE : 2.8411
2025-11-30 21:28:26,490 - BiLSTM_MERGE - INFO - CSI (thr=1.0 mm): 0.0980  [TP=362, FP=950, FN=2380]
2025-11-30 21:28:26,490 - BiLSTM_MERGE - INFO - train_pred TRAIN mm min/max: 0.0, 66.80301137695142
2025-11-30 21:28:26,490 - BiLSTM_MERGE - INFO - train_TRUE TRAIN mm min/max: 0.0, 90.0624999957066
2025-11-30 21:28:26,490 - BiLSTM_MERGE - INFO -  Gerando gráficos TRAIN...
2025-11-30 21:28:26,910 - BiLSTM_MERGE - INFO -  Gráficos gerados TRAIN ...
2025-11-30 21:28:26,910 - BiLSTM_MERGE - INFO - Calculando erro para parte de teste
2025-11-30 21:28:26,912 - BiLSTM_MERGE - INFO - RMSE: 3.2239
2025-11-30 21:28:26,912 - BiLSTM_MERGE - INFO - MSE : 10.3933
2025-11-30 21:28:26,912 - BiLSTM_MERGE - INFO - MAE : 1.3984
2025-11-30 21:28:26,912 - BiLSTM_MERGE - INFO - CSI (thr=1.0 mm): 0.1429  [TP=1, FP=1, FN=5]
2025-11-30 21:28:26,912 - BiLSTM_MERGE - INFO - y_pred mm min/max: 0.006600765222769059, 1.9563448466592106
2025-11-30 21:28:26,912 - BiLSTM_MERGE - INFO - y_TRUE mm min/max: 0.0, 10.62500000066143
2025-11-30 21:28:26,912 - BiLSTM_MERGE - INFO -  Gerando gráficos...
2025-11-30 21:28:27,240 - BiLSTM_MERGE - INFO -  Gráficos gerados...
2025-11-30 21:28:27,240 - BiLSTM_MERGE - INFO - ==========================================================================================
2025-11-30 21:28:27,240 - BiLSTM_MERGE - INFO - Execução finalizada com sucesso.
2025-11-30 21:28:27,240 - BiLSTM_MERGE - INFO - Dispositivo utilizado: cuda
2025-11-30 21:28:27,240 - BiLSTM_MERGE - INFO - ==========================================================================================
2025-11-30 21:28:33,267 - LSTM_MERGE - INFO - ==========================================================================================
2025-11-30 21:28:33,267 - LSTM_MERGE - INFO - Iniciando script LSTM (PyTorch) MERGE com suporte a GPU e logs detalhados.
2025-11-30 21:28:33,268 - LSTM_MERGE - INFO - ==========================================================================================
2025-11-30 21:28:33,268 - LSTM_MERGE - INFO - Iniciando experimento: lookback=30, hidden_dim=128, layers=2, lr=0.001, drop=0.5
2025-11-30 21:28:33,278 - LSTM_MERGE - INFO - Shape treino: torch.Size([10082, 30, 1]), teste: torch.Size([30, 30, 1])
2025-11-30 21:28:33,281 - LSTM_MERGE - INFO - Treinando por 500 épocas...
2025-11-30 21:28:35,055 - LSTM_MERGE - INFO - [EXP] Época 1/500 - Loss: 0.035482
2025-11-30 21:29:02,779 - LSTM_MERGE - INFO - [EXP] Época 50/500 - Loss: 0.033454
2025-11-30 21:29:31,071 - LSTM_MERGE - INFO - [EXP] Época 100/500 - Loss: 0.034771
2025-11-30 21:29:59,267 - LSTM_MERGE - INFO - [EXP] Época 150/500 - Loss: 0.033635
2025-11-30 21:30:27,288 - LSTM_MERGE - INFO - [EXP] Época 200/500 - Loss: 0.033487
2025-11-30 21:30:55,387 - LSTM_MERGE - INFO - [EXP] Época 250/500 - Loss: 0.033599
2025-11-30 21:31:23,650 - LSTM_MERGE - INFO - [EXP] Época 300/500 - Loss: 0.033122
2025-11-30 21:31:51,984 - LSTM_MERGE - INFO - [EXP] Época 350/500 - Loss: 0.032547
2025-11-30 21:32:20,122 - LSTM_MERGE - INFO - [EXP] Época 400/500 - Loss: 0.030361
2025-11-30 21:32:48,556 - LSTM_MERGE - INFO - [EXP] Época 450/500 - Loss: 0.028985
2025-11-30 21:33:17,247 - LSTM_MERGE - INFO - [EXP] Época 500/500 - Loss: 0.027185
2025-11-30 21:33:17,247 - LSTM_MERGE - INFO - Treinamento concluído em 4.73 minutos
2025-11-30 21:33:17,418 - LSTM_MERGE - INFO - Calculando erro para o train
2025-11-30 21:33:17,421 - LSTM_MERGE - INFO - RMSE: 7.9204
2025-11-30 21:33:17,421 - LSTM_MERGE - INFO - MSE : 62.7333
2025-11-30 21:33:17,421 - LSTM_MERGE - INFO - MAE : 2.9882
2025-11-30 21:33:17,421 - LSTM_MERGE - INFO - CSI (thr=1.0 mm): 0.0839  [TP=296, FP=787, FN=2446]
2025-11-30 21:33:17,421 - LSTM_MERGE - INFO - train_pred TRAIN mm min/max: 0.0, 81.00629727528762
2025-11-30 21:33:17,422 - LSTM_MERGE - INFO - train_TRUE TRAIN mm min/max: 0.0, 90.0624999957066
2025-11-30 21:33:17,422 - LSTM_MERGE - INFO -  Gerando gráficos TRAIN...
2025-11-30 21:33:17,830 - LSTM_MERGE - INFO -  Gráficos gerados TRAIN ...
2025-11-30 21:33:17,830 - LSTM_MERGE - INFO - Calculando erro para parte de teste
2025-11-30 21:33:17,832 - LSTM_MERGE - INFO - RMSE: 3.2233
2025-11-30 21:33:17,832 - LSTM_MERGE - INFO - MSE : 10.3899
2025-11-30 21:33:17,832 - LSTM_MERGE - INFO - MAE : 1.3889
2025-11-30 21:33:17,832 - LSTM_MERGE - INFO - CSI (thr=1.0 mm): 0.0000  [TP=0, FP=1, FN=6]
2025-11-30 21:33:17,832 - LSTM_MERGE - INFO - y_pred mm min/max: 0.0, 1.2016550237904222
2025-11-30 21:33:17,832 - LSTM_MERGE - INFO - y_TRUE mm min/max: 0.0, 10.62500000066143
2025-11-30 21:33:17,832 - LSTM_MERGE - INFO -  Gerando gráficos...
2025-11-30 21:33:18,187 - LSTM_MERGE - INFO -  Gráficos gerados...
2025-11-30 21:33:18,187 - LSTM_MERGE - INFO - ==========================================================================================
2025-11-30 21:33:18,187 - LSTM_MERGE - INFO - Execução finalizada com sucesso.
2025-11-30 21:33:18,187 - LSTM_MERGE - INFO - Dispositivo utilizado: cuda
2025-11-30 21:33:18,187 - LSTM_MERGE - INFO - ==========================================================================================
2025-11-30 21:33:23,842 - BiLSTM_MERGE - INFO - ==========================================================================================
2025-11-30 21:33:23,842 - BiLSTM_MERGE - INFO - Iniciando script BILSTM (PyTorch) MERGE com suporte a GPU e logs detalhados.
2025-11-30 21:33:23,842 - BiLSTM_MERGE - INFO - ==========================================================================================
2025-11-30 21:33:23,843 - BiLSTM_MERGE - INFO - Iniciando experimento: lookback=30, hidden_dim=128, layers=2, lr=0.001, drop=0.5
2025-11-30 21:33:23,853 - BiLSTM_MERGE - INFO - Shape treino: torch.Size([10082, 30, 1]), teste: torch.Size([30, 30, 1])
2025-11-30 21:33:23,859 - BiLSTM_MERGE - INFO - Treinando por 500 épocas...
2025-11-30 21:33:24,622 - BiLSTM_MERGE - INFO - [EXP] Época 1/500 - Loss: 0.036628
2025-11-30 21:34:01,267 - BiLSTM_MERGE - INFO - [EXP] Época 50/500 - Loss: 0.033406
2025-11-30 21:34:38,631 - BiLSTM_MERGE - INFO - [EXP] Época 100/500 - Loss: 0.033304
2025-11-30 21:35:16,205 - BiLSTM_MERGE - INFO - [EXP] Época 150/500 - Loss: 0.033140
2025-11-30 21:35:53,580 - BiLSTM_MERGE - INFO - [EXP] Época 200/500 - Loss: 0.033131
2025-11-30 21:36:30,902 - BiLSTM_MERGE - INFO - [EXP] Época 250/500 - Loss: 0.032433
2025-11-30 21:37:08,700 - BiLSTM_MERGE - INFO - [EXP] Época 300/500 - Loss: 0.031726
2025-11-30 21:37:46,592 - BiLSTM_MERGE - INFO - [EXP] Época 350/500 - Loss: 0.030748
2025-11-30 21:38:24,489 - BiLSTM_MERGE - INFO - [EXP] Época 400/500 - Loss: 0.029001
2025-11-30 21:39:02,386 - BiLSTM_MERGE - INFO - [EXP] Época 450/500 - Loss: 0.027766
2025-11-30 21:39:40,282 - BiLSTM_MERGE - INFO - [EXP] Época 500/500 - Loss: 0.026832
2025-11-30 21:39:40,282 - BiLSTM_MERGE - INFO - Treinamento concluído em 6.27 minutos
2025-11-30 21:39:40,599 - BiLSTM_MERGE - INFO - Calculando erro para o train
2025-11-30 21:39:40,601 - BiLSTM_MERGE - INFO - RMSE: 8.2028
2025-11-30 21:39:40,601 - BiLSTM_MERGE - INFO - MSE : 67.2853
2025-11-30 21:39:40,601 - BiLSTM_MERGE - INFO - MAE : 3.1446
2025-11-30 21:39:40,601 - BiLSTM_MERGE - INFO - CSI (thr=1.0 mm): 0.1016  [TP=385, FP=1049, FN=2357]
2025-11-30 21:39:40,602 - BiLSTM_MERGE - INFO - train_pred TRAIN mm min/max: 0.0, 89.00471809082119
2025-11-30 21:39:40,602 - BiLSTM_MERGE - INFO - train_TRUE TRAIN mm min/max: 0.0, 90.0624999957066
2025-11-30 21:39:40,602 - BiLSTM_MERGE - INFO -  Gerando gráficos TRAIN...
2025-11-30 21:39:41,016 - BiLSTM_MERGE - INFO -  Gráficos gerados TRAIN ...
2025-11-30 21:39:41,016 - BiLSTM_MERGE - INFO - Calculando erro para parte de teste
2025-11-30 21:39:41,018 - BiLSTM_MERGE - INFO - RMSE: 4.2801
2025-11-30 21:39:41,018 - BiLSTM_MERGE - INFO - MSE : 18.3195
2025-11-30 21:39:41,018 - BiLSTM_MERGE - INFO - MAE : 1.9692
2025-11-30 21:39:41,018 - BiLSTM_MERGE - INFO - CSI (thr=1.0 mm): 0.1111  [TP=1, FP=3, FN=5]
2025-11-30 21:39:41,019 - BiLSTM_MERGE - INFO - y_pred mm min/max: 0.0024015757388716526, 15.22123483775265
2025-11-30 21:39:41,019 - BiLSTM_MERGE - INFO - y_TRUE mm min/max: 0.0, 10.62500000066143
2025-11-30 21:39:41,019 - BiLSTM_MERGE - INFO -  Gerando gráficos...
2025-11-30 21:39:41,596 - BiLSTM_MERGE - INFO -  Gráficos gerados...
2025-11-30 21:39:41,596 - BiLSTM_MERGE - INFO - ==========================================================================================
2025-11-30 21:39:41,597 - BiLSTM_MERGE - INFO - Execução finalizada com sucesso.
2025-11-30 21:39:41,597 - BiLSTM_MERGE - INFO - Dispositivo utilizado: cuda
2025-11-30 21:39:41,597 - BiLSTM_MERGE - INFO - ==========================================================================================
2025-11-30 21:39:47,679 - LSTM_MERGE - INFO - ==========================================================================================
2025-11-30 21:39:47,680 - LSTM_MERGE - INFO - Iniciando script LSTM (PyTorch) MERGE com suporte a GPU e logs detalhados.
2025-11-30 21:39:47,680 - LSTM_MERGE - INFO - ==========================================================================================
2025-11-30 21:39:47,680 - LSTM_MERGE - INFO - Iniciando experimento: lookback=30, hidden_dim=256, layers=2, lr=0.001, drop=0.5
2025-11-30 21:39:47,690 - LSTM_MERGE - INFO - Shape treino: torch.Size([10082, 30, 1]), teste: torch.Size([30, 30, 1])
2025-11-30 21:39:47,695 - LSTM_MERGE - INFO - Treinando por 500 épocas...
2025-11-30 21:39:48,616 - LSTM_MERGE - INFO - [EXP] Época 1/500 - Loss: 0.035490
2025-11-30 21:40:33,497 - LSTM_MERGE - INFO - [EXP] Época 50/500 - Loss: 0.033431
2025-11-30 21:41:19,547 - LSTM_MERGE - INFO - [EXP] Época 100/500 - Loss: 0.033475
2025-11-30 21:42:05,789 - LSTM_MERGE - INFO - [EXP] Época 150/500 - Loss: 0.033032
2025-11-30 21:42:51,513 - LSTM_MERGE - INFO - [EXP] Época 200/500 - Loss: 0.033065
2025-11-30 21:43:37,402 - LSTM_MERGE - INFO - [EXP] Época 250/500 - Loss: 0.034422
2025-11-30 21:44:23,764 - LSTM_MERGE - INFO - [EXP] Época 300/500 - Loss: 0.033351
2025-11-30 21:45:10,534 - LSTM_MERGE - INFO - [EXP] Época 350/500 - Loss: 0.032325
2025-11-30 21:45:57,200 - LSTM_MERGE - INFO - [EXP] Época 400/500 - Loss: 0.031939
2025-11-30 21:46:43,329 - LSTM_MERGE - INFO - [EXP] Época 450/500 - Loss: 0.031194
2025-11-30 21:47:29,566 - LSTM_MERGE - INFO - [EXP] Época 500/500 - Loss: 0.028995
2025-11-30 21:47:29,567 - LSTM_MERGE - INFO - Treinamento concluído em 7.70 minutos
2025-11-30 21:47:29,798 - LSTM_MERGE - INFO - Calculando erro para o train
2025-11-30 21:47:29,801 - LSTM_MERGE - INFO - RMSE: 7.9138
2025-11-30 21:47:29,801 - LSTM_MERGE - INFO - MSE : 62.6281
2025-11-30 21:47:29,801 - LSTM_MERGE - INFO - MAE : 2.9868
2025-11-30 21:47:29,801 - LSTM_MERGE - INFO - CSI (thr=1.0 mm): 0.1027  [TP=384, FP=998, FN=2358]
2025-11-30 21:47:29,801 - LSTM_MERGE - INFO - train_pred TRAIN mm min/max: 0.0, 80.89629328237771
2025-11-30 21:47:29,801 - LSTM_MERGE - INFO - train_TRUE TRAIN mm min/max: 0.0, 90.0624999957066
2025-11-30 21:47:29,801 - LSTM_MERGE - INFO -  Gerando gráficos TRAIN...
2025-11-30 21:47:30,213 - LSTM_MERGE - INFO -  Gráficos gerados TRAIN ...
2025-11-30 21:47:30,213 - LSTM_MERGE - INFO - Calculando erro para parte de teste
2025-11-30 21:47:30,216 - LSTM_MERGE - INFO - RMSE: 3.2469
2025-11-30 21:47:30,216 - LSTM_MERGE - INFO - MSE : 10.5420
2025-11-30 21:47:30,216 - LSTM_MERGE - INFO - MAE : 1.4265
2025-11-30 21:47:30,216 - LSTM_MERGE - INFO - CSI (thr=1.0 mm): 0.1429  [TP=1, FP=1, FN=5]
2025-11-30 21:47:30,216 - LSTM_MERGE - INFO - y_pred mm min/max: 0.0, 2.4777259343519558
2025-11-30 21:47:30,216 - LSTM_MERGE - INFO - y_TRUE mm min/max: 0.0, 10.62500000066143
2025-11-30 21:47:30,216 - LSTM_MERGE - INFO -  Gerando gráficos...
2025-11-30 21:47:30,536 - LSTM_MERGE - INFO -  Gráficos gerados...
2025-11-30 21:47:30,536 - LSTM_MERGE - INFO - ==========================================================================================
2025-11-30 21:47:30,536 - LSTM_MERGE - INFO - Execução finalizada com sucesso.
2025-11-30 21:47:30,536 - LSTM_MERGE - INFO - Dispositivo utilizado: cuda
2025-11-30 21:47:30,536 - LSTM_MERGE - INFO - ==========================================================================================
2025-11-30 21:47:36,281 - BiLSTM_MERGE - INFO - ==========================================================================================
2025-11-30 21:47:36,281 - BiLSTM_MERGE - INFO - Iniciando script BILSTM (PyTorch) MERGE com suporte a GPU e logs detalhados.
2025-11-30 21:47:36,281 - BiLSTM_MERGE - INFO - ==========================================================================================
2025-11-30 21:47:36,282 - BiLSTM_MERGE - INFO - Iniciando experimento: lookback=30, hidden_dim=256, layers=2, lr=0.001, drop=0.5
2025-11-30 21:47:36,292 - BiLSTM_MERGE - INFO - Shape treino: torch.Size([10082, 30, 1]), teste: torch.Size([30, 30, 1])
2025-11-30 21:47:36,305 - BiLSTM_MERGE - INFO - Treinando por 500 épocas...
2025-11-30 21:47:37,771 - BiLSTM_MERGE - INFO - [EXP] Época 1/500 - Loss: 0.036685
2025-11-30 21:48:49,546 - BiLSTM_MERGE - INFO - [EXP] Época 50/500 - Loss: 0.033508
2025-11-30 21:50:02,391 - BiLSTM_MERGE - INFO - [EXP] Época 100/500 - Loss: 0.033319
2025-11-30 21:51:15,123 - BiLSTM_MERGE - INFO - [EXP] Época 150/500 - Loss: 0.033447
2025-11-30 21:52:28,054 - BiLSTM_MERGE - INFO - [EXP] Época 200/500 - Loss: 0.033459
2025-11-30 21:53:41,489 - BiLSTM_MERGE - INFO - [EXP] Época 250/500 - Loss: 0.033081
2025-11-30 21:54:55,677 - BiLSTM_MERGE - INFO - [EXP] Época 300/500 - Loss: 0.033459
2025-11-30 21:56:10,001 - BiLSTM_MERGE - INFO - [EXP] Época 350/500 - Loss: 0.033434
2025-11-30 21:57:24,147 - BiLSTM_MERGE - INFO - [EXP] Época 400/500 - Loss: 0.033309
2025-11-30 21:58:38,065 - BiLSTM_MERGE - INFO - [EXP] Época 450/500 - Loss: 0.033372
2025-11-30 21:59:50,064 - BiLSTM_MERGE - INFO - [EXP] Época 500/500 - Loss: 0.033215
2025-11-30 21:59:50,064 - BiLSTM_MERGE - INFO - Treinamento concluído em 12.23 minutos
2025-11-30 21:59:50,478 - BiLSTM_MERGE - INFO - Calculando erro para o train
2025-11-30 21:59:50,481 - BiLSTM_MERGE - INFO - RMSE: 7.2557
2025-11-30 21:59:50,481 - BiLSTM_MERGE - INFO - MSE : 52.6450
2025-11-30 21:59:50,481 - BiLSTM_MERGE - INFO - MAE : 2.7655
2025-11-30 21:59:50,481 - BiLSTM_MERGE - INFO - CSI (thr=1.0 mm): 0.1387  [TP=588, FP=1497, FN=2154]
2025-11-30 21:59:50,481 - BiLSTM_MERGE - INFO - train_pred TRAIN mm min/max: 0.0, 14.418419610021607
2025-11-30 21:59:50,482 - BiLSTM_MERGE - INFO - train_TRUE TRAIN mm min/max: 0.0, 90.0624999957066
2025-11-30 21:59:50,482 - BiLSTM_MERGE - INFO -  Gerando gráficos TRAIN...
2025-11-30 21:59:51,046 - BiLSTM_MERGE - INFO -  Gráficos gerados TRAIN ...
2025-11-30 21:59:51,046 - BiLSTM_MERGE - INFO - Calculando erro para parte de teste
2025-11-30 21:59:51,048 - BiLSTM_MERGE - INFO - RMSE: 3.2521
2025-11-30 21:59:51,048 - BiLSTM_MERGE - INFO - MSE : 10.5764
2025-11-30 21:59:51,048 - BiLSTM_MERGE - INFO - MAE : 1.4623
2025-11-30 21:59:51,048 - BiLSTM_MERGE - INFO - CSI (thr=1.0 mm): 0.1250  [TP=1, FP=2, FN=5]
2025-11-30 21:59:51,048 - BiLSTM_MERGE - INFO - y_pred mm min/max: 0.0, 2.8411277645310125
2025-11-30 21:59:51,049 - BiLSTM_MERGE - INFO - y_TRUE mm min/max: 0.0, 10.62500000066143
2025-11-30 21:59:51,049 - BiLSTM_MERGE - INFO -  Gerando gráficos...
2025-11-30 21:59:51,355 - BiLSTM_MERGE - INFO -  Gráficos gerados...
2025-11-30 21:59:51,355 - BiLSTM_MERGE - INFO - ==========================================================================================
2025-11-30 21:59:51,355 - BiLSTM_MERGE - INFO - Execução finalizada com sucesso.
2025-11-30 21:59:51,355 - BiLSTM_MERGE - INFO - Dispositivo utilizado: cuda
2025-11-30 21:59:51,355 - BiLSTM_MERGE - INFO - ==========================================================================================
2025-11-30 21:59:57,455 - ARIMA_MERGE - INFO - ==========================================================================================
2025-11-30 21:59:57,456 - ARIMA_MERGE - INFO - Iniciando script ARIMA MERGE.
2025-11-30 21:59:57,456 - ARIMA_MERGE - INFO - ==========================================================================================
2025-11-30 21:59:57,457 - ARIMA_MERGE - INFO - Tamanho treino: 10113 | teste: 30
2025-11-30 21:59:57,458 - ARIMA_MERGE - INFO - [FASE 4] Iniciando busca manual por hiperparâmetros (AIC).
2025-11-30 22:11:59,828 - ARIMA_MERGE - INFO - Melhor order encontrado: (30, 0, 0)
2025-11-30 22:11:59,828 - ARIMA_MERGE - INFO - Melhor AIC (treino): -23571.78
2025-11-30 22:11:59,828 - ARIMA_MERGE - INFO - Tempo da Fase 4: 722.37s
2025-11-30 22:11:59,828 - ARIMA_MERGE - INFO - [FASE 5] Reajustando melhor modelo no conjunto de treino.
2025-11-30 22:13:23,473 - ARIMA_MERGE - INFO - Melhor modelo ajustado no treino.
2025-11-30 22:13:23,474 - ARIMA_MERGE - INFO - Tempo da Fase 5: 83.65s
2025-11-30 22:13:23,474 - ARIMA_MERGE - INFO - [FASE 6] Gerando previsões no conjunto de teste e avaliando métricas.
2025-11-30 22:13:23,478 - ARIMA_MERGE - INFO - RMSE: 6.7734
2025-11-30 22:13:23,478 - ARIMA_MERGE - INFO - MSE : 45.8787
2025-11-30 22:13:23,478 - ARIMA_MERGE - INFO - MAE : 3.4876
2025-11-30 22:13:23,478 - ARIMA_MERGE - INFO - CSI (thr=1.0 mm): 0.2724  [TP=2754, FP=7351, FN=4]
2025-11-30 22:13:23,478 - ARIMA_MERGE - INFO - [TREINO] RMSE=6.7734 | MSE=45.8787 | MAE=3.4876 | CSI=0.2724
2025-11-30 22:13:23,484 - ARIMA_MERGE - INFO - RMSE: 3.0177
2025-11-30 22:13:23,484 - ARIMA_MERGE - INFO - MSE : 9.1067
2025-11-30 22:13:23,484 - ARIMA_MERGE - INFO - MAE : 2.5906
2025-11-30 22:13:23,484 - ARIMA_MERGE - INFO - CSI (thr=1.0 mm): 0.2000  [TP=6, FP=24, FN=0]
2025-11-30 22:13:23,484 - ARIMA_MERGE - INFO - Tempo total da Fase 6: 0.01s
2025-11-30 22:13:23,484 - ARIMA_MERGE - INFO - [FASE 7] Salvando gráfico de previsão vs. observado.
2025-11-30 22:13:24,222 - ARIMA_MERGE - INFO - Gráfico salvo como 'arimaMERGE_result.png'.
2025-11-30 22:13:24,222 - ARIMA_MERGE - INFO - ==========================================================================================
2025-11-30 22:13:24,222 - ARIMA_MERGE - INFO - Execução ARIMA MERGE finalizada com sucesso.
2025-11-30 22:13:24,222 - ARIMA_MERGE - INFO - Tempo total de execução: 806.77s
2025-11-30 22:13:24,222 - ARIMA_MERGE - INFO - ==========================================================================================
2025-11-30 22:13:29,963 - RANDOM_FOREST_MERGE - INFO - ====================================================================================================
2025-11-30 22:13:29,964 - RANDOM_FOREST_MERGE - INFO - Iniciando Random Forest MERGE com GridSearchCV.
2025-11-30 22:13:29,964 - RANDOM_FOREST_MERGE - INFO - ====================================================================================================
2025-11-30 22:13:29,964 - RANDOM_FOREST_MERGE - INFO - [FASE 3] Split treino/teste e preparação.
2025-11-30 22:13:29,971 - RANDOM_FOREST_MERGE - INFO - [FASE 3] Treino: X=(10083, 30), y=10083 | Teste: X=(30, 30), y=30
2025-11-30 22:13:29,971 - RANDOM_FOREST_MERGE - INFO - [FASE 3] Tempo: 0.01s
2025-11-30 22:13:29,971 - RANDOM_FOREST_MERGE - INFO - [FASE 4] Iniciando GridSearchCV (TimeSeriesSplit).
2025-11-30 22:15:23,945 - RANDOM_FOREST_MERGE - INFO - [FASE 4] GridSearchCV concluído em 113.97s
2025-11-30 22:15:23,945 - RANDOM_FOREST_MERGE - INFO - [FASE 4] Melhores parâmetros: {'max_depth': None, 'max_features': 'sqrt', 'min_samples_leaf': 4, 'min_samples_split': 10, 'n_estimators': 400}
2025-11-30 22:15:23,946 - RANDOM_FOREST_MERGE - INFO - [FASE 4] Melhor score (neg_MSE): -44.966315
2025-11-30 22:15:23,946 - RANDOM_FOREST_MERGE - INFO - [FASE 4] Tempo: 113.97s
2025-11-30 22:15:23,946 - RANDOM_FOREST_MERGE - INFO - [FASE 5] Treinando best_estimator_ no conjunto de treino.
2025-11-30 22:15:24,722 - RANDOM_FOREST_MERGE - INFO - [FASE 5] Tempo: 0.78s
2025-11-30 22:15:24,722 - RANDOM_FOREST_MERGE - INFO - [FASE 6] Previsão e cálculo de métricas.
2025-11-30 22:15:24,793 - RANDOM_FOREST_MERGE - INFO - RMSE: 5.1608
2025-11-30 22:15:24,793 - RANDOM_FOREST_MERGE - INFO - MSE : 26.6336
2025-11-30 22:15:24,793 - RANDOM_FOREST_MERGE - INFO - MAE : 2.5502
2025-11-30 22:15:24,793 - RANDOM_FOREST_MERGE - INFO - CSI (thr=1.0 mm): 0.3691  [TP=2706, FP=4580, FN=45]
2025-11-30 22:15:24,793 - RANDOM_FOREST_MERGE - INFO - [TREINO] RMSE=5.1608 | MSE=26.6336 | MAE=2.5502 | CSI=0.3691
2025-11-30 22:15:24,827 - RANDOM_FOREST_MERGE - INFO - y_pred raw min/max: 0.4113597184925334, 6.764372335906765
2025-11-30 22:15:24,827 - RANDOM_FOREST_MERGE - INFO - y_TRUE raw min/max: 0.0, 10.62500000066143
2025-11-30 22:15:24,827 - RANDOM_FOREST_MERGE - INFO - RMSE: 3.0398
2025-11-30 22:15:24,827 - RANDOM_FOREST_MERGE - INFO - MSE : 9.2406
2025-11-30 22:15:24,827 - RANDOM_FOREST_MERGE - INFO - MAE : 1.9900
2025-11-30 22:15:24,827 - RANDOM_FOREST_MERGE - INFO - CSI (thr=1.0 mm): 0.1905  [TP=4, FP=15, FN=2]
2025-11-30 22:15:24,828 - RANDOM_FOREST_MERGE - INFO - [FASE 7] Gerando gráficos.
2025-11-30 22:15:25,592 - RANDOM_FOREST_MERGE - INFO - Gráfico salvo como 'random_forest_MERGE.png'.
2025-11-30 22:15:25,592 - RANDOM_FOREST_MERGE - INFO - [FASE 7] Tempo: 0.76s
2025-11-30 22:15:25,592 - RANDOM_FOREST_MERGE - INFO - ====================================================================================================
2025-11-30 22:15:25,592 - RANDOM_FOREST_MERGE - INFO - Resumo Final
2025-11-30 22:15:25,592 - RANDOM_FOREST_MERGE - INFO - Melhores parâmetros: {'max_depth': None, 'max_features': 'sqrt', 'min_samples_leaf': 4, 'min_samples_split': 10, 'n_estimators': 400}
2025-11-30 22:15:25,592 - RANDOM_FOREST_MERGE - INFO - Tempo total de execução: 115.63s
2025-11-30 22:15:25,593 - RANDOM_FOREST_MERGE - INFO - ====================================================================================================
2025-11-30 22:15:31,259 - LSTM_MERGE - INFO - ==========================================================================================
2025-11-30 22:15:31,259 - LSTM_MERGE - INFO - Iniciando script LSTM (PyTorch) MERGE com suporte a GPU e logs detalhados.
2025-11-30 22:15:31,259 - LSTM_MERGE - INFO - ==========================================================================================
2025-11-30 22:15:31,259 - LSTM_MERGE - INFO - Iniciando experimento: lookback=30, hidden_dim=32, layers=2, lr=0.001, drop=0.5
2025-11-30 22:15:31,272 - LSTM_MERGE - INFO - Shape treino: torch.Size([10082, 30, 1]), teste: torch.Size([30, 30, 1])
2025-11-30 22:15:31,274 - LSTM_MERGE - INFO - Treinando por 500 épocas...
2025-11-30 22:15:31,849 - LSTM_MERGE - INFO - [EXP] Época 1/500 - Loss: 0.039411
2025-11-30 22:15:59,828 - LSTM_MERGE - INFO - [EXP] Época 50/500 - Loss: 0.033532
2025-11-30 22:16:28,355 - LSTM_MERGE - INFO - [EXP] Época 100/500 - Loss: 0.033352
2025-11-30 22:16:56,465 - LSTM_MERGE - INFO - [EXP] Época 150/500 - Loss: 0.033348
2025-11-30 22:17:24,541 - LSTM_MERGE - INFO - [EXP] Época 200/500 - Loss: 0.033130
2025-11-30 22:17:52,615 - LSTM_MERGE - INFO - [EXP] Época 250/500 - Loss: 0.032796
2025-11-30 22:18:20,576 - LSTM_MERGE - INFO - [EXP] Época 300/500 - Loss: 0.032225
2025-11-30 22:18:48,507 - LSTM_MERGE - INFO - [EXP] Época 350/500 - Loss: 0.031562
2025-11-30 22:19:16,437 - LSTM_MERGE - INFO - [EXP] Época 400/500 - Loss: 0.030970
2025-11-30 22:19:44,657 - LSTM_MERGE - INFO - [EXP] Época 450/500 - Loss: 0.029293
2025-11-30 22:20:12,741 - LSTM_MERGE - INFO - [EXP] Época 500/500 - Loss: 0.028031
2025-11-30 22:20:12,741 - LSTM_MERGE - INFO - Treinamento concluído em 4.69 minutos
2025-11-30 22:20:12,817 - LSTM_MERGE - INFO - Calculando erro para o train
2025-11-30 22:20:12,819 - LSTM_MERGE - INFO - RMSE: 7.8238
2025-11-30 22:20:12,819 - LSTM_MERGE - INFO - MSE : 61.2122
2025-11-30 22:20:12,819 - LSTM_MERGE - INFO - MAE : 2.9742
2025-11-30 22:20:12,819 - LSTM_MERGE - INFO - CSI (thr=1.0 mm): 0.0963  [TP=356, FP=953, FN=2386]
2025-11-30 22:20:12,820 - LSTM_MERGE - INFO - train_pred TRAIN mm min/max: 0.0, 72.35841164020468
2025-11-30 22:20:12,820 - LSTM_MERGE - INFO - train_TRUE TRAIN mm min/max: 0.0, 90.0624999957066
2025-11-30 22:20:12,820 - LSTM_MERGE - INFO -  Gerando gráficos TRAIN...
2025-11-30 22:20:13,242 - LSTM_MERGE - INFO -  Gráficos gerados TRAIN ...
2025-11-30 22:20:13,242 - LSTM_MERGE - INFO - Calculando erro para parte de teste
2025-11-30 22:20:13,244 - LSTM_MERGE - INFO - RMSE: 3.2018
2025-11-30 22:20:13,244 - LSTM_MERGE - INFO - MSE : 10.2517
2025-11-30 22:20:13,244 - LSTM_MERGE - INFO - MAE : 1.3886
2025-11-30 22:20:13,245 - LSTM_MERGE - INFO - CSI (thr=1.0 mm): 0.1429  [TP=1, FP=1, FN=5]
2025-11-30 22:20:13,245 - LSTM_MERGE - INFO - y_pred mm min/max: 0.0, 2.2715857080265183
2025-11-30 22:20:13,245 - LSTM_MERGE - INFO - y_TRUE mm min/max: 0.0, 10.62500000066143
2025-11-30 22:20:13,245 - LSTM_MERGE - INFO -  Gerando gráficos...
2025-11-30 22:20:13,590 - LSTM_MERGE - INFO -  Gráficos gerados...
2025-11-30 22:20:13,590 - LSTM_MERGE - INFO - ==========================================================================================
2025-11-30 22:20:13,590 - LSTM_MERGE - INFO - Execução finalizada com sucesso.
2025-11-30 22:20:13,590 - LSTM_MERGE - INFO - Dispositivo utilizado: cuda
2025-11-30 22:20:13,590 - LSTM_MERGE - INFO - ==========================================================================================
2025-11-30 22:20:19,258 - BiLSTM_MERGE - INFO - ==========================================================================================
2025-11-30 22:20:19,258 - BiLSTM_MERGE - INFO - Iniciando script BILSTM (PyTorch) MERGE com suporte a GPU e logs detalhados.
2025-11-30 22:20:19,259 - BiLSTM_MERGE - INFO - ==========================================================================================
2025-11-30 22:20:19,259 - BiLSTM_MERGE - INFO - Iniciando experimento: lookback=30, hidden_dim=32, layers=2, lr=0.001, drop=0.5
2025-11-30 22:20:19,268 - BiLSTM_MERGE - INFO - Shape treino: torch.Size([10082, 30, 1]), teste: torch.Size([30, 30, 1])
2025-11-30 22:20:19,270 - BiLSTM_MERGE - INFO - Treinando por 500 épocas...
2025-11-30 22:20:20,009 - BiLSTM_MERGE - INFO - [EXP] Época 1/500 - Loss: 0.045044
2025-11-30 22:20:56,055 - BiLSTM_MERGE - INFO - [EXP] Época 50/500 - Loss: 0.033397
2025-11-30 22:21:32,743 - BiLSTM_MERGE - INFO - [EXP] Época 100/500 - Loss: 0.033378
2025-11-30 22:22:09,429 - BiLSTM_MERGE - INFO - [EXP] Época 150/500 - Loss: 0.033687
2025-11-30 22:22:46,116 - BiLSTM_MERGE - INFO - [EXP] Época 200/500 - Loss: 0.032870
2025-11-30 22:23:22,876 - BiLSTM_MERGE - INFO - [EXP] Época 250/500 - Loss: 0.032422
2025-11-30 22:24:00,192 - BiLSTM_MERGE - INFO - [EXP] Época 300/500 - Loss: 0.032319
2025-11-30 22:24:37,493 - BiLSTM_MERGE - INFO - [EXP] Época 350/500 - Loss: 0.032188
2025-11-30 22:25:14,787 - BiLSTM_MERGE - INFO - [EXP] Época 400/500 - Loss: 0.031534
2025-11-30 22:25:51,761 - BiLSTM_MERGE - INFO - [EXP] Época 450/500 - Loss: 0.031115
2025-11-30 22:26:28,966 - BiLSTM_MERGE - INFO - [EXP] Época 500/500 - Loss: 0.030610
2025-11-30 22:26:28,966 - BiLSTM_MERGE - INFO - Treinamento concluído em 6.16 minutos
2025-11-30 22:26:29,057 - BiLSTM_MERGE - INFO - Calculando erro para o train
2025-11-30 22:26:29,060 - BiLSTM_MERGE - INFO - RMSE: 7.7664
2025-11-30 22:26:29,060 - BiLSTM_MERGE - INFO - MSE : 60.3171
2025-11-30 22:26:29,060 - BiLSTM_MERGE - INFO - MAE : 2.8985
2025-11-30 22:26:29,060 - BiLSTM_MERGE - INFO - CSI (thr=1.0 mm): 0.1006  [TP=375, FP=985, FN=2367]
2025-11-30 22:26:29,060 - BiLSTM_MERGE - INFO - train_pred TRAIN mm min/max: 0.0, 88.23508201491417
2025-11-30 22:26:29,060 - BiLSTM_MERGE - INFO - train_TRUE TRAIN mm min/max: 0.0, 90.0624999957066
2025-11-30 22:26:29,060 - BiLSTM_MERGE - INFO -  Gerando gráficos TRAIN...
2025-11-30 22:26:29,480 - BiLSTM_MERGE - INFO -  Gráficos gerados TRAIN ...
2025-11-30 22:26:29,480 - BiLSTM_MERGE - INFO - Calculando erro para parte de teste
2025-11-30 22:26:29,482 - BiLSTM_MERGE - INFO - RMSE: 3.2555
2025-11-30 22:26:29,482 - BiLSTM_MERGE - INFO - MSE : 10.5985
2025-11-30 22:26:29,482 - BiLSTM_MERGE - INFO - MAE : 1.4579
2025-11-30 22:26:29,482 - BiLSTM_MERGE - INFO - CSI (thr=1.0 mm): 0.1429  [TP=1, FP=1, FN=5]
2025-11-30 22:26:29,482 - BiLSTM_MERGE - INFO - y_pred mm min/max: 0.0, 3.0014460227418374
2025-11-30 22:26:29,482 - BiLSTM_MERGE - INFO - y_TRUE mm min/max: 0.0, 10.62500000066143
2025-11-30 22:26:29,482 - BiLSTM_MERGE - INFO -  Gerando gráficos...
2025-11-30 22:26:29,817 - BiLSTM_MERGE - INFO -  Gráficos gerados...
2025-11-30 22:26:29,817 - BiLSTM_MERGE - INFO - ==========================================================================================
2025-11-30 22:26:29,817 - BiLSTM_MERGE - INFO - Execução finalizada com sucesso.
2025-11-30 22:26:29,817 - BiLSTM_MERGE - INFO - Dispositivo utilizado: cuda
2025-11-30 22:26:29,817 - BiLSTM_MERGE - INFO - ==========================================================================================
2025-11-30 22:26:35,955 - LSTM_MERGE - INFO - ==========================================================================================
2025-11-30 22:26:35,955 - LSTM_MERGE - INFO - Iniciando script LSTM (PyTorch) MERGE com suporte a GPU e logs detalhados.
2025-11-30 22:26:35,955 - LSTM_MERGE - INFO - ==========================================================================================
2025-11-30 22:26:35,956 - LSTM_MERGE - INFO - Iniciando experimento: lookback=30, hidden_dim=64, layers=2, lr=0.001, drop=0.5
2025-11-30 22:26:35,966 - LSTM_MERGE - INFO - Shape treino: torch.Size([10082, 30, 1]), teste: torch.Size([30, 30, 1])
2025-11-30 22:26:35,968 - LSTM_MERGE - INFO - Treinando por 500 épocas...
2025-11-30 22:26:36,530 - LSTM_MERGE - INFO - [EXP] Época 1/500 - Loss: 0.036178
2025-11-30 22:27:04,220 - LSTM_MERGE - INFO - [EXP] Época 50/500 - Loss: 0.033496
2025-11-30 22:27:32,480 - LSTM_MERGE - INFO - [EXP] Época 100/500 - Loss: 0.033401
2025-11-30 22:28:00,601 - LSTM_MERGE - INFO - [EXP] Época 150/500 - Loss: 0.033616
2025-11-30 22:28:28,845 - LSTM_MERGE - INFO - [EXP] Época 200/500 - Loss: 0.032881
2025-11-30 22:28:57,308 - LSTM_MERGE - INFO - [EXP] Época 250/500 - Loss: 0.032281
2025-11-30 22:29:25,991 - LSTM_MERGE - INFO - [EXP] Época 300/500 - Loss: 0.031721
2025-11-30 22:29:54,748 - LSTM_MERGE - INFO - [EXP] Época 350/500 - Loss: 0.030881
2025-11-30 22:30:23,677 - LSTM_MERGE - INFO - [EXP] Época 400/500 - Loss: 0.029949
2025-11-30 22:30:52,500 - LSTM_MERGE - INFO - [EXP] Época 450/500 - Loss: 0.029640
2025-11-30 22:31:20,923 - LSTM_MERGE - INFO - [EXP] Época 500/500 - Loss: 0.028239
2025-11-30 22:31:20,923 - LSTM_MERGE - INFO - Treinamento concluído em 4.75 minutos
2025-11-30 22:31:20,998 - LSTM_MERGE - INFO - Calculando erro para o train
2025-11-30 22:31:21,001 - LSTM_MERGE - INFO - RMSE: 7.8012
2025-11-30 22:31:21,001 - LSTM_MERGE - INFO - MSE : 60.8589
2025-11-30 22:31:21,001 - LSTM_MERGE - INFO - MAE : 2.9854
2025-11-30 22:31:21,001 - LSTM_MERGE - INFO - CSI (thr=1.0 mm): 0.1046  [TP=396, FP=1044, FN=2346]
2025-11-30 22:31:21,001 - LSTM_MERGE - INFO - train_pred TRAIN mm min/max: 0.0, 81.92327814903726
2025-11-30 22:31:21,001 - LSTM_MERGE - INFO - train_TRUE TRAIN mm min/max: 0.0, 90.0624999957066
2025-11-30 22:31:21,001 - LSTM_MERGE - INFO -  Gerando gráficos TRAIN...
2025-11-30 22:31:21,402 - LSTM_MERGE - INFO -  Gráficos gerados TRAIN ...
2025-11-30 22:31:21,402 - LSTM_MERGE - INFO - Calculando erro para parte de teste
2025-11-30 22:31:21,404 - LSTM_MERGE - INFO - RMSE: 3.2351
2025-11-30 22:31:21,404 - LSTM_MERGE - INFO - MSE : 10.4658
2025-11-30 22:31:21,404 - LSTM_MERGE - INFO - MAE : 1.4097
2025-11-30 22:31:21,404 - LSTM_MERGE - INFO - CSI (thr=1.0 mm): 0.1429  [TP=1, FP=1, FN=5]
2025-11-30 22:31:21,404 - LSTM_MERGE - INFO - y_pred mm min/max: 0.0, 2.45360955048763
2025-11-30 22:31:21,404 - LSTM_MERGE - INFO - y_TRUE mm min/max: 0.0, 10.62500000066143
2025-11-30 22:31:21,404 - LSTM_MERGE - INFO -  Gerando gráficos...
2025-11-30 22:31:21,771 - LSTM_MERGE - INFO -  Gráficos gerados...
2025-11-30 22:31:21,771 - LSTM_MERGE - INFO - ==========================================================================================
2025-11-30 22:31:21,771 - LSTM_MERGE - INFO - Execução finalizada com sucesso.
2025-11-30 22:31:21,771 - LSTM_MERGE - INFO - Dispositivo utilizado: cuda
2025-11-30 22:31:21,771 - LSTM_MERGE - INFO - ==========================================================================================
2025-11-30 22:31:27,428 - BiLSTM_MERGE - INFO - ==========================================================================================
2025-11-30 22:31:27,428 - BiLSTM_MERGE - INFO - Iniciando script BILSTM (PyTorch) MERGE com suporte a GPU e logs detalhados.
2025-11-30 22:31:27,428 - BiLSTM_MERGE - INFO - ==========================================================================================
2025-11-30 22:31:27,428 - BiLSTM_MERGE - INFO - Iniciando experimento: lookback=30, hidden_dim=64, layers=2, lr=0.001, drop=0.5
2025-11-30 22:31:27,436 - BiLSTM_MERGE - INFO - Shape treino: torch.Size([10082, 30, 1]), teste: torch.Size([30, 30, 1])
2025-11-30 22:31:27,439 - BiLSTM_MERGE - INFO - Treinando por 500 épocas...
2025-11-30 22:31:28,168 - BiLSTM_MERGE - INFO - [EXP] Época 1/500 - Loss: 0.037803
2025-11-30 22:32:04,266 - BiLSTM_MERGE - INFO - [EXP] Época 50/500 - Loss: 0.033436
2025-11-30 22:32:41,284 - BiLSTM_MERGE - INFO - [EXP] Época 100/500 - Loss: 0.033379
2025-11-30 22:33:18,076 - BiLSTM_MERGE - INFO - [EXP] Época 150/500 - Loss: 0.033110
2025-11-30 22:33:54,996 - BiLSTM_MERGE - INFO - [EXP] Época 200/500 - Loss: 0.033422
2025-11-30 22:34:32,494 - BiLSTM_MERGE - INFO - [EXP] Época 250/500 - Loss: 0.033569
2025-11-30 22:35:10,042 - BiLSTM_MERGE - INFO - [EXP] Época 300/500 - Loss: 0.032859
2025-11-30 22:35:47,321 - BiLSTM_MERGE - INFO - [EXP] Época 350/500 - Loss: 0.032670
2025-11-30 22:36:24,324 - BiLSTM_MERGE - INFO - [EXP] Época 400/500 - Loss: 0.031036
2025-11-30 22:37:01,331 - BiLSTM_MERGE - INFO - [EXP] Época 450/500 - Loss: 0.030032
2025-11-30 22:37:38,662 - BiLSTM_MERGE - INFO - [EXP] Época 500/500 - Loss: 0.028869
2025-11-30 22:37:38,662 - BiLSTM_MERGE - INFO - Treinamento concluído em 6.19 minutos
2025-11-30 22:37:38,788 - BiLSTM_MERGE - INFO - Calculando erro para o train
2025-11-30 22:37:38,791 - BiLSTM_MERGE - INFO - RMSE: 7.9556
2025-11-30 22:37:38,791 - BiLSTM_MERGE - INFO - MSE : 63.2920
2025-11-30 22:37:38,791 - BiLSTM_MERGE - INFO - MAE : 3.0159
2025-11-30 22:37:38,791 - BiLSTM_MERGE - INFO - CSI (thr=1.0 mm): 0.0936  [TP=344, FP=934, FN=2398]
2025-11-30 22:37:38,791 - BiLSTM_MERGE - INFO - train_pred TRAIN mm min/max: 0.0, 97.56638060790105
2025-11-30 22:37:38,791 - BiLSTM_MERGE - INFO - train_TRUE TRAIN mm min/max: 0.0, 90.0624999957066
2025-11-30 22:37:38,791 - BiLSTM_MERGE - INFO -  Gerando gráficos TRAIN...
2025-11-30 22:37:39,220 - BiLSTM_MERGE - INFO -  Gráficos gerados TRAIN ...
2025-11-30 22:37:39,220 - BiLSTM_MERGE - INFO - Calculando erro para parte de teste
2025-11-30 22:37:39,222 - BiLSTM_MERGE - INFO - RMSE: 3.2786
2025-11-30 22:37:39,222 - BiLSTM_MERGE - INFO - MSE : 10.7491
2025-11-30 22:37:39,222 - BiLSTM_MERGE - INFO - MAE : 1.4620
2025-11-30 22:37:39,222 - BiLSTM_MERGE - INFO - CSI (thr=1.0 mm): 0.1667  [TP=1, FP=0, FN=5]
2025-11-30 22:37:39,222 - BiLSTM_MERGE - INFO - y_pred mm min/max: 0.0, 5.823479301484222
2025-11-30 22:37:39,222 - BiLSTM_MERGE - INFO - y_TRUE mm min/max: 0.0, 10.62500000066143
2025-11-30 22:37:39,222 - BiLSTM_MERGE - INFO -  Gerando gráficos...
2025-11-30 22:37:39,534 - BiLSTM_MERGE - INFO -  Gráficos gerados...
2025-11-30 22:37:39,534 - BiLSTM_MERGE - INFO - ==========================================================================================
2025-11-30 22:37:39,534 - BiLSTM_MERGE - INFO - Execução finalizada com sucesso.
2025-11-30 22:37:39,534 - BiLSTM_MERGE - INFO - Dispositivo utilizado: cuda
2025-11-30 22:37:39,534 - BiLSTM_MERGE - INFO - ==========================================================================================
2025-11-30 22:37:45,666 - LSTM_MERGE - INFO - ==========================================================================================
2025-11-30 22:37:45,667 - LSTM_MERGE - INFO - Iniciando script LSTM (PyTorch) MERGE com suporte a GPU e logs detalhados.
2025-11-30 22:37:45,667 - LSTM_MERGE - INFO - ==========================================================================================
2025-11-30 22:37:45,667 - LSTM_MERGE - INFO - Iniciando experimento: lookback=30, hidden_dim=128, layers=2, lr=0.001, drop=0.5
2025-11-30 22:37:45,676 - LSTM_MERGE - INFO - Shape treino: torch.Size([10082, 30, 1]), teste: torch.Size([30, 30, 1])
2025-11-30 22:37:45,678 - LSTM_MERGE - INFO - Treinando por 500 épocas...
2025-11-30 22:37:46,248 - LSTM_MERGE - INFO - [EXP] Época 1/500 - Loss: 0.035483
2025-11-30 22:38:14,075 - LSTM_MERGE - INFO - [EXP] Época 50/500 - Loss: 0.033454
2025-11-30 22:38:42,271 - LSTM_MERGE - INFO - [EXP] Época 100/500 - Loss: 0.033575
2025-11-30 22:39:10,617 - LSTM_MERGE - INFO - [EXP] Época 150/500 - Loss: 0.033549
2025-11-30 22:39:39,345 - LSTM_MERGE - INFO - [EXP] Época 200/500 - Loss: 0.032943
2025-11-30 22:40:08,141 - LSTM_MERGE - INFO - [EXP] Época 250/500 - Loss: 0.032607
2025-11-30 22:40:36,815 - LSTM_MERGE - INFO - [EXP] Época 300/500 - Loss: 0.031129
2025-11-30 22:41:05,461 - LSTM_MERGE - INFO - [EXP] Época 350/500 - Loss: 0.029594
2025-11-30 22:41:34,090 - LSTM_MERGE - INFO - [EXP] Época 400/500 - Loss: 0.027085
2025-11-30 22:42:02,733 - LSTM_MERGE - INFO - [EXP] Época 450/500 - Loss: 0.023790
2025-11-30 22:42:30,981 - LSTM_MERGE - INFO - [EXP] Época 500/500 - Loss: 0.021344
2025-11-30 22:42:30,981 - LSTM_MERGE - INFO - Treinamento concluído em 4.76 minutos
2025-11-30 22:42:31,151 - LSTM_MERGE - INFO - Calculando erro para o train
2025-11-30 22:42:31,154 - LSTM_MERGE - INFO - RMSE: 8.5752
2025-11-30 22:42:31,154 - LSTM_MERGE - INFO - MSE : 73.5349
2025-11-30 22:42:31,154 - LSTM_MERGE - INFO - MAE : 3.3923
2025-11-30 22:42:31,154 - LSTM_MERGE - INFO - CSI (thr=1.0 mm): 0.1159  [TP=449, FP=1132, FN=2293]
2025-11-30 22:42:31,154 - LSTM_MERGE - INFO - train_pred TRAIN mm min/max: 0.0, 88.15335203286979
2025-11-30 22:42:31,154 - LSTM_MERGE - INFO - train_TRUE TRAIN mm min/max: 0.0, 90.0624999957066
2025-11-30 22:42:31,154 - LSTM_MERGE - INFO -  Gerando gráficos TRAIN...
2025-11-30 22:42:31,609 - LSTM_MERGE - INFO -  Gráficos gerados TRAIN ...
2025-11-30 22:42:31,610 - LSTM_MERGE - INFO - Calculando erro para parte de teste
2025-11-30 22:42:31,612 - LSTM_MERGE - INFO - RMSE: 3.2089
2025-11-30 22:42:31,612 - LSTM_MERGE - INFO - MSE : 10.2972
2025-11-30 22:42:31,612 - LSTM_MERGE - INFO - MAE : 1.4094
2025-11-30 22:42:31,612 - LSTM_MERGE - INFO - CSI (thr=1.0 mm): 0.1429  [TP=1, FP=1, FN=5]
2025-11-30 22:42:31,612 - LSTM_MERGE - INFO - y_pred mm min/max: 0.0, 1.721739704871429
2025-11-30 22:42:31,612 - LSTM_MERGE - INFO - y_TRUE mm min/max: 0.0, 10.62500000066143
2025-11-30 22:42:31,612 - LSTM_MERGE - INFO -  Gerando gráficos...
2025-11-30 22:42:32,176 - LSTM_MERGE - INFO -  Gráficos gerados...
2025-11-30 22:42:32,176 - LSTM_MERGE - INFO - ==========================================================================================
2025-11-30 22:42:32,176 - LSTM_MERGE - INFO - Execução finalizada com sucesso.
2025-11-30 22:42:32,176 - LSTM_MERGE - INFO - Dispositivo utilizado: cuda
2025-11-30 22:42:32,176 - LSTM_MERGE - INFO - ==========================================================================================
2025-11-30 22:42:37,803 - BiLSTM_MERGE - INFO - ==========================================================================================
2025-11-30 22:42:37,803 - BiLSTM_MERGE - INFO - Iniciando script BILSTM (PyTorch) MERGE com suporte a GPU e logs detalhados.
2025-11-30 22:42:37,803 - BiLSTM_MERGE - INFO - ==========================================================================================
2025-11-30 22:42:37,803 - BiLSTM_MERGE - INFO - Iniciando experimento: lookback=30, hidden_dim=128, layers=2, lr=0.001, drop=0.5
2025-11-30 22:42:37,826 - BiLSTM_MERGE - INFO - Shape treino: torch.Size([10082, 30, 1]), teste: torch.Size([30, 30, 1])
2025-11-30 22:42:37,831 - BiLSTM_MERGE - INFO - Treinando por 500 épocas...
2025-11-30 22:42:38,652 - BiLSTM_MERGE - INFO - [EXP] Época 1/500 - Loss: 0.036581
2025-11-30 22:43:18,918 - BiLSTM_MERGE - INFO - [EXP] Época 50/500 - Loss: 0.033663
2025-11-30 22:43:59,981 - BiLSTM_MERGE - INFO - [EXP] Época 100/500 - Loss: 0.033362
2025-11-30 22:44:41,038 - BiLSTM_MERGE - INFO - [EXP] Época 150/500 - Loss: 0.033260
2025-11-30 22:45:22,355 - BiLSTM_MERGE - INFO - [EXP] Época 200/500 - Loss: 0.033375
2025-11-30 22:46:01,020 - BiLSTM_MERGE - INFO - [EXP] Época 250/500 - Loss: 0.033395
2025-11-30 22:46:38,744 - BiLSTM_MERGE - INFO - [EXP] Época 300/500 - Loss: 0.033354
2025-11-30 22:47:16,498 - BiLSTM_MERGE - INFO - [EXP] Época 350/500 - Loss: 0.033711
2025-11-30 22:47:54,241 - BiLSTM_MERGE - INFO - [EXP] Época 400/500 - Loss: 0.033006
2025-11-30 22:48:32,297 - BiLSTM_MERGE - INFO - [EXP] Época 450/500 - Loss: 0.032619
2025-11-30 22:49:10,152 - BiLSTM_MERGE - INFO - [EXP] Época 500/500 - Loss: 0.033979
2025-11-30 22:49:10,152 - BiLSTM_MERGE - INFO - Treinamento concluído em 6.54 minutos
2025-11-30 22:49:10,469 - BiLSTM_MERGE - INFO - Calculando erro para o train
2025-11-30 22:49:10,472 - BiLSTM_MERGE - INFO - RMSE: 7.2623
2025-11-30 22:49:10,472 - BiLSTM_MERGE - INFO - MSE : 52.7404
2025-11-30 22:49:10,472 - BiLSTM_MERGE - INFO - MAE : 2.7569
2025-11-30 22:49:10,472 - BiLSTM_MERGE - INFO - CSI (thr=1.0 mm): 0.1282  [TP=521, FP=1323, FN=2221]
2025-11-30 22:49:10,472 - BiLSTM_MERGE - INFO - train_pred TRAIN mm min/max: 0.0, 13.870371096106267
2025-11-30 22:49:10,472 - BiLSTM_MERGE - INFO - train_TRUE TRAIN mm min/max: 0.0, 90.0624999957066
2025-11-30 22:49:10,472 - BiLSTM_MERGE - INFO -  Gerando gráficos TRAIN...
2025-11-30 22:49:10,913 - BiLSTM_MERGE - INFO -  Gráficos gerados TRAIN ...
2025-11-30 22:49:10,914 - BiLSTM_MERGE - INFO - Calculando erro para parte de teste
2025-11-30 22:49:10,916 - BiLSTM_MERGE - INFO - RMSE: 3.2175
2025-11-30 22:49:10,916 - BiLSTM_MERGE - INFO - MSE : 10.3524
2025-11-30 22:49:10,916 - BiLSTM_MERGE - INFO - MAE : 1.4542
2025-11-30 22:49:10,916 - BiLSTM_MERGE - INFO - CSI (thr=1.0 mm): 0.1250  [TP=1, FP=2, FN=5]
2025-11-30 22:49:10,916 - BiLSTM_MERGE - INFO - y_pred mm min/max: 0.019373432653978433, 2.2680417269085593
2025-11-30 22:49:10,916 - BiLSTM_MERGE - INFO - y_TRUE mm min/max: 0.0, 10.62500000066143
2025-11-30 22:49:10,916 - BiLSTM_MERGE - INFO -  Gerando gráficos...
2025-11-30 22:49:11,218 - BiLSTM_MERGE - INFO -  Gráficos gerados...
2025-11-30 22:49:11,218 - BiLSTM_MERGE - INFO - ==========================================================================================
2025-11-30 22:49:11,218 - BiLSTM_MERGE - INFO - Execução finalizada com sucesso.
2025-11-30 22:49:11,218 - BiLSTM_MERGE - INFO - Dispositivo utilizado: cuda
2025-11-30 22:49:11,218 - BiLSTM_MERGE - INFO - ==========================================================================================
2025-11-30 22:49:17,358 - LSTM_MERGE - INFO - ==========================================================================================
2025-11-30 22:49:17,358 - LSTM_MERGE - INFO - Iniciando script LSTM (PyTorch) MERGE com suporte a GPU e logs detalhados.
2025-11-30 22:49:17,358 - LSTM_MERGE - INFO - ==========================================================================================
2025-11-30 22:49:17,358 - LSTM_MERGE - INFO - Iniciando experimento: lookback=30, hidden_dim=256, layers=2, lr=0.001, drop=0.5
2025-11-30 22:49:17,369 - LSTM_MERGE - INFO - Shape treino: torch.Size([10082, 30, 1]), teste: torch.Size([30, 30, 1])
2025-11-30 22:49:17,373 - LSTM_MERGE - INFO - Treinando por 500 épocas...
2025-11-30 22:49:18,298 - LSTM_MERGE - INFO - [EXP] Época 1/500 - Loss: 0.035744
2025-11-30 22:50:03,495 - LSTM_MERGE - INFO - [EXP] Época 50/500 - Loss: 0.033858
2025-11-30 22:50:49,528 - LSTM_MERGE - INFO - [EXP] Época 100/500 - Loss: 0.033306
2025-11-30 22:51:35,586 - LSTM_MERGE - INFO - [EXP] Época 150/500 - Loss: 0.033223
2025-11-30 22:52:21,721 - LSTM_MERGE - INFO - [EXP] Época 200/500 - Loss: 0.032881
2025-11-30 22:53:07,813 - LSTM_MERGE - INFO - [EXP] Época 250/500 - Loss: 0.032413
2025-11-30 22:53:53,578 - LSTM_MERGE - INFO - [EXP] Época 300/500 - Loss: 0.031513
2025-11-30 22:54:39,969 - LSTM_MERGE - INFO - [EXP] Época 350/500 - Loss: 0.030477
2025-11-30 22:55:26,133 - LSTM_MERGE - INFO - [EXP] Época 400/500 - Loss: 0.029422
2025-11-30 22:56:11,905 - LSTM_MERGE - INFO - [EXP] Época 450/500 - Loss: 0.027368
2025-11-30 22:56:57,621 - LSTM_MERGE - INFO - [EXP] Época 500/500 - Loss: 0.027118
2025-11-30 22:56:57,621 - LSTM_MERGE - INFO - Treinamento concluído em 7.67 minutos
2025-11-30 22:56:57,847 - LSTM_MERGE - INFO - Calculando erro para o train
2025-11-30 22:56:57,849 - LSTM_MERGE - INFO - RMSE: 8.1114
2025-11-30 22:56:57,850 - LSTM_MERGE - INFO - MSE : 65.7941
2025-11-30 22:56:57,850 - LSTM_MERGE - INFO - MAE : 3.1156
2025-11-30 22:56:57,850 - LSTM_MERGE - INFO - CSI (thr=1.0 mm): 0.1176  [TP=451, FP=1094, FN=2291]
2025-11-30 22:56:57,850 - LSTM_MERGE - INFO - train_pred TRAIN mm min/max: 0.0, 91.75246666679485
2025-11-30 22:56:57,850 - LSTM_MERGE - INFO - train_TRUE TRAIN mm min/max: 0.0, 90.0624999957066
2025-11-30 22:56:57,850 - LSTM_MERGE - INFO -  Gerando gráficos TRAIN...
2025-11-30 22:56:58,267 - LSTM_MERGE - INFO -  Gráficos gerados TRAIN ...
2025-11-30 22:56:58,267 - LSTM_MERGE - INFO - Calculando erro para parte de teste
2025-11-30 22:56:58,269 - LSTM_MERGE - INFO - RMSE: 3.2143
2025-11-30 22:56:58,269 - LSTM_MERGE - INFO - MSE : 10.3317
2025-11-30 22:56:58,269 - LSTM_MERGE - INFO - MAE : 1.4767
2025-11-30 22:56:58,269 - LSTM_MERGE - INFO - CSI (thr=1.0 mm): 0.1250  [TP=1, FP=2, FN=5]
2025-11-30 22:56:58,270 - LSTM_MERGE - INFO - y_pred mm min/max: 0.022416097860355016, 1.905927747862825
2025-11-30 22:56:58,270 - LSTM_MERGE - INFO - y_TRUE mm min/max: 0.0, 10.62500000066143
2025-11-30 22:56:58,270 - LSTM_MERGE - INFO -  Gerando gráficos...
2025-11-30 22:56:58,570 - LSTM_MERGE - INFO -  Gráficos gerados...
2025-11-30 22:56:58,570 - LSTM_MERGE - INFO - ==========================================================================================
2025-11-30 22:56:58,570 - LSTM_MERGE - INFO - Execução finalizada com sucesso.
2025-11-30 22:56:58,570 - LSTM_MERGE - INFO - Dispositivo utilizado: cuda
2025-11-30 22:56:58,570 - LSTM_MERGE - INFO - ==========================================================================================
2025-11-30 22:57:04,324 - BiLSTM_MERGE - INFO - ==========================================================================================
2025-11-30 22:57:04,325 - BiLSTM_MERGE - INFO - Iniciando script BILSTM (PyTorch) MERGE com suporte a GPU e logs detalhados.
2025-11-30 22:57:04,325 - BiLSTM_MERGE - INFO - ==========================================================================================
2025-11-30 22:57:04,325 - BiLSTM_MERGE - INFO - Iniciando experimento: lookback=30, hidden_dim=256, layers=2, lr=0.001, drop=0.5
2025-11-30 22:57:04,336 - BiLSTM_MERGE - INFO - Shape treino: torch.Size([10082, 30, 1]), teste: torch.Size([30, 30, 1])
2025-11-30 22:57:04,346 - BiLSTM_MERGE - INFO - Treinando por 500 épocas...
2025-11-30 22:57:05,800 - BiLSTM_MERGE - INFO - [EXP] Época 1/500 - Loss: 0.036372
2025-11-30 22:58:17,617 - BiLSTM_MERGE - INFO - [EXP] Época 50/500 - Loss: 0.033505
2025-11-30 22:59:31,353 - BiLSTM_MERGE - INFO - [EXP] Época 100/500 - Loss: 0.033472
2025-11-30 23:00:45,028 - BiLSTM_MERGE - INFO - [EXP] Época 150/500 - Loss: 0.033316
2025-11-30 23:01:58,685 - BiLSTM_MERGE - INFO - [EXP] Época 200/500 - Loss: 0.033342
2025-11-30 23:03:11,834 - BiLSTM_MERGE - INFO - [EXP] Época 250/500 - Loss: 0.033031
2025-11-30 23:04:25,550 - BiLSTM_MERGE - INFO - [EXP] Época 300/500 - Loss: 0.032956
2025-11-30 23:05:38,742 - BiLSTM_MERGE - INFO - [EXP] Época 350/500 - Loss: 0.032710
2025-11-30 23:06:52,483 - BiLSTM_MERGE - INFO - [EXP] Época 400/500 - Loss: 0.034152
2025-11-30 23:08:05,832 - BiLSTM_MERGE - INFO - [EXP] Época 450/500 - Loss: 0.032154
2025-11-30 23:09:19,209 - BiLSTM_MERGE - INFO - [EXP] Época 500/500 - Loss: 0.031760
2025-11-30 23:09:19,209 - BiLSTM_MERGE - INFO - Treinamento concluído em 12.25 minutos
2025-11-30 23:09:19,623 - BiLSTM_MERGE - INFO - Calculando erro para o train
2025-11-30 23:09:19,626 - BiLSTM_MERGE - INFO - RMSE: 7.4711
2025-11-30 23:09:19,626 - BiLSTM_MERGE - INFO - MSE : 55.8180
2025-11-30 23:09:19,626 - BiLSTM_MERGE - INFO - MAE : 2.8291
2025-11-30 23:09:19,626 - BiLSTM_MERGE - INFO - CSI (thr=1.0 mm): 0.1172  [TP=463, FP=1210, FN=2279]
2025-11-30 23:09:19,626 - BiLSTM_MERGE - INFO - train_pred TRAIN mm min/max: 0.0, 84.51187738000799
2025-11-30 23:09:19,626 - BiLSTM_MERGE - INFO - train_TRUE TRAIN mm min/max: 0.0, 90.0624999957066
2025-11-30 23:09:19,626 - BiLSTM_MERGE - INFO -  Gerando gráficos TRAIN...
2025-11-30 23:09:20,052 - BiLSTM_MERGE - INFO -  Gráficos gerados TRAIN ...
2025-11-30 23:09:20,052 - BiLSTM_MERGE - INFO - Calculando erro para parte de teste
2025-11-30 23:09:20,054 - BiLSTM_MERGE - INFO - RMSE: 3.2869
2025-11-30 23:09:20,054 - BiLSTM_MERGE - INFO - MSE : 10.8035
2025-11-30 23:09:20,054 - BiLSTM_MERGE - INFO - MAE : 1.5362
2025-11-30 23:09:20,054 - BiLSTM_MERGE - INFO - CSI (thr=1.0 mm): 0.1111  [TP=1, FP=3, FN=5]
2025-11-30 23:09:20,054 - BiLSTM_MERGE - INFO - y_pred mm min/max: 0.0, 5.508397471362765
2025-11-30 23:09:20,054 - BiLSTM_MERGE - INFO - y_TRUE mm min/max: 0.0, 10.62500000066143
2025-11-30 23:09:20,054 - BiLSTM_MERGE - INFO -  Gerando gráficos...
2025-11-30 23:09:20,328 - BiLSTM_MERGE - INFO -  Gráficos gerados...
2025-11-30 23:09:20,328 - BiLSTM_MERGE - INFO - ==========================================================================================
2025-11-30 23:09:20,328 - BiLSTM_MERGE - INFO - Execução finalizada com sucesso.
2025-11-30 23:09:20,328 - BiLSTM_MERGE - INFO - Dispositivo utilizado: cuda
2025-11-30 23:09:20,328 - BiLSTM_MERGE - INFO - ==========================================================================================
2025-11-30 23:09:26,393 - ARIMA_MERGE - INFO - ==========================================================================================
2025-11-30 23:09:26,393 - ARIMA_MERGE - INFO - Iniciando script ARIMA MERGE.
2025-11-30 23:09:26,394 - ARIMA_MERGE - INFO - ==========================================================================================
2025-11-30 23:09:26,395 - ARIMA_MERGE - INFO - Tamanho treino: 10113 | teste: 30
2025-11-30 23:09:26,395 - ARIMA_MERGE - INFO - [FASE 4] Iniciando busca manual por hiperparâmetros (AIC).
2025-11-30 23:21:33,951 - ARIMA_MERGE - INFO - Melhor order encontrado: (30, 0, 0)
2025-11-30 23:21:33,951 - ARIMA_MERGE - INFO - Melhor AIC (treino): -23571.78
2025-11-30 23:21:33,951 - ARIMA_MERGE - INFO - Tempo da Fase 4: 727.56s
2025-11-30 23:21:33,951 - ARIMA_MERGE - INFO - [FASE 5] Reajustando melhor modelo no conjunto de treino.
2025-11-30 23:22:58,951 - ARIMA_MERGE - INFO - Melhor modelo ajustado no treino.
2025-11-30 23:22:58,951 - ARIMA_MERGE - INFO - Tempo da Fase 5: 85.00s
2025-11-30 23:22:58,951 - ARIMA_MERGE - INFO - [FASE 6] Gerando previsões no conjunto de teste e avaliando métricas.
2025-11-30 23:22:58,956 - ARIMA_MERGE - INFO - RMSE: 6.7734
2025-11-30 23:22:58,956 - ARIMA_MERGE - INFO - MSE : 45.8787
2025-11-30 23:22:58,956 - ARIMA_MERGE - INFO - MAE : 3.4876
2025-11-30 23:22:58,956 - ARIMA_MERGE - INFO - CSI (thr=1.0 mm): 0.2724  [TP=2754, FP=7351, FN=4]
2025-11-30 23:22:58,956 - ARIMA_MERGE - INFO - [TREINO] RMSE=6.7734 | MSE=45.8787 | MAE=3.4876 | CSI=0.2724
2025-11-30 23:22:58,962 - ARIMA_MERGE - INFO - RMSE: 3.0177
2025-11-30 23:22:58,962 - ARIMA_MERGE - INFO - MSE : 9.1067
2025-11-30 23:22:58,962 - ARIMA_MERGE - INFO - MAE : 2.5906
2025-11-30 23:22:58,962 - ARIMA_MERGE - INFO - CSI (thr=1.0 mm): 0.2000  [TP=6, FP=24, FN=0]
2025-11-30 23:22:58,962 - ARIMA_MERGE - INFO - Tempo total da Fase 6: 0.01s
2025-11-30 23:22:58,962 - ARIMA_MERGE - INFO - [FASE 7] Salvando gráfico de previsão vs. observado.
2025-11-30 23:22:59,766 - ARIMA_MERGE - INFO - Gráfico salvo como 'arimaMERGE_result.png'.
2025-11-30 23:22:59,767 - ARIMA_MERGE - INFO - ==========================================================================================
2025-11-30 23:22:59,767 - ARIMA_MERGE - INFO - Execução ARIMA MERGE finalizada com sucesso.
2025-11-30 23:22:59,767 - ARIMA_MERGE - INFO - Tempo total de execução: 813.37s
2025-11-30 23:22:59,767 - ARIMA_MERGE - INFO - ==========================================================================================
2025-11-30 23:23:05,587 - RANDOM_FOREST_MERGE - INFO - ====================================================================================================
2025-11-30 23:23:05,587 - RANDOM_FOREST_MERGE - INFO - Iniciando Random Forest MERGE com GridSearchCV.
2025-11-30 23:23:05,587 - RANDOM_FOREST_MERGE - INFO - ====================================================================================================
2025-11-30 23:23:05,587 - RANDOM_FOREST_MERGE - INFO - [FASE 3] Split treino/teste e preparação.
2025-11-30 23:23:05,596 - RANDOM_FOREST_MERGE - INFO - [FASE 3] Treino: X=(10083, 30), y=10083 | Teste: X=(30, 30), y=30
2025-11-30 23:23:05,596 - RANDOM_FOREST_MERGE - INFO - [FASE 3] Tempo: 0.01s
2025-11-30 23:23:05,596 - RANDOM_FOREST_MERGE - INFO - [FASE 4] Iniciando GridSearchCV (TimeSeriesSplit).
2025-11-30 23:24:59,497 - RANDOM_FOREST_MERGE - INFO - [FASE 4] GridSearchCV concluído em 113.90s
2025-11-30 23:24:59,497 - RANDOM_FOREST_MERGE - INFO - [FASE 4] Melhores parâmetros: {'max_depth': None, 'max_features': 'sqrt', 'min_samples_leaf': 4, 'min_samples_split': 10, 'n_estimators': 400}
2025-11-30 23:24:59,497 - RANDOM_FOREST_MERGE - INFO - [FASE 4] Melhor score (neg_MSE): -44.966315
2025-11-30 23:24:59,497 - RANDOM_FOREST_MERGE - INFO - [FASE 4] Tempo: 113.90s
2025-11-30 23:24:59,497 - RANDOM_FOREST_MERGE - INFO - [FASE 5] Treinando best_estimator_ no conjunto de treino.
2025-11-30 23:25:00,562 - RANDOM_FOREST_MERGE - INFO - [FASE 5] Tempo: 1.06s
2025-11-30 23:25:00,562 - RANDOM_FOREST_MERGE - INFO - [FASE 6] Previsão e cálculo de métricas.
2025-11-30 23:25:00,948 - RANDOM_FOREST_MERGE - INFO - RMSE: 5.1608
2025-11-30 23:25:00,949 - RANDOM_FOREST_MERGE - INFO - MSE : 26.6336
2025-11-30 23:25:00,949 - RANDOM_FOREST_MERGE - INFO - MAE : 2.5502
2025-11-30 23:25:00,949 - RANDOM_FOREST_MERGE - INFO - CSI (thr=1.0 mm): 0.3691  [TP=2706, FP=4580, FN=45]
2025-11-30 23:25:00,950 - RANDOM_FOREST_MERGE - INFO - [TREINO] RMSE=5.1608 | MSE=26.6336 | MAE=2.5502 | CSI=0.3691
2025-11-30 23:25:00,990 - RANDOM_FOREST_MERGE - INFO - y_pred raw min/max: 0.41135971849253317, 6.764372335906768
2025-11-30 23:25:00,990 - RANDOM_FOREST_MERGE - INFO - y_TRUE raw min/max: 0.0, 10.62500000066143
2025-11-30 23:25:00,991 - RANDOM_FOREST_MERGE - INFO - RMSE: 3.0398
2025-11-30 23:25:00,991 - RANDOM_FOREST_MERGE - INFO - MSE : 9.2406
2025-11-30 23:25:00,991 - RANDOM_FOREST_MERGE - INFO - MAE : 1.9900
2025-11-30 23:25:00,991 - RANDOM_FOREST_MERGE - INFO - CSI (thr=1.0 mm): 0.1905  [TP=4, FP=15, FN=2]
2025-11-30 23:25:00,991 - RANDOM_FOREST_MERGE - INFO - [FASE 7] Gerando gráficos.
2025-11-30 23:25:01,761 - RANDOM_FOREST_MERGE - INFO - Gráfico salvo como 'random_forest_MERGE.png'.
2025-11-30 23:25:01,761 - RANDOM_FOREST_MERGE - INFO - [FASE 7] Tempo: 0.77s
2025-11-30 23:25:01,761 - RANDOM_FOREST_MERGE - INFO - ====================================================================================================
2025-11-30 23:25:01,761 - RANDOM_FOREST_MERGE - INFO - Resumo Final
2025-11-30 23:25:01,761 - RANDOM_FOREST_MERGE - INFO - Melhores parâmetros: {'max_depth': None, 'max_features': 'sqrt', 'min_samples_leaf': 4, 'min_samples_split': 10, 'n_estimators': 400}
2025-11-30 23:25:01,762 - RANDOM_FOREST_MERGE - INFO - Tempo total de execução: 116.17s
2025-11-30 23:25:01,762 - RANDOM_FOREST_MERGE - INFO - ====================================================================================================
2025-11-30 23:25:07,417 - LSTM_MERGE - INFO - ==========================================================================================
2025-11-30 23:25:07,417 - LSTM_MERGE - INFO - Iniciando script LSTM (PyTorch) MERGE com suporte a GPU e logs detalhados.
2025-11-30 23:25:07,417 - LSTM_MERGE - INFO - ==========================================================================================
2025-11-30 23:25:07,418 - LSTM_MERGE - INFO - Iniciando experimento: lookback=30, hidden_dim=32, layers=2, lr=0.001, drop=0.5
2025-11-30 23:25:07,431 - LSTM_MERGE - INFO - Shape treino: torch.Size([10082, 30, 1]), teste: torch.Size([30, 30, 1])
2025-11-30 23:25:07,433 - LSTM_MERGE - INFO - Treinando por 500 épocas...
2025-11-30 23:25:07,997 - LSTM_MERGE - INFO - [EXP] Época 1/500 - Loss: 0.039353
2025-11-30 23:25:36,076 - LSTM_MERGE - INFO - [EXP] Época 50/500 - Loss: 0.033665
2025-11-30 23:26:04,824 - LSTM_MERGE - INFO - [EXP] Época 100/500 - Loss: 0.033427
2025-11-30 23:26:33,402 - LSTM_MERGE - INFO - [EXP] Época 150/500 - Loss: 0.033272
2025-11-30 23:27:01,590 - LSTM_MERGE - INFO - [EXP] Época 200/500 - Loss: 0.033184
2025-11-30 23:27:29,671 - LSTM_MERGE - INFO - [EXP] Época 250/500 - Loss: 0.032867
2025-11-30 23:27:58,330 - LSTM_MERGE - INFO - [EXP] Época 300/500 - Loss: 0.032503
2025-11-30 23:28:26,951 - LSTM_MERGE - INFO - [EXP] Época 350/500 - Loss: 0.032096
2025-11-30 23:28:55,193 - LSTM_MERGE - INFO - [EXP] Época 400/500 - Loss: 0.031938
2025-11-30 23:29:23,435 - LSTM_MERGE - INFO - [EXP] Época 450/500 - Loss: 0.030944
2025-11-30 23:29:51,600 - LSTM_MERGE - INFO - [EXP] Época 500/500 - Loss: 0.030383
2025-11-30 23:29:51,600 - LSTM_MERGE - INFO - Treinamento concluído em 4.74 minutos
2025-11-30 23:29:51,674 - LSTM_MERGE - INFO - Calculando erro para o train
2025-11-30 23:29:51,676 - LSTM_MERGE - INFO - RMSE: 7.6684
2025-11-30 23:29:51,676 - LSTM_MERGE - INFO - MSE : 58.8046
2025-11-30 23:29:51,676 - LSTM_MERGE - INFO - MAE : 2.9571
2025-11-30 23:29:51,676 - LSTM_MERGE - INFO - CSI (thr=1.0 mm): 0.1224  [TP=486, FP=1229, FN=2256]
2025-11-30 23:29:51,677 - LSTM_MERGE - INFO - train_pred TRAIN mm min/max: 0.0, 79.81676502890367
2025-11-30 23:29:51,677 - LSTM_MERGE - INFO - train_TRUE TRAIN mm min/max: 0.0, 90.0624999957066
2025-11-30 23:29:51,677 - LSTM_MERGE - INFO -  Gerando gráficos TRAIN...
2025-11-30 23:29:52,167 - LSTM_MERGE - INFO -  Gráficos gerados TRAIN ...
2025-11-30 23:29:52,167 - LSTM_MERGE - INFO - Calculando erro para parte de teste
2025-11-30 23:29:52,169 - LSTM_MERGE - INFO - RMSE: 3.2453
2025-11-30 23:29:52,169 - LSTM_MERGE - INFO - MSE : 10.5318
2025-11-30 23:29:52,169 - LSTM_MERGE - INFO - MAE : 1.5002
2025-11-30 23:29:52,169 - LSTM_MERGE - INFO - CSI (thr=1.0 mm): 0.1250  [TP=1, FP=2, FN=5]
2025-11-30 23:29:52,169 - LSTM_MERGE - INFO - y_pred mm min/max: 0.0, 3.1282130496947813
2025-11-30 23:29:52,169 - LSTM_MERGE - INFO - y_TRUE mm min/max: 0.0, 10.62500000066143
2025-11-30 23:29:52,169 - LSTM_MERGE - INFO -  Gerando gráficos...
2025-11-30 23:29:52,481 - LSTM_MERGE - INFO -  Gráficos gerados...
2025-11-30 23:29:52,481 - LSTM_MERGE - INFO - ==========================================================================================
2025-11-30 23:29:52,481 - LSTM_MERGE - INFO - Execução finalizada com sucesso.
2025-11-30 23:29:52,481 - LSTM_MERGE - INFO - Dispositivo utilizado: cuda
2025-11-30 23:29:52,481 - LSTM_MERGE - INFO - ==========================================================================================
2025-11-30 23:29:58,145 - BiLSTM_MERGE - INFO - ==========================================================================================
2025-11-30 23:29:58,145 - BiLSTM_MERGE - INFO - Iniciando script BILSTM (PyTorch) MERGE com suporte a GPU e logs detalhados.
2025-11-30 23:29:58,146 - BiLSTM_MERGE - INFO - ==========================================================================================
2025-11-30 23:29:58,146 - BiLSTM_MERGE - INFO - Iniciando experimento: lookback=30, hidden_dim=32, layers=2, lr=0.001, drop=0.5
2025-11-30 23:29:58,153 - BiLSTM_MERGE - INFO - Shape treino: torch.Size([10082, 30, 1]), teste: torch.Size([30, 30, 1])
2025-11-30 23:29:58,155 - BiLSTM_MERGE - INFO - Treinando por 500 épocas...
2025-11-30 23:29:58,913 - BiLSTM_MERGE - INFO - [EXP] Época 1/500 - Loss: 0.043199
2025-11-30 23:30:34,824 - BiLSTM_MERGE - INFO - [EXP] Época 50/500 - Loss: 0.033464
2025-11-30 23:31:11,369 - BiLSTM_MERGE - INFO - [EXP] Época 100/500 - Loss: 0.033451
2025-11-30 23:31:48,310 - BiLSTM_MERGE - INFO - [EXP] Época 150/500 - Loss: 0.033567
2025-11-30 23:32:25,814 - BiLSTM_MERGE - INFO - [EXP] Época 200/500 - Loss: 0.032938
2025-11-30 23:33:03,530 - BiLSTM_MERGE - INFO - [EXP] Época 250/500 - Loss: 0.032836
2025-11-30 23:33:41,243 - BiLSTM_MERGE - INFO - [EXP] Época 300/500 - Loss: 0.032425
2025-11-30 23:34:18,965 - BiLSTM_MERGE - INFO - [EXP] Época 350/500 - Loss: 0.032145
2025-11-30 23:34:56,055 - BiLSTM_MERGE - INFO - [EXP] Época 400/500 - Loss: 0.032015
2025-11-30 23:35:32,206 - BiLSTM_MERGE - INFO - [EXP] Época 450/500 - Loss: 0.031612
2025-11-30 23:36:09,179 - BiLSTM_MERGE - INFO - [EXP] Época 500/500 - Loss: 0.031323
2025-11-30 23:36:09,179 - BiLSTM_MERGE - INFO - Treinamento concluído em 6.18 minutos
2025-11-30 23:36:09,270 - BiLSTM_MERGE - INFO - Calculando erro para o train
2025-11-30 23:36:09,273 - BiLSTM_MERGE - INFO - RMSE: 7.4756
2025-11-30 23:36:09,273 - BiLSTM_MERGE - INFO - MSE : 55.8842
2025-11-30 23:36:09,273 - BiLSTM_MERGE - INFO - MAE : 2.8233
2025-11-30 23:36:09,273 - BiLSTM_MERGE - INFO - CSI (thr=1.0 mm): 0.1168  [TP=451, FP=1120, FN=2291]
2025-11-30 23:36:09,273 - BiLSTM_MERGE - INFO - train_pred TRAIN mm min/max: 0.0, 69.52747294720366
2025-11-30 23:36:09,273 - BiLSTM_MERGE - INFO - train_TRUE TRAIN mm min/max: 0.0, 90.0624999957066
2025-11-30 23:36:09,273 - BiLSTM_MERGE - INFO -  Gerando gráficos TRAIN...
2025-11-30 23:36:09,706 - BiLSTM_MERGE - INFO -  Gráficos gerados TRAIN ...
2025-11-30 23:36:09,706 - BiLSTM_MERGE - INFO - Calculando erro para parte de teste
2025-11-30 23:36:09,708 - BiLSTM_MERGE - INFO - RMSE: 3.2346
2025-11-30 23:36:09,708 - BiLSTM_MERGE - INFO - MSE : 10.4624
2025-11-30 23:36:09,708 - BiLSTM_MERGE - INFO - MAE : 1.4305
2025-11-30 23:36:09,708 - BiLSTM_MERGE - INFO - CSI (thr=1.0 mm): 0.1429  [TP=1, FP=1, FN=5]
2025-11-30 23:36:09,708 - BiLSTM_MERGE - INFO - y_pred mm min/max: 0.0, 2.7309120654689276
2025-11-30 23:36:09,708 - BiLSTM_MERGE - INFO - y_TRUE mm min/max: 0.0, 10.62500000066143
2025-11-30 23:36:09,708 - BiLSTM_MERGE - INFO -  Gerando gráficos...
2025-11-30 23:36:10,035 - BiLSTM_MERGE - INFO -  Gráficos gerados...
2025-11-30 23:36:10,035 - BiLSTM_MERGE - INFO - ==========================================================================================
2025-11-30 23:36:10,035 - BiLSTM_MERGE - INFO - Execução finalizada com sucesso.
2025-11-30 23:36:10,035 - BiLSTM_MERGE - INFO - Dispositivo utilizado: cuda
2025-11-30 23:36:10,035 - BiLSTM_MERGE - INFO - ==========================================================================================
2025-11-30 23:36:16,167 - LSTM_MERGE - INFO - ==========================================================================================
2025-11-30 23:36:16,168 - LSTM_MERGE - INFO - Iniciando script LSTM (PyTorch) MERGE com suporte a GPU e logs detalhados.
2025-11-30 23:36:16,168 - LSTM_MERGE - INFO - ==========================================================================================
2025-11-30 23:36:16,168 - LSTM_MERGE - INFO - Iniciando experimento: lookback=30, hidden_dim=64, layers=2, lr=0.001, drop=0.5
2025-11-30 23:36:16,177 - LSTM_MERGE - INFO - Shape treino: torch.Size([10082, 30, 1]), teste: torch.Size([30, 30, 1])
2025-11-30 23:36:16,178 - LSTM_MERGE - INFO - Treinando por 500 épocas...
2025-11-30 23:36:16,748 - LSTM_MERGE - INFO - [EXP] Época 1/500 - Loss: 0.036321
2025-11-30 23:36:44,838 - LSTM_MERGE - INFO - [EXP] Época 50/500 - Loss: 0.033443
2025-11-30 23:37:13,119 - LSTM_MERGE - INFO - [EXP] Época 100/500 - Loss: 0.033498
2025-11-30 23:37:41,706 - LSTM_MERGE - INFO - [EXP] Época 150/500 - Loss: 0.033242
2025-11-30 23:38:10,233 - LSTM_MERGE - INFO - [EXP] Época 200/500 - Loss: 0.033084
2025-11-30 23:38:38,807 - LSTM_MERGE - INFO - [EXP] Época 250/500 - Loss: 0.031826
2025-11-30 23:39:06,989 - LSTM_MERGE - INFO - [EXP] Época 300/500 - Loss: 0.031268
2025-11-30 23:39:35,585 - LSTM_MERGE - INFO - [EXP] Época 350/500 - Loss: 0.030022
2025-11-30 23:40:04,557 - LSTM_MERGE - INFO - [EXP] Época 400/500 - Loss: 0.028533
2025-11-30 23:40:33,108 - LSTM_MERGE - INFO - [EXP] Época 450/500 - Loss: 0.026273
2025-11-30 23:41:01,559 - LSTM_MERGE - INFO - [EXP] Época 500/500 - Loss: 0.024916
2025-11-30 23:41:01,559 - LSTM_MERGE - INFO - Treinamento concluído em 4.76 minutos
2025-11-30 23:41:01,633 - LSTM_MERGE - INFO - Calculando erro para o train
2025-11-30 23:41:01,636 - LSTM_MERGE - INFO - RMSE: 8.3271
2025-11-30 23:41:01,636 - LSTM_MERGE - INFO - MSE : 69.3410
2025-11-30 23:41:01,636 - LSTM_MERGE - INFO - MAE : 3.2033
2025-11-30 23:41:01,636 - LSTM_MERGE - INFO - CSI (thr=1.0 mm): 0.1093  [TP=419, FP=1093, FN=2323]
2025-11-30 23:41:01,636 - LSTM_MERGE - INFO - train_pred TRAIN mm min/max: 0.0, 91.01824423236873
2025-11-30 23:41:01,636 - LSTM_MERGE - INFO - train_TRUE TRAIN mm min/max: 0.0, 90.0624999957066
2025-11-30 23:41:01,636 - LSTM_MERGE - INFO -  Gerando gráficos TRAIN...
2025-11-30 23:41:02,030 - LSTM_MERGE - INFO -  Gráficos gerados TRAIN ...
2025-11-30 23:41:02,030 - LSTM_MERGE - INFO - Calculando erro para parte de teste
2025-11-30 23:41:02,032 - LSTM_MERGE - INFO - RMSE: 3.2139
2025-11-30 23:41:02,032 - LSTM_MERGE - INFO - MSE : 10.3291
2025-11-30 23:41:02,032 - LSTM_MERGE - INFO - MAE : 1.4030
2025-11-30 23:41:02,032 - LSTM_MERGE - INFO - CSI (thr=1.0 mm): 0.1429  [TP=1, FP=1, FN=5]
2025-11-30 23:41:02,033 - LSTM_MERGE - INFO - y_pred mm min/max: 0.0, 1.790787280568234
2025-11-30 23:41:02,033 - LSTM_MERGE - INFO - y_TRUE mm min/max: 0.0, 10.62500000066143
2025-11-30 23:41:02,033 - LSTM_MERGE - INFO -  Gerando gráficos...
2025-11-30 23:41:02,363 - LSTM_MERGE - INFO -  Gráficos gerados...
2025-11-30 23:41:02,363 - LSTM_MERGE - INFO - ==========================================================================================
2025-11-30 23:41:02,363 - LSTM_MERGE - INFO - Execução finalizada com sucesso.
2025-11-30 23:41:02,363 - LSTM_MERGE - INFO - Dispositivo utilizado: cuda
2025-11-30 23:41:02,363 - LSTM_MERGE - INFO - ==========================================================================================
2025-11-30 23:41:08,030 - BiLSTM_MERGE - INFO - ==========================================================================================
2025-11-30 23:41:08,030 - BiLSTM_MERGE - INFO - Iniciando script BILSTM (PyTorch) MERGE com suporte a GPU e logs detalhados.
2025-11-30 23:41:08,030 - BiLSTM_MERGE - INFO - ==========================================================================================
2025-11-30 23:41:08,031 - BiLSTM_MERGE - INFO - Iniciando experimento: lookback=30, hidden_dim=64, layers=2, lr=0.001, drop=0.5
2025-11-30 23:41:08,041 - BiLSTM_MERGE - INFO - Shape treino: torch.Size([10082, 30, 1]), teste: torch.Size([30, 30, 1])
2025-11-30 23:41:08,045 - BiLSTM_MERGE - INFO - Treinando por 500 épocas...
2025-11-30 23:41:08,772 - BiLSTM_MERGE - INFO - [EXP] Época 1/500 - Loss: 0.037106
2025-11-30 23:41:44,344 - BiLSTM_MERGE - INFO - [EXP] Época 50/500 - Loss: 0.033464
2025-11-30 23:42:21,146 - BiLSTM_MERGE - INFO - [EXP] Época 100/500 - Loss: 0.033611
2025-11-30 23:42:58,267 - BiLSTM_MERGE - INFO - [EXP] Época 150/500 - Loss: 0.033395
2025-11-30 23:43:35,235 - BiLSTM_MERGE - INFO - [EXP] Época 200/500 - Loss: 0.035181
2025-11-30 23:44:12,350 - BiLSTM_MERGE - INFO - [EXP] Época 250/500 - Loss: 0.033415
2025-11-30 23:44:49,456 - BiLSTM_MERGE - INFO - [EXP] Época 300/500 - Loss: 0.033432
2025-11-30 23:45:26,591 - BiLSTM_MERGE - INFO - [EXP] Época 350/500 - Loss: 0.033653
2025-11-30 23:46:03,204 - BiLSTM_MERGE - INFO - [EXP] Época 400/500 - Loss: 0.033117
2025-11-30 23:46:40,090 - BiLSTM_MERGE - INFO - [EXP] Época 450/500 - Loss: 0.032983
2025-11-30 23:47:17,058 - BiLSTM_MERGE - INFO - [EXP] Época 500/500 - Loss: 0.033144
2025-11-30 23:47:17,058 - BiLSTM_MERGE - INFO - Treinamento concluído em 6.15 minutos
2025-11-30 23:47:17,182 - BiLSTM_MERGE - INFO - Calculando erro para o train
2025-11-30 23:47:17,185 - BiLSTM_MERGE - INFO - RMSE: 7.2598
2025-11-30 23:47:17,185 - BiLSTM_MERGE - INFO - MSE : 52.7052
2025-11-30 23:47:17,185 - BiLSTM_MERGE - INFO - MAE : 2.7283
2025-11-30 23:47:17,185 - BiLSTM_MERGE - INFO - CSI (thr=1.0 mm): 0.1227  [TP=492, FP=1269, FN=2250]
2025-11-30 23:47:17,185 - BiLSTM_MERGE - INFO - train_pred TRAIN mm min/max: 0.008321117545677995, 19.567564154973628
2025-11-30 23:47:17,185 - BiLSTM_MERGE - INFO - train_TRUE TRAIN mm min/max: 0.0, 90.0624999957066
2025-11-30 23:47:17,185 - BiLSTM_MERGE - INFO -  Gerando gráficos TRAIN...
2025-11-30 23:47:17,616 - BiLSTM_MERGE - INFO -  Gráficos gerados TRAIN ...
2025-11-30 23:47:17,616 - BiLSTM_MERGE - INFO - Calculando erro para parte de teste
2025-11-30 23:47:17,618 - BiLSTM_MERGE - INFO - RMSE: 3.2345
2025-11-30 23:47:17,618 - BiLSTM_MERGE - INFO - MSE : 10.4621
2025-11-30 23:47:17,618 - BiLSTM_MERGE - INFO - MAE : 1.4541
2025-11-30 23:47:17,618 - BiLSTM_MERGE - INFO - CSI (thr=1.0 mm): 0.1250  [TP=1, FP=2, FN=5]
2025-11-30 23:47:17,618 - BiLSTM_MERGE - INFO - y_pred mm min/max: 0.011559740952538136, 2.8929682600795465
2025-11-30 23:47:17,618 - BiLSTM_MERGE - INFO - y_TRUE mm min/max: 0.0, 10.62500000066143
2025-11-30 23:47:17,618 - BiLSTM_MERGE - INFO -  Gerando gráficos...
2025-11-30 23:47:17,921 - BiLSTM_MERGE - INFO -  Gráficos gerados...
2025-11-30 23:47:17,921 - BiLSTM_MERGE - INFO - ==========================================================================================
2025-11-30 23:47:17,921 - BiLSTM_MERGE - INFO - Execução finalizada com sucesso.
2025-11-30 23:47:17,921 - BiLSTM_MERGE - INFO - Dispositivo utilizado: cuda
2025-11-30 23:47:17,921 - BiLSTM_MERGE - INFO - ==========================================================================================
2025-11-30 23:47:23,919 - LSTM_MERGE - INFO - ==========================================================================================
2025-11-30 23:47:23,919 - LSTM_MERGE - INFO - Iniciando script LSTM (PyTorch) MERGE com suporte a GPU e logs detalhados.
2025-11-30 23:47:23,919 - LSTM_MERGE - INFO - ==========================================================================================
2025-11-30 23:47:23,920 - LSTM_MERGE - INFO - Iniciando experimento: lookback=30, hidden_dim=128, layers=2, lr=0.001, drop=0.5
2025-11-30 23:47:23,930 - LSTM_MERGE - INFO - Shape treino: torch.Size([10082, 30, 1]), teste: torch.Size([30, 30, 1])
2025-11-30 23:47:23,932 - LSTM_MERGE - INFO - Treinando por 500 épocas...
2025-11-30 23:47:24,491 - LSTM_MERGE - INFO - [EXP] Época 1/500 - Loss: 0.035271
2025-11-30 23:47:51,986 - LSTM_MERGE - INFO - [EXP] Época 50/500 - Loss: 0.033772
2025-11-30 23:48:20,070 - LSTM_MERGE - INFO - [EXP] Época 100/500 - Loss: 0.033249
2025-11-30 23:48:48,115 - LSTM_MERGE - INFO - [EXP] Época 150/500 - Loss: 0.033154
2025-11-30 23:49:16,634 - LSTM_MERGE - INFO - [EXP] Época 200/500 - Loss: 0.032565
2025-11-30 23:49:45,163 - LSTM_MERGE - INFO - [EXP] Época 250/500 - Loss: 0.031468
2025-11-30 23:50:13,703 - LSTM_MERGE - INFO - [EXP] Época 300/500 - Loss: 0.030507
2025-11-30 23:50:42,257 - LSTM_MERGE - INFO - [EXP] Época 350/500 - Loss: 0.028078
2025-11-30 23:51:10,905 - LSTM_MERGE - INFO - [EXP] Época 400/500 - Loss: 0.025913
2025-11-30 23:51:39,558 - LSTM_MERGE - INFO - [EXP] Época 450/500 - Loss: 0.023981
2025-11-30 23:52:08,454 - LSTM_MERGE - INFO - [EXP] Época 500/500 - Loss: 0.021509
2025-11-30 23:52:08,454 - LSTM_MERGE - INFO - Treinamento concluído em 4.74 minutos
2025-11-30 23:52:08,624 - LSTM_MERGE - INFO - Calculando erro para o train
2025-11-30 23:52:08,626 - LSTM_MERGE - INFO - RMSE: 8.6196
2025-11-30 23:52:08,626 - LSTM_MERGE - INFO - MSE : 74.2974
2025-11-30 23:52:08,626 - LSTM_MERGE - INFO - MAE : 3.4038
2025-11-30 23:52:08,626 - LSTM_MERGE - INFO - CSI (thr=1.0 mm): 0.1121  [TP=431, FP=1104, FN=2311]
2025-11-30 23:52:08,627 - LSTM_MERGE - INFO - train_pred TRAIN mm min/max: 0.0, 91.39325198840525
2025-11-30 23:52:08,627 - LSTM_MERGE - INFO - train_TRUE TRAIN mm min/max: 0.0, 90.0624999957066
2025-11-30 23:52:08,627 - LSTM_MERGE - INFO -  Gerando gráficos TRAIN...
2025-11-30 23:52:09,068 - LSTM_MERGE - INFO -  Gráficos gerados TRAIN ...
2025-11-30 23:52:09,107 - LSTM_MERGE - INFO - Calculando erro para parte de teste
2025-11-30 23:52:09,109 - LSTM_MERGE - INFO - RMSE: 3.2919
2025-11-30 23:52:09,109 - LSTM_MERGE - INFO - MSE : 10.8365
2025-11-30 23:52:09,109 - LSTM_MERGE - INFO - MAE : 1.5289
2025-11-30 23:52:09,109 - LSTM_MERGE - INFO - CSI (thr=1.0 mm): 0.1250  [TP=1, FP=2, FN=5]
2025-11-30 23:52:09,110 - LSTM_MERGE - INFO - y_pred mm min/max: 0.0, 3.3345383092102745
2025-11-30 23:52:09,110 - LSTM_MERGE - INFO - y_TRUE mm min/max: 0.0, 10.62500000066143
2025-11-30 23:52:09,110 - LSTM_MERGE - INFO -  Gerando gráficos...
2025-11-30 23:52:09,419 - LSTM_MERGE - INFO -  Gráficos gerados...
2025-11-30 23:52:09,419 - LSTM_MERGE - INFO - ==========================================================================================
2025-11-30 23:52:09,419 - LSTM_MERGE - INFO - Execução finalizada com sucesso.
2025-11-30 23:52:09,419 - LSTM_MERGE - INFO - Dispositivo utilizado: cuda
2025-11-30 23:52:09,419 - LSTM_MERGE - INFO - ==========================================================================================
2025-11-30 23:52:15,201 - BiLSTM_MERGE - INFO - ==========================================================================================
2025-11-30 23:52:15,201 - BiLSTM_MERGE - INFO - Iniciando script BILSTM (PyTorch) MERGE com suporte a GPU e logs detalhados.
2025-11-30 23:52:15,201 - BiLSTM_MERGE - INFO - ==========================================================================================
2025-11-30 23:52:15,201 - BiLSTM_MERGE - INFO - Iniciando experimento: lookback=30, hidden_dim=128, layers=2, lr=0.001, drop=0.5
2025-11-30 23:52:15,212 - BiLSTM_MERGE - INFO - Shape treino: torch.Size([10082, 30, 1]), teste: torch.Size([30, 30, 1])
2025-11-30 23:52:15,217 - BiLSTM_MERGE - INFO - Treinando por 500 épocas...
2025-11-30 23:52:15,976 - BiLSTM_MERGE - INFO - [EXP] Época 1/500 - Loss: 0.036844
2025-11-30 23:52:52,999 - BiLSTM_MERGE - INFO - [EXP] Época 50/500 - Loss: 0.033484
2025-11-30 23:53:30,661 - BiLSTM_MERGE - INFO - [EXP] Época 100/500 - Loss: 0.033407
2025-11-30 23:54:08,208 - BiLSTM_MERGE - INFO - [EXP] Época 150/500 - Loss: 0.033264
2025-11-30 23:54:45,638 - BiLSTM_MERGE - INFO - [EXP] Época 200/500 - Loss: 0.033464
2025-11-30 23:55:23,323 - BiLSTM_MERGE - INFO - [EXP] Época 250/500 - Loss: 0.033659
2025-11-30 23:56:01,317 - BiLSTM_MERGE - INFO - [EXP] Época 300/500 - Loss: 0.033081
2025-11-30 23:56:39,646 - BiLSTM_MERGE - INFO - [EXP] Época 350/500 - Loss: 0.032306
2025-11-30 23:57:17,717 - BiLSTM_MERGE - INFO - [EXP] Época 400/500 - Loss: 0.031507
2025-11-30 23:57:55,625 - BiLSTM_MERGE - INFO - [EXP] Época 450/500 - Loss: 0.029605
2025-11-30 23:58:33,483 - BiLSTM_MERGE - INFO - [EXP] Época 500/500 - Loss: 0.028488
2025-11-30 23:58:33,483 - BiLSTM_MERGE - INFO - Treinamento concluído em 6.30 minutos
2025-11-30 23:58:33,801 - BiLSTM_MERGE - INFO - Calculando erro para o train
2025-11-30 23:58:33,804 - BiLSTM_MERGE - INFO - RMSE: 7.8820
2025-11-30 23:58:33,804 - BiLSTM_MERGE - INFO - MSE : 62.1266
2025-11-30 23:58:33,804 - BiLSTM_MERGE - INFO - MAE : 2.9951
2025-11-30 23:58:33,804 - BiLSTM_MERGE - INFO - CSI (thr=1.0 mm): 0.1062  [TP=403, FP=1053, FN=2339]
2025-11-30 23:58:33,804 - BiLSTM_MERGE - INFO - train_pred TRAIN mm min/max: 0.0, 118.4753847289231
2025-11-30 23:58:33,804 - BiLSTM_MERGE - INFO - train_TRUE TRAIN mm min/max: 0.0, 90.0624999957066
2025-11-30 23:58:33,804 - BiLSTM_MERGE - INFO -  Gerando gráficos TRAIN...
2025-11-30 23:58:34,238 - BiLSTM_MERGE - INFO -  Gráficos gerados TRAIN ...
2025-11-30 23:58:34,238 - BiLSTM_MERGE - INFO - Calculando erro para parte de teste
2025-11-30 23:58:34,240 - BiLSTM_MERGE - INFO - RMSE: 3.2289
2025-11-30 23:58:34,240 - BiLSTM_MERGE - INFO - MSE : 10.4255
2025-11-30 23:58:34,240 - BiLSTM_MERGE - INFO - MAE : 1.4066
2025-11-30 23:58:34,240 - BiLSTM_MERGE - INFO - CSI (thr=1.0 mm): 0.1429  [TP=1, FP=1, FN=5]
2025-11-30 23:58:34,240 - BiLSTM_MERGE - INFO - y_pred mm min/max: 0.0, 2.994958957048783
2025-11-30 23:58:34,240 - BiLSTM_MERGE - INFO - y_TRUE mm min/max: 0.0, 10.62500000066143
2025-11-30 23:58:34,240 - BiLSTM_MERGE - INFO -  Gerando gráficos...
2025-11-30 23:58:34,549 - BiLSTM_MERGE - INFO -  Gráficos gerados...
2025-11-30 23:58:34,550 - BiLSTM_MERGE - INFO - ==========================================================================================
2025-11-30 23:58:34,550 - BiLSTM_MERGE - INFO - Execução finalizada com sucesso.
2025-11-30 23:58:34,550 - BiLSTM_MERGE - INFO - Dispositivo utilizado: cuda
2025-11-30 23:58:34,550 - BiLSTM_MERGE - INFO - ==========================================================================================
2025-11-30 23:58:40,659 - LSTM_MERGE - INFO - ==========================================================================================
2025-11-30 23:58:40,659 - LSTM_MERGE - INFO - Iniciando script LSTM (PyTorch) MERGE com suporte a GPU e logs detalhados.
2025-11-30 23:58:40,659 - LSTM_MERGE - INFO - ==========================================================================================
2025-11-30 23:58:40,659 - LSTM_MERGE - INFO - Iniciando experimento: lookback=30, hidden_dim=256, layers=2, lr=0.001, drop=0.5
2025-11-30 23:58:40,670 - LSTM_MERGE - INFO - Shape treino: torch.Size([10082, 30, 1]), teste: torch.Size([30, 30, 1])
2025-11-30 23:58:40,676 - LSTM_MERGE - INFO - Treinando por 500 épocas...
2025-11-30 23:58:41,752 - LSTM_MERGE - INFO - [EXP] Época 1/500 - Loss: 0.035530
2025-11-30 23:59:26,946 - LSTM_MERGE - INFO - [EXP] Época 50/500 - Loss: 0.034239
2025-12-01 00:00:13,118 - LSTM_MERGE - INFO - [EXP] Época 100/500 - Loss: 0.034061
2025-12-01 00:00:59,034 - LSTM_MERGE - INFO - [EXP] Época 150/500 - Loss: 0.033577
2025-12-01 00:01:45,219 - LSTM_MERGE - INFO - [EXP] Época 200/500 - Loss: 0.033037
2025-12-01 00:02:31,744 - LSTM_MERGE - INFO - [EXP] Época 250/500 - Loss: 0.032551
2025-12-01 00:03:17,858 - LSTM_MERGE - INFO - [EXP] Época 300/500 - Loss: 0.031499
2025-12-01 00:04:03,867 - LSTM_MERGE - INFO - [EXP] Época 350/500 - Loss: 0.029704
2025-12-01 00:04:49,869 - LSTM_MERGE - INFO - [EXP] Época 400/500 - Loss: 0.027873
2025-12-01 00:05:36,398 - LSTM_MERGE - INFO - [EXP] Época 450/500 - Loss: 0.023860
2025-12-01 00:06:22,699 - LSTM_MERGE - INFO - [EXP] Época 500/500 - Loss: 0.021082
2025-12-01 00:06:22,699 - LSTM_MERGE - INFO - Treinamento concluído em 7.70 minutos
2025-12-01 00:06:22,929 - LSTM_MERGE - INFO - Calculando erro para o train
2025-12-01 00:06:22,932 - LSTM_MERGE - INFO - RMSE: 8.6181
2025-12-01 00:06:22,932 - LSTM_MERGE - INFO - MSE : 74.2722
2025-12-01 00:06:22,932 - LSTM_MERGE - INFO - MAE : 3.3889
2025-12-01 00:06:22,932 - LSTM_MERGE - INFO - CSI (thr=1.0 mm): 0.1064  [TP=402, FP=1036, FN=2340]
2025-12-01 00:06:22,932 - LSTM_MERGE - INFO - train_pred TRAIN mm min/max: 0.0, 94.1858889788193
2025-12-01 00:06:22,933 - LSTM_MERGE - INFO - train_TRUE TRAIN mm min/max: 0.0, 90.0624999957066
2025-12-01 00:06:22,933 - LSTM_MERGE - INFO -  Gerando gráficos TRAIN...
2025-12-01 00:06:23,373 - LSTM_MERGE - INFO -  Gráficos gerados TRAIN ...
2025-12-01 00:06:23,373 - LSTM_MERGE - INFO - Calculando erro para parte de teste
2025-12-01 00:06:23,375 - LSTM_MERGE - INFO - RMSE: 3.3519
2025-12-01 00:06:23,375 - LSTM_MERGE - INFO - MSE : 11.2350
2025-12-01 00:06:23,375 - LSTM_MERGE - INFO - MAE : 1.6217
2025-12-01 00:06:23,375 - LSTM_MERGE - INFO - CSI (thr=1.0 mm): 0.1429  [TP=1, FP=1, FN=5]
2025-12-01 00:06:23,376 - LSTM_MERGE - INFO - y_pred mm min/max: 0.0, 5.159993562601392
2025-12-01 00:06:23,376 - LSTM_MERGE - INFO - y_TRUE mm min/max: 0.0, 10.62500000066143
2025-12-01 00:06:23,376 - LSTM_MERGE - INFO -  Gerando gráficos...
2025-12-01 00:06:23,933 - LSTM_MERGE - INFO -  Gráficos gerados...
2025-12-01 00:06:23,934 - LSTM_MERGE - INFO - ==========================================================================================
2025-12-01 00:06:23,934 - LSTM_MERGE - INFO - Execução finalizada com sucesso.
2025-12-01 00:06:23,934 - LSTM_MERGE - INFO - Dispositivo utilizado: cuda
2025-12-01 00:06:23,934 - LSTM_MERGE - INFO - ==========================================================================================
2025-12-01 00:06:29,616 - BiLSTM_MERGE - INFO - ==========================================================================================
2025-12-01 00:06:29,616 - BiLSTM_MERGE - INFO - Iniciando script BILSTM (PyTorch) MERGE com suporte a GPU e logs detalhados.
2025-12-01 00:06:29,616 - BiLSTM_MERGE - INFO - ==========================================================================================
2025-12-01 00:06:29,616 - BiLSTM_MERGE - INFO - Iniciando experimento: lookback=30, hidden_dim=256, layers=2, lr=0.001, drop=0.5
2025-12-01 00:06:29,625 - BiLSTM_MERGE - INFO - Shape treino: torch.Size([10082, 30, 1]), teste: torch.Size([30, 30, 1])
2025-12-01 00:06:29,638 - BiLSTM_MERGE - INFO - Treinando por 500 épocas...
2025-12-01 00:06:31,118 - BiLSTM_MERGE - INFO - [EXP] Época 1/500 - Loss: 0.036191
2025-12-01 00:07:43,322 - BiLSTM_MERGE - INFO - [EXP] Época 50/500 - Loss: 0.033442
2025-12-01 00:08:56,900 - BiLSTM_MERGE - INFO - [EXP] Época 100/500 - Loss: 0.033374
2025-12-01 00:10:11,520 - BiLSTM_MERGE - INFO - [EXP] Época 150/500 - Loss: 0.033394
2025-12-01 00:11:26,631 - BiLSTM_MERGE - INFO - [EXP] Época 200/500 - Loss: 0.033127
2025-12-01 00:12:40,910 - BiLSTM_MERGE - INFO - [EXP] Época 250/500 - Loss: 0.033417
2025-12-01 00:13:53,885 - BiLSTM_MERGE - INFO - [EXP] Época 300/500 - Loss: 0.033280
2025-12-01 00:15:06,621 - BiLSTM_MERGE - INFO - [EXP] Época 350/500 - Loss: 0.033271
2025-12-01 00:16:20,551 - BiLSTM_MERGE - INFO - [EXP] Época 400/500 - Loss: 0.033280
2025-12-01 00:17:34,032 - BiLSTM_MERGE - INFO - [EXP] Época 450/500 - Loss: 0.033197
2025-12-01 00:18:48,100 - BiLSTM_MERGE - INFO - [EXP] Época 500/500 - Loss: 0.033201
2025-12-01 00:18:48,100 - BiLSTM_MERGE - INFO - Treinamento concluído em 12.31 minutos
2025-12-01 00:18:48,515 - BiLSTM_MERGE - INFO - Calculando erro para o train
2025-12-01 00:18:48,518 - BiLSTM_MERGE - INFO - RMSE: 7.2562
2025-12-01 00:18:48,518 - BiLSTM_MERGE - INFO - MSE : 52.6526
2025-12-01 00:18:48,518 - BiLSTM_MERGE - INFO - MAE : 2.7151
2025-12-01 00:18:48,518 - BiLSTM_MERGE - INFO - CSI (thr=1.0 mm): 0.1308  [TP=539, FP=1378, FN=2203]
2025-12-01 00:18:48,518 - BiLSTM_MERGE - INFO - train_pred TRAIN mm min/max: 0.0, 21.562845319412897
2025-12-01 00:18:48,518 - BiLSTM_MERGE - INFO - train_TRUE TRAIN mm min/max: 0.0, 90.0624999957066
2025-12-01 00:18:48,518 - BiLSTM_MERGE - INFO -  Gerando gráficos TRAIN...
2025-12-01 00:18:48,942 - BiLSTM_MERGE - INFO -  Gráficos gerados TRAIN ...
2025-12-01 00:18:48,942 - BiLSTM_MERGE - INFO - Calculando erro para parte de teste
2025-12-01 00:18:48,944 - BiLSTM_MERGE - INFO - RMSE: 3.2437
2025-12-01 00:18:48,944 - BiLSTM_MERGE - INFO - MSE : 10.5216
2025-12-01 00:18:48,944 - BiLSTM_MERGE - INFO - MAE : 1.4504
2025-12-01 00:18:48,944 - BiLSTM_MERGE - INFO - CSI (thr=1.0 mm): 0.1250  [TP=1, FP=2, FN=5]
2025-12-01 00:18:48,944 - BiLSTM_MERGE - INFO - y_pred mm min/max: 0.0, 2.123545400115012
2025-12-01 00:18:48,944 - BiLSTM_MERGE - INFO - y_TRUE mm min/max: 0.0, 10.62500000066143
2025-12-01 00:18:48,944 - BiLSTM_MERGE - INFO -  Gerando gráficos...
2025-12-01 00:18:49,258 - BiLSTM_MERGE - INFO -  Gráficos gerados...
2025-12-01 00:18:49,258 - BiLSTM_MERGE - INFO - ==========================================================================================
2025-12-01 00:18:49,258 - BiLSTM_MERGE - INFO - Execução finalizada com sucesso.
2025-12-01 00:18:49,258 - BiLSTM_MERGE - INFO - Dispositivo utilizado: cuda
2025-12-01 00:18:49,258 - BiLSTM_MERGE - INFO - ==========================================================================================
2025-12-01 00:18:55,374 - ARIMA_MERGE - INFO - ==========================================================================================
2025-12-01 00:18:55,374 - ARIMA_MERGE - INFO - Iniciando script ARIMA MERGE.
2025-12-01 00:18:55,374 - ARIMA_MERGE - INFO - ==========================================================================================
2025-12-01 00:18:55,376 - ARIMA_MERGE - INFO - Tamanho treino: 10113 | teste: 30
2025-12-01 00:18:55,376 - ARIMA_MERGE - INFO - [FASE 4] Iniciando busca manual por hiperparâmetros (AIC).
2025-12-01 00:30:56,652 - ARIMA_MERGE - INFO - Melhor order encontrado: (30, 0, 0)
2025-12-01 00:30:56,653 - ARIMA_MERGE - INFO - Melhor AIC (treino): -23571.78
2025-12-01 00:30:56,653 - ARIMA_MERGE - INFO - Tempo da Fase 4: 721.28s
2025-12-01 00:30:56,653 - ARIMA_MERGE - INFO - [FASE 5] Reajustando melhor modelo no conjunto de treino.
2025-12-01 00:32:21,035 - ARIMA_MERGE - INFO - Melhor modelo ajustado no treino.
2025-12-01 00:32:21,035 - ARIMA_MERGE - INFO - Tempo da Fase 5: 84.38s
2025-12-01 00:32:21,035 - ARIMA_MERGE - INFO - [FASE 6] Gerando previsões no conjunto de teste e avaliando métricas.
2025-12-01 00:32:21,039 - ARIMA_MERGE - INFO - RMSE: 6.7734
2025-12-01 00:32:21,039 - ARIMA_MERGE - INFO - MSE : 45.8787
2025-12-01 00:32:21,039 - ARIMA_MERGE - INFO - MAE : 3.4876
2025-12-01 00:32:21,039 - ARIMA_MERGE - INFO - CSI (thr=1.0 mm): 0.2724  [TP=2754, FP=7351, FN=4]
2025-12-01 00:32:21,039 - ARIMA_MERGE - INFO - [TREINO] RMSE=6.7734 | MSE=45.8787 | MAE=3.4876 | CSI=0.2724
2025-12-01 00:32:21,046 - ARIMA_MERGE - INFO - RMSE: 3.0177
2025-12-01 00:32:21,046 - ARIMA_MERGE - INFO - MSE : 9.1067
2025-12-01 00:32:21,046 - ARIMA_MERGE - INFO - MAE : 2.5906
2025-12-01 00:32:21,046 - ARIMA_MERGE - INFO - CSI (thr=1.0 mm): 0.2000  [TP=6, FP=24, FN=0]
2025-12-01 00:32:21,046 - ARIMA_MERGE - INFO - Tempo total da Fase 6: 0.01s
2025-12-01 00:32:21,046 - ARIMA_MERGE - INFO - [FASE 7] Salvando gráfico de previsão vs. observado.
2025-12-01 00:32:21,916 - ARIMA_MERGE - INFO - Gráfico salvo como 'arimaMERGE_result.png'.
2025-12-01 00:32:21,916 - ARIMA_MERGE - INFO - ==========================================================================================
2025-12-01 00:32:21,916 - ARIMA_MERGE - INFO - Execução ARIMA MERGE finalizada com sucesso.
2025-12-01 00:32:21,916 - ARIMA_MERGE - INFO - Tempo total de execução: 806.54s
2025-12-01 00:32:21,916 - ARIMA_MERGE - INFO - ==========================================================================================
2025-12-01 00:32:27,591 - RANDOM_FOREST_MERGE - INFO - ====================================================================================================
2025-12-01 00:32:27,591 - RANDOM_FOREST_MERGE - INFO - Iniciando Random Forest MERGE com GridSearchCV.
2025-12-01 00:32:27,591 - RANDOM_FOREST_MERGE - INFO - ====================================================================================================
2025-12-01 00:32:27,591 - RANDOM_FOREST_MERGE - INFO - [FASE 3] Split treino/teste e preparação.
2025-12-01 00:32:27,601 - RANDOM_FOREST_MERGE - INFO - [FASE 3] Treino: X=(10083, 30), y=10083 | Teste: X=(30, 30), y=30
2025-12-01 00:32:27,601 - RANDOM_FOREST_MERGE - INFO - [FASE 3] Tempo: 0.01s
2025-12-01 00:32:27,601 - RANDOM_FOREST_MERGE - INFO - [FASE 4] Iniciando GridSearchCV (TimeSeriesSplit).
2025-12-01 00:34:23,421 - RANDOM_FOREST_MERGE - INFO - [FASE 4] GridSearchCV concluído em 115.82s
2025-12-01 00:34:23,422 - RANDOM_FOREST_MERGE - INFO - [FASE 4] Melhores parâmetros: {'max_depth': None, 'max_features': 'sqrt', 'min_samples_leaf': 4, 'min_samples_split': 10, 'n_estimators': 400}
2025-12-01 00:34:23,422 - RANDOM_FOREST_MERGE - INFO - [FASE 4] Melhor score (neg_MSE): -44.966315
2025-12-01 00:34:23,423 - RANDOM_FOREST_MERGE - INFO - [FASE 4] Tempo: 115.82s
2025-12-01 00:34:23,423 - RANDOM_FOREST_MERGE - INFO - [FASE 5] Treinando best_estimator_ no conjunto de treino.
2025-12-01 00:34:24,211 - RANDOM_FOREST_MERGE - INFO - [FASE 5] Tempo: 0.79s
2025-12-01 00:34:24,211 - RANDOM_FOREST_MERGE - INFO - [FASE 6] Previsão e cálculo de métricas.
2025-12-01 00:34:24,276 - RANDOM_FOREST_MERGE - INFO - RMSE: 5.1608
2025-12-01 00:34:24,276 - RANDOM_FOREST_MERGE - INFO - MSE : 26.6336
2025-12-01 00:34:24,276 - RANDOM_FOREST_MERGE - INFO - MAE : 2.5502
2025-12-01 00:34:24,276 - RANDOM_FOREST_MERGE - INFO - CSI (thr=1.0 mm): 0.3691  [TP=2706, FP=4580, FN=45]
2025-12-01 00:34:24,276 - RANDOM_FOREST_MERGE - INFO - [TREINO] RMSE=5.1608 | MSE=26.6336 | MAE=2.5502 | CSI=0.3691
2025-12-01 00:34:24,310 - RANDOM_FOREST_MERGE - INFO - y_pred raw min/max: 0.4113597184925332, 6.764372335906768
2025-12-01 00:34:24,310 - RANDOM_FOREST_MERGE - INFO - y_TRUE raw min/max: 0.0, 10.62500000066143
2025-12-01 00:34:24,311 - RANDOM_FOREST_MERGE - INFO - RMSE: 3.0398
2025-12-01 00:34:24,311 - RANDOM_FOREST_MERGE - INFO - MSE : 9.2406
2025-12-01 00:34:24,311 - RANDOM_FOREST_MERGE - INFO - MAE : 1.9900
2025-12-01 00:34:24,311 - RANDOM_FOREST_MERGE - INFO - CSI (thr=1.0 mm): 0.1905  [TP=4, FP=15, FN=2]
2025-12-01 00:34:24,311 - RANDOM_FOREST_MERGE - INFO - [FASE 7] Gerando gráficos.
2025-12-01 00:34:25,023 - RANDOM_FOREST_MERGE - INFO - Gráfico salvo como 'random_forest_MERGE.png'.
2025-12-01 00:34:25,023 - RANDOM_FOREST_MERGE - INFO - [FASE 7] Tempo: 0.71s
2025-12-01 00:34:25,023 - RANDOM_FOREST_MERGE - INFO - ====================================================================================================
2025-12-01 00:34:25,023 - RANDOM_FOREST_MERGE - INFO - Resumo Final
2025-12-01 00:34:25,023 - RANDOM_FOREST_MERGE - INFO - Melhores parâmetros: {'max_depth': None, 'max_features': 'sqrt', 'min_samples_leaf': 4, 'min_samples_split': 10, 'n_estimators': 400}
2025-12-01 00:34:25,023 - RANDOM_FOREST_MERGE - INFO - Tempo total de execução: 117.43s
2025-12-01 00:34:25,024 - RANDOM_FOREST_MERGE - INFO - ====================================================================================================
2025-12-01 00:34:30,703 - LSTM_MERGE - INFO - ==========================================================================================
2025-12-01 00:34:30,703 - LSTM_MERGE - INFO - Iniciando script LSTM (PyTorch) MERGE com suporte a GPU e logs detalhados.
2025-12-01 00:34:30,703 - LSTM_MERGE - INFO - ==========================================================================================
2025-12-01 00:34:30,703 - LSTM_MERGE - INFO - Iniciando experimento: lookback=30, hidden_dim=32, layers=2, lr=0.001, drop=0.5
2025-12-01 00:34:30,716 - LSTM_MERGE - INFO - Shape treino: torch.Size([10082, 30, 1]), teste: torch.Size([30, 30, 1])
2025-12-01 00:34:30,718 - LSTM_MERGE - INFO - Treinando por 500 épocas...
2025-12-01 00:34:31,291 - LSTM_MERGE - INFO - [EXP] Época 1/500 - Loss: 0.039086
2025-12-01 00:34:59,178 - LSTM_MERGE - INFO - [EXP] Época 50/500 - Loss: 0.033996
2025-12-01 00:35:27,151 - LSTM_MERGE - INFO - [EXP] Época 100/500 - Loss: 0.033449
2025-12-01 00:35:55,101 - LSTM_MERGE - INFO - [EXP] Época 150/500 - Loss: 0.033389
2025-12-01 00:36:23,493 - LSTM_MERGE - INFO - [EXP] Época 200/500 - Loss: 0.033489
2025-12-01 00:36:51,915 - LSTM_MERGE - INFO - [EXP] Época 250/500 - Loss: 0.032739
2025-12-01 00:37:20,306 - LSTM_MERGE - INFO - [EXP] Época 300/500 - Loss: 0.032167
2025-12-01 00:37:48,710 - LSTM_MERGE - INFO - [EXP] Época 350/500 - Loss: 0.031486
2025-12-01 00:38:17,227 - LSTM_MERGE - INFO - [EXP] Época 400/500 - Loss: 0.031083
2025-12-01 00:38:45,679 - LSTM_MERGE - INFO - [EXP] Época 450/500 - Loss: 0.030602
2025-12-01 00:39:14,149 - LSTM_MERGE - INFO - [EXP] Época 500/500 - Loss: 0.029265
2025-12-01 00:39:14,149 - LSTM_MERGE - INFO - Treinamento concluído em 4.72 minutos
2025-12-01 00:39:14,225 - LSTM_MERGE - INFO - Calculando erro para o train
2025-12-01 00:39:14,228 - LSTM_MERGE - INFO - RMSE: 7.7483
2025-12-01 00:39:14,228 - LSTM_MERGE - INFO - MSE : 60.0361
2025-12-01 00:39:14,228 - LSTM_MERGE - INFO - MAE : 2.9289
2025-12-01 00:39:14,228 - LSTM_MERGE - INFO - CSI (thr=1.0 mm): 0.1032  [TP=383, FP=969, FN=2359]
2025-12-01 00:39:14,228 - LSTM_MERGE - INFO - train_pred TRAIN mm min/max: 0.0, 87.75448287977663
2025-12-01 00:39:14,228 - LSTM_MERGE - INFO - train_TRUE TRAIN mm min/max: 0.0, 90.0624999957066
2025-12-01 00:39:14,228 - LSTM_MERGE - INFO -  Gerando gráficos TRAIN...
2025-12-01 00:39:14,611 - LSTM_MERGE - INFO -  Gráficos gerados TRAIN ...
2025-12-01 00:39:14,611 - LSTM_MERGE - INFO - Calculando erro para parte de teste
2025-12-01 00:39:14,613 - LSTM_MERGE - INFO - RMSE: 3.2297
2025-12-01 00:39:14,613 - LSTM_MERGE - INFO - MSE : 10.4308
2025-12-01 00:39:14,613 - LSTM_MERGE - INFO - MAE : 1.4204
2025-12-01 00:39:14,613 - LSTM_MERGE - INFO - CSI (thr=1.0 mm): 0.1429  [TP=1, FP=1, FN=5]
2025-12-01 00:39:14,613 - LSTM_MERGE - INFO - y_pred mm min/max: 0.0, 2.972660025207176
2025-12-01 00:39:14,614 - LSTM_MERGE - INFO - y_TRUE mm min/max: 0.0, 10.62500000066143
2025-12-01 00:39:14,614 - LSTM_MERGE - INFO -  Gerando gráficos...
2025-12-01 00:39:14,912 - LSTM_MERGE - INFO -  Gráficos gerados...
2025-12-01 00:39:14,912 - LSTM_MERGE - INFO - ==========================================================================================
2025-12-01 00:39:14,912 - LSTM_MERGE - INFO - Execução finalizada com sucesso.
2025-12-01 00:39:14,912 - LSTM_MERGE - INFO - Dispositivo utilizado: cuda
2025-12-01 00:39:14,912 - LSTM_MERGE - INFO - ==========================================================================================
2025-12-01 00:39:20,622 - BiLSTM_MERGE - INFO - ==========================================================================================
2025-12-01 00:39:20,623 - BiLSTM_MERGE - INFO - Iniciando script BILSTM (PyTorch) MERGE com suporte a GPU e logs detalhados.
2025-12-01 00:39:20,623 - BiLSTM_MERGE - INFO - ==========================================================================================
2025-12-01 00:39:20,623 - BiLSTM_MERGE - INFO - Iniciando experimento: lookback=30, hidden_dim=32, layers=2, lr=0.001, drop=0.5
2025-12-01 00:39:20,631 - BiLSTM_MERGE - INFO - Shape treino: torch.Size([10082, 30, 1]), teste: torch.Size([30, 30, 1])
2025-12-01 00:39:20,647 - BiLSTM_MERGE - INFO - Treinando por 500 épocas...
2025-12-01 00:39:21,387 - BiLSTM_MERGE - INFO - [EXP] Época 1/500 - Loss: 0.038578
2025-12-01 00:39:57,123 - BiLSTM_MERGE - INFO - [EXP] Época 50/500 - Loss: 0.033490
2025-12-01 00:40:34,181 - BiLSTM_MERGE - INFO - [EXP] Época 100/500 - Loss: 0.034004
2025-12-01 00:41:11,374 - BiLSTM_MERGE - INFO - [EXP] Época 150/500 - Loss: 0.033500
2025-12-01 00:41:48,550 - BiLSTM_MERGE - INFO - [EXP] Época 200/500 - Loss: 0.033437
2025-12-01 00:42:25,230 - BiLSTM_MERGE - INFO - [EXP] Época 250/500 - Loss: 0.033417
2025-12-01 00:43:02,436 - BiLSTM_MERGE - INFO - [EXP] Época 300/500 - Loss: 0.033450
2025-12-01 00:43:39,634 - BiLSTM_MERGE - INFO - [EXP] Época 350/500 - Loss: 0.033257
2025-12-01 00:44:17,259 - BiLSTM_MERGE - INFO - [EXP] Época 400/500 - Loss: 0.034056
2025-12-01 00:44:55,012 - BiLSTM_MERGE - INFO - [EXP] Época 450/500 - Loss: 0.033235
2025-12-01 00:45:32,771 - BiLSTM_MERGE - INFO - [EXP] Época 500/500 - Loss: 0.033078
2025-12-01 00:45:32,771 - BiLSTM_MERGE - INFO - Treinamento concluído em 6.20 minutos
2025-12-01 00:45:32,864 - BiLSTM_MERGE - INFO - Calculando erro para o train
2025-12-01 00:45:32,866 - BiLSTM_MERGE - INFO - RMSE: 7.3521
2025-12-01 00:45:32,866 - BiLSTM_MERGE - INFO - MSE : 54.0528
2025-12-01 00:45:32,866 - BiLSTM_MERGE - INFO - MAE : 2.7930
2025-12-01 00:45:32,867 - BiLSTM_MERGE - INFO - CSI (thr=1.0 mm): 0.1217  [TP=488, FP=1267, FN=2254]
2025-12-01 00:45:32,867 - BiLSTM_MERGE - INFO - train_pred TRAIN mm min/max: 0.0, 72.64498997133369
2025-12-01 00:45:32,867 - BiLSTM_MERGE - INFO - train_TRUE TRAIN mm min/max: 0.0, 90.0624999957066
2025-12-01 00:45:32,867 - BiLSTM_MERGE - INFO -  Gerando gráficos TRAIN...
2025-12-01 00:45:33,315 - BiLSTM_MERGE - INFO -  Gráficos gerados TRAIN ...
2025-12-01 00:45:33,315 - BiLSTM_MERGE - INFO - Calculando erro para parte de teste
2025-12-01 00:45:33,317 - BiLSTM_MERGE - INFO - RMSE: 3.2457
2025-12-01 00:45:33,317 - BiLSTM_MERGE - INFO - MSE : 10.5343
2025-12-01 00:45:33,317 - BiLSTM_MERGE - INFO - MAE : 1.4748
2025-12-01 00:45:33,317 - BiLSTM_MERGE - INFO - CSI (thr=1.0 mm): 0.1250  [TP=1, FP=2, FN=5]
2025-12-01 00:45:33,318 - BiLSTM_MERGE - INFO - y_pred mm min/max: 0.0, 3.077167039357582
2025-12-01 00:45:33,318 - BiLSTM_MERGE - INFO - y_TRUE mm min/max: 0.0, 10.62500000066143
2025-12-01 00:45:33,318 - BiLSTM_MERGE - INFO -  Gerando gráficos...
2025-12-01 00:45:33,625 - BiLSTM_MERGE - INFO -  Gráficos gerados...
2025-12-01 00:45:33,626 - BiLSTM_MERGE - INFO - ==========================================================================================
2025-12-01 00:45:33,626 - BiLSTM_MERGE - INFO - Execução finalizada com sucesso.
2025-12-01 00:45:33,626 - BiLSTM_MERGE - INFO - Dispositivo utilizado: cuda
2025-12-01 00:45:33,626 - BiLSTM_MERGE - INFO - ==========================================================================================
2025-12-01 00:45:39,710 - LSTM_MERGE - INFO - ==========================================================================================
2025-12-01 00:45:39,710 - LSTM_MERGE - INFO - Iniciando script LSTM (PyTorch) MERGE com suporte a GPU e logs detalhados.
2025-12-01 00:45:39,710 - LSTM_MERGE - INFO - ==========================================================================================
2025-12-01 00:45:39,710 - LSTM_MERGE - INFO - Iniciando experimento: lookback=30, hidden_dim=64, layers=2, lr=0.001, drop=0.5
2025-12-01 00:45:39,722 - LSTM_MERGE - INFO - Shape treino: torch.Size([10082, 30, 1]), teste: torch.Size([30, 30, 1])
2025-12-01 00:45:39,723 - LSTM_MERGE - INFO - Treinando por 500 épocas...
2025-12-01 00:45:40,293 - LSTM_MERGE - INFO - [EXP] Época 1/500 - Loss: 0.035523
2025-12-01 00:46:08,189 - LSTM_MERGE - INFO - [EXP] Época 50/500 - Loss: 0.033468
2025-12-01 00:46:36,711 - LSTM_MERGE - INFO - [EXP] Época 100/500 - Loss: 0.033307
2025-12-01 00:47:05,458 - LSTM_MERGE - INFO - [EXP] Época 150/500 - Loss: 0.033443
2025-12-01 00:47:34,380 - LSTM_MERGE - INFO - [EXP] Época 200/500 - Loss: 0.033363
2025-12-01 00:48:03,353 - LSTM_MERGE - INFO - [EXP] Época 250/500 - Loss: 0.033089
2025-12-01 00:48:32,383 - LSTM_MERGE - INFO - [EXP] Época 300/500 - Loss: 0.032782
2025-12-01 00:49:01,511 - LSTM_MERGE - INFO - [EXP] Época 350/500 - Loss: 0.031950
2025-12-01 00:49:30,569 - LSTM_MERGE - INFO - [EXP] Época 400/500 - Loss: 0.030802
2025-12-01 00:49:59,512 - LSTM_MERGE - INFO - [EXP] Época 450/500 - Loss: 0.029598
2025-12-01 00:50:28,496 - LSTM_MERGE - INFO - [EXP] Época 500/500 - Loss: 0.027852
2025-12-01 00:50:28,496 - LSTM_MERGE - INFO - Treinamento concluído em 4.81 minutos
2025-12-01 00:50:28,575 - LSTM_MERGE - INFO - Calculando erro para o train
2025-12-01 00:50:28,578 - LSTM_MERGE - INFO - RMSE: 7.8669
2025-12-01 00:50:28,578 - LSTM_MERGE - INFO - MSE : 61.8884
2025-12-01 00:50:28,578 - LSTM_MERGE - INFO - MAE : 3.0354
2025-12-01 00:50:28,578 - LSTM_MERGE - INFO - CSI (thr=1.0 mm): 0.1175  [TP=462, FP=1189, FN=2280]
2025-12-01 00:50:28,578 - LSTM_MERGE - INFO - train_pred TRAIN mm min/max: 0.0, 83.42299782087082
2025-12-01 00:50:28,578 - LSTM_MERGE - INFO - train_TRUE TRAIN mm min/max: 0.0, 90.0624999957066
2025-12-01 00:50:28,578 - LSTM_MERGE - INFO -  Gerando gráficos TRAIN...
2025-12-01 00:50:29,011 - LSTM_MERGE - INFO -  Gráficos gerados TRAIN ...
2025-12-01 00:50:29,011 - LSTM_MERGE - INFO - Calculando erro para parte de teste
2025-12-01 00:50:29,013 - LSTM_MERGE - INFO - RMSE: 3.2346
2025-12-01 00:50:29,013 - LSTM_MERGE - INFO - MSE : 10.4624
2025-12-01 00:50:29,013 - LSTM_MERGE - INFO - MAE : 1.4768
2025-12-01 00:50:29,013 - LSTM_MERGE - INFO - CSI (thr=1.0 mm): 0.1429  [TP=1, FP=1, FN=5]
2025-12-01 00:50:29,013 - LSTM_MERGE - INFO - y_pred mm min/max: 0.015106164995093612, 3.2432258558310476
2025-12-01 00:50:29,013 - LSTM_MERGE - INFO - y_TRUE mm min/max: 0.0, 10.62500000066143
2025-12-01 00:50:29,013 - LSTM_MERGE - INFO -  Gerando gráficos...
2025-12-01 00:50:29,333 - LSTM_MERGE - INFO -  Gráficos gerados...
2025-12-01 00:50:29,333 - LSTM_MERGE - INFO - ==========================================================================================
2025-12-01 00:50:29,333 - LSTM_MERGE - INFO - Execução finalizada com sucesso.
2025-12-01 00:50:29,333 - LSTM_MERGE - INFO - Dispositivo utilizado: cuda
2025-12-01 00:50:29,333 - LSTM_MERGE - INFO - ==========================================================================================
2025-12-01 00:50:34,983 - BiLSTM_MERGE - INFO - ==========================================================================================
2025-12-01 00:50:34,983 - BiLSTM_MERGE - INFO - Iniciando script BILSTM (PyTorch) MERGE com suporte a GPU e logs detalhados.
2025-12-01 00:50:34,983 - BiLSTM_MERGE - INFO - ==========================================================================================
2025-12-01 00:50:34,984 - BiLSTM_MERGE - INFO - Iniciando experimento: lookback=30, hidden_dim=64, layers=2, lr=0.001, drop=0.5
2025-12-01 00:50:34,995 - BiLSTM_MERGE - INFO - Shape treino: torch.Size([10082, 30, 1]), teste: torch.Size([30, 30, 1])
2025-12-01 00:50:34,998 - BiLSTM_MERGE - INFO - Treinando por 500 épocas...
2025-12-01 00:50:35,737 - BiLSTM_MERGE - INFO - [EXP] Época 1/500 - Loss: 0.039263
2025-12-01 00:51:12,172 - BiLSTM_MERGE - INFO - [EXP] Época 50/500 - Loss: 0.033473
2025-12-01 00:51:49,364 - BiLSTM_MERGE - INFO - [EXP] Época 100/500 - Loss: 0.033506
2025-12-01 00:52:26,549 - BiLSTM_MERGE - INFO - [EXP] Época 150/500 - Loss: 0.033350
2025-12-01 00:53:03,747 - BiLSTM_MERGE - INFO - [EXP] Época 200/500 - Loss: 0.032952
2025-12-01 00:53:40,933 - BiLSTM_MERGE - INFO - [EXP] Época 250/500 - Loss: 0.033771
2025-12-01 00:54:18,122 - BiLSTM_MERGE - INFO - [EXP] Época 300/500 - Loss: 0.033090
2025-12-01 00:54:55,327 - BiLSTM_MERGE - INFO - [EXP] Época 350/500 - Loss: 0.032443
2025-12-01 00:55:32,592 - BiLSTM_MERGE - INFO - [EXP] Época 400/500 - Loss: 0.031827
2025-12-01 00:56:10,218 - BiLSTM_MERGE - INFO - [EXP] Época 450/500 - Loss: 0.030779
2025-12-01 00:56:47,841 - BiLSTM_MERGE - INFO - [EXP] Época 500/500 - Loss: 0.029778
2025-12-01 00:56:47,841 - BiLSTM_MERGE - INFO - Treinamento concluído em 6.21 minutos
2025-12-01 00:56:47,967 - BiLSTM_MERGE - INFO - Calculando erro para o train
2025-12-01 00:56:47,970 - BiLSTM_MERGE - INFO - RMSE: 7.6943
2025-12-01 00:56:47,970 - BiLSTM_MERGE - INFO - MSE : 59.2027
2025-12-01 00:56:47,970 - BiLSTM_MERGE - INFO - MAE : 2.9074
2025-12-01 00:56:47,970 - BiLSTM_MERGE - INFO - CSI (thr=1.0 mm): 0.1069  [TP=409, FP=1083, FN=2333]
2025-12-01 00:56:47,970 - BiLSTM_MERGE - INFO - train_pred TRAIN mm min/max: 0.0, 111.11766792304093
2025-12-01 00:56:47,970 - BiLSTM_MERGE - INFO - train_TRUE TRAIN mm min/max: 0.0, 90.0624999957066
2025-12-01 00:56:47,970 - BiLSTM_MERGE - INFO -  Gerando gráficos TRAIN...
2025-12-01 00:56:48,379 - BiLSTM_MERGE - INFO -  Gráficos gerados TRAIN ...
2025-12-01 00:56:48,379 - BiLSTM_MERGE - INFO - Calculando erro para parte de teste
2025-12-01 00:56:48,381 - BiLSTM_MERGE - INFO - RMSE: 3.2195
2025-12-01 00:56:48,381 - BiLSTM_MERGE - INFO - MSE : 10.3650
2025-12-01 00:56:48,381 - BiLSTM_MERGE - INFO - MAE : 1.3980
2025-12-01 00:56:48,381 - BiLSTM_MERGE - INFO - CSI (thr=1.0 mm): 0.1250  [TP=1, FP=2, FN=5]
2025-12-01 00:56:48,381 - BiLSTM_MERGE - INFO - y_pred mm min/max: 0.011120465365290436, 2.281474331285077
2025-12-01 00:56:48,381 - BiLSTM_MERGE - INFO - y_TRUE mm min/max: 0.0, 10.62500000066143
2025-12-01 00:56:48,381 - BiLSTM_MERGE - INFO -  Gerando gráficos...
2025-12-01 00:56:48,688 - BiLSTM_MERGE - INFO -  Gráficos gerados...
2025-12-01 00:56:48,688 - BiLSTM_MERGE - INFO - ==========================================================================================
2025-12-01 00:56:48,688 - BiLSTM_MERGE - INFO - Execução finalizada com sucesso.
2025-12-01 00:56:48,688 - BiLSTM_MERGE - INFO - Dispositivo utilizado: cuda
2025-12-01 00:56:48,688 - BiLSTM_MERGE - INFO - ==========================================================================================
2025-12-01 00:56:54,837 - LSTM_MERGE - INFO - ==========================================================================================
2025-12-01 00:56:54,838 - LSTM_MERGE - INFO - Iniciando script LSTM (PyTorch) MERGE com suporte a GPU e logs detalhados.
2025-12-01 00:56:54,838 - LSTM_MERGE - INFO - ==========================================================================================
2025-12-01 00:56:54,838 - LSTM_MERGE - INFO - Iniciando experimento: lookback=30, hidden_dim=128, layers=2, lr=0.001, drop=0.5
2025-12-01 00:56:54,849 - LSTM_MERGE - INFO - Shape treino: torch.Size([10082, 30, 1]), teste: torch.Size([30, 30, 1])
2025-12-01 00:56:54,864 - LSTM_MERGE - INFO - Treinando por 500 épocas...
2025-12-01 00:56:55,440 - LSTM_MERGE - INFO - [EXP] Época 1/500 - Loss: 0.035660
2025-12-01 00:57:23,527 - LSTM_MERGE - INFO - [EXP] Época 50/500 - Loss: 0.033478
2025-12-01 00:57:51,964 - LSTM_MERGE - INFO - [EXP] Época 100/500 - Loss: 0.033398
2025-12-01 00:58:20,618 - LSTM_MERGE - INFO - [EXP] Época 150/500 - Loss: 0.033241
2025-12-01 00:58:48,879 - LSTM_MERGE - INFO - [EXP] Época 200/500 - Loss: 0.033127
2025-12-01 00:59:17,185 - LSTM_MERGE - INFO - [EXP] Época 250/500 - Loss: 0.032201
2025-12-01 00:59:45,630 - LSTM_MERGE - INFO - [EXP] Época 300/500 - Loss: 0.030878
2025-12-01 01:00:15,214 - LSTM_MERGE - INFO - [EXP] Época 350/500 - Loss: 0.028774
2025-12-01 01:00:43,370 - LSTM_MERGE - INFO - [EXP] Época 400/500 - Loss: 0.027134
2025-12-01 01:01:11,650 - LSTM_MERGE - INFO - [EXP] Época 450/500 - Loss: 0.025343
2025-12-01 01:01:40,195 - LSTM_MERGE - INFO - [EXP] Época 500/500 - Loss: 0.022891
2025-12-01 01:01:40,195 - LSTM_MERGE - INFO - Treinamento concluído em 4.76 minutos
2025-12-01 01:01:40,367 - LSTM_MERGE - INFO - Calculando erro para o train
2025-12-01 01:01:40,369 - LSTM_MERGE - INFO - RMSE: 8.3955
2025-12-01 01:01:40,370 - LSTM_MERGE - INFO - MSE : 70.4838
2025-12-01 01:01:40,370 - LSTM_MERGE - INFO - MAE : 3.2850
2025-12-01 01:01:40,370 - LSTM_MERGE - INFO - CSI (thr=1.0 mm): 0.1078  [TP=413, FP=1090, FN=2329]
2025-12-01 01:01:40,370 - LSTM_MERGE - INFO - train_pred TRAIN mm min/max: 0.0, 90.6119938822108
2025-12-01 01:01:40,370 - LSTM_MERGE - INFO - train_TRUE TRAIN mm min/max: 0.0, 90.0624999957066
2025-12-01 01:01:40,370 - LSTM_MERGE - INFO -  Gerando gráficos TRAIN...
2025-12-01 01:01:40,807 - LSTM_MERGE - INFO -  Gráficos gerados TRAIN ...
2025-12-01 01:01:40,807 - LSTM_MERGE - INFO - Calculando erro para parte de teste
2025-12-01 01:01:40,809 - LSTM_MERGE - INFO - RMSE: 3.2232
2025-12-01 01:01:40,809 - LSTM_MERGE - INFO - MSE : 10.3889
2025-12-01 01:01:40,809 - LSTM_MERGE - INFO - MAE : 1.4425
2025-12-01 01:01:40,809 - LSTM_MERGE - INFO - CSI (thr=1.0 mm): 0.1429  [TP=1, FP=1, FN=5]
2025-12-01 01:01:40,809 - LSTM_MERGE - INFO - y_pred mm min/max: 0.0, 3.726795251769235
2025-12-01 01:01:40,809 - LSTM_MERGE - INFO - y_TRUE mm min/max: 0.0, 10.62500000066143
2025-12-01 01:01:40,809 - LSTM_MERGE - INFO -  Gerando gráficos...
2025-12-01 01:01:41,133 - LSTM_MERGE - INFO -  Gráficos gerados...
2025-12-01 01:01:41,133 - LSTM_MERGE - INFO - ==========================================================================================
2025-12-01 01:01:41,133 - LSTM_MERGE - INFO - Execução finalizada com sucesso.
2025-12-01 01:01:41,133 - LSTM_MERGE - INFO - Dispositivo utilizado: cuda
2025-12-01 01:01:41,133 - LSTM_MERGE - INFO - ==========================================================================================
2025-12-01 01:01:46,683 - BiLSTM_MERGE - INFO - ==========================================================================================
2025-12-01 01:01:46,683 - BiLSTM_MERGE - INFO - Iniciando script BILSTM (PyTorch) MERGE com suporte a GPU e logs detalhados.
2025-12-01 01:01:46,683 - BiLSTM_MERGE - INFO - ==========================================================================================
2025-12-01 01:01:46,683 - BiLSTM_MERGE - INFO - Iniciando experimento: lookback=30, hidden_dim=128, layers=2, lr=0.001, drop=0.5
2025-12-01 01:01:46,691 - BiLSTM_MERGE - INFO - Shape treino: torch.Size([10082, 30, 1]), teste: torch.Size([30, 30, 1])
2025-12-01 01:01:46,697 - BiLSTM_MERGE - INFO - Treinando por 500 épocas...
2025-12-01 01:01:47,458 - BiLSTM_MERGE - INFO - [EXP] Época 1/500 - Loss: 0.036336
2025-12-01 01:02:24,590 - BiLSTM_MERGE - INFO - [EXP] Época 50/500 - Loss: 0.033470
2025-12-01 01:03:02,151 - BiLSTM_MERGE - INFO - [EXP] Época 100/500 - Loss: 0.033389
2025-12-01 01:03:39,601 - BiLSTM_MERGE - INFO - [EXP] Época 150/500 - Loss: 0.033202
2025-12-01 01:04:17,194 - BiLSTM_MERGE - INFO - [EXP] Época 200/500 - Loss: 0.033244
2025-12-01 01:04:55,100 - BiLSTM_MERGE - INFO - [EXP] Época 250/500 - Loss: 0.032895
2025-12-01 01:05:33,032 - BiLSTM_MERGE - INFO - [EXP] Época 300/500 - Loss: 0.033539
2025-12-01 01:06:10,721 - BiLSTM_MERGE - INFO - [EXP] Época 350/500 - Loss: 0.032775
2025-12-01 01:06:48,211 - BiLSTM_MERGE - INFO - [EXP] Época 400/500 - Loss: 0.032310
2025-12-01 01:07:25,671 - BiLSTM_MERGE - INFO - [EXP] Época 450/500 - Loss: 0.031955
2025-12-01 01:08:03,146 - BiLSTM_MERGE - INFO - [EXP] Época 500/500 - Loss: 0.030712
2025-12-01 01:08:03,146 - BiLSTM_MERGE - INFO - Treinamento concluído em 6.27 minutos
2025-12-01 01:08:03,464 - BiLSTM_MERGE - INFO - Calculando erro para o train
2025-12-01 01:08:03,467 - BiLSTM_MERGE - INFO - RMSE: 7.6378
2025-12-01 01:08:03,467 - BiLSTM_MERGE - INFO - MSE : 58.3359
2025-12-01 01:08:03,467 - BiLSTM_MERGE - INFO - MAE : 2.9386
2025-12-01 01:08:03,467 - BiLSTM_MERGE - INFO - CSI (thr=1.0 mm): 0.1164  [TP=459, FP=1202, FN=2283]
2025-12-01 01:08:03,467 - BiLSTM_MERGE - INFO - train_pred TRAIN mm min/max: 0.0, 77.32823872570118
2025-12-01 01:08:03,467 - BiLSTM_MERGE - INFO - train_TRUE TRAIN mm min/max: 0.0, 90.0624999957066
2025-12-01 01:08:03,467 - BiLSTM_MERGE - INFO -  Gerando gráficos TRAIN...
2025-12-01 01:08:03,909 - BiLSTM_MERGE - INFO -  Gráficos gerados TRAIN ...
2025-12-01 01:08:03,909 - BiLSTM_MERGE - INFO - Calculando erro para parte de teste
2025-12-01 01:08:03,911 - BiLSTM_MERGE - INFO - RMSE: 3.2180
2025-12-01 01:08:03,911 - BiLSTM_MERGE - INFO - MSE : 10.3557
2025-12-01 01:08:03,911 - BiLSTM_MERGE - INFO - MAE : 1.4184
2025-12-01 01:08:03,911 - BiLSTM_MERGE - INFO - CSI (thr=1.0 mm): 0.1429  [TP=1, FP=1, FN=5]
2025-12-01 01:08:03,911 - BiLSTM_MERGE - INFO - y_pred mm min/max: 0.013328687029844672, 2.7204742140469587
2025-12-01 01:08:03,911 - BiLSTM_MERGE - INFO - y_TRUE mm min/max: 0.0, 10.62500000066143
2025-12-01 01:08:03,911 - BiLSTM_MERGE - INFO -  Gerando gráficos...
2025-12-01 01:08:04,237 - BiLSTM_MERGE - INFO -  Gráficos gerados...
2025-12-01 01:08:04,237 - BiLSTM_MERGE - INFO - ==========================================================================================
2025-12-01 01:08:04,237 - BiLSTM_MERGE - INFO - Execução finalizada com sucesso.
2025-12-01 01:08:04,237 - BiLSTM_MERGE - INFO - Dispositivo utilizado: cuda
2025-12-01 01:08:04,237 - BiLSTM_MERGE - INFO - ==========================================================================================
2025-12-01 01:08:10,312 - LSTM_MERGE - INFO - ==========================================================================================
2025-12-01 01:08:10,313 - LSTM_MERGE - INFO - Iniciando script LSTM (PyTorch) MERGE com suporte a GPU e logs detalhados.
2025-12-01 01:08:10,313 - LSTM_MERGE - INFO - ==========================================================================================
2025-12-01 01:08:10,313 - LSTM_MERGE - INFO - Iniciando experimento: lookback=30, hidden_dim=256, layers=2, lr=0.001, drop=0.5
2025-12-01 01:08:10,324 - LSTM_MERGE - INFO - Shape treino: torch.Size([10082, 30, 1]), teste: torch.Size([30, 30, 1])
2025-12-01 01:08:10,329 - LSTM_MERGE - INFO - Treinando por 500 épocas...
2025-12-01 01:08:11,262 - LSTM_MERGE - INFO - [EXP] Época 1/500 - Loss: 0.035723
2025-12-01 01:08:56,714 - LSTM_MERGE - INFO - [EXP] Época 50/500 - Loss: 0.033807
2025-12-01 01:09:42,723 - LSTM_MERGE - INFO - [EXP] Época 100/500 - Loss: 0.033318
2025-12-01 01:10:28,874 - LSTM_MERGE - INFO - [EXP] Época 150/500 - Loss: 0.032952
2025-12-01 01:11:14,840 - LSTM_MERGE - INFO - [EXP] Época 200/500 - Loss: 0.032521
2025-12-01 01:12:01,099 - LSTM_MERGE - INFO - [EXP] Época 250/500 - Loss: 0.032159
2025-12-01 01:12:47,273 - LSTM_MERGE - INFO - [EXP] Época 300/500 - Loss: 0.031704
2025-12-01 01:13:33,365 - LSTM_MERGE - INFO - [EXP] Época 350/500 - Loss: 0.030285
2025-12-01 01:14:19,482 - LSTM_MERGE - INFO - [EXP] Época 400/500 - Loss: 0.028743
2025-12-01 01:15:05,608 - LSTM_MERGE - INFO - [EXP] Época 450/500 - Loss: 0.027527
2025-12-01 01:15:51,753 - LSTM_MERGE - INFO - [EXP] Época 500/500 - Loss: 0.026109
2025-12-01 01:15:51,753 - LSTM_MERGE - INFO - Treinamento concluído em 7.69 minutos
2025-12-01 01:15:51,979 - LSTM_MERGE - INFO - Calculando erro para o train
2025-12-01 01:15:51,982 - LSTM_MERGE - INFO - RMSE: 8.2172
2025-12-01 01:15:51,982 - LSTM_MERGE - INFO - MSE : 67.5231
2025-12-01 01:15:51,982 - LSTM_MERGE - INFO - MAE : 3.1380
2025-12-01 01:15:51,982 - LSTM_MERGE - INFO - CSI (thr=1.0 mm): 0.1100  [TP=419, FP=1067, FN=2323]
2025-12-01 01:15:51,982 - LSTM_MERGE - INFO - train_pred TRAIN mm min/max: 0.0, 86.88255146476698
2025-12-01 01:15:51,982 - LSTM_MERGE - INFO - train_TRUE TRAIN mm min/max: 0.0, 90.0624999957066
2025-12-01 01:15:51,982 - LSTM_MERGE - INFO -  Gerando gráficos TRAIN...
2025-12-01 01:15:52,417 - LSTM_MERGE - INFO -  Gráficos gerados TRAIN ...
2025-12-01 01:15:52,417 - LSTM_MERGE - INFO - Calculando erro para parte de teste
2025-12-01 01:15:52,419 - LSTM_MERGE - INFO - RMSE: 3.2401
2025-12-01 01:15:52,419 - LSTM_MERGE - INFO - MSE : 10.4981
2025-12-01 01:15:52,419 - LSTM_MERGE - INFO - MAE : 1.4146
2025-12-01 01:15:52,419 - LSTM_MERGE - INFO - CSI (thr=1.0 mm): 0.1250  [TP=1, FP=2, FN=5]
2025-12-01 01:15:52,419 - LSTM_MERGE - INFO - y_pred mm min/max: 0.0, 2.4019750574389946
2025-12-01 01:15:52,419 - LSTM_MERGE - INFO - y_TRUE mm min/max: 0.0, 10.62500000066143
2025-12-01 01:15:52,419 - LSTM_MERGE - INFO -  Gerando gráficos...
2025-12-01 01:15:52,760 - LSTM_MERGE - INFO -  Gráficos gerados...
2025-12-01 01:15:52,760 - LSTM_MERGE - INFO - ==========================================================================================
2025-12-01 01:15:52,760 - LSTM_MERGE - INFO - Execução finalizada com sucesso.
2025-12-01 01:15:52,760 - LSTM_MERGE - INFO - Dispositivo utilizado: cuda
2025-12-01 01:15:52,760 - LSTM_MERGE - INFO - ==========================================================================================
2025-12-01 01:15:58,501 - BiLSTM_MERGE - INFO - ==========================================================================================
2025-12-01 01:15:58,501 - BiLSTM_MERGE - INFO - Iniciando script BILSTM (PyTorch) MERGE com suporte a GPU e logs detalhados.
2025-12-01 01:15:58,501 - BiLSTM_MERGE - INFO - ==========================================================================================
2025-12-01 01:15:58,501 - BiLSTM_MERGE - INFO - Iniciando experimento: lookback=30, hidden_dim=256, layers=2, lr=0.001, drop=0.5
2025-12-01 01:15:58,511 - BiLSTM_MERGE - INFO - Shape treino: torch.Size([10082, 30, 1]), teste: torch.Size([30, 30, 1])
2025-12-01 01:15:58,525 - BiLSTM_MERGE - INFO - Treinando por 500 épocas...
2025-12-01 01:16:00,006 - BiLSTM_MERGE - INFO - [EXP] Época 1/500 - Loss: 0.037967
2025-12-01 01:17:12,530 - BiLSTM_MERGE - INFO - [EXP] Época 50/500 - Loss: 0.033482
2025-12-01 01:18:26,536 - BiLSTM_MERGE - INFO - [EXP] Época 100/500 - Loss: 0.033388
2025-12-01 01:19:40,707 - BiLSTM_MERGE - INFO - [EXP] Época 150/500 - Loss: 0.033286
2025-12-01 01:20:54,979 - BiLSTM_MERGE - INFO - [EXP] Época 200/500 - Loss: 0.033282
2025-12-01 01:22:08,624 - BiLSTM_MERGE - INFO - [EXP] Época 250/500 - Loss: 0.033417
2025-12-01 01:23:22,142 - BiLSTM_MERGE - INFO - [EXP] Época 300/500 - Loss: 0.033510
2025-12-01 01:24:35,979 - BiLSTM_MERGE - INFO - [EXP] Época 350/500 - Loss: 0.033431
2025-12-01 01:25:49,491 - BiLSTM_MERGE - INFO - [EXP] Época 400/500 - Loss: 0.034352
2025-12-01 01:27:02,836 - BiLSTM_MERGE - INFO - [EXP] Época 450/500 - Loss: 0.033046
2025-12-01 01:28:16,532 - BiLSTM_MERGE - INFO - [EXP] Época 500/500 - Loss: 0.032848
2025-12-01 01:28:16,532 - BiLSTM_MERGE - INFO - Treinamento concluído em 12.30 minutos
2025-12-01 01:28:16,944 - BiLSTM_MERGE - INFO - Calculando erro para o train
2025-12-01 01:28:16,947 - BiLSTM_MERGE - INFO - RMSE: 7.3298
2025-12-01 01:28:16,947 - BiLSTM_MERGE - INFO - MSE : 53.7262
2025-12-01 01:28:16,947 - BiLSTM_MERGE - INFO - MAE : 2.7431
2025-12-01 01:28:16,947 - BiLSTM_MERGE - INFO - CSI (thr=1.0 mm): 0.1277  [TP=524, FP=1362, FN=2218]
2025-12-01 01:28:16,947 - BiLSTM_MERGE - INFO - train_pred TRAIN mm min/max: 0.0, 55.35038358826823
2025-12-01 01:28:16,947 - BiLSTM_MERGE - INFO - train_TRUE TRAIN mm min/max: 0.0, 90.0624999957066
2025-12-01 01:28:16,947 - BiLSTM_MERGE - INFO -  Gerando gráficos TRAIN...
2025-12-01 01:28:17,423 - BiLSTM_MERGE - INFO -  Gráficos gerados TRAIN ...
2025-12-01 01:28:17,423 - BiLSTM_MERGE - INFO - Calculando erro para parte de teste
2025-12-01 01:28:17,425 - BiLSTM_MERGE - INFO - RMSE: 3.2418
2025-12-01 01:28:17,425 - BiLSTM_MERGE - INFO - MSE : 10.5095
2025-12-01 01:28:17,426 - BiLSTM_MERGE - INFO - MAE : 1.4447
2025-12-01 01:28:17,426 - BiLSTM_MERGE - INFO - CSI (thr=1.0 mm): 0.1250  [TP=1, FP=2, FN=5]
2025-12-01 01:28:17,426 - BiLSTM_MERGE - INFO - y_pred mm min/max: 0.002587138404000502, 2.3014220163525994
2025-12-01 01:28:17,426 - BiLSTM_MERGE - INFO - y_TRUE mm min/max: 0.0, 10.62500000066143
2025-12-01 01:28:17,426 - BiLSTM_MERGE - INFO -  Gerando gráficos...
2025-12-01 01:28:17,957 - BiLSTM_MERGE - INFO -  Gráficos gerados...
2025-12-01 01:28:17,957 - BiLSTM_MERGE - INFO - ==========================================================================================
2025-12-01 01:28:17,957 - BiLSTM_MERGE - INFO - Execução finalizada com sucesso.
2025-12-01 01:28:17,957 - BiLSTM_MERGE - INFO - Dispositivo utilizado: cuda
2025-12-01 01:28:17,957 - BiLSTM_MERGE - INFO - ==========================================================================================
2025-12-01 01:28:23,956 - ARIMA_MERGE - INFO - ==========================================================================================
2025-12-01 01:28:23,956 - ARIMA_MERGE - INFO - Iniciando script ARIMA MERGE.
2025-12-01 01:28:23,956 - ARIMA_MERGE - INFO - ==========================================================================================
2025-12-01 01:28:23,958 - ARIMA_MERGE - INFO - Tamanho treino: 10113 | teste: 30
2025-12-01 01:28:23,958 - ARIMA_MERGE - INFO - [FASE 4] Iniciando busca manual por hiperparâmetros (AIC).
2025-12-01 01:40:24,602 - ARIMA_MERGE - INFO - Melhor order encontrado: (30, 0, 0)
2025-12-01 01:40:24,602 - ARIMA_MERGE - INFO - Melhor AIC (treino): -23571.78
2025-12-01 01:40:24,602 - ARIMA_MERGE - INFO - Tempo da Fase 4: 720.64s
2025-12-01 01:40:24,602 - ARIMA_MERGE - INFO - [FASE 5] Reajustando melhor modelo no conjunto de treino.
2025-12-01 01:41:48,105 - ARIMA_MERGE - INFO - Melhor modelo ajustado no treino.
2025-12-01 01:41:48,105 - ARIMA_MERGE - INFO - Tempo da Fase 5: 83.50s
2025-12-01 01:41:48,105 - ARIMA_MERGE - INFO - [FASE 6] Gerando previsões no conjunto de teste e avaliando métricas.
2025-12-01 01:41:48,110 - ARIMA_MERGE - INFO - RMSE: 6.7734
2025-12-01 01:41:48,110 - ARIMA_MERGE - INFO - MSE : 45.8787
2025-12-01 01:41:48,110 - ARIMA_MERGE - INFO - MAE : 3.4876
2025-12-01 01:41:48,110 - ARIMA_MERGE - INFO - CSI (thr=1.0 mm): 0.2724  [TP=2754, FP=7351, FN=4]
2025-12-01 01:41:48,110 - ARIMA_MERGE - INFO - [TREINO] RMSE=6.7734 | MSE=45.8787 | MAE=3.4876 | CSI=0.2724
2025-12-01 01:41:48,116 - ARIMA_MERGE - INFO - RMSE: 3.0177
2025-12-01 01:41:48,116 - ARIMA_MERGE - INFO - MSE : 9.1067
2025-12-01 01:41:48,116 - ARIMA_MERGE - INFO - MAE : 2.5906
2025-12-01 01:41:48,116 - ARIMA_MERGE - INFO - CSI (thr=1.0 mm): 0.2000  [TP=6, FP=24, FN=0]
2025-12-01 01:41:48,116 - ARIMA_MERGE - INFO - Tempo total da Fase 6: 0.01s
2025-12-01 01:41:48,116 - ARIMA_MERGE - INFO - [FASE 7] Salvando gráfico de previsão vs. observado.
2025-12-01 01:41:49,201 - ARIMA_MERGE - INFO - Gráfico salvo como 'arimaMERGE_result.png'.
2025-12-01 01:41:49,201 - ARIMA_MERGE - INFO - ==========================================================================================
2025-12-01 01:41:49,201 - ARIMA_MERGE - INFO - Execução ARIMA MERGE finalizada com sucesso.
2025-12-01 01:41:49,201 - ARIMA_MERGE - INFO - Tempo total de execução: 805.24s
2025-12-01 01:41:49,201 - ARIMA_MERGE - INFO - ==========================================================================================
2025-12-01 01:41:54,916 - RANDOM_FOREST_MERGE - INFO - ====================================================================================================
2025-12-01 01:41:54,916 - RANDOM_FOREST_MERGE - INFO - Iniciando Random Forest MERGE com GridSearchCV.
2025-12-01 01:41:54,916 - RANDOM_FOREST_MERGE - INFO - ====================================================================================================
2025-12-01 01:41:54,916 - RANDOM_FOREST_MERGE - INFO - [FASE 3] Split treino/teste e preparação.
2025-12-01 01:41:54,922 - RANDOM_FOREST_MERGE - INFO - [FASE 3] Treino: X=(10083, 30), y=10083 | Teste: X=(30, 30), y=30
2025-12-01 01:41:54,923 - RANDOM_FOREST_MERGE - INFO - [FASE 3] Tempo: 0.01s
2025-12-01 01:41:54,923 - RANDOM_FOREST_MERGE - INFO - [FASE 4] Iniciando GridSearchCV (TimeSeriesSplit).
2025-12-01 01:43:49,277 - RANDOM_FOREST_MERGE - INFO - [FASE 4] GridSearchCV concluído em 114.35s
2025-12-01 01:43:49,277 - RANDOM_FOREST_MERGE - INFO - [FASE 4] Melhores parâmetros: {'max_depth': None, 'max_features': 'sqrt', 'min_samples_leaf': 4, 'min_samples_split': 10, 'n_estimators': 400}
2025-12-01 01:43:49,277 - RANDOM_FOREST_MERGE - INFO - [FASE 4] Melhor score (neg_MSE): -44.966315
2025-12-01 01:43:49,277 - RANDOM_FOREST_MERGE - INFO - [FASE 4] Tempo: 114.35s
2025-12-01 01:43:49,277 - RANDOM_FOREST_MERGE - INFO - [FASE 5] Treinando best_estimator_ no conjunto de treino.
2025-12-01 01:43:49,990 - RANDOM_FOREST_MERGE - INFO - [FASE 5] Tempo: 0.71s
2025-12-01 01:43:49,991 - RANDOM_FOREST_MERGE - INFO - [FASE 6] Previsão e cálculo de métricas.
2025-12-01 01:43:50,060 - RANDOM_FOREST_MERGE - INFO - RMSE: 5.1608
2025-12-01 01:43:50,060 - RANDOM_FOREST_MERGE - INFO - MSE : 26.6336
2025-12-01 01:43:50,060 - RANDOM_FOREST_MERGE - INFO - MAE : 2.5502
2025-12-01 01:43:50,061 - RANDOM_FOREST_MERGE - INFO - CSI (thr=1.0 mm): 0.3691  [TP=2706, FP=4580, FN=45]
2025-12-01 01:43:50,061 - RANDOM_FOREST_MERGE - INFO - [TREINO] RMSE=5.1608 | MSE=26.6336 | MAE=2.5502 | CSI=0.3691
2025-12-01 01:43:50,094 - RANDOM_FOREST_MERGE - INFO - y_pred raw min/max: 0.4113597184925334, 6.764372335906769
2025-12-01 01:43:50,094 - RANDOM_FOREST_MERGE - INFO - y_TRUE raw min/max: 0.0, 10.62500000066143
2025-12-01 01:43:50,095 - RANDOM_FOREST_MERGE - INFO - RMSE: 3.0398
2025-12-01 01:43:50,095 - RANDOM_FOREST_MERGE - INFO - MSE : 9.2406
2025-12-01 01:43:50,095 - RANDOM_FOREST_MERGE - INFO - MAE : 1.9900
2025-12-01 01:43:50,095 - RANDOM_FOREST_MERGE - INFO - CSI (thr=1.0 mm): 0.1905  [TP=4, FP=15, FN=2]
2025-12-01 01:43:50,095 - RANDOM_FOREST_MERGE - INFO - [FASE 7] Gerando gráficos.
2025-12-01 01:43:50,845 - RANDOM_FOREST_MERGE - INFO - Gráfico salvo como 'random_forest_MERGE.png'.
2025-12-01 01:43:50,845 - RANDOM_FOREST_MERGE - INFO - [FASE 7] Tempo: 0.75s
2025-12-01 01:43:50,845 - RANDOM_FOREST_MERGE - INFO - ====================================================================================================
2025-12-01 01:43:50,845 - RANDOM_FOREST_MERGE - INFO - Resumo Final
2025-12-01 01:43:50,845 - RANDOM_FOREST_MERGE - INFO - Melhores parâmetros: {'max_depth': None, 'max_features': 'sqrt', 'min_samples_leaf': 4, 'min_samples_split': 10, 'n_estimators': 400}
2025-12-01 01:43:50,845 - RANDOM_FOREST_MERGE - INFO - Tempo total de execução: 115.93s
2025-12-01 01:43:50,845 - RANDOM_FOREST_MERGE - INFO - ====================================================================================================
2025-12-01 01:43:56,502 - LSTM_MERGE - INFO - ==========================================================================================
2025-12-01 01:43:56,502 - LSTM_MERGE - INFO - Iniciando script LSTM (PyTorch) MERGE com suporte a GPU e logs detalhados.
2025-12-01 01:43:56,502 - LSTM_MERGE - INFO - ==========================================================================================
2025-12-01 01:43:56,503 - LSTM_MERGE - INFO - Iniciando experimento: lookback=30, hidden_dim=32, layers=2, lr=0.001, drop=0.5
2025-12-01 01:43:56,516 - LSTM_MERGE - INFO - Shape treino: torch.Size([10082, 30, 1]), teste: torch.Size([30, 30, 1])
2025-12-01 01:43:56,517 - LSTM_MERGE - INFO - Treinando por 500 épocas...
2025-12-01 01:43:57,091 - LSTM_MERGE - INFO - [EXP] Época 1/500 - Loss: 0.036873
2025-12-01 01:44:25,331 - LSTM_MERGE - INFO - [EXP] Época 50/500 - Loss: 0.033444
2025-12-01 01:44:53,682 - LSTM_MERGE - INFO - [EXP] Época 100/500 - Loss: 0.033443
2025-12-01 01:45:22,233 - LSTM_MERGE - INFO - [EXP] Época 150/500 - Loss: 0.033834
2025-12-01 01:45:50,588 - LSTM_MERGE - INFO - [EXP] Época 200/500 - Loss: 0.033065
2025-12-01 01:46:18,635 - LSTM_MERGE - INFO - [EXP] Época 250/500 - Loss: 0.032872
2025-12-01 01:46:47,475 - LSTM_MERGE - INFO - [EXP] Época 300/500 - Loss: 0.032459
2025-12-01 01:47:16,370 - LSTM_MERGE - INFO - [EXP] Época 350/500 - Loss: 0.031955
2025-12-01 01:47:45,184 - LSTM_MERGE - INFO - [EXP] Época 400/500 - Loss: 0.031430
2025-12-01 01:48:14,098 - LSTM_MERGE - INFO - [EXP] Época 450/500 - Loss: 0.030483
2025-12-01 01:48:42,821 - LSTM_MERGE - INFO - [EXP] Época 500/500 - Loss: 0.029961
2025-12-01 01:48:42,821 - LSTM_MERGE - INFO - Treinamento concluído em 4.77 minutos
2025-12-01 01:48:42,895 - LSTM_MERGE - INFO - Calculando erro para o train
2025-12-01 01:48:42,898 - LSTM_MERGE - INFO - RMSE: 7.6119
2025-12-01 01:48:42,898 - LSTM_MERGE - INFO - MSE : 57.9414
2025-12-01 01:48:42,898 - LSTM_MERGE - INFO - MAE : 2.8568
2025-12-01 01:48:42,898 - LSTM_MERGE - INFO - CSI (thr=1.0 mm): 0.1049  [TP=398, FP=1052, FN=2344]
2025-12-01 01:48:42,898 - LSTM_MERGE - INFO - train_pred TRAIN mm min/max: 0.0, 74.76759678514013
2025-12-01 01:48:42,899 - LSTM_MERGE - INFO - train_TRUE TRAIN mm min/max: 0.0, 90.0624999957066
2025-12-01 01:48:42,899 - LSTM_MERGE - INFO -  Gerando gráficos TRAIN...
2025-12-01 01:48:43,249 - LSTM_MERGE - INFO -  Gráficos gerados TRAIN ...
2025-12-01 01:48:43,249 - LSTM_MERGE - INFO - Calculando erro para parte de teste
2025-12-01 01:48:43,251 - LSTM_MERGE - INFO - RMSE: 3.2421
2025-12-01 01:48:43,251 - LSTM_MERGE - INFO - MSE : 10.5110
2025-12-01 01:48:43,251 - LSTM_MERGE - INFO - MAE : 1.4450
2025-12-01 01:48:43,251 - LSTM_MERGE - INFO - CSI (thr=1.0 mm): 0.1429  [TP=1, FP=1, FN=5]
2025-12-01 01:48:43,251 - LSTM_MERGE - INFO - y_pred mm min/max: 0.0, 2.492406296541376
2025-12-01 01:48:43,251 - LSTM_MERGE - INFO - y_TRUE mm min/max: 0.0, 10.62500000066143
2025-12-01 01:48:43,251 - LSTM_MERGE - INFO -  Gerando gráficos...
2025-12-01 01:48:43,518 - LSTM_MERGE - INFO -  Gráficos gerados...
2025-12-01 01:48:43,518 - LSTM_MERGE - INFO - ==========================================================================================
2025-12-01 01:48:43,518 - LSTM_MERGE - INFO - Execução finalizada com sucesso.
2025-12-01 01:48:43,518 - LSTM_MERGE - INFO - Dispositivo utilizado: cuda
2025-12-01 01:48:43,518 - LSTM_MERGE - INFO - ==========================================================================================
2025-12-01 01:48:49,206 - BiLSTM_MERGE - INFO - ==========================================================================================
2025-12-01 01:48:49,206 - BiLSTM_MERGE - INFO - Iniciando script BILSTM (PyTorch) MERGE com suporte a GPU e logs detalhados.
2025-12-01 01:48:49,206 - BiLSTM_MERGE - INFO - ==========================================================================================
2025-12-01 01:48:49,206 - BiLSTM_MERGE - INFO - Iniciando experimento: lookback=30, hidden_dim=32, layers=2, lr=0.001, drop=0.5
2025-12-01 01:48:49,216 - BiLSTM_MERGE - INFO - Shape treino: torch.Size([10082, 30, 1]), teste: torch.Size([30, 30, 1])
2025-12-01 01:48:49,219 - BiLSTM_MERGE - INFO - Treinando por 500 épocas...
2025-12-01 01:48:49,957 - BiLSTM_MERGE - INFO - [EXP] Época 1/500 - Loss: 0.038629
2025-12-01 01:49:25,784 - BiLSTM_MERGE - INFO - [EXP] Época 50/500 - Loss: 0.033598
2025-12-01 01:50:02,199 - BiLSTM_MERGE - INFO - [EXP] Época 100/500 - Loss: 0.033564
2025-12-01 01:50:39,232 - BiLSTM_MERGE - INFO - [EXP] Época 150/500 - Loss: 0.033203
2025-12-01 01:51:16,507 - BiLSTM_MERGE - INFO - [EXP] Época 200/500 - Loss: 0.033211
2025-12-01 01:51:53,739 - BiLSTM_MERGE - INFO - [EXP] Época 250/500 - Loss: 0.032764
2025-12-01 01:52:30,340 - BiLSTM_MERGE - INFO - [EXP] Época 300/500 - Loss: 0.032984
2025-12-01 01:53:06,896 - BiLSTM_MERGE - INFO - [EXP] Época 350/500 - Loss: 0.032607
2025-12-01 01:53:43,400 - BiLSTM_MERGE - INFO - [EXP] Época 400/500 - Loss: 0.032276
2025-12-01 01:54:20,331 - BiLSTM_MERGE - INFO - [EXP] Época 450/500 - Loss: 0.032072
2025-12-01 01:54:57,468 - BiLSTM_MERGE - INFO - [EXP] Época 500/500 - Loss: 0.031888
2025-12-01 01:54:57,468 - BiLSTM_MERGE - INFO - Treinamento concluído em 6.14 minutos
2025-12-01 01:54:57,555 - BiLSTM_MERGE - INFO - Calculando erro para o train
2025-12-01 01:54:57,558 - BiLSTM_MERGE - INFO - RMSE: 7.3881
2025-12-01 01:54:57,558 - BiLSTM_MERGE - INFO - MSE : 54.5845
2025-12-01 01:54:57,558 - BiLSTM_MERGE - INFO - MAE : 2.7524
2025-12-01 01:54:57,558 - BiLSTM_MERGE - INFO - CSI (thr=1.0 mm): 0.1006  [TP=380, FP=1035, FN=2362]
2025-12-01 01:54:57,558 - BiLSTM_MERGE - INFO - train_pred TRAIN mm min/max: 0.0, 47.36314998341318
2025-12-01 01:54:57,558 - BiLSTM_MERGE - INFO - train_TRUE TRAIN mm min/max: 0.0, 90.0624999957066
2025-12-01 01:54:57,558 - BiLSTM_MERGE - INFO -  Gerando gráficos TRAIN...
2025-12-01 01:54:58,000 - BiLSTM_MERGE - INFO -  Gráficos gerados TRAIN ...
2025-12-01 01:54:58,000 - BiLSTM_MERGE - INFO - Calculando erro para parte de teste
2025-12-01 01:54:58,002 - BiLSTM_MERGE - INFO - RMSE: 3.2405
2025-12-01 01:54:58,002 - BiLSTM_MERGE - INFO - MSE : 10.5009
2025-12-01 01:54:58,002 - BiLSTM_MERGE - INFO - MAE : 1.4602
2025-12-01 01:54:58,002 - BiLSTM_MERGE - INFO - CSI (thr=1.0 mm): 0.1250  [TP=1, FP=2, FN=5]
2025-12-01 01:54:58,002 - BiLSTM_MERGE - INFO - y_pred mm min/max: 0.004342890853670148, 2.2529166475959874
2025-12-01 01:54:58,003 - BiLSTM_MERGE - INFO - y_TRUE mm min/max: 0.0, 10.62500000066143
2025-12-01 01:54:58,003 - BiLSTM_MERGE - INFO -  Gerando gráficos...
2025-12-01 01:54:58,350 - BiLSTM_MERGE - INFO -  Gráficos gerados...
2025-12-01 01:54:58,350 - BiLSTM_MERGE - INFO - ==========================================================================================
2025-12-01 01:54:58,350 - BiLSTM_MERGE - INFO - Execução finalizada com sucesso.
2025-12-01 01:54:58,350 - BiLSTM_MERGE - INFO - Dispositivo utilizado: cuda
2025-12-01 01:54:58,350 - BiLSTM_MERGE - INFO - ==========================================================================================
2025-12-01 01:55:04,469 - LSTM_MERGE - INFO - ==========================================================================================
2025-12-01 01:55:04,469 - LSTM_MERGE - INFO - Iniciando script LSTM (PyTorch) MERGE com suporte a GPU e logs detalhados.
2025-12-01 01:55:04,469 - LSTM_MERGE - INFO - ==========================================================================================
2025-12-01 01:55:04,469 - LSTM_MERGE - INFO - Iniciando experimento: lookback=30, hidden_dim=64, layers=2, lr=0.001, drop=0.5
2025-12-01 01:55:04,478 - LSTM_MERGE - INFO - Shape treino: torch.Size([10082, 30, 1]), teste: torch.Size([30, 30, 1])
2025-12-01 01:55:04,479 - LSTM_MERGE - INFO - Treinando por 500 épocas...
2025-12-01 01:55:05,040 - LSTM_MERGE - INFO - [EXP] Época 1/500 - Loss: 0.038155
2025-12-01 01:55:32,445 - LSTM_MERGE - INFO - [EXP] Época 50/500 - Loss: 0.033527
2025-12-01 01:56:00,409 - LSTM_MERGE - INFO - [EXP] Época 100/500 - Loss: 0.033414
2025-12-01 01:56:28,365 - LSTM_MERGE - INFO - [EXP] Época 150/500 - Loss: 0.034016
2025-12-01 01:56:56,314 - LSTM_MERGE - INFO - [EXP] Época 200/500 - Loss: 0.032938
2025-12-01 01:57:24,447 - LSTM_MERGE - INFO - [EXP] Época 250/500 - Loss: 0.032590
2025-12-01 01:57:52,975 - LSTM_MERGE - INFO - [EXP] Época 300/500 - Loss: 0.031802
2025-12-01 01:58:21,377 - LSTM_MERGE - INFO - [EXP] Época 350/500 - Loss: 0.030274
2025-12-01 01:58:49,758 - LSTM_MERGE - INFO - [EXP] Época 400/500 - Loss: 0.028879
2025-12-01 01:59:18,145 - LSTM_MERGE - INFO - [EXP] Época 450/500 - Loss: 0.026401
2025-12-01 01:59:46,540 - LSTM_MERGE - INFO - [EXP] Época 500/500 - Loss: 0.025438
2025-12-01 01:59:46,540 - LSTM_MERGE - INFO - Treinamento concluído em 4.70 minutos
2025-12-01 01:59:46,613 - LSTM_MERGE - INFO - Calculando erro para o train
2025-12-01 01:59:46,616 - LSTM_MERGE - INFO - RMSE: 8.3037
2025-12-01 01:59:46,616 - LSTM_MERGE - INFO - MSE : 68.9521
2025-12-01 01:59:46,616 - LSTM_MERGE - INFO - MAE : 3.2160
2025-12-01 01:59:46,616 - LSTM_MERGE - INFO - CSI (thr=1.0 mm): 0.1152  [TP=444, FP=1111, FN=2298]
2025-12-01 01:59:46,616 - LSTM_MERGE - INFO - train_pred TRAIN mm min/max: 0.0, 91.29769903731231
2025-12-01 01:59:46,616 - LSTM_MERGE - INFO - train_TRUE TRAIN mm min/max: 0.0, 90.0624999957066
2025-12-01 01:59:46,616 - LSTM_MERGE - INFO -  Gerando gráficos TRAIN...
2025-12-01 01:59:47,010 - LSTM_MERGE - INFO -  Gráficos gerados TRAIN ...
2025-12-01 01:59:47,010 - LSTM_MERGE - INFO - Calculando erro para parte de teste
2025-12-01 01:59:47,013 - LSTM_MERGE - INFO - RMSE: 3.2301
2025-12-01 01:59:47,013 - LSTM_MERGE - INFO - MSE : 10.4335
2025-12-01 01:59:47,013 - LSTM_MERGE - INFO - MAE : 1.4688
2025-12-01 01:59:47,013 - LSTM_MERGE - INFO - CSI (thr=1.0 mm): 0.1429  [TP=1, FP=1, FN=5]
2025-12-01 01:59:47,013 - LSTM_MERGE - INFO - y_pred mm min/max: 0.0, 4.672535617845904
2025-12-01 01:59:47,013 - LSTM_MERGE - INFO - y_TRUE mm min/max: 0.0, 10.62500000066143
2025-12-01 01:59:47,013 - LSTM_MERGE - INFO -  Gerando gráficos...
2025-12-01 01:59:47,357 - LSTM_MERGE - INFO -  Gráficos gerados...
2025-12-01 01:59:47,358 - LSTM_MERGE - INFO - ==========================================================================================
2025-12-01 01:59:47,358 - LSTM_MERGE - INFO - Execução finalizada com sucesso.
2025-12-01 01:59:47,358 - LSTM_MERGE - INFO - Dispositivo utilizado: cuda
2025-12-01 01:59:47,358 - LSTM_MERGE - INFO - ==========================================================================================
2025-12-01 01:59:52,990 - BiLSTM_MERGE - INFO - ==========================================================================================
2025-12-01 01:59:52,990 - BiLSTM_MERGE - INFO - Iniciando script BILSTM (PyTorch) MERGE com suporte a GPU e logs detalhados.
2025-12-01 01:59:52,990 - BiLSTM_MERGE - INFO - ==========================================================================================
2025-12-01 01:59:52,990 - BiLSTM_MERGE - INFO - Iniciando experimento: lookback=30, hidden_dim=64, layers=2, lr=0.001, drop=0.5
2025-12-01 01:59:53,001 - BiLSTM_MERGE - INFO - Shape treino: torch.Size([10082, 30, 1]), teste: torch.Size([30, 30, 1])
2025-12-01 01:59:53,004 - BiLSTM_MERGE - INFO - Treinando por 500 épocas...
2025-12-01 01:59:53,732 - BiLSTM_MERGE - INFO - [EXP] Época 1/500 - Loss: 0.038957
2025-12-01 02:00:29,897 - BiLSTM_MERGE - INFO - [EXP] Época 50/500 - Loss: 0.033480
2025-12-01 02:01:06,839 - BiLSTM_MERGE - INFO - [EXP] Época 100/500 - Loss: 0.033349
2025-12-01 02:01:43,741 - BiLSTM_MERGE - INFO - [EXP] Época 150/500 - Loss: 0.033315
2025-12-01 02:02:20,462 - BiLSTM_MERGE - INFO - [EXP] Época 200/500 - Loss: 0.032919
2025-12-01 02:02:56,851 - BiLSTM_MERGE - INFO - [EXP] Época 250/500 - Loss: 0.033373
2025-12-01 02:03:31,752 - BiLSTM_MERGE - INFO - [EXP] Época 300/500 - Loss: 0.033206
2025-12-01 02:04:06,829 - BiLSTM_MERGE - INFO - [EXP] Época 350/500 - Loss: 0.032976
2025-12-01 02:04:43,332 - BiLSTM_MERGE - INFO - [EXP] Época 400/500 - Loss: 0.032369
2025-12-01 02:05:20,039 - BiLSTM_MERGE - INFO - [EXP] Época 450/500 - Loss: 0.031848
2025-12-01 02:05:56,031 - BiLSTM_MERGE - INFO - [EXP] Época 500/500 - Loss: 0.031034
2025-12-01 02:05:56,031 - BiLSTM_MERGE - INFO - Treinamento concluído em 6.05 minutos
2025-12-01 02:05:56,155 - BiLSTM_MERGE - INFO - Calculando erro para o train
2025-12-01 02:05:56,158 - BiLSTM_MERGE - INFO - RMSE: 7.5567
2025-12-01 02:05:56,158 - BiLSTM_MERGE - INFO - MSE : 57.1037
2025-12-01 02:05:56,158 - BiLSTM_MERGE - INFO - MAE : 2.8096
2025-12-01 02:05:56,158 - BiLSTM_MERGE - INFO - CSI (thr=1.0 mm): 0.0981  [TP=361, FP=938, FN=2381]
2025-12-01 02:05:56,158 - BiLSTM_MERGE - INFO - train_pred TRAIN mm min/max: 0.0, 88.54686914707308
2025-12-01 02:05:56,158 - BiLSTM_MERGE - INFO - train_TRUE TRAIN mm min/max: 0.0, 90.0624999957066
2025-12-01 02:05:56,158 - BiLSTM_MERGE - INFO -  Gerando gráficos TRAIN...
2025-12-01 02:05:56,630 - BiLSTM_MERGE - INFO -  Gráficos gerados TRAIN ...
2025-12-01 02:05:56,630 - BiLSTM_MERGE - INFO - Calculando erro para parte de teste
2025-12-01 02:05:56,632 - BiLSTM_MERGE - INFO - RMSE: 3.2180
2025-12-01 02:05:56,632 - BiLSTM_MERGE - INFO - MSE : 10.3558
2025-12-01 02:05:56,632 - BiLSTM_MERGE - INFO - MAE : 1.3680
2025-12-01 02:05:56,632 - BiLSTM_MERGE - INFO - CSI (thr=1.0 mm): 0.1667  [TP=1, FP=0, FN=5]
2025-12-01 02:05:56,632 - BiLSTM_MERGE - INFO - y_pred mm min/max: 0.0, 2.4203913118700573
2025-12-01 02:05:56,632 - BiLSTM_MERGE - INFO - y_TRUE mm min/max: 0.0, 10.62500000066143
2025-12-01 02:05:56,632 - BiLSTM_MERGE - INFO -  Gerando gráficos...
2025-12-01 02:05:56,940 - BiLSTM_MERGE - INFO -  Gráficos gerados...
2025-12-01 02:05:56,941 - BiLSTM_MERGE - INFO - ==========================================================================================
2025-12-01 02:05:56,941 - BiLSTM_MERGE - INFO - Execução finalizada com sucesso.
2025-12-01 02:05:56,941 - BiLSTM_MERGE - INFO - Dispositivo utilizado: cuda
2025-12-01 02:05:56,941 - BiLSTM_MERGE - INFO - ==========================================================================================
2025-12-01 02:06:02,993 - LSTM_MERGE - INFO - ==========================================================================================
2025-12-01 02:06:02,993 - LSTM_MERGE - INFO - Iniciando script LSTM (PyTorch) MERGE com suporte a GPU e logs detalhados.
2025-12-01 02:06:02,993 - LSTM_MERGE - INFO - ==========================================================================================
2025-12-01 02:06:02,993 - LSTM_MERGE - INFO - Iniciando experimento: lookback=30, hidden_dim=128, layers=2, lr=0.001, drop=0.5
2025-12-01 02:06:03,004 - LSTM_MERGE - INFO - Shape treino: torch.Size([10082, 30, 1]), teste: torch.Size([30, 30, 1])
2025-12-01 02:06:03,006 - LSTM_MERGE - INFO - Treinando por 500 épocas...
2025-12-01 02:06:03,537 - LSTM_MERGE - INFO - [EXP] Época 1/500 - Loss: 0.035248
2025-12-01 02:06:29,547 - LSTM_MERGE - INFO - [EXP] Época 50/500 - Loss: 0.033579
2025-12-01 02:06:56,089 - LSTM_MERGE - INFO - [EXP] Época 100/500 - Loss: 0.033332
2025-12-01 02:07:24,249 - LSTM_MERGE - INFO - [EXP] Época 150/500 - Loss: 0.033132
2025-12-01 02:07:52,681 - LSTM_MERGE - INFO - [EXP] Época 200/500 - Loss: 0.033391
2025-12-01 02:08:20,789 - LSTM_MERGE - INFO - [EXP] Época 250/500 - Loss: 0.033522
2025-12-01 02:08:48,896 - LSTM_MERGE - INFO - [EXP] Época 300/500 - Loss: 0.033490
2025-12-01 02:09:16,997 - LSTM_MERGE - INFO - [EXP] Época 350/500 - Loss: 0.033495
2025-12-01 02:09:45,051 - LSTM_MERGE - INFO - [EXP] Época 400/500 - Loss: 0.033262
2025-12-01 02:10:13,212 - LSTM_MERGE - INFO - [EXP] Época 450/500 - Loss: 0.032966
2025-12-01 02:10:41,325 - LSTM_MERGE - INFO - [EXP] Época 500/500 - Loss: 0.031949
2025-12-01 02:10:41,325 - LSTM_MERGE - INFO - Treinamento concluído em 4.64 minutos
2025-12-01 02:10:41,494 - LSTM_MERGE - INFO - Calculando erro para o train
2025-12-01 02:10:41,497 - LSTM_MERGE - INFO - RMSE: 7.4198
2025-12-01 02:10:41,497 - LSTM_MERGE - INFO - MSE : 55.0532
2025-12-01 02:10:41,497 - LSTM_MERGE - INFO - MAE : 2.7654
2025-12-01 02:10:41,497 - LSTM_MERGE - INFO - CSI (thr=1.0 mm): 0.1108  [TP=422, FP=1068, FN=2320]
2025-12-01 02:10:41,497 - LSTM_MERGE - INFO - train_pred TRAIN mm min/max: 0.0, 78.78909303989917
2025-12-01 02:10:41,497 - LSTM_MERGE - INFO - train_TRUE TRAIN mm min/max: 0.0, 90.0624999957066
2025-12-01 02:10:41,497 - LSTM_MERGE - INFO -  Gerando gráficos TRAIN...
2025-12-01 02:10:41,923 - LSTM_MERGE - INFO -  Gráficos gerados TRAIN ...
2025-12-01 02:10:41,923 - LSTM_MERGE - INFO - Calculando erro para parte de teste
2025-12-01 02:10:41,925 - LSTM_MERGE - INFO - RMSE: 3.2352
2025-12-01 02:10:41,925 - LSTM_MERGE - INFO - MSE : 10.4667
2025-12-01 02:10:41,925 - LSTM_MERGE - INFO - MAE : 1.4097
2025-12-01 02:10:41,925 - LSTM_MERGE - INFO - CSI (thr=1.0 mm): 0.1429  [TP=1, FP=1, FN=5]
2025-12-01 02:10:41,926 - LSTM_MERGE - INFO - y_pred mm min/max: 0.0, 2.2649089120180035
2025-12-01 02:10:41,926 - LSTM_MERGE - INFO - y_TRUE mm min/max: 0.0, 10.62500000066143
2025-12-01 02:10:41,926 - LSTM_MERGE - INFO -  Gerando gráficos...
2025-12-01 02:10:42,243 - LSTM_MERGE - INFO -  Gráficos gerados...
2025-12-01 02:10:42,244 - LSTM_MERGE - INFO - ==========================================================================================
2025-12-01 02:10:42,244 - LSTM_MERGE - INFO - Execução finalizada com sucesso.
2025-12-01 02:10:42,244 - LSTM_MERGE - INFO - Dispositivo utilizado: cuda
2025-12-01 02:10:42,244 - LSTM_MERGE - INFO - ==========================================================================================
2025-12-01 02:10:47,847 - BiLSTM_MERGE - INFO - ==========================================================================================
2025-12-01 02:10:47,847 - BiLSTM_MERGE - INFO - Iniciando script BILSTM (PyTorch) MERGE com suporte a GPU e logs detalhados.
2025-12-01 02:10:47,847 - BiLSTM_MERGE - INFO - ==========================================================================================
2025-12-01 02:10:47,847 - BiLSTM_MERGE - INFO - Iniciando experimento: lookback=30, hidden_dim=128, layers=2, lr=0.001, drop=0.5
2025-12-01 02:10:47,858 - BiLSTM_MERGE - INFO - Shape treino: torch.Size([10082, 30, 1]), teste: torch.Size([30, 30, 1])
2025-12-01 02:10:47,864 - BiLSTM_MERGE - INFO - Treinando por 500 épocas...
2025-12-01 02:10:48,624 - BiLSTM_MERGE - INFO - [EXP] Época 1/500 - Loss: 0.037322
2025-12-01 02:11:25,643 - BiLSTM_MERGE - INFO - [EXP] Época 50/500 - Loss: 0.033622
2025-12-01 02:12:03,403 - BiLSTM_MERGE - INFO - [EXP] Época 100/500 - Loss: 0.033373
2025-12-01 02:12:40,758 - BiLSTM_MERGE - INFO - [EXP] Época 150/500 - Loss: 0.033211
2025-12-01 02:13:18,025 - BiLSTM_MERGE - INFO - [EXP] Época 200/500 - Loss: 0.033088
2025-12-01 02:13:55,755 - BiLSTM_MERGE - INFO - [EXP] Época 250/500 - Loss: 0.032912
2025-12-01 02:14:33,698 - BiLSTM_MERGE - INFO - [EXP] Época 300/500 - Loss: 0.033434
2025-12-01 02:15:11,619 - BiLSTM_MERGE - INFO - [EXP] Época 350/500 - Loss: 0.033406
2025-12-01 02:15:49,561 - BiLSTM_MERGE - INFO - [EXP] Época 400/500 - Loss: 0.033343
2025-12-01 02:16:27,665 - BiLSTM_MERGE - INFO - [EXP] Época 450/500 - Loss: 0.032816
2025-12-01 02:17:05,770 - BiLSTM_MERGE - INFO - [EXP] Época 500/500 - Loss: 0.032190
2025-12-01 02:17:05,770 - BiLSTM_MERGE - INFO - Treinamento concluído em 6.30 minutos
2025-12-01 02:17:06,087 - BiLSTM_MERGE - INFO - Calculando erro para o train
2025-12-01 02:17:06,089 - BiLSTM_MERGE - INFO - RMSE: 7.3849
2025-12-01 02:17:06,089 - BiLSTM_MERGE - INFO - MSE : 54.5364
2025-12-01 02:17:06,090 - BiLSTM_MERGE - INFO - MAE : 2.8243
2025-12-01 02:17:06,090 - BiLSTM_MERGE - INFO - CSI (thr=1.0 mm): 0.1257  [TP=508, FP=1300, FN=2234]
2025-12-01 02:17:06,090 - BiLSTM_MERGE - INFO - train_pred TRAIN mm min/max: 0.0, 54.151902646970136
2025-12-01 02:17:06,090 - BiLSTM_MERGE - INFO - train_TRUE TRAIN mm min/max: 0.0, 90.0624999957066
2025-12-01 02:17:06,090 - BiLSTM_MERGE - INFO -  Gerando gráficos TRAIN...
2025-12-01 02:17:06,718 - BiLSTM_MERGE - INFO -  Gráficos gerados TRAIN ...
2025-12-01 02:17:06,718 - BiLSTM_MERGE - INFO - Calculando erro para parte de teste
2025-12-01 02:17:06,720 - BiLSTM_MERGE - INFO - RMSE: 3.2618
2025-12-01 02:17:06,720 - BiLSTM_MERGE - INFO - MSE : 10.6391
2025-12-01 02:17:06,720 - BiLSTM_MERGE - INFO - MAE : 1.4899
2025-12-01 02:17:06,720 - BiLSTM_MERGE - INFO - CSI (thr=1.0 mm): 0.1250  [TP=1, FP=2, FN=5]
2025-12-01 02:17:06,720 - BiLSTM_MERGE - INFO - y_pred mm min/max: 0.0, 3.117306660013679
2025-12-01 02:17:06,720 - BiLSTM_MERGE - INFO - y_TRUE mm min/max: 0.0, 10.62500000066143
2025-12-01 02:17:06,720 - BiLSTM_MERGE - INFO -  Gerando gráficos...
2025-12-01 02:17:07,066 - BiLSTM_MERGE - INFO -  Gráficos gerados...
2025-12-01 02:17:07,066 - BiLSTM_MERGE - INFO - ==========================================================================================
2025-12-01 02:17:07,066 - BiLSTM_MERGE - INFO - Execução finalizada com sucesso.
2025-12-01 02:17:07,067 - BiLSTM_MERGE - INFO - Dispositivo utilizado: cuda
2025-12-01 02:17:07,067 - BiLSTM_MERGE - INFO - ==========================================================================================
2025-12-01 02:17:13,183 - LSTM_MERGE - INFO - ==========================================================================================
2025-12-01 02:17:13,183 - LSTM_MERGE - INFO - Iniciando script LSTM (PyTorch) MERGE com suporte a GPU e logs detalhados.
2025-12-01 02:17:13,183 - LSTM_MERGE - INFO - ==========================================================================================
2025-12-01 02:17:13,183 - LSTM_MERGE - INFO - Iniciando experimento: lookback=30, hidden_dim=256, layers=2, lr=0.001, drop=0.5
2025-12-01 02:17:13,195 - LSTM_MERGE - INFO - Shape treino: torch.Size([10082, 30, 1]), teste: torch.Size([30, 30, 1])
2025-12-01 02:17:13,201 - LSTM_MERGE - INFO - Treinando por 500 épocas...
2025-12-01 02:17:14,133 - LSTM_MERGE - INFO - [EXP] Época 1/500 - Loss: 0.035411
2025-12-01 02:17:59,549 - LSTM_MERGE - INFO - [EXP] Época 50/500 - Loss: 0.033657
2025-12-01 02:18:46,484 - LSTM_MERGE - INFO - [EXP] Época 100/500 - Loss: 0.033284
2025-12-01 02:19:33,496 - LSTM_MERGE - INFO - [EXP] Época 150/500 - Loss: 0.033246
2025-12-01 02:20:20,231 - LSTM_MERGE - INFO - [EXP] Época 200/500 - Loss: 0.033001
2025-12-01 02:21:07,010 - LSTM_MERGE - INFO - [EXP] Época 250/500 - Loss: 0.031878
2025-12-01 02:21:53,791 - LSTM_MERGE - INFO - [EXP] Época 300/500 - Loss: 0.029710
2025-12-01 02:22:40,131 - LSTM_MERGE - INFO - [EXP] Época 350/500 - Loss: 0.027283
2025-12-01 02:23:26,252 - LSTM_MERGE - INFO - [EXP] Época 400/500 - Loss: 0.024153
2025-12-01 02:24:12,473 - LSTM_MERGE - INFO - [EXP] Época 450/500 - Loss: 0.021191
2025-12-01 02:24:58,669 - LSTM_MERGE - INFO - [EXP] Época 500/500 - Loss: 0.018856
2025-12-01 02:24:58,669 - LSTM_MERGE - INFO - Treinamento concluído em 7.76 minutos
2025-12-01 02:24:58,895 - LSTM_MERGE - INFO - Calculando erro para o train
2025-12-01 02:24:58,898 - LSTM_MERGE - INFO - RMSE: 8.6937
2025-12-01 02:24:58,898 - LSTM_MERGE - INFO - MSE : 75.5803
2025-12-01 02:24:58,898 - LSTM_MERGE - INFO - MAE : 3.4875
2025-12-01 02:24:58,898 - LSTM_MERGE - INFO - CSI (thr=1.0 mm): 0.1131  [TP=439, FP=1139, FN=2303]
2025-12-01 02:24:58,898 - LSTM_MERGE - INFO - train_pred TRAIN mm min/max: 0.0, 86.24387661329048
2025-12-01 02:24:58,899 - LSTM_MERGE - INFO - train_TRUE TRAIN mm min/max: 0.0, 90.0624999957066
2025-12-01 02:24:58,899 - LSTM_MERGE - INFO -  Gerando gráficos TRAIN...
2025-12-01 02:24:59,262 - LSTM_MERGE - INFO -  Gráficos gerados TRAIN ...
2025-12-01 02:24:59,262 - LSTM_MERGE - INFO - Calculando erro para parte de teste
2025-12-01 02:24:59,264 - LSTM_MERGE - INFO - RMSE: 3.3402
2025-12-01 02:24:59,264 - LSTM_MERGE - INFO - MSE : 11.1571
2025-12-01 02:24:59,264 - LSTM_MERGE - INFO - MAE : 1.5774
2025-12-01 02:24:59,264 - LSTM_MERGE - INFO - CSI (thr=1.0 mm): 0.1250  [TP=1, FP=2, FN=5]
2025-12-01 02:24:59,264 - LSTM_MERGE - INFO - y_pred mm min/max: 0.0, 6.91020288006057
2025-12-01 02:24:59,264 - LSTM_MERGE - INFO - y_TRUE mm min/max: 0.0, 10.62500000066143
2025-12-01 02:24:59,264 - LSTM_MERGE - INFO -  Gerando gráficos...
2025-12-01 02:24:59,593 - LSTM_MERGE - INFO -  Gráficos gerados...
2025-12-01 02:24:59,593 - LSTM_MERGE - INFO - ==========================================================================================
2025-12-01 02:24:59,593 - LSTM_MERGE - INFO - Execução finalizada com sucesso.
2025-12-01 02:24:59,593 - LSTM_MERGE - INFO - Dispositivo utilizado: cuda
2025-12-01 02:24:59,593 - LSTM_MERGE - INFO - ==========================================================================================
2025-12-01 02:25:05,311 - BiLSTM_MERGE - INFO - ==========================================================================================
2025-12-01 02:25:05,311 - BiLSTM_MERGE - INFO - Iniciando script BILSTM (PyTorch) MERGE com suporte a GPU e logs detalhados.
2025-12-01 02:25:05,312 - BiLSTM_MERGE - INFO - ==========================================================================================
2025-12-01 02:25:05,312 - BiLSTM_MERGE - INFO - Iniciando experimento: lookback=30, hidden_dim=256, layers=2, lr=0.001, drop=0.5
2025-12-01 02:25:05,323 - BiLSTM_MERGE - INFO - Shape treino: torch.Size([10082, 30, 1]), teste: torch.Size([30, 30, 1])
2025-12-01 02:25:05,337 - BiLSTM_MERGE - INFO - Treinando por 500 épocas...
2025-12-01 02:25:06,820 - BiLSTM_MERGE - INFO - [EXP] Época 1/500 - Loss: 0.036391
2025-12-01 02:26:19,992 - BiLSTM_MERGE - INFO - [EXP] Época 50/500 - Loss: 0.034211
2025-12-01 02:27:34,661 - BiLSTM_MERGE - INFO - [EXP] Época 100/500 - Loss: 0.033424
2025-12-01 02:28:49,675 - BiLSTM_MERGE - INFO - [EXP] Época 150/500 - Loss: 0.033460
2025-12-01 02:30:04,604 - BiLSTM_MERGE - INFO - [EXP] Época 200/500 - Loss: 0.033324
2025-12-01 02:31:19,367 - BiLSTM_MERGE - INFO - [EXP] Época 250/500 - Loss: 0.032867
2025-12-01 02:32:33,554 - BiLSTM_MERGE - INFO - [EXP] Época 300/500 - Loss: 0.032795
2025-12-01 02:33:47,124 - BiLSTM_MERGE - INFO - [EXP] Época 350/500 - Loss: 0.032619
2025-12-01 02:35:00,250 - BiLSTM_MERGE - INFO - [EXP] Época 400/500 - Loss: 0.033404
2025-12-01 02:36:13,342 - BiLSTM_MERGE - INFO - [EXP] Época 450/500 - Loss: 0.033384
2025-12-01 02:37:27,663 - BiLSTM_MERGE - INFO - [EXP] Época 500/500 - Loss: 0.033193
2025-12-01 02:37:27,664 - BiLSTM_MERGE - INFO - Treinamento concluído em 12.37 minutos
2025-12-01 02:37:28,079 - BiLSTM_MERGE - INFO - Calculando erro para o train
2025-12-01 02:37:28,082 - BiLSTM_MERGE - INFO - RMSE: 7.2672
2025-12-01 02:37:28,082 - BiLSTM_MERGE - INFO - MSE : 52.8123
2025-12-01 02:37:28,082 - BiLSTM_MERGE - INFO - MAE : 2.7385
2025-12-01 02:37:28,082 - BiLSTM_MERGE - INFO - CSI (thr=1.0 mm): 0.1295  [TP=531, FP=1357, FN=2211]
2025-12-01 02:37:28,083 - BiLSTM_MERGE - INFO - train_pred TRAIN mm min/max: 0.0, 15.919955056333086
2025-12-01 02:37:28,083 - BiLSTM_MERGE - INFO - train_TRUE TRAIN mm min/max: 0.0, 90.0624999957066
2025-12-01 02:37:28,083 - BiLSTM_MERGE - INFO -  Gerando gráficos TRAIN...
2025-12-01 02:37:28,529 - BiLSTM_MERGE - INFO -  Gráficos gerados TRAIN ...
2025-12-01 02:37:28,529 - BiLSTM_MERGE - INFO - Calculando erro para parte de teste
2025-12-01 02:37:28,531 - BiLSTM_MERGE - INFO - RMSE: 3.2514
2025-12-01 02:37:28,531 - BiLSTM_MERGE - INFO - MSE : 10.5719
2025-12-01 02:37:28,532 - BiLSTM_MERGE - INFO - MAE : 1.4723
2025-12-01 02:37:28,532 - BiLSTM_MERGE - INFO - CSI (thr=1.0 mm): 0.1111  [TP=1, FP=3, FN=5]
2025-12-01 02:37:28,532 - BiLSTM_MERGE - INFO - y_pred mm min/max: 0.0, 2.744373020352353
2025-12-01 02:37:28,532 - BiLSTM_MERGE - INFO - y_TRUE mm min/max: 0.0, 10.62500000066143
2025-12-01 02:37:28,532 - BiLSTM_MERGE - INFO -  Gerando gráficos...
2025-12-01 02:37:28,853 - BiLSTM_MERGE - INFO -  Gráficos gerados...
2025-12-01 02:37:28,853 - BiLSTM_MERGE - INFO - ==========================================================================================
2025-12-01 02:37:28,853 - BiLSTM_MERGE - INFO - Execução finalizada com sucesso.
2025-12-01 02:37:28,853 - BiLSTM_MERGE - INFO - Dispositivo utilizado: cuda
2025-12-01 02:37:28,853 - BiLSTM_MERGE - INFO - ==========================================================================================
2025-12-01 02:37:30,271 - MAIN_MERGE - INFO - Arquivo '../results/MERGE/metricas/resultados_MERGE.csv' gerado com sucesso!
