2025-11-27 21:29:10,362 - MAIN_MERGE - INFO - GPU detectada: NVIDIA GeForce RTX 3060
2025-11-27 21:29:10,362 - MAIN_MERGE - INFO - Memória disponível: 12.48 GB
2025-11-27 21:29:10,362 - MAIN_MERGE - INFO - [FASE 1] Carregando e pré-processando dados...
2025-11-27 21:30:43,300 - MAIN_MERGE - INFO - Dados carregados com 5924 registros.
2025-11-27 21:30:43,300 - MAIN_MERGE - INFO - Período: 2008-01-01 00:00:00 → 2024-03-20 00:00:00
2025-11-27 21:30:43,320 - MAIN_MERGE - INFO - Primeiras linhas:
            chuva
2008-01-01    0.0
2008-01-02    0.0
2008-01-03    0.0
2008-01-04    0.0
2008-01-05    0.0
2025-11-27 21:30:43,320 - MAIN_MERGE - INFO - [FASE 2] Criando features temporais e estatísticas...
2025-11-27 21:30:43,320 - MAIN_MERGE - INFO - Engenharia de features concluída. Total de colunas: 1
2025-11-27 21:30:43,320 - MAIN_MERGE - INFO - Colunas criadas: ['chuva']
2025-11-27 21:30:43,320 - MAIN_MERGE - INFO - Tempo total da Fase 2: 92.96 segundos.
2025-11-27 21:30:43,320 - MAIN_MERGE - INFO - [FASE 3] Normalizando e criando sequências...
2025-11-27 21:30:48,418 - ARIMA_BRDWGD - INFO - ==========================================================================================
2025-11-27 21:30:48,418 - ARIMA_BRDWGD - INFO - Iniciando script ARIMA BRDWGD.
2025-11-27 21:30:48,418 - ARIMA_BRDWGD - INFO - ==========================================================================================
2025-11-27 21:30:48,418 - ARIMA_BRDWGD - INFO - Tamanho treino: 5894 | teste: 30
2025-11-27 21:30:48,418 - ARIMA_BRDWGD - INFO - [FASE 4] Iniciando busca manual por hiperparâmetros (AIC).
2025-11-27 21:43:27,013 - ARIMA_BRDWGD - INFO - Melhor order encontrado: (30, 0, 2)
2025-11-27 21:43:27,013 - ARIMA_BRDWGD - INFO - Melhor AIC (treino): 43303.74
2025-11-27 21:43:27,013 - ARIMA_BRDWGD - INFO - Tempo da Fase 4: 758.59s
2025-11-27 21:43:27,013 - ARIMA_BRDWGD - INFO - [FASE 5] Reajustando melhor modelo no conjunto de treino.
2025-11-27 21:47:48,607 - ARIMA_BRDWGD - INFO - Melhor modelo ajustado no treino.
2025-11-27 21:47:48,607 - ARIMA_BRDWGD - INFO - Tempo da Fase 5: 261.59s
2025-11-27 21:47:48,607 - ARIMA_BRDWGD - INFO - [FASE 6] Gerando previsões no conjunto de teste e avaliando métricas.
2025-11-27 21:47:48,609 - ARIMA_BRDWGD - INFO - RMSE: 9.4766
2025-11-27 21:47:48,609 - ARIMA_BRDWGD - INFO - MSE : 89.8066
2025-11-27 21:47:48,609 - ARIMA_BRDWGD - INFO - MAE : 4.4990
2025-11-27 21:47:48,609 - ARIMA_BRDWGD - INFO - CSI (thr=1.0 mm): 0.2575  [TP=1505, FP=4319, FN=20]
2025-11-27 21:47:48,609 - ARIMA_BRDWGD - INFO - [TREINO] RMSE=9.4766 | MSE=89.8066 | MAE=4.4990 | CSI=0.2575
2025-11-27 21:47:48,612 - ARIMA_BRDWGD - INFO - RMSE: 13.2564
2025-11-27 21:47:48,613 - ARIMA_BRDWGD - INFO - MSE : 175.7328
2025-11-27 21:47:48,613 - ARIMA_BRDWGD - INFO - MAE : 7.3414
2025-11-27 21:47:48,613 - ARIMA_BRDWGD - INFO - CSI (thr=1.0 mm): 0.2000  [TP=6, FP=24, FN=0]
2025-11-27 21:47:48,613 - ARIMA_BRDWGD - INFO - Tempo total da Fase 6: 0.01s
2025-11-27 21:47:48,613 - ARIMA_BRDWGD - INFO - [FASE 7] Salvando gráfico de previsão vs. observado.
2025-11-27 21:47:49,282 - ARIMA_BRDWGD - INFO - Gráfico salvo como 'arimaBRDWGD_result.png'.
2025-11-27 21:47:49,282 - ARIMA_BRDWGD - INFO - ==========================================================================================
2025-11-27 21:47:49,282 - ARIMA_BRDWGD - INFO - Execução ARIMA BRDWGD finalizada com sucesso.
2025-11-27 21:47:49,282 - ARIMA_BRDWGD - INFO - Tempo total de execução: 1020.86s
2025-11-27 21:47:49,282 - ARIMA_BRDWGD - INFO - ==========================================================================================
2025-11-27 21:47:55,053 - RANDOM_FOREST_BRDWGD - INFO - ====================================================================================================
2025-11-27 21:47:55,053 - RANDOM_FOREST_BRDWGD - INFO - Iniciando Random Forest BRDWGD com GridSearchCV.
2025-11-27 21:47:55,053 - RANDOM_FOREST_BRDWGD - INFO - ====================================================================================================
2025-11-27 21:47:55,053 - RANDOM_FOREST_BRDWGD - INFO - [FASE 3] Split treino/teste e preparação.
2025-11-27 21:47:55,056 - RANDOM_FOREST_BRDWGD - INFO - [FASE 3] Treino: X=(5864, 30), y=5864 | Teste: X=(30, 30), y=30
2025-11-27 21:47:55,056 - RANDOM_FOREST_BRDWGD - INFO - [FASE 3] Tempo: 0.00s
2025-11-27 21:47:55,056 - RANDOM_FOREST_BRDWGD - INFO - [FASE 4] Iniciando GridSearchCV (TimeSeriesSplit).
2025-11-27 21:48:57,739 - RANDOM_FOREST_BRDWGD - INFO - [FASE 4] GridSearchCV concluído em 62.68s
2025-11-27 21:48:57,740 - RANDOM_FOREST_BRDWGD - INFO - [FASE 4] Melhores parâmetros: {'max_depth': 60, 'max_features': 'sqrt', 'min_samples_leaf': 4, 'min_samples_split': 10, 'n_estimators': 200}
2025-11-27 21:48:57,740 - RANDOM_FOREST_BRDWGD - INFO - [FASE 4] Melhor score (neg_MSE): -98.818296
2025-11-27 21:48:57,740 - RANDOM_FOREST_BRDWGD - INFO - [FASE 4] Tempo: 62.68s
2025-11-27 21:48:57,740 - RANDOM_FOREST_BRDWGD - INFO - [FASE 5] Treinando best_estimator_ no conjunto de treino.
2025-11-27 21:48:58,015 - RANDOM_FOREST_BRDWGD - INFO - [FASE 5] Tempo: 0.27s
2025-11-27 21:48:58,015 - RANDOM_FOREST_BRDWGD - INFO - [FASE 6] Previsão e cálculo de métricas.
2025-11-27 21:48:58,049 - RANDOM_FOREST_BRDWGD - INFO - RMSE: 7.5402
2025-11-27 21:48:58,049 - RANDOM_FOREST_BRDWGD - INFO - MSE : 56.8553
2025-11-27 21:48:58,049 - RANDOM_FOREST_BRDWGD - INFO - MAE : 3.4162
2025-11-27 21:48:58,049 - RANDOM_FOREST_BRDWGD - INFO - CSI (thr=1.0 mm): 0.3223  [TP=1491, FP=3115, FN=20]
2025-11-27 21:48:58,049 - RANDOM_FOREST_BRDWGD - INFO - [TREINO] RMSE=7.5402 | MSE=56.8553 | MAE=3.4162 | CSI=0.3223
2025-11-27 21:48:58,072 - RANDOM_FOREST_BRDWGD - INFO - y_pred raw min/max: 1.9931434076972878, 10.419484206937064
2025-11-27 21:48:58,072 - RANDOM_FOREST_BRDWGD - INFO - y_TRUE raw min/max: 0.0, 55.400001525878906
2025-11-27 21:48:58,073 - RANDOM_FOREST_BRDWGD - INFO - RMSE: 12.8944
2025-11-27 21:48:58,073 - RANDOM_FOREST_BRDWGD - INFO - MSE : 166.2649
2025-11-27 21:48:58,073 - RANDOM_FOREST_BRDWGD - INFO - MAE : 7.6742
2025-11-27 21:48:58,073 - RANDOM_FOREST_BRDWGD - INFO - CSI (thr=1.0 mm): 0.2000  [TP=6, FP=24, FN=0]
2025-11-27 21:48:58,073 - RANDOM_FOREST_BRDWGD - INFO - [FASE 7] Gerando gráficos.
2025-11-27 21:48:58,767 - RANDOM_FOREST_BRDWGD - INFO - Gráfico salvo como 'random_forest_BRDWGD.png'.
2025-11-27 21:48:58,768 - RANDOM_FOREST_BRDWGD - INFO - [FASE 7] Tempo: 0.69s
2025-11-27 21:48:58,768 - RANDOM_FOREST_BRDWGD - INFO - ====================================================================================================
2025-11-27 21:48:58,768 - RANDOM_FOREST_BRDWGD - INFO - Resumo Final
2025-11-27 21:48:58,768 - RANDOM_FOREST_BRDWGD - INFO - Melhores parâmetros: {'max_depth': 60, 'max_features': 'sqrt', 'min_samples_leaf': 4, 'min_samples_split': 10, 'n_estimators': 200}
2025-11-27 21:48:58,768 - RANDOM_FOREST_BRDWGD - INFO - Tempo total de execução: 63.72s
2025-11-27 21:48:58,768 - RANDOM_FOREST_BRDWGD - INFO - ====================================================================================================
2025-11-27 21:49:04,499 - LSTMBRDWGD - INFO - ==========================================================================================
2025-11-27 21:49:04,499 - LSTMBRDWGD - INFO - Iniciando script LSTM (PyTorch) BRDWGD com suporte a GPU e logs detalhados.
2025-11-27 21:49:04,499 - LSTMBRDWGD - INFO - ==========================================================================================
2025-11-27 21:49:04,499 - LSTMBRDWGD - INFO - Iniciando experimento: lookback=30, hidden_dim=32, layers=2, lr=0.001, drop=0.5
2025-11-27 21:49:04,903 - LSTMBRDWGD - INFO - Shape treino: torch.Size([5863, 30, 1]), teste: torch.Size([30, 30, 1])
2025-11-27 21:49:07,044 - LSTMBRDWGD - INFO - Treinando por 500 épocas...
2025-11-27 21:49:08,492 - LSTMBRDWGD - INFO - [EXP] Época 1/500 - Loss: 99.086225
2025-11-27 21:49:31,318 - LSTMBRDWGD - INFO - [EXP] Época 50/500 - Loss: 87.148520
2025-11-27 21:49:54,611 - LSTMBRDWGD - INFO - [EXP] Época 100/500 - Loss: 54.135928
2025-11-27 21:50:17,913 - LSTMBRDWGD - INFO - [EXP] Época 150/500 - Loss: 31.310015
2025-11-27 21:50:41,214 - LSTMBRDWGD - INFO - [EXP] Época 200/500 - Loss: 19.401816
2025-11-27 21:51:04,505 - LSTMBRDWGD - INFO - [EXP] Época 250/500 - Loss: 14.142153
2025-11-27 21:51:27,801 - LSTMBRDWGD - INFO - [EXP] Época 300/500 - Loss: 8.834054
2025-11-27 21:51:51,109 - LSTMBRDWGD - INFO - [EXP] Época 350/500 - Loss: 15.138189
2025-11-27 21:52:14,407 - LSTMBRDWGD - INFO - [EXP] Época 400/500 - Loss: 10.625196
2025-11-27 21:52:37,714 - LSTMBRDWGD - INFO - [EXP] Época 450/500 - Loss: 3.854132
2025-11-27 21:53:00,997 - LSTMBRDWGD - INFO - [EXP] Época 500/500 - Loss: 4.051283
2025-11-27 21:53:00,997 - LSTMBRDWGD - INFO - Treinamento concluído em 3.90 minutos
2025-11-27 21:53:01,481 - LSTMBRDWGD - INFO - Calculando erro para o train
2025-11-27 21:53:01,482 - LSTMBRDWGD - INFO - RMSE: 2.0172
2025-11-27 21:53:01,482 - LSTMBRDWGD - INFO - MSE : 4.0691
2025-11-27 21:53:01,482 - LSTMBRDWGD - INFO - MAE : 1.0184
2025-11-27 21:53:01,482 - LSTMBRDWGD - INFO - CSI (thr=1.0 mm): 0.5070  [TP=1309, FP=1071, FN=202]
2025-11-27 21:53:01,482 - LSTMBRDWGD - INFO - train_pred TRAIN mm min/max: 0.0, 153.8031463623047
2025-11-27 21:53:01,482 - LSTMBRDWGD - INFO - train_TRUE TRAIN mm min/max: 0.0, 154.39999389648438
2025-11-27 21:53:01,482 - LSTMBRDWGD - INFO -  Gerando gráficos TRAIN...
2025-11-27 21:53:01,826 - LSTMBRDWGD - INFO -  Gráficos gerados TRAIN ...
2025-11-27 21:53:01,827 - LSTMBRDWGD - INFO - Calculando erro para parte de teste
2025-11-27 21:53:01,827 - LSTMBRDWGD - INFO - RMSE: 16.3403
2025-11-27 21:53:01,827 - LSTMBRDWGD - INFO - MSE : 267.0060
2025-11-27 21:53:01,827 - LSTMBRDWGD - INFO - MAE : 9.1814
2025-11-27 21:53:01,827 - LSTMBRDWGD - INFO - CSI (thr=1.0 mm): 0.2105  [TP=4, FP=14, FN=1]
2025-11-27 21:53:01,827 - LSTMBRDWGD - INFO - y_pred mm min/max: 0.0, 38.31792449951172
2025-11-27 21:53:01,827 - LSTMBRDWGD - INFO - y_TRUE mm min/max: 0.0, 55.400001525878906
2025-11-27 21:53:01,827 - LSTMBRDWGD - INFO -  Gerando gráficos...
2025-11-27 21:53:02,085 - LSTMBRDWGD - INFO -  Gráficos gerados...
2025-11-27 21:53:02,085 - LSTMBRDWGD - INFO - ==========================================================================================
2025-11-27 21:53:02,085 - LSTMBRDWGD - INFO - Execução finalizada com sucesso.
2025-11-27 21:53:02,085 - LSTMBRDWGD - INFO - Dispositivo utilizado: cuda
2025-11-27 21:53:02,085 - LSTMBRDWGD - INFO - ==========================================================================================
2025-11-27 21:53:07,768 - BiLSTMBRDWGD - INFO - ==========================================================================================
2025-11-27 21:53:07,768 - BiLSTMBRDWGD - INFO - Iniciando script LSTM (PyTorch) BRDWGD com suporte a GPU e logs detalhados.
2025-11-27 21:53:07,768 - BiLSTMBRDWGD - INFO - ==========================================================================================
2025-11-27 21:53:07,768 - BiLSTMBRDWGD - INFO - Iniciando experimento: lookback=30, hidden_dim=32, layers=2, lr=0.001, drop=0.5
2025-11-27 21:53:07,779 - BiLSTMBRDWGD - INFO - Shape treino: torch.Size([5863, 30, 1]), teste: torch.Size([30, 30, 1])
2025-11-27 21:53:07,820 - BiLSTMBRDWGD - INFO - Treinando por 500 épocas...
2025-11-27 21:53:08,437 - BiLSTMBRDWGD - INFO - [EXP] Época 1/500 - Loss: 98.021531
2025-11-27 21:53:32,522 - BiLSTMBRDWGD - INFO - [EXP] Época 50/500 - Loss: 88.144809
2025-11-27 21:53:57,164 - BiLSTMBRDWGD - INFO - [EXP] Época 100/500 - Loss: 70.131152
2025-11-27 21:54:21,822 - BiLSTMBRDWGD - INFO - [EXP] Época 150/500 - Loss: 52.720419
2025-11-27 21:54:46,379 - BiLSTMBRDWGD - INFO - [EXP] Época 200/500 - Loss: 42.484560
2025-11-27 21:55:10,973 - BiLSTMBRDWGD - INFO - [EXP] Época 250/500 - Loss: 37.990912
2025-11-27 21:55:35,664 - BiLSTMBRDWGD - INFO - [EXP] Época 300/500 - Loss: 26.975958
2025-11-27 21:56:00,344 - BiLSTMBRDWGD - INFO - [EXP] Época 350/500 - Loss: 40.327793
2025-11-27 21:56:24,875 - BiLSTMBRDWGD - INFO - [EXP] Época 400/500 - Loss: 24.127592
2025-11-27 21:56:49,401 - BiLSTMBRDWGD - INFO - [EXP] Época 450/500 - Loss: 22.169443
2025-11-27 21:57:13,920 - BiLSTMBRDWGD - INFO - [EXP] Época 500/500 - Loss: 20.794861
2025-11-27 21:57:13,920 - BiLSTMBRDWGD - INFO - Treinamento concluído em 4.10 minutos
2025-11-27 21:57:14,351 - BiLSTMBRDWGD - INFO - Calculando erro para o train
2025-11-27 21:57:14,352 - BiLSTMBRDWGD - INFO - RMSE: 3.9286
2025-11-27 21:57:14,352 - BiLSTMBRDWGD - INFO - MSE : 15.4342
2025-11-27 21:57:14,352 - BiLSTMBRDWGD - INFO - MAE : 1.7188
2025-11-27 21:57:14,352 - BiLSTMBRDWGD - INFO - CSI (thr=1.0 mm): 0.4087  [TP=1130, FP=1254, FN=381]
2025-11-27 21:57:14,352 - BiLSTMBRDWGD - INFO - train_pred TRAIN mm min/max: 0.0, 148.56922912597656
2025-11-27 21:57:14,352 - BiLSTMBRDWGD - INFO - train_TRUE TRAIN mm min/max: 0.0, 154.39999389648438
2025-11-27 21:57:14,352 - BiLSTMBRDWGD - INFO -  Gerando gráficos TRAIN...
2025-11-27 21:57:14,712 - BiLSTMBRDWGD - INFO -  Gráficos gerados TRAIN ...
2025-11-27 21:57:14,712 - BiLSTMBRDWGD - INFO - Calculando erro para parte de teste
2025-11-27 21:57:14,713 - BiLSTMBRDWGD - INFO - RMSE: 10.4482
2025-11-27 21:57:14,713 - BiLSTMBRDWGD - INFO - MSE : 109.1654
2025-11-27 21:57:14,713 - BiLSTMBRDWGD - INFO - MAE : 4.8414
2025-11-27 21:57:14,713 - BiLSTMBRDWGD - INFO - CSI (thr=1.0 mm): 0.1765  [TP=3, FP=12, FN=2]
2025-11-27 21:57:14,713 - BiLSTMBRDWGD - INFO - y_pred mm min/max: 0.0, 26.59979248046875
2025-11-27 21:57:14,713 - BiLSTMBRDWGD - INFO - y_TRUE mm min/max: 0.0, 55.400001525878906
2025-11-27 21:57:14,713 - BiLSTMBRDWGD - INFO -  Gerando gráficos...
2025-11-27 21:57:14,972 - BiLSTMBRDWGD - INFO -  Gráficos gerados...
2025-11-27 21:57:14,972 - BiLSTMBRDWGD - INFO - ==========================================================================================
2025-11-27 21:57:14,972 - BiLSTMBRDWGD - INFO - Execução finalizada com sucesso.
2025-11-27 21:57:14,972 - BiLSTMBRDWGD - INFO - Dispositivo utilizado: cuda
2025-11-27 21:57:14,972 - BiLSTMBRDWGD - INFO - ==========================================================================================
2025-11-27 21:57:20,930 - LSTMBRDWGD - INFO - ==========================================================================================
2025-11-27 21:57:20,930 - LSTMBRDWGD - INFO - Iniciando script LSTM (PyTorch) BRDWGD com suporte a GPU e logs detalhados.
2025-11-27 21:57:20,930 - LSTMBRDWGD - INFO - ==========================================================================================
2025-11-27 21:57:20,930 - LSTMBRDWGD - INFO - Iniciando experimento: lookback=30, hidden_dim=64, layers=2, lr=0.001, drop=0.5
2025-11-27 21:57:20,940 - LSTMBRDWGD - INFO - Shape treino: torch.Size([5863, 30, 1]), teste: torch.Size([30, 30, 1])
2025-11-27 21:57:20,964 - LSTMBRDWGD - INFO - Treinando por 500 épocas...
2025-11-27 21:57:21,449 - LSTMBRDWGD - INFO - [EXP] Época 1/500 - Loss: 98.438611
2025-11-27 21:57:45,166 - LSTMBRDWGD - INFO - [EXP] Época 50/500 - Loss: 62.818542
2025-11-27 21:58:09,359 - LSTMBRDWGD - INFO - [EXP] Época 100/500 - Loss: 28.646873
2025-11-27 21:58:33,548 - LSTMBRDWGD - INFO - [EXP] Época 150/500 - Loss: 8.711466
2025-11-27 21:58:57,731 - LSTMBRDWGD - INFO - [EXP] Época 200/500 - Loss: 4.611382
2025-11-27 21:59:21,924 - LSTMBRDWGD - INFO - [EXP] Época 250/500 - Loss: 2.337778
2025-11-27 21:59:46,109 - LSTMBRDWGD - INFO - [EXP] Época 300/500 - Loss: 18.385615
2025-11-27 22:00:10,303 - LSTMBRDWGD - INFO - [EXP] Época 350/500 - Loss: 2.028703
2025-11-27 22:00:34,652 - LSTMBRDWGD - INFO - [EXP] Época 400/500 - Loss: 1.342451
2025-11-27 22:00:58,805 - LSTMBRDWGD - INFO - [EXP] Época 450/500 - Loss: 11.380419
2025-11-27 22:01:22,951 - LSTMBRDWGD - INFO - [EXP] Época 500/500 - Loss: 12.279420
2025-11-27 22:01:22,952 - LSTMBRDWGD - INFO - Treinamento concluído em 4.03 minutos
2025-11-27 22:01:23,343 - LSTMBRDWGD - INFO - Calculando erro para o train
2025-11-27 22:01:23,344 - LSTMBRDWGD - INFO - RMSE: 2.4070
2025-11-27 22:01:23,344 - LSTMBRDWGD - INFO - MSE : 5.7938
2025-11-27 22:01:23,344 - LSTMBRDWGD - INFO - MAE : 1.1609
2025-11-27 22:01:23,344 - LSTMBRDWGD - INFO - CSI (thr=1.0 mm): 0.5146  [TP=1288, FP=992, FN=223]
2025-11-27 22:01:23,344 - LSTMBRDWGD - INFO - train_pred TRAIN mm min/max: 0.0, 150.12344360351562
2025-11-27 22:01:23,344 - LSTMBRDWGD - INFO - train_TRUE TRAIN mm min/max: 0.0, 154.39999389648438
2025-11-27 22:01:23,344 - LSTMBRDWGD - INFO -  Gerando gráficos TRAIN...
2025-11-27 22:01:23,731 - LSTMBRDWGD - INFO -  Gráficos gerados TRAIN ...
2025-11-27 22:01:23,731 - LSTMBRDWGD - INFO - Calculando erro para parte de teste
2025-11-27 22:01:23,732 - LSTMBRDWGD - INFO - RMSE: 9.7999
2025-11-27 22:01:23,732 - LSTMBRDWGD - INFO - MSE : 96.0387
2025-11-27 22:01:23,732 - LSTMBRDWGD - INFO - MAE : 4.8680
2025-11-27 22:01:23,732 - LSTMBRDWGD - INFO - CSI (thr=1.0 mm): 0.1667  [TP=3, FP=13, FN=2]
2025-11-27 22:01:23,732 - LSTMBRDWGD - INFO - y_pred mm min/max: 0.0, 39.96207809448242
2025-11-27 22:01:23,732 - LSTMBRDWGD - INFO - y_TRUE mm min/max: 0.0, 55.400001525878906
2025-11-27 22:01:23,732 - LSTMBRDWGD - INFO -  Gerando gráficos...
2025-11-27 22:01:23,998 - LSTMBRDWGD - INFO -  Gráficos gerados...
2025-11-27 22:01:23,998 - LSTMBRDWGD - INFO - ==========================================================================================
2025-11-27 22:01:23,998 - LSTMBRDWGD - INFO - Execução finalizada com sucesso.
2025-11-27 22:01:23,998 - LSTMBRDWGD - INFO - Dispositivo utilizado: cuda
2025-11-27 22:01:23,998 - LSTMBRDWGD - INFO - ==========================================================================================
2025-11-27 22:01:29,751 - BiLSTMBRDWGD - INFO - ==========================================================================================
2025-11-27 22:01:29,751 - BiLSTMBRDWGD - INFO - Iniciando script LSTM (PyTorch) BRDWGD com suporte a GPU e logs detalhados.
2025-11-27 22:01:29,751 - BiLSTMBRDWGD - INFO - ==========================================================================================
2025-11-27 22:01:29,751 - BiLSTMBRDWGD - INFO - Iniciando experimento: lookback=30, hidden_dim=64, layers=2, lr=0.001, drop=0.5
2025-11-27 22:01:29,760 - BiLSTMBRDWGD - INFO - Shape treino: torch.Size([5863, 30, 1]), teste: torch.Size([30, 30, 1])
2025-11-27 22:01:29,796 - BiLSTMBRDWGD - INFO - Treinando por 500 épocas...
2025-11-27 22:01:30,370 - BiLSTMBRDWGD - INFO - [EXP] Época 1/500 - Loss: 96.788088
2025-11-27 22:01:57,378 - BiLSTMBRDWGD - INFO - [EXP] Época 50/500 - Loss: 79.782303
2025-11-27 22:02:24,795 - BiLSTMBRDWGD - INFO - [EXP] Época 100/500 - Loss: 35.761442
2025-11-27 22:02:52,120 - BiLSTMBRDWGD - INFO - [EXP] Época 150/500 - Loss: 20.765128
2025-11-27 22:03:19,447 - BiLSTMBRDWGD - INFO - [EXP] Época 200/500 - Loss: 20.944752
2025-11-27 22:03:46,794 - BiLSTMBRDWGD - INFO - [EXP] Época 250/500 - Loss: 14.881721
2025-11-27 22:04:14,135 - BiLSTMBRDWGD - INFO - [EXP] Época 300/500 - Loss: 10.003403
2025-11-27 22:04:41,458 - BiLSTMBRDWGD - INFO - [EXP] Época 350/500 - Loss: 9.598045
2025-11-27 22:05:08,782 - BiLSTMBRDWGD - INFO - [EXP] Época 400/500 - Loss: 8.725680
2025-11-27 22:05:36,104 - BiLSTMBRDWGD - INFO - [EXP] Época 450/500 - Loss: 7.055539
2025-11-27 22:06:03,422 - BiLSTMBRDWGD - INFO - [EXP] Época 500/500 - Loss: 5.687190
2025-11-27 22:06:03,422 - BiLSTMBRDWGD - INFO - Treinamento concluído em 4.56 minutos
2025-11-27 22:06:03,857 - BiLSTMBRDWGD - INFO - Calculando erro para o train
2025-11-27 22:06:03,858 - BiLSTMBRDWGD - INFO - RMSE: 1.6487
2025-11-27 22:06:03,858 - BiLSTMBRDWGD - INFO - MSE : 2.7182
2025-11-27 22:06:03,858 - BiLSTMBRDWGD - INFO - MAE : 0.6961
2025-11-27 22:06:03,858 - BiLSTMBRDWGD - INFO - CSI (thr=1.0 mm): 0.6565  [TP=1137, FP=221, FN=374]
2025-11-27 22:06:03,858 - BiLSTMBRDWGD - INFO - train_pred TRAIN mm min/max: 0.0, 145.05020141601562
2025-11-27 22:06:03,858 - BiLSTMBRDWGD - INFO - train_TRUE TRAIN mm min/max: 0.0, 154.39999389648438
2025-11-27 22:06:03,858 - BiLSTMBRDWGD - INFO -  Gerando gráficos TRAIN...
2025-11-27 22:06:04,206 - BiLSTMBRDWGD - INFO -  Gráficos gerados TRAIN ...
2025-11-27 22:06:04,206 - BiLSTMBRDWGD - INFO - Calculando erro para parte de teste
2025-11-27 22:06:04,207 - BiLSTMBRDWGD - INFO - RMSE: 14.4813
2025-11-27 22:06:04,207 - BiLSTMBRDWGD - INFO - MSE : 209.7074
2025-11-27 22:06:04,207 - BiLSTMBRDWGD - INFO - MAE : 7.4614
2025-11-27 22:06:04,207 - BiLSTMBRDWGD - INFO - CSI (thr=1.0 mm): 0.1765  [TP=3, FP=12, FN=2]
2025-11-27 22:06:04,207 - BiLSTMBRDWGD - INFO - y_pred mm min/max: 0.0, 31.405197143554688
2025-11-27 22:06:04,207 - BiLSTMBRDWGD - INFO - y_TRUE mm min/max: 0.0, 55.400001525878906
2025-11-27 22:06:04,207 - BiLSTMBRDWGD - INFO -  Gerando gráficos...
2025-11-27 22:06:04,473 - BiLSTMBRDWGD - INFO -  Gráficos gerados...
2025-11-27 22:06:04,473 - BiLSTMBRDWGD - INFO - ==========================================================================================
2025-11-27 22:06:04,473 - BiLSTMBRDWGD - INFO - Execução finalizada com sucesso.
2025-11-27 22:06:04,473 - BiLSTMBRDWGD - INFO - Dispositivo utilizado: cuda
2025-11-27 22:06:04,473 - BiLSTMBRDWGD - INFO - ==========================================================================================
2025-11-27 22:06:10,376 - LSTMBRDWGD - INFO - ==========================================================================================
2025-11-27 22:06:10,376 - LSTMBRDWGD - INFO - Iniciando script LSTM (PyTorch) BRDWGD com suporte a GPU e logs detalhados.
2025-11-27 22:06:10,376 - LSTMBRDWGD - INFO - ==========================================================================================
2025-11-27 22:06:10,376 - LSTMBRDWGD - INFO - Iniciando experimento: lookback=30, hidden_dim=128, layers=2, lr=0.001, drop=0.5
2025-11-27 22:06:10,386 - LSTMBRDWGD - INFO - Shape treino: torch.Size([5863, 30, 1]), teste: torch.Size([30, 30, 1])
2025-11-27 22:06:10,402 - LSTMBRDWGD - INFO - Treinando por 500 épocas...
2025-11-27 22:06:11,003 - LSTMBRDWGD - INFO - [EXP] Época 1/500 - Loss: 96.701451
2025-11-27 22:06:40,522 - LSTMBRDWGD - INFO - [EXP] Época 50/500 - Loss: 34.812831
2025-11-27 22:07:10,635 - LSTMBRDWGD - INFO - [EXP] Época 100/500 - Loss: 7.261307
2025-11-27 22:07:40,748 - LSTMBRDWGD - INFO - [EXP] Época 150/500 - Loss: 1.909510
2025-11-27 22:08:10,864 - LSTMBRDWGD - INFO - [EXP] Época 200/500 - Loss: 1.297757
2025-11-27 22:08:40,978 - LSTMBRDWGD - INFO - [EXP] Época 250/500 - Loss: 0.899856
2025-11-27 22:09:11,099 - LSTMBRDWGD - INFO - [EXP] Época 300/500 - Loss: 0.895026
2025-11-27 22:09:41,218 - LSTMBRDWGD - INFO - [EXP] Época 350/500 - Loss: 2.005377
2025-11-27 22:10:11,334 - LSTMBRDWGD - INFO - [EXP] Época 400/500 - Loss: 0.709746
2025-11-27 22:10:41,453 - LSTMBRDWGD - INFO - [EXP] Época 450/500 - Loss: 1.098718
2025-11-27 22:11:11,571 - LSTMBRDWGD - INFO - [EXP] Época 500/500 - Loss: 0.378688
2025-11-27 22:11:11,571 - LSTMBRDWGD - INFO - Treinamento concluído em 5.02 minutos
2025-11-27 22:11:12,063 - LSTMBRDWGD - INFO - Calculando erro para o train
2025-11-27 22:11:12,064 - LSTMBRDWGD - INFO - RMSE: 0.3533
2025-11-27 22:11:12,064 - LSTMBRDWGD - INFO - MSE : 0.1248
2025-11-27 22:11:12,064 - LSTMBRDWGD - INFO - MAE : 0.1582
2025-11-27 22:11:12,064 - LSTMBRDWGD - INFO - CSI (thr=1.0 mm): 0.9447  [TP=1451, FP=25, FN=60]
2025-11-27 22:11:12,064 - LSTMBRDWGD - INFO - train_pred TRAIN mm min/max: 0.0, 153.8694305419922
2025-11-27 22:11:12,064 - LSTMBRDWGD - INFO - train_TRUE TRAIN mm min/max: 0.0, 154.39999389648438
2025-11-27 22:11:12,064 - LSTMBRDWGD - INFO -  Gerando gráficos TRAIN...
2025-11-27 22:11:12,404 - LSTMBRDWGD - INFO -  Gráficos gerados TRAIN ...
2025-11-27 22:11:12,405 - LSTMBRDWGD - INFO - Calculando erro para parte de teste
2025-11-27 22:11:12,405 - LSTMBRDWGD - INFO - RMSE: 13.2859
2025-11-27 22:11:12,405 - LSTMBRDWGD - INFO - MSE : 176.5143
2025-11-27 22:11:12,405 - LSTMBRDWGD - INFO - MAE : 6.3890
2025-11-27 22:11:12,405 - LSTMBRDWGD - INFO - CSI (thr=1.0 mm): 0.2000  [TP=3, FP=10, FN=2]
2025-11-27 22:11:12,405 - LSTMBRDWGD - INFO - y_pred mm min/max: 0.0, 19.23271369934082
2025-11-27 22:11:12,405 - LSTMBRDWGD - INFO - y_TRUE mm min/max: 0.0, 55.400001525878906
2025-11-27 22:11:12,406 - LSTMBRDWGD - INFO -  Gerando gráficos...
2025-11-27 22:11:12,662 - LSTMBRDWGD - INFO -  Gráficos gerados...
2025-11-27 22:11:12,663 - LSTMBRDWGD - INFO - ==========================================================================================
2025-11-27 22:11:12,663 - LSTMBRDWGD - INFO - Execução finalizada com sucesso.
2025-11-27 22:11:12,663 - LSTMBRDWGD - INFO - Dispositivo utilizado: cuda
2025-11-27 22:11:12,663 - LSTMBRDWGD - INFO - ==========================================================================================
2025-11-27 22:11:18,381 - BiLSTMBRDWGD - INFO - ==========================================================================================
2025-11-27 22:11:18,381 - BiLSTMBRDWGD - INFO - Iniciando script LSTM (PyTorch) BRDWGD com suporte a GPU e logs detalhados.
2025-11-27 22:11:18,381 - BiLSTMBRDWGD - INFO - ==========================================================================================
2025-11-27 22:11:18,381 - BiLSTMBRDWGD - INFO - Iniciando experimento: lookback=30, hidden_dim=128, layers=2, lr=0.001, drop=0.5
2025-11-27 22:11:18,390 - BiLSTMBRDWGD - INFO - Shape treino: torch.Size([5863, 30, 1]), teste: torch.Size([30, 30, 1])
2025-11-27 22:11:18,419 - BiLSTMBRDWGD - INFO - Treinando por 500 épocas...
2025-11-27 22:11:19,202 - BiLSTMBRDWGD - INFO - [EXP] Época 1/500 - Loss: 95.664957
2025-11-27 22:11:57,681 - BiLSTMBRDWGD - INFO - [EXP] Época 50/500 - Loss: 53.956753
2025-11-27 22:12:36,844 - BiLSTMBRDWGD - INFO - [EXP] Época 100/500 - Loss: 23.061340
2025-11-27 22:13:15,999 - BiLSTMBRDWGD - INFO - [EXP] Época 150/500 - Loss: 19.166673
2025-11-27 22:13:55,158 - BiLSTMBRDWGD - INFO - [EXP] Época 200/500 - Loss: 12.619761
2025-11-27 22:14:34,333 - BiLSTMBRDWGD - INFO - [EXP] Época 250/500 - Loss: 6.601549
2025-11-27 22:15:13,502 - BiLSTMBRDWGD - INFO - [EXP] Época 300/500 - Loss: 5.658413
2025-11-27 22:15:52,663 - BiLSTMBRDWGD - INFO - [EXP] Época 350/500 - Loss: 4.087596
2025-11-27 22:16:31,823 - BiLSTMBRDWGD - INFO - [EXP] Época 400/500 - Loss: 4.725555
2025-11-27 22:17:10,987 - BiLSTMBRDWGD - INFO - [EXP] Época 450/500 - Loss: 3.329669
2025-11-27 22:17:49,924 - BiLSTMBRDWGD - INFO - [EXP] Época 500/500 - Loss: 3.230571
2025-11-27 22:17:49,924 - BiLSTMBRDWGD - INFO - Treinamento concluído em 6.53 minutos
2025-11-27 22:17:50,457 - BiLSTMBRDWGD - INFO - Calculando erro para o train
2025-11-27 22:17:50,457 - BiLSTMBRDWGD - INFO - RMSE: 1.1886
2025-11-27 22:17:50,457 - BiLSTMBRDWGD - INFO - MSE : 1.4127
2025-11-27 22:17:50,457 - BiLSTMBRDWGD - INFO - MAE : 0.4573
2025-11-27 22:17:50,458 - BiLSTMBRDWGD - INFO - CSI (thr=1.0 mm): 0.8268  [TP=1289, FP=48, FN=222]
2025-11-27 22:17:50,458 - BiLSTMBRDWGD - INFO - train_pred TRAIN mm min/max: 0.0, 148.1935577392578
2025-11-27 22:17:50,458 - BiLSTMBRDWGD - INFO - train_TRUE TRAIN mm min/max: 0.0, 154.39999389648438
2025-11-27 22:17:50,458 - BiLSTMBRDWGD - INFO -  Gerando gráficos TRAIN...
2025-11-27 22:17:50,888 - BiLSTMBRDWGD - INFO -  Gráficos gerados TRAIN ...
2025-11-27 22:17:50,888 - BiLSTMBRDWGD - INFO - Calculando erro para parte de teste
2025-11-27 22:17:50,888 - BiLSTMBRDWGD - INFO - RMSE: 14.0657
2025-11-27 22:17:50,888 - BiLSTMBRDWGD - INFO - MSE : 197.8453
2025-11-27 22:17:50,889 - BiLSTMBRDWGD - INFO - MAE : 6.5907
2025-11-27 22:17:50,889 - BiLSTMBRDWGD - INFO - CSI (thr=1.0 mm): 0.3000  [TP=3, FP=5, FN=2]
2025-11-27 22:17:50,889 - BiLSTMBRDWGD - INFO - y_pred mm min/max: 0.0, 27.827585220336914
2025-11-27 22:17:50,889 - BiLSTMBRDWGD - INFO - y_TRUE mm min/max: 0.0, 55.400001525878906
2025-11-27 22:17:50,889 - BiLSTMBRDWGD - INFO -  Gerando gráficos...
2025-11-27 22:17:51,154 - BiLSTMBRDWGD - INFO -  Gráficos gerados...
2025-11-27 22:17:51,154 - BiLSTMBRDWGD - INFO - ==========================================================================================
2025-11-27 22:17:51,155 - BiLSTMBRDWGD - INFO - Execução finalizada com sucesso.
2025-11-27 22:17:51,155 - BiLSTMBRDWGD - INFO - Dispositivo utilizado: cuda
2025-11-27 22:17:51,155 - BiLSTMBRDWGD - INFO - ==========================================================================================
2025-11-27 22:17:57,156 - LSTMBRDWGD - INFO - ==========================================================================================
2025-11-27 22:17:57,156 - LSTMBRDWGD - INFO - Iniciando script LSTM (PyTorch) BRDWGD com suporte a GPU e logs detalhados.
2025-11-27 22:17:57,156 - LSTMBRDWGD - INFO - ==========================================================================================
2025-11-27 22:17:57,156 - LSTMBRDWGD - INFO - Iniciando experimento: lookback=30, hidden_dim=256, layers=2, lr=0.001, drop=0.5
2025-11-27 22:17:57,165 - LSTMBRDWGD - INFO - Shape treino: torch.Size([5863, 30, 1]), teste: torch.Size([30, 30, 1])
2025-11-27 22:17:57,183 - LSTMBRDWGD - INFO - Treinando por 500 épocas...
2025-11-27 22:17:58,435 - LSTMBRDWGD - INFO - [EXP] Época 1/500 - Loss: 97.076380
2025-11-27 22:18:40,273 - LSTMBRDWGD - INFO - [EXP] Época 50/500 - Loss: 13.122501
2025-11-27 22:19:06,655 - LSTMBRDWGD - INFO - [EXP] Época 100/500 - Loss: 2.250909
2025-11-27 22:19:33,875 - LSTMBRDWGD - INFO - [EXP] Época 150/500 - Loss: 1.183969
2025-11-27 22:21:32,835 - LSTMBRDWGD - INFO - [EXP] Época 200/500 - Loss: 5.100734
2025-11-27 22:22:35,280 - LSTMBRDWGD - INFO - [EXP] Época 250/500 - Loss: 0.657061
2025-11-27 22:23:37,810 - LSTMBRDWGD - INFO - [EXP] Época 300/500 - Loss: 1.235598
2025-11-27 22:24:40,318 - LSTMBRDWGD - INFO - [EXP] Época 350/500 - Loss: 0.389099
2025-11-27 22:25:42,847 - LSTMBRDWGD - INFO - [EXP] Época 400/500 - Loss: 0.370243
2025-11-27 22:26:45,358 - LSTMBRDWGD - INFO - [EXP] Época 450/500 - Loss: 0.245602
2025-11-27 22:27:47,875 - LSTMBRDWGD - INFO - [EXP] Época 500/500 - Loss: 0.932983
2025-11-27 22:27:47,875 - LSTMBRDWGD - INFO - Treinamento concluído em 9.84 minutos
2025-11-27 22:27:48,425 - LSTMBRDWGD - INFO - Calculando erro para o train
2025-11-27 22:27:48,426 - LSTMBRDWGD - INFO - RMSE: 0.5165
2025-11-27 22:27:48,426 - LSTMBRDWGD - INFO - MSE : 0.2667
2025-11-27 22:27:48,426 - LSTMBRDWGD - INFO - MAE : 0.2303
2025-11-27 22:27:48,426 - LSTMBRDWGD - INFO - CSI (thr=1.0 mm): 0.9118  [TP=1416, FP=42, FN=95]
2025-11-27 22:27:48,426 - LSTMBRDWGD - INFO - train_pred TRAIN mm min/max: 0.0, 154.1927947998047
2025-11-27 22:27:48,426 - LSTMBRDWGD - INFO - train_TRUE TRAIN mm min/max: 0.0, 154.39999389648438
2025-11-27 22:27:48,426 - LSTMBRDWGD - INFO -  Gerando gráficos TRAIN...
2025-11-27 22:27:48,779 - LSTMBRDWGD - INFO -  Gráficos gerados TRAIN ...
2025-11-27 22:27:48,779 - LSTMBRDWGD - INFO - Calculando erro para parte de teste
2025-11-27 22:27:48,780 - LSTMBRDWGD - INFO - RMSE: 14.1505
2025-11-27 22:27:48,780 - LSTMBRDWGD - INFO - MSE : 200.2377
2025-11-27 22:27:48,780 - LSTMBRDWGD - INFO - MAE : 6.8823
2025-11-27 22:27:48,780 - LSTMBRDWGD - INFO - CSI (thr=1.0 mm): 0.1667  [TP=3, FP=13, FN=2]
2025-11-27 22:27:48,780 - LSTMBRDWGD - INFO - y_pred mm min/max: 0.0, 23.195547103881836
2025-11-27 22:27:48,780 - LSTMBRDWGD - INFO - y_TRUE mm min/max: 0.0, 55.400001525878906
2025-11-27 22:27:48,780 - LSTMBRDWGD - INFO -  Gerando gráficos...
2025-11-27 22:27:49,035 - LSTMBRDWGD - INFO -  Gráficos gerados...
2025-11-27 22:27:49,036 - LSTMBRDWGD - INFO - ==========================================================================================
2025-11-27 22:27:49,036 - LSTMBRDWGD - INFO - Execução finalizada com sucesso.
2025-11-27 22:27:49,036 - LSTMBRDWGD - INFO - Dispositivo utilizado: cuda
2025-11-27 22:27:49,036 - LSTMBRDWGD - INFO - ==========================================================================================
2025-11-27 22:27:54,781 - BiLSTMBRDWGD - INFO - ==========================================================================================
2025-11-27 22:27:54,781 - BiLSTMBRDWGD - INFO - Iniciando script LSTM (PyTorch) BRDWGD com suporte a GPU e logs detalhados.
2025-11-27 22:27:54,781 - BiLSTMBRDWGD - INFO - ==========================================================================================
2025-11-27 22:27:54,781 - BiLSTMBRDWGD - INFO - Iniciando experimento: lookback=30, hidden_dim=256, layers=2, lr=0.001, drop=0.5
2025-11-27 22:27:54,790 - BiLSTMBRDWGD - INFO - Shape treino: torch.Size([5863, 30, 1]), teste: torch.Size([30, 30, 1])
2025-11-27 22:27:54,826 - BiLSTMBRDWGD - INFO - Treinando por 500 épocas...
2025-11-27 22:27:56,657 - BiLSTMBRDWGD - INFO - [EXP] Época 1/500 - Loss: 95.745820
2025-11-27 22:29:26,951 - BiLSTMBRDWGD - INFO - [EXP] Época 50/500 - Loss: 34.636832
2025-11-27 22:30:59,206 - BiLSTMBRDWGD - INFO - [EXP] Época 100/500 - Loss: 12.483635
2025-11-27 22:32:30,114 - BiLSTMBRDWGD - INFO - [EXP] Época 150/500 - Loss: 7.002150
2025-11-27 22:34:02,200 - BiLSTMBRDWGD - INFO - [EXP] Época 200/500 - Loss: 3.374618
2025-11-27 22:35:31,245 - BiLSTMBRDWGD - INFO - [EXP] Época 250/500 - Loss: 2.887340
2025-11-27 22:36:58,890 - BiLSTMBRDWGD - INFO - [EXP] Época 300/500 - Loss: 12.211606
2025-11-27 22:38:26,368 - BiLSTMBRDWGD - INFO - [EXP] Época 350/500 - Loss: 2.838466
2025-11-27 22:39:53,960 - BiLSTMBRDWGD - INFO - [EXP] Época 400/500 - Loss: 2.049215
2025-11-27 22:41:21,473 - BiLSTMBRDWGD - INFO - [EXP] Época 450/500 - Loss: 2.749734
2025-11-27 22:42:47,710 - BiLSTMBRDWGD - INFO - [EXP] Época 500/500 - Loss: 2.238111
2025-11-27 22:42:47,711 - BiLSTMBRDWGD - INFO - Treinamento concluído em 14.88 minutos
2025-11-27 22:42:48,361 - BiLSTMBRDWGD - INFO - Calculando erro para o train
2025-11-27 22:42:48,361 - BiLSTMBRDWGD - INFO - RMSE: 1.1898
2025-11-27 22:42:48,361 - BiLSTMBRDWGD - INFO - MSE : 1.4156
2025-11-27 22:42:48,361 - BiLSTMBRDWGD - INFO - MAE : 0.3919
2025-11-27 22:42:48,361 - BiLSTMBRDWGD - INFO - CSI (thr=1.0 mm): 0.8602  [TP=1354, FP=63, FN=157]
2025-11-27 22:42:48,362 - BiLSTMBRDWGD - INFO - train_pred TRAIN mm min/max: 0.0, 153.20281982421875
2025-11-27 22:42:48,362 - BiLSTMBRDWGD - INFO - train_TRUE TRAIN mm min/max: 0.0, 154.39999389648438
2025-11-27 22:42:48,362 - BiLSTMBRDWGD - INFO -  Gerando gráficos TRAIN...
2025-11-27 22:42:48,755 - BiLSTMBRDWGD - INFO -  Gráficos gerados TRAIN ...
2025-11-27 22:42:48,755 - BiLSTMBRDWGD - INFO - Calculando erro para parte de teste
2025-11-27 22:42:48,755 - BiLSTMBRDWGD - INFO - RMSE: 14.2138
2025-11-27 22:42:48,755 - BiLSTMBRDWGD - INFO - MSE : 202.0329
2025-11-27 22:42:48,756 - BiLSTMBRDWGD - INFO - MAE : 6.7111
2025-11-27 22:42:48,756 - BiLSTMBRDWGD - INFO - CSI (thr=1.0 mm): 0.2143  [TP=3, FP=9, FN=2]
2025-11-27 22:42:48,756 - BiLSTMBRDWGD - INFO - y_pred mm min/max: 0.0, 14.569376945495605
2025-11-27 22:42:48,756 - BiLSTMBRDWGD - INFO - y_TRUE mm min/max: 0.0, 55.400001525878906
2025-11-27 22:42:48,756 - BiLSTMBRDWGD - INFO -  Gerando gráficos...
2025-11-27 22:42:49,012 - BiLSTMBRDWGD - INFO -  Gráficos gerados...
2025-11-27 22:42:49,012 - BiLSTMBRDWGD - INFO - ==========================================================================================
2025-11-27 22:42:49,012 - BiLSTMBRDWGD - INFO - Execução finalizada com sucesso.
2025-11-27 22:42:49,013 - BiLSTMBRDWGD - INFO - Dispositivo utilizado: cuda
2025-11-27 22:42:49,013 - BiLSTMBRDWGD - INFO - ==========================================================================================
2025-11-27 22:42:54,957 - ARIMA_BRDWGD - INFO - ==========================================================================================
2025-11-27 22:42:54,957 - ARIMA_BRDWGD - INFO - Iniciando script ARIMA BRDWGD.
2025-11-27 22:42:54,957 - ARIMA_BRDWGD - INFO - ==========================================================================================
2025-11-27 22:42:54,957 - ARIMA_BRDWGD - INFO - Tamanho treino: 5894 | teste: 30
2025-11-27 22:42:54,957 - ARIMA_BRDWGD - INFO - [FASE 4] Iniciando busca manual por hiperparâmetros (AIC).
2025-11-27 22:55:24,773 - ARIMA_BRDWGD - INFO - Melhor order encontrado: (30, 0, 2)
2025-11-27 22:55:24,774 - ARIMA_BRDWGD - INFO - Melhor AIC (treino): 43303.74
2025-11-27 22:55:24,774 - ARIMA_BRDWGD - INFO - Tempo da Fase 4: 749.82s
2025-11-27 22:55:24,774 - ARIMA_BRDWGD - INFO - [FASE 5] Reajustando melhor modelo no conjunto de treino.
2025-11-27 22:59:43,578 - ARIMA_BRDWGD - INFO - Melhor modelo ajustado no treino.
2025-11-27 22:59:43,579 - ARIMA_BRDWGD - INFO - Tempo da Fase 5: 258.81s
2025-11-27 22:59:43,579 - ARIMA_BRDWGD - INFO - [FASE 6] Gerando previsões no conjunto de teste e avaliando métricas.
2025-11-27 22:59:43,580 - ARIMA_BRDWGD - INFO - RMSE: 9.4766
2025-11-27 22:59:43,580 - ARIMA_BRDWGD - INFO - MSE : 89.8066
2025-11-27 22:59:43,580 - ARIMA_BRDWGD - INFO - MAE : 4.4990
2025-11-27 22:59:43,581 - ARIMA_BRDWGD - INFO - CSI (thr=1.0 mm): 0.2575  [TP=1505, FP=4319, FN=20]
2025-11-27 22:59:43,581 - ARIMA_BRDWGD - INFO - [TREINO] RMSE=9.4766 | MSE=89.8066 | MAE=4.4990 | CSI=0.2575
2025-11-27 22:59:43,584 - ARIMA_BRDWGD - INFO - RMSE: 13.2564
2025-11-27 22:59:43,584 - ARIMA_BRDWGD - INFO - MSE : 175.7328
2025-11-27 22:59:43,584 - ARIMA_BRDWGD - INFO - MAE : 7.3414
2025-11-27 22:59:43,584 - ARIMA_BRDWGD - INFO - CSI (thr=1.0 mm): 0.2000  [TP=6, FP=24, FN=0]
2025-11-27 22:59:43,584 - ARIMA_BRDWGD - INFO - Tempo total da Fase 6: 0.01s
2025-11-27 22:59:43,584 - ARIMA_BRDWGD - INFO - [FASE 7] Salvando gráfico de previsão vs. observado.
2025-11-27 22:59:44,249 - ARIMA_BRDWGD - INFO - Gráfico salvo como 'arimaBRDWGD_result.png'.
2025-11-27 22:59:44,249 - ARIMA_BRDWGD - INFO - ==========================================================================================
2025-11-27 22:59:44,249 - ARIMA_BRDWGD - INFO - Execução ARIMA BRDWGD finalizada com sucesso.
2025-11-27 22:59:44,249 - ARIMA_BRDWGD - INFO - Tempo total de execução: 1009.29s
2025-11-27 22:59:44,249 - ARIMA_BRDWGD - INFO - ==========================================================================================
2025-11-27 22:59:49,933 - RANDOM_FOREST_BRDWGD - INFO - ====================================================================================================
2025-11-27 22:59:49,933 - RANDOM_FOREST_BRDWGD - INFO - Iniciando Random Forest BRDWGD com GridSearchCV.
2025-11-27 22:59:49,933 - RANDOM_FOREST_BRDWGD - INFO - ====================================================================================================
2025-11-27 22:59:49,933 - RANDOM_FOREST_BRDWGD - INFO - [FASE 3] Split treino/teste e preparação.
2025-11-27 22:59:49,937 - RANDOM_FOREST_BRDWGD - INFO - [FASE 3] Treino: X=(5864, 30), y=5864 | Teste: X=(30, 30), y=30
2025-11-27 22:59:49,937 - RANDOM_FOREST_BRDWGD - INFO - [FASE 3] Tempo: 0.00s
2025-11-27 22:59:49,937 - RANDOM_FOREST_BRDWGD - INFO - [FASE 4] Iniciando GridSearchCV (TimeSeriesSplit).
2025-11-27 23:00:53,292 - RANDOM_FOREST_BRDWGD - INFO - [FASE 4] GridSearchCV concluído em 63.36s
2025-11-27 23:00:53,293 - RANDOM_FOREST_BRDWGD - INFO - [FASE 4] Melhores parâmetros: {'max_depth': 60, 'max_features': 'sqrt', 'min_samples_leaf': 4, 'min_samples_split': 10, 'n_estimators': 200}
2025-11-27 23:00:53,293 - RANDOM_FOREST_BRDWGD - INFO - [FASE 4] Melhor score (neg_MSE): -98.818296
2025-11-27 23:00:53,293 - RANDOM_FOREST_BRDWGD - INFO - [FASE 4] Tempo: 63.36s
2025-11-27 23:00:53,293 - RANDOM_FOREST_BRDWGD - INFO - [FASE 5] Treinando best_estimator_ no conjunto de treino.
2025-11-27 23:00:53,565 - RANDOM_FOREST_BRDWGD - INFO - [FASE 5] Tempo: 0.27s
2025-11-27 23:00:53,565 - RANDOM_FOREST_BRDWGD - INFO - [FASE 6] Previsão e cálculo de métricas.
2025-11-27 23:00:53,599 - RANDOM_FOREST_BRDWGD - INFO - RMSE: 7.5402
2025-11-27 23:00:53,600 - RANDOM_FOREST_BRDWGD - INFO - MSE : 56.8553
2025-11-27 23:00:53,600 - RANDOM_FOREST_BRDWGD - INFO - MAE : 3.4162
2025-11-27 23:00:53,600 - RANDOM_FOREST_BRDWGD - INFO - CSI (thr=1.0 mm): 0.3223  [TP=1491, FP=3115, FN=20]
2025-11-27 23:00:53,600 - RANDOM_FOREST_BRDWGD - INFO - [TREINO] RMSE=7.5402 | MSE=56.8553 | MAE=3.4162 | CSI=0.3223
2025-11-27 23:00:53,624 - RANDOM_FOREST_BRDWGD - INFO - y_pred raw min/max: 1.9931434076972878, 10.419484206937064
2025-11-27 23:00:53,624 - RANDOM_FOREST_BRDWGD - INFO - y_TRUE raw min/max: 0.0, 55.400001525878906
2025-11-27 23:00:53,624 - RANDOM_FOREST_BRDWGD - INFO - RMSE: 12.8944
2025-11-27 23:00:53,625 - RANDOM_FOREST_BRDWGD - INFO - MSE : 166.2649
2025-11-27 23:00:53,625 - RANDOM_FOREST_BRDWGD - INFO - MAE : 7.6742
2025-11-27 23:00:53,625 - RANDOM_FOREST_BRDWGD - INFO - CSI (thr=1.0 mm): 0.2000  [TP=6, FP=24, FN=0]
2025-11-27 23:00:53,625 - RANDOM_FOREST_BRDWGD - INFO - [FASE 7] Gerando gráficos.
2025-11-27 23:00:54,209 - RANDOM_FOREST_BRDWGD - INFO - Gráfico salvo como 'random_forest_BRDWGD.png'.
2025-11-27 23:00:54,209 - RANDOM_FOREST_BRDWGD - INFO - [FASE 7] Tempo: 0.58s
2025-11-27 23:00:54,209 - RANDOM_FOREST_BRDWGD - INFO - ====================================================================================================
2025-11-27 23:00:54,209 - RANDOM_FOREST_BRDWGD - INFO - Resumo Final
2025-11-27 23:00:54,209 - RANDOM_FOREST_BRDWGD - INFO - Melhores parâmetros: {'max_depth': 60, 'max_features': 'sqrt', 'min_samples_leaf': 4, 'min_samples_split': 10, 'n_estimators': 200}
2025-11-27 23:00:54,209 - RANDOM_FOREST_BRDWGD - INFO - Tempo total de execução: 64.28s
2025-11-27 23:00:54,209 - RANDOM_FOREST_BRDWGD - INFO - ====================================================================================================
2025-11-27 23:01:00,096 - LSTMBRDWGD - INFO - ==========================================================================================
2025-11-27 23:01:00,096 - LSTMBRDWGD - INFO - Iniciando script LSTM (PyTorch) BRDWGD com suporte a GPU e logs detalhados.
2025-11-27 23:01:00,096 - LSTMBRDWGD - INFO - ==========================================================================================
2025-11-27 23:01:00,096 - LSTMBRDWGD - INFO - Iniciando experimento: lookback=30, hidden_dim=32, layers=2, lr=0.001, drop=0.5
2025-11-27 23:01:00,114 - LSTMBRDWGD - INFO - Shape treino: torch.Size([5863, 30, 1]), teste: torch.Size([30, 30, 1])
2025-11-27 23:01:00,137 - LSTMBRDWGD - INFO - Treinando por 500 épocas...
2025-11-27 23:01:00,604 - LSTMBRDWGD - INFO - [EXP] Época 1/500 - Loss: 98.773395
2025-11-27 23:01:23,408 - LSTMBRDWGD - INFO - [EXP] Época 50/500 - Loss: 87.874020
2025-11-27 23:01:46,675 - LSTMBRDWGD - INFO - [EXP] Época 100/500 - Loss: 48.957244
2025-11-27 23:02:09,939 - LSTMBRDWGD - INFO - [EXP] Época 150/500 - Loss: 30.874957
2025-11-27 23:02:33,339 - LSTMBRDWGD - INFO - [EXP] Época 200/500 - Loss: 20.546600
2025-11-27 23:02:56,593 - LSTMBRDWGD - INFO - [EXP] Época 250/500 - Loss: 22.517945
2025-11-27 23:03:19,852 - LSTMBRDWGD - INFO - [EXP] Época 300/500 - Loss: 15.107446
2025-11-27 23:03:43,105 - LSTMBRDWGD - INFO - [EXP] Época 350/500 - Loss: 10.335555
2025-11-27 23:04:06,358 - LSTMBRDWGD - INFO - [EXP] Época 400/500 - Loss: 8.940570
2025-11-27 23:04:29,608 - LSTMBRDWGD - INFO - [EXP] Época 450/500 - Loss: 6.980971
2025-11-27 23:04:52,863 - LSTMBRDWGD - INFO - [EXP] Época 500/500 - Loss: 6.970705
2025-11-27 23:04:52,863 - LSTMBRDWGD - INFO - Treinamento concluído em 3.88 minutos
2025-11-27 23:04:53,255 - LSTMBRDWGD - INFO - Calculando erro para o train
2025-11-27 23:04:53,256 - LSTMBRDWGD - INFO - RMSE: 2.1365
2025-11-27 23:04:53,256 - LSTMBRDWGD - INFO - MSE : 4.5647
2025-11-27 23:04:53,256 - LSTMBRDWGD - INFO - MAE : 0.9751
2025-11-27 23:04:53,256 - LSTMBRDWGD - INFO - CSI (thr=1.0 mm): 0.5249  [TP=1317, FP=998, FN=194]
2025-11-27 23:04:53,256 - LSTMBRDWGD - INFO - train_pred TRAIN mm min/max: 0.0, 155.36849975585938
2025-11-27 23:04:53,256 - LSTMBRDWGD - INFO - train_TRUE TRAIN mm min/max: 0.0, 154.39999389648438
2025-11-27 23:04:53,256 - LSTMBRDWGD - INFO -  Gerando gráficos TRAIN...
2025-11-27 23:04:53,577 - LSTMBRDWGD - INFO -  Gráficos gerados TRAIN ...
2025-11-27 23:04:53,577 - LSTMBRDWGD - INFO - Calculando erro para parte de teste
2025-11-27 23:04:53,577 - LSTMBRDWGD - INFO - RMSE: 14.2416
2025-11-27 23:04:53,578 - LSTMBRDWGD - INFO - MSE : 202.8225
2025-11-27 23:04:53,578 - LSTMBRDWGD - INFO - MAE : 8.3579
2025-11-27 23:04:53,578 - LSTMBRDWGD - INFO - CSI (thr=1.0 mm): 0.1111  [TP=2, FP=13, FN=3]
2025-11-27 23:04:53,578 - LSTMBRDWGD - INFO - y_pred mm min/max: 0.0, 45.01046371459961
2025-11-27 23:04:53,578 - LSTMBRDWGD - INFO - y_TRUE mm min/max: 0.0, 55.400001525878906
2025-11-27 23:04:53,578 - LSTMBRDWGD - INFO -  Gerando gráficos...
2025-11-27 23:04:53,826 - LSTMBRDWGD - INFO -  Gráficos gerados...
2025-11-27 23:04:53,826 - LSTMBRDWGD - INFO - ==========================================================================================
2025-11-27 23:04:53,826 - LSTMBRDWGD - INFO - Execução finalizada com sucesso.
2025-11-27 23:04:53,826 - LSTMBRDWGD - INFO - Dispositivo utilizado: cuda
2025-11-27 23:04:53,826 - LSTMBRDWGD - INFO - ==========================================================================================
2025-11-27 23:04:59,392 - BiLSTMBRDWGD - INFO - ==========================================================================================
2025-11-27 23:04:59,392 - BiLSTMBRDWGD - INFO - Iniciando script LSTM (PyTorch) BRDWGD com suporte a GPU e logs detalhados.
2025-11-27 23:04:59,393 - BiLSTMBRDWGD - INFO - ==========================================================================================
2025-11-27 23:04:59,393 - BiLSTMBRDWGD - INFO - Iniciando experimento: lookback=30, hidden_dim=32, layers=2, lr=0.001, drop=0.5
2025-11-27 23:04:59,403 - BiLSTMBRDWGD - INFO - Shape treino: torch.Size([5863, 30, 1]), teste: torch.Size([30, 30, 1])
2025-11-27 23:04:59,440 - BiLSTMBRDWGD - INFO - Treinando por 500 épocas...
2025-11-27 23:04:59,934 - BiLSTMBRDWGD - INFO - [EXP] Época 1/500 - Loss: 97.859331
2025-11-27 23:05:23,953 - BiLSTMBRDWGD - INFO - [EXP] Época 50/500 - Loss: 88.699252
2025-11-27 23:05:48,552 - BiLSTMBRDWGD - INFO - [EXP] Época 100/500 - Loss: 88.562230
2025-11-27 23:06:13,518 - BiLSTMBRDWGD - INFO - [EXP] Época 150/500 - Loss: 46.591483
2025-11-27 23:06:38,106 - BiLSTMBRDWGD - INFO - [EXP] Época 200/500 - Loss: 31.808157
2025-11-27 23:07:02,658 - BiLSTMBRDWGD - INFO - [EXP] Época 250/500 - Loss: 32.513349
2025-11-27 23:07:27,182 - BiLSTMBRDWGD - INFO - [EXP] Época 300/500 - Loss: 26.486234
2025-11-27 23:07:51,695 - BiLSTMBRDWGD - INFO - [EXP] Época 350/500 - Loss: 21.860396
2025-11-27 23:08:16,205 - BiLSTMBRDWGD - INFO - [EXP] Época 400/500 - Loss: 20.038976
2025-11-27 23:08:40,724 - BiLSTMBRDWGD - INFO - [EXP] Época 450/500 - Loss: 19.120462
2025-11-27 23:09:05,244 - BiLSTMBRDWGD - INFO - [EXP] Época 500/500 - Loss: 20.717734
2025-11-27 23:09:05,245 - BiLSTMBRDWGD - INFO - Treinamento concluído em 4.10 minutos
2025-11-27 23:09:05,648 - BiLSTMBRDWGD - INFO - Calculando erro para o train
2025-11-27 23:09:05,649 - BiLSTMBRDWGD - INFO - RMSE: 4.1260
2025-11-27 23:09:05,649 - BiLSTMBRDWGD - INFO - MSE : 17.0239
2025-11-27 23:09:05,649 - BiLSTMBRDWGD - INFO - MAE : 1.9410
2025-11-27 23:09:05,649 - BiLSTMBRDWGD - INFO - CSI (thr=1.0 mm): 0.3977  [TP=1095, FP=1242, FN=416]
2025-11-27 23:09:05,649 - BiLSTMBRDWGD - INFO - train_pred TRAIN mm min/max: 0.0, 145.697509765625
2025-11-27 23:09:05,649 - BiLSTMBRDWGD - INFO - train_TRUE TRAIN mm min/max: 0.0, 154.39999389648438
2025-11-27 23:09:05,649 - BiLSTMBRDWGD - INFO -  Gerando gráficos TRAIN...
2025-11-27 23:09:05,979 - BiLSTMBRDWGD - INFO -  Gráficos gerados TRAIN ...
2025-11-27 23:09:05,979 - BiLSTMBRDWGD - INFO - Calculando erro para parte de teste
2025-11-27 23:09:05,980 - BiLSTMBRDWGD - INFO - RMSE: 13.6172
2025-11-27 23:09:05,980 - BiLSTMBRDWGD - INFO - MSE : 185.4288
2025-11-27 23:09:05,980 - BiLSTMBRDWGD - INFO - MAE : 6.1436
2025-11-27 23:09:05,980 - BiLSTMBRDWGD - INFO - CSI (thr=1.0 mm): 0.2500  [TP=3, FP=7, FN=2]
2025-11-27 23:09:05,980 - BiLSTMBRDWGD - INFO - y_pred mm min/max: 0.0, 14.607417106628418
2025-11-27 23:09:05,980 - BiLSTMBRDWGD - INFO - y_TRUE mm min/max: 0.0, 55.400001525878906
2025-11-27 23:09:05,980 - BiLSTMBRDWGD - INFO -  Gerando gráficos...
2025-11-27 23:09:06,229 - BiLSTMBRDWGD - INFO -  Gráficos gerados...
2025-11-27 23:09:06,229 - BiLSTMBRDWGD - INFO - ==========================================================================================
2025-11-27 23:09:06,229 - BiLSTMBRDWGD - INFO - Execução finalizada com sucesso.
2025-11-27 23:09:06,229 - BiLSTMBRDWGD - INFO - Dispositivo utilizado: cuda
2025-11-27 23:09:06,229 - BiLSTMBRDWGD - INFO - ==========================================================================================
2025-11-27 23:09:12,153 - LSTMBRDWGD - INFO - ==========================================================================================
2025-11-27 23:09:12,153 - LSTMBRDWGD - INFO - Iniciando script LSTM (PyTorch) BRDWGD com suporte a GPU e logs detalhados.
2025-11-27 23:09:12,153 - LSTMBRDWGD - INFO - ==========================================================================================
2025-11-27 23:09:12,153 - LSTMBRDWGD - INFO - Iniciando experimento: lookback=30, hidden_dim=64, layers=2, lr=0.001, drop=0.5
2025-11-27 23:09:12,163 - LSTMBRDWGD - INFO - Shape treino: torch.Size([5863, 30, 1]), teste: torch.Size([30, 30, 1])
2025-11-27 23:09:12,186 - LSTMBRDWGD - INFO - Treinando por 500 épocas...
2025-11-27 23:09:12,763 - LSTMBRDWGD - INFO - [EXP] Época 1/500 - Loss: 98.464262
2025-11-27 23:09:36,422 - LSTMBRDWGD - INFO - [EXP] Época 50/500 - Loss: 62.449550
2025-11-27 23:10:00,567 - LSTMBRDWGD - INFO - [EXP] Época 100/500 - Loss: 17.736827
2025-11-27 23:10:24,709 - LSTMBRDWGD - INFO - [EXP] Época 150/500 - Loss: 6.419293
2025-11-27 23:10:48,853 - LSTMBRDWGD - INFO - [EXP] Época 200/500 - Loss: 7.978073
2025-11-27 23:11:12,999 - LSTMBRDWGD - INFO - [EXP] Época 250/500 - Loss: 6.190249
2025-11-27 23:11:37,144 - LSTMBRDWGD - INFO - [EXP] Época 300/500 - Loss: 2.298003
2025-11-27 23:12:01,287 - LSTMBRDWGD - INFO - [EXP] Época 350/500 - Loss: 1.779909
2025-11-27 23:12:25,432 - LSTMBRDWGD - INFO - [EXP] Época 400/500 - Loss: 2.293533
2025-11-27 23:12:49,575 - LSTMBRDWGD - INFO - [EXP] Época 450/500 - Loss: 1.353502
2025-11-27 23:13:13,724 - LSTMBRDWGD - INFO - [EXP] Época 500/500 - Loss: 1.219590
2025-11-27 23:13:13,724 - LSTMBRDWGD - INFO - Treinamento concluído em 4.03 minutos
2025-11-27 23:13:14,117 - LSTMBRDWGD - INFO - Calculando erro para o train
2025-11-27 23:13:14,118 - LSTMBRDWGD - INFO - RMSE: 0.8592
2025-11-27 23:13:14,118 - LSTMBRDWGD - INFO - MSE : 0.7382
2025-11-27 23:13:14,118 - LSTMBRDWGD - INFO - MAE : 0.3431
2025-11-27 23:13:14,118 - LSTMBRDWGD - INFO - CSI (thr=1.0 mm): 0.8720  [TP=1410, FP=106, FN=101]
2025-11-27 23:13:14,118 - LSTMBRDWGD - INFO - train_pred TRAIN mm min/max: 0.0, 154.9236602783203
2025-11-27 23:13:14,118 - LSTMBRDWGD - INFO - train_TRUE TRAIN mm min/max: 0.0, 154.39999389648438
2025-11-27 23:13:14,118 - LSTMBRDWGD - INFO -  Gerando gráficos TRAIN...
2025-11-27 23:13:14,473 - LSTMBRDWGD - INFO -  Gráficos gerados TRAIN ...
2025-11-27 23:13:14,473 - LSTMBRDWGD - INFO - Calculando erro para parte de teste
2025-11-27 23:13:14,474 - LSTMBRDWGD - INFO - RMSE: 12.2617
2025-11-27 23:13:14,474 - LSTMBRDWGD - INFO - MSE : 150.3495
2025-11-27 23:13:14,474 - LSTMBRDWGD - INFO - MAE : 6.0916
2025-11-27 23:13:14,474 - LSTMBRDWGD - INFO - CSI (thr=1.0 mm): 0.1667  [TP=3, FP=13, FN=2]
2025-11-27 23:13:14,474 - LSTMBRDWGD - INFO - y_pred mm min/max: 0.0, 21.925668716430664
2025-11-27 23:13:14,474 - LSTMBRDWGD - INFO - y_TRUE mm min/max: 0.0, 55.400001525878906
2025-11-27 23:13:14,474 - LSTMBRDWGD - INFO -  Gerando gráficos...
2025-11-27 23:13:14,731 - LSTMBRDWGD - INFO -  Gráficos gerados...
2025-11-27 23:13:14,731 - LSTMBRDWGD - INFO - ==========================================================================================
2025-11-27 23:13:14,731 - LSTMBRDWGD - INFO - Execução finalizada com sucesso.
2025-11-27 23:13:14,731 - LSTMBRDWGD - INFO - Dispositivo utilizado: cuda
2025-11-27 23:13:14,731 - LSTMBRDWGD - INFO - ==========================================================================================
2025-11-27 23:13:20,408 - BiLSTMBRDWGD - INFO - ==========================================================================================
2025-11-27 23:13:20,408 - BiLSTMBRDWGD - INFO - Iniciando script LSTM (PyTorch) BRDWGD com suporte a GPU e logs detalhados.
2025-11-27 23:13:20,408 - BiLSTMBRDWGD - INFO - ==========================================================================================
2025-11-27 23:13:20,408 - BiLSTMBRDWGD - INFO - Iniciando experimento: lookback=30, hidden_dim=64, layers=2, lr=0.001, drop=0.5
2025-11-27 23:13:20,418 - BiLSTMBRDWGD - INFO - Shape treino: torch.Size([5863, 30, 1]), teste: torch.Size([30, 30, 1])
2025-11-27 23:13:20,442 - BiLSTMBRDWGD - INFO - Treinando por 500 épocas...
2025-11-27 23:13:20,990 - BiLSTMBRDWGD - INFO - [EXP] Época 1/500 - Loss: 96.472204
2025-11-27 23:13:47,783 - BiLSTMBRDWGD - INFO - [EXP] Época 50/500 - Loss: 91.574522
2025-11-27 23:14:15,093 - BiLSTMBRDWGD - INFO - [EXP] Época 100/500 - Loss: 71.231709
2025-11-27 23:14:42,408 - BiLSTMBRDWGD - INFO - [EXP] Época 150/500 - Loss: 50.690645
2025-11-27 23:15:09,727 - BiLSTMBRDWGD - INFO - [EXP] Época 200/500 - Loss: 34.599599
2025-11-27 23:15:37,204 - BiLSTMBRDWGD - INFO - [EXP] Época 250/500 - Loss: 29.310532
2025-11-27 23:16:04,553 - BiLSTMBRDWGD - INFO - [EXP] Época 300/500 - Loss: 26.622928
2025-11-27 23:16:31,985 - BiLSTMBRDWGD - INFO - [EXP] Época 350/500 - Loss: 20.798521
2025-11-27 23:16:59,325 - BiLSTMBRDWGD - INFO - [EXP] Época 400/500 - Loss: 15.791559
2025-11-27 23:17:26,631 - BiLSTMBRDWGD - INFO - [EXP] Época 450/500 - Loss: 21.424525
2025-11-27 23:17:53,918 - BiLSTMBRDWGD - INFO - [EXP] Época 500/500 - Loss: 11.531388
2025-11-27 23:17:53,918 - BiLSTMBRDWGD - INFO - Treinamento concluído em 4.56 minutos
2025-11-27 23:17:54,377 - BiLSTMBRDWGD - INFO - Calculando erro para o train
2025-11-27 23:17:54,378 - BiLSTMBRDWGD - INFO - RMSE: 2.7039
2025-11-27 23:17:54,378 - BiLSTMBRDWGD - INFO - MSE : 7.3113
2025-11-27 23:17:54,378 - BiLSTMBRDWGD - INFO - MAE : 1.1962
2025-11-27 23:17:54,378 - BiLSTMBRDWGD - INFO - CSI (thr=1.0 mm): 0.5162  [TP=1113, FP=645, FN=398]
2025-11-27 23:17:54,378 - BiLSTMBRDWGD - INFO - train_pred TRAIN mm min/max: 0.0, 155.4944305419922
2025-11-27 23:17:54,378 - BiLSTMBRDWGD - INFO - train_TRUE TRAIN mm min/max: 0.0, 154.39999389648438
2025-11-27 23:17:54,378 - BiLSTMBRDWGD - INFO -  Gerando gráficos TRAIN...
2025-11-27 23:17:54,697 - BiLSTMBRDWGD - INFO -  Gráficos gerados TRAIN ...
2025-11-27 23:17:54,698 - BiLSTMBRDWGD - INFO - Calculando erro para parte de teste
2025-11-27 23:17:54,698 - BiLSTMBRDWGD - INFO - RMSE: 12.1703
2025-11-27 23:17:54,698 - BiLSTMBRDWGD - INFO - MSE : 148.1156
2025-11-27 23:17:54,698 - BiLSTMBRDWGD - INFO - MAE : 6.1463
2025-11-27 23:17:54,698 - BiLSTMBRDWGD - INFO - CSI (thr=1.0 mm): 0.2500  [TP=4, FP=11, FN=1]
2025-11-27 23:17:54,698 - BiLSTMBRDWGD - INFO - y_pred mm min/max: 0.0, 20.560916900634766
2025-11-27 23:17:54,698 - BiLSTMBRDWGD - INFO - y_TRUE mm min/max: 0.0, 55.400001525878906
2025-11-27 23:17:54,699 - BiLSTMBRDWGD - INFO -  Gerando gráficos...
2025-11-27 23:17:54,958 - BiLSTMBRDWGD - INFO -  Gráficos gerados...
2025-11-27 23:17:54,958 - BiLSTMBRDWGD - INFO - ==========================================================================================
2025-11-27 23:17:54,958 - BiLSTMBRDWGD - INFO - Execução finalizada com sucesso.
2025-11-27 23:17:54,958 - BiLSTMBRDWGD - INFO - Dispositivo utilizado: cuda
2025-11-27 23:17:54,958 - BiLSTMBRDWGD - INFO - ==========================================================================================
2025-11-27 23:18:01,984 - LSTMBRDWGD - INFO - ==========================================================================================
2025-11-27 23:18:01,984 - LSTMBRDWGD - INFO - Iniciando script LSTM (PyTorch) BRDWGD com suporte a GPU e logs detalhados.
2025-11-27 23:18:01,984 - LSTMBRDWGD - INFO - ==========================================================================================
2025-11-27 23:18:01,984 - LSTMBRDWGD - INFO - Iniciando experimento: lookback=30, hidden_dim=128, layers=2, lr=0.001, drop=0.5
2025-11-27 23:18:01,994 - LSTMBRDWGD - INFO - Shape treino: torch.Size([5863, 30, 1]), teste: torch.Size([30, 30, 1])
2025-11-27 23:18:02,010 - LSTMBRDWGD - INFO - Treinando por 500 épocas...
2025-11-27 23:18:02,611 - LSTMBRDWGD - INFO - [EXP] Época 1/500 - Loss: 97.040309
2025-11-27 23:18:32,112 - LSTMBRDWGD - INFO - [EXP] Época 50/500 - Loss: 28.556468
2025-11-27 23:19:02,204 - LSTMBRDWGD - INFO - [EXP] Época 100/500 - Loss: 21.914316
2025-11-27 23:19:32,294 - LSTMBRDWGD - INFO - [EXP] Época 150/500 - Loss: 5.995205
2025-11-27 23:20:02,380 - LSTMBRDWGD - INFO - [EXP] Época 200/500 - Loss: 1.490005
2025-11-27 23:20:32,471 - LSTMBRDWGD - INFO - [EXP] Época 250/500 - Loss: 1.968293
2025-11-27 23:21:02,545 - LSTMBRDWGD - INFO - [EXP] Época 300/500 - Loss: 1.014473
2025-11-27 23:21:32,630 - LSTMBRDWGD - INFO - [EXP] Época 350/500 - Loss: 1.575840
2025-11-27 23:22:02,713 - LSTMBRDWGD - INFO - [EXP] Época 400/500 - Loss: 0.666913
2025-11-27 23:22:32,799 - LSTMBRDWGD - INFO - [EXP] Época 450/500 - Loss: 0.546168
2025-11-27 23:23:02,886 - LSTMBRDWGD - INFO - [EXP] Época 500/500 - Loss: 1.793027
2025-11-27 23:23:02,886 - LSTMBRDWGD - INFO - Treinamento concluído em 5.01 minutos
2025-11-27 23:23:03,377 - LSTMBRDWGD - INFO - Calculando erro para o train
2025-11-27 23:23:03,378 - LSTMBRDWGD - INFO - RMSE: 0.8551
2025-11-27 23:23:03,378 - LSTMBRDWGD - INFO - MSE : 0.7312
2025-11-27 23:23:03,378 - LSTMBRDWGD - INFO - MAE : 0.3240
2025-11-27 23:23:03,378 - LSTMBRDWGD - INFO - CSI (thr=1.0 mm): 0.8513  [TP=1426, FP=164, FN=85]
2025-11-27 23:23:03,378 - LSTMBRDWGD - INFO - train_pred TRAIN mm min/max: 0.0, 154.5690155029297
2025-11-27 23:23:03,378 - LSTMBRDWGD - INFO - train_TRUE TRAIN mm min/max: 0.0, 154.39999389648438
2025-11-27 23:23:03,378 - LSTMBRDWGD - INFO -  Gerando gráficos TRAIN...
2025-11-27 23:23:03,732 - LSTMBRDWGD - INFO -  Gráficos gerados TRAIN ...
2025-11-27 23:23:03,732 - LSTMBRDWGD - INFO - Calculando erro para parte de teste
2025-11-27 23:23:03,733 - LSTMBRDWGD - INFO - RMSE: 13.6311
2025-11-27 23:23:03,733 - LSTMBRDWGD - INFO - MSE : 185.8065
2025-11-27 23:23:03,733 - LSTMBRDWGD - INFO - MAE : 8.8023
2025-11-27 23:23:03,733 - LSTMBRDWGD - INFO - CSI (thr=1.0 mm): 0.2105  [TP=4, FP=14, FN=1]
2025-11-27 23:23:03,733 - LSTMBRDWGD - INFO - y_pred mm min/max: 0.0, 29.73341941833496
2025-11-27 23:23:03,733 - LSTMBRDWGD - INFO - y_TRUE mm min/max: 0.0, 55.400001525878906
2025-11-27 23:23:03,733 - LSTMBRDWGD - INFO -  Gerando gráficos...
2025-11-27 23:23:03,990 - LSTMBRDWGD - INFO -  Gráficos gerados...
2025-11-27 23:23:03,990 - LSTMBRDWGD - INFO - ==========================================================================================
2025-11-27 23:23:03,990 - LSTMBRDWGD - INFO - Execução finalizada com sucesso.
2025-11-27 23:23:03,990 - LSTMBRDWGD - INFO - Dispositivo utilizado: cuda
2025-11-27 23:23:03,990 - LSTMBRDWGD - INFO - ==========================================================================================
2025-11-27 23:23:09,680 - BiLSTMBRDWGD - INFO - ==========================================================================================
2025-11-27 23:23:09,680 - BiLSTMBRDWGD - INFO - Iniciando script LSTM (PyTorch) BRDWGD com suporte a GPU e logs detalhados.
2025-11-27 23:23:09,680 - BiLSTMBRDWGD - INFO - ==========================================================================================
2025-11-27 23:23:09,680 - BiLSTMBRDWGD - INFO - Iniciando experimento: lookback=30, hidden_dim=128, layers=2, lr=0.001, drop=0.5
2025-11-27 23:23:09,690 - BiLSTMBRDWGD - INFO - Shape treino: torch.Size([5863, 30, 1]), teste: torch.Size([30, 30, 1])
2025-11-27 23:23:09,719 - BiLSTMBRDWGD - INFO - Treinando por 500 épocas...
2025-11-27 23:23:10,620 - BiLSTMBRDWGD - INFO - [EXP] Época 1/500 - Loss: 96.315720
2025-11-27 23:23:48,949 - BiLSTMBRDWGD - INFO - [EXP] Época 50/500 - Loss: 60.428787
2025-11-27 23:24:28,077 - BiLSTMBRDWGD - INFO - [EXP] Época 100/500 - Loss: 29.402148
2025-11-27 23:25:07,197 - BiLSTMBRDWGD - INFO - [EXP] Época 150/500 - Loss: 13.022625
2025-11-27 23:25:46,314 - BiLSTMBRDWGD - INFO - [EXP] Época 200/500 - Loss: 6.876381
2025-11-27 23:26:25,444 - BiLSTMBRDWGD - INFO - [EXP] Época 250/500 - Loss: 8.919358
2025-11-27 23:27:04,571 - BiLSTMBRDWGD - INFO - [EXP] Época 300/500 - Loss: 4.176401
2025-11-27 23:27:43,686 - BiLSTMBRDWGD - INFO - [EXP] Época 350/500 - Loss: 4.095706
2025-11-27 23:28:22,805 - BiLSTMBRDWGD - INFO - [EXP] Época 400/500 - Loss: 5.791048
2025-11-27 23:29:01,923 - BiLSTMBRDWGD - INFO - [EXP] Época 450/500 - Loss: 3.518381
2025-11-27 23:29:41,048 - BiLSTMBRDWGD - INFO - [EXP] Época 500/500 - Loss: 3.319133
2025-11-27 23:29:41,048 - BiLSTMBRDWGD - INFO - Treinamento concluído em 6.52 minutos
2025-11-27 23:29:41,624 - BiLSTMBRDWGD - INFO - Calculando erro para o train
2025-11-27 23:29:41,625 - BiLSTMBRDWGD - INFO - RMSE: 1.1406
2025-11-27 23:29:41,625 - BiLSTMBRDWGD - INFO - MSE : 1.3009
2025-11-27 23:29:41,625 - BiLSTMBRDWGD - INFO - MAE : 0.4468
2025-11-27 23:29:41,625 - BiLSTMBRDWGD - INFO - CSI (thr=1.0 mm): 0.8304  [TP=1293, FP=46, FN=218]
2025-11-27 23:29:41,625 - BiLSTMBRDWGD - INFO - train_pred TRAIN mm min/max: 0.0, 149.83914184570312
2025-11-27 23:29:41,625 - BiLSTMBRDWGD - INFO - train_TRUE TRAIN mm min/max: 0.0, 154.39999389648438
2025-11-27 23:29:41,625 - BiLSTMBRDWGD - INFO -  Gerando gráficos TRAIN...
2025-11-27 23:29:41,972 - BiLSTMBRDWGD - INFO -  Gráficos gerados TRAIN ...
2025-11-27 23:29:41,972 - BiLSTMBRDWGD - INFO - Calculando erro para parte de teste
2025-11-27 23:29:41,973 - BiLSTMBRDWGD - INFO - RMSE: 16.0732
2025-11-27 23:29:41,973 - BiLSTMBRDWGD - INFO - MSE : 258.3476
2025-11-27 23:29:41,973 - BiLSTMBRDWGD - INFO - MAE : 8.6322
2025-11-27 23:29:41,973 - BiLSTMBRDWGD - INFO - CSI (thr=1.0 mm): 0.1765  [TP=3, FP=12, FN=2]
2025-11-27 23:29:41,973 - BiLSTMBRDWGD - INFO - y_pred mm min/max: 0.0, 24.606592178344727
2025-11-27 23:29:41,973 - BiLSTMBRDWGD - INFO - y_TRUE mm min/max: 0.0, 55.400001525878906
2025-11-27 23:29:41,973 - BiLSTMBRDWGD - INFO -  Gerando gráficos...
2025-11-27 23:29:42,231 - BiLSTMBRDWGD - INFO -  Gráficos gerados...
2025-11-27 23:29:42,231 - BiLSTMBRDWGD - INFO - ==========================================================================================
2025-11-27 23:29:42,231 - BiLSTMBRDWGD - INFO - Execução finalizada com sucesso.
2025-11-27 23:29:42,231 - BiLSTMBRDWGD - INFO - Dispositivo utilizado: cuda
2025-11-27 23:29:42,231 - BiLSTMBRDWGD - INFO - ==========================================================================================
2025-11-27 23:29:48,223 - LSTMBRDWGD - INFO - ==========================================================================================
2025-11-27 23:29:48,223 - LSTMBRDWGD - INFO - Iniciando script LSTM (PyTorch) BRDWGD com suporte a GPU e logs detalhados.
2025-11-27 23:29:48,223 - LSTMBRDWGD - INFO - ==========================================================================================
2025-11-27 23:29:48,223 - LSTMBRDWGD - INFO - Iniciando experimento: lookback=30, hidden_dim=256, layers=2, lr=0.001, drop=0.5
2025-11-27 23:29:48,227 - LSTMBRDWGD - INFO - Shape treino: torch.Size([5863, 30, 1]), teste: torch.Size([30, 30, 1])
2025-11-27 23:29:48,246 - LSTMBRDWGD - INFO - Treinando por 500 épocas...
2025-11-27 23:29:49,498 - LSTMBRDWGD - INFO - [EXP] Época 1/500 - Loss: 96.502003
2025-11-27 23:30:50,606 - LSTMBRDWGD - INFO - [EXP] Época 50/500 - Loss: 27.533608
2025-11-27 23:31:52,964 - LSTMBRDWGD - INFO - [EXP] Época 100/500 - Loss: 21.635645
2025-11-27 23:32:55,324 - LSTMBRDWGD - INFO - [EXP] Época 150/500 - Loss: 1.574839
2025-11-27 23:33:57,768 - LSTMBRDWGD - INFO - [EXP] Época 200/500 - Loss: 0.762532
2025-11-27 23:35:00,174 - LSTMBRDWGD - INFO - [EXP] Época 250/500 - Loss: 2.001117
2025-11-27 23:36:02,530 - LSTMBRDWGD - INFO - [EXP] Época 300/500 - Loss: 1.285006
2025-11-27 23:37:04,910 - LSTMBRDWGD - INFO - [EXP] Época 350/500 - Loss: 0.713299
2025-11-27 23:38:07,352 - LSTMBRDWGD - INFO - [EXP] Época 400/500 - Loss: 0.436680
2025-11-27 23:39:09,799 - LSTMBRDWGD - INFO - [EXP] Época 450/500 - Loss: 0.401739
2025-11-27 23:40:12,253 - LSTMBRDWGD - INFO - [EXP] Época 500/500 - Loss: 0.271090
2025-11-27 23:40:12,254 - LSTMBRDWGD - INFO - Treinamento concluído em 10.40 minutos
2025-11-27 23:40:12,795 - LSTMBRDWGD - INFO - Calculando erro para o train
2025-11-27 23:40:12,796 - LSTMBRDWGD - INFO - RMSE: 0.3124
2025-11-27 23:40:12,796 - LSTMBRDWGD - INFO - MSE : 0.0976
2025-11-27 23:40:12,796 - LSTMBRDWGD - INFO - MAE : 0.1246
2025-11-27 23:40:12,796 - LSTMBRDWGD - INFO - CSI (thr=1.0 mm): 0.9576  [TP=1467, FP=21, FN=44]
2025-11-27 23:40:12,796 - LSTMBRDWGD - INFO - train_pred TRAIN mm min/max: 0.0, 154.17388916015625
2025-11-27 23:40:12,796 - LSTMBRDWGD - INFO - train_TRUE TRAIN mm min/max: 0.0, 154.39999389648438
2025-11-27 23:40:12,796 - LSTMBRDWGD - INFO -  Gerando gráficos TRAIN...
2025-11-27 23:40:13,127 - LSTMBRDWGD - INFO -  Gráficos gerados TRAIN ...
2025-11-27 23:40:13,128 - LSTMBRDWGD - INFO - Calculando erro para parte de teste
2025-11-27 23:40:13,128 - LSTMBRDWGD - INFO - RMSE: 12.7966
2025-11-27 23:40:13,128 - LSTMBRDWGD - INFO - MSE : 163.7518
2025-11-27 23:40:13,128 - LSTMBRDWGD - INFO - MAE : 5.1323
2025-11-27 23:40:13,128 - LSTMBRDWGD - INFO - CSI (thr=1.0 mm): 0.3333  [TP=4, FP=7, FN=1]
2025-11-27 23:40:13,128 - LSTMBRDWGD - INFO - y_pred mm min/max: 0.0, 21.342958450317383
2025-11-27 23:40:13,129 - LSTMBRDWGD - INFO - y_TRUE mm min/max: 0.0, 55.400001525878906
2025-11-27 23:40:13,129 - LSTMBRDWGD - INFO -  Gerando gráficos...
2025-11-27 23:40:13,369 - LSTMBRDWGD - INFO -  Gráficos gerados...
2025-11-27 23:40:13,369 - LSTMBRDWGD - INFO - ==========================================================================================
2025-11-27 23:40:13,369 - LSTMBRDWGD - INFO - Execução finalizada com sucesso.
2025-11-27 23:40:13,369 - LSTMBRDWGD - INFO - Dispositivo utilizado: cuda
2025-11-27 23:40:13,369 - LSTMBRDWGD - INFO - ==========================================================================================
2025-11-27 23:40:19,111 - BiLSTMBRDWGD - INFO - ==========================================================================================
2025-11-27 23:40:19,111 - BiLSTMBRDWGD - INFO - Iniciando script LSTM (PyTorch) BRDWGD com suporte a GPU e logs detalhados.
2025-11-27 23:40:19,111 - BiLSTMBRDWGD - INFO - ==========================================================================================
2025-11-27 23:40:19,111 - BiLSTMBRDWGD - INFO - Iniciando experimento: lookback=30, hidden_dim=256, layers=2, lr=0.001, drop=0.5
2025-11-27 23:40:19,121 - BiLSTMBRDWGD - INFO - Shape treino: torch.Size([5863, 30, 1]), teste: torch.Size([30, 30, 1])
2025-11-27 23:40:19,155 - BiLSTMBRDWGD - INFO - Treinando por 500 épocas...
2025-11-27 23:40:20,973 - BiLSTMBRDWGD - INFO - [EXP] Época 1/500 - Loss: 95.990276
2025-11-27 23:41:45,211 - BiLSTMBRDWGD - INFO - [EXP] Época 50/500 - Loss: 43.128166
2025-11-27 23:43:11,145 - BiLSTMBRDWGD - INFO - [EXP] Época 100/500 - Loss: 15.071989
2025-11-27 23:44:37,013 - BiLSTMBRDWGD - INFO - [EXP] Época 150/500 - Loss: 5.773840
2025-11-27 23:46:02,963 - BiLSTMBRDWGD - INFO - [EXP] Época 200/500 - Loss: 5.116052
2025-11-27 23:47:30,145 - BiLSTMBRDWGD - INFO - [EXP] Época 250/500 - Loss: 3.455860
2025-11-27 23:48:57,503 - BiLSTMBRDWGD - INFO - [EXP] Época 300/500 - Loss: 2.364897
2025-11-27 23:50:24,690 - BiLSTMBRDWGD - INFO - [EXP] Época 350/500 - Loss: 2.336612
2025-11-27 23:51:52,031 - BiLSTMBRDWGD - INFO - [EXP] Época 400/500 - Loss: 2.280123
2025-11-27 23:53:18,284 - BiLSTMBRDWGD - INFO - [EXP] Época 450/500 - Loss: 1.812972
2025-11-27 23:54:44,483 - BiLSTMBRDWGD - INFO - [EXP] Época 500/500 - Loss: 1.910411
2025-11-27 23:54:44,483 - BiLSTMBRDWGD - INFO - Treinamento concluído em 14.42 minutos
2025-11-27 23:54:45,142 - BiLSTMBRDWGD - INFO - Calculando erro para o train
2025-11-27 23:54:45,143 - BiLSTMBRDWGD - INFO - RMSE: 0.8687
2025-11-27 23:54:45,143 - BiLSTMBRDWGD - INFO - MSE : 0.7546
2025-11-27 23:54:45,143 - BiLSTMBRDWGD - INFO - MAE : 0.3031
2025-11-27 23:54:45,143 - BiLSTMBRDWGD - INFO - CSI (thr=1.0 mm): 0.8911  [TP=1359, FP=14, FN=152]
2025-11-27 23:54:45,143 - BiLSTMBRDWGD - INFO - train_pred TRAIN mm min/max: 0.0, 152.4634246826172
2025-11-27 23:54:45,143 - BiLSTMBRDWGD - INFO - train_TRUE TRAIN mm min/max: 0.0, 154.39999389648438
2025-11-27 23:54:45,143 - BiLSTMBRDWGD - INFO -  Gerando gráficos TRAIN...
2025-11-27 23:54:45,489 - BiLSTMBRDWGD - INFO -  Gráficos gerados TRAIN ...
2025-11-27 23:54:45,489 - BiLSTMBRDWGD - INFO - Calculando erro para parte de teste
2025-11-27 23:54:45,489 - BiLSTMBRDWGD - INFO - RMSE: 13.0749
2025-11-27 23:54:45,489 - BiLSTMBRDWGD - INFO - MSE : 170.9524
2025-11-27 23:54:45,489 - BiLSTMBRDWGD - INFO - MAE : 6.0089
2025-11-27 23:54:45,489 - BiLSTMBRDWGD - INFO - CSI (thr=1.0 mm): 0.1667  [TP=2, FP=7, FN=3]
2025-11-27 23:54:45,490 - BiLSTMBRDWGD - INFO - y_pred mm min/max: 0.0, 19.96385955810547
2025-11-27 23:54:45,490 - BiLSTMBRDWGD - INFO - y_TRUE mm min/max: 0.0, 55.400001525878906
2025-11-27 23:54:45,490 - BiLSTMBRDWGD - INFO -  Gerando gráficos...
2025-11-27 23:54:45,748 - BiLSTMBRDWGD - INFO -  Gráficos gerados...
2025-11-27 23:54:45,748 - BiLSTMBRDWGD - INFO - ==========================================================================================
2025-11-27 23:54:45,748 - BiLSTMBRDWGD - INFO - Execução finalizada com sucesso.
2025-11-27 23:54:45,748 - BiLSTMBRDWGD - INFO - Dispositivo utilizado: cuda
2025-11-27 23:54:45,748 - BiLSTMBRDWGD - INFO - ==========================================================================================
2025-11-27 23:54:51,732 - ARIMA_BRDWGD - INFO - ==========================================================================================
2025-11-27 23:54:51,732 - ARIMA_BRDWGD - INFO - Iniciando script ARIMA BRDWGD.
2025-11-27 23:54:51,732 - ARIMA_BRDWGD - INFO - ==========================================================================================
2025-11-27 23:54:51,732 - ARIMA_BRDWGD - INFO - Tamanho treino: 5894 | teste: 30
2025-11-27 23:54:51,732 - ARIMA_BRDWGD - INFO - [FASE 4] Iniciando busca manual por hiperparâmetros (AIC).
2025-11-28 00:07:15,997 - ARIMA_BRDWGD - INFO - Melhor order encontrado: (30, 0, 2)
2025-11-28 00:07:15,998 - ARIMA_BRDWGD - INFO - Melhor AIC (treino): 43303.74
2025-11-28 00:07:15,998 - ARIMA_BRDWGD - INFO - Tempo da Fase 4: 744.27s
2025-11-28 00:07:15,998 - ARIMA_BRDWGD - INFO - [FASE 5] Reajustando melhor modelo no conjunto de treino.
2025-11-28 00:11:35,808 - ARIMA_BRDWGD - INFO - Melhor modelo ajustado no treino.
2025-11-28 00:11:35,809 - ARIMA_BRDWGD - INFO - Tempo da Fase 5: 259.81s
2025-11-28 00:11:35,809 - ARIMA_BRDWGD - INFO - [FASE 6] Gerando previsões no conjunto de teste e avaliando métricas.
2025-11-28 00:11:35,810 - ARIMA_BRDWGD - INFO - RMSE: 9.4766
2025-11-28 00:11:35,810 - ARIMA_BRDWGD - INFO - MSE : 89.8066
2025-11-28 00:11:35,811 - ARIMA_BRDWGD - INFO - MAE : 4.4990
2025-11-28 00:11:35,811 - ARIMA_BRDWGD - INFO - CSI (thr=1.0 mm): 0.2575  [TP=1505, FP=4319, FN=20]
2025-11-28 00:11:35,811 - ARIMA_BRDWGD - INFO - [TREINO] RMSE=9.4766 | MSE=89.8066 | MAE=4.4990 | CSI=0.2575
2025-11-28 00:11:35,814 - ARIMA_BRDWGD - INFO - RMSE: 13.2564
2025-11-28 00:11:35,814 - ARIMA_BRDWGD - INFO - MSE : 175.7328
2025-11-28 00:11:35,814 - ARIMA_BRDWGD - INFO - MAE : 7.3414
2025-11-28 00:11:35,814 - ARIMA_BRDWGD - INFO - CSI (thr=1.0 mm): 0.2000  [TP=6, FP=24, FN=0]
2025-11-28 00:11:35,814 - ARIMA_BRDWGD - INFO - Tempo total da Fase 6: 0.01s
2025-11-28 00:11:35,815 - ARIMA_BRDWGD - INFO - [FASE 7] Salvando gráfico de previsão vs. observado.
2025-11-28 00:11:36,409 - ARIMA_BRDWGD - INFO - Gráfico salvo como 'arimaBRDWGD_result.png'.
2025-11-28 00:11:36,409 - ARIMA_BRDWGD - INFO - ==========================================================================================
2025-11-28 00:11:36,409 - ARIMA_BRDWGD - INFO - Execução ARIMA BRDWGD finalizada com sucesso.
2025-11-28 00:11:36,409 - ARIMA_BRDWGD - INFO - Tempo total de execução: 1004.68s
2025-11-28 00:11:36,409 - ARIMA_BRDWGD - INFO - ==========================================================================================
2025-11-28 00:11:42,114 - RANDOM_FOREST_BRDWGD - INFO - ====================================================================================================
2025-11-28 00:11:42,114 - RANDOM_FOREST_BRDWGD - INFO - Iniciando Random Forest BRDWGD com GridSearchCV.
2025-11-28 00:11:42,114 - RANDOM_FOREST_BRDWGD - INFO - ====================================================================================================
2025-11-28 00:11:42,114 - RANDOM_FOREST_BRDWGD - INFO - [FASE 3] Split treino/teste e preparação.
2025-11-28 00:11:42,117 - RANDOM_FOREST_BRDWGD - INFO - [FASE 3] Treino: X=(5864, 30), y=5864 | Teste: X=(30, 30), y=30
2025-11-28 00:11:42,117 - RANDOM_FOREST_BRDWGD - INFO - [FASE 3] Tempo: 0.00s
2025-11-28 00:11:42,117 - RANDOM_FOREST_BRDWGD - INFO - [FASE 4] Iniciando GridSearchCV (TimeSeriesSplit).
2025-11-28 00:12:46,005 - RANDOM_FOREST_BRDWGD - INFO - [FASE 4] GridSearchCV concluído em 63.89s
2025-11-28 00:12:46,006 - RANDOM_FOREST_BRDWGD - INFO - [FASE 4] Melhores parâmetros: {'max_depth': None, 'max_features': 'sqrt', 'min_samples_leaf': 4, 'min_samples_split': 10, 'n_estimators': 200}
2025-11-28 00:12:46,006 - RANDOM_FOREST_BRDWGD - INFO - [FASE 4] Melhor score (neg_MSE): -98.818296
2025-11-28 00:12:46,006 - RANDOM_FOREST_BRDWGD - INFO - [FASE 4] Tempo: 63.89s
2025-11-28 00:12:46,006 - RANDOM_FOREST_BRDWGD - INFO - [FASE 5] Treinando best_estimator_ no conjunto de treino.
2025-11-28 00:12:46,276 - RANDOM_FOREST_BRDWGD - INFO - [FASE 5] Tempo: 0.27s
2025-11-28 00:12:46,276 - RANDOM_FOREST_BRDWGD - INFO - [FASE 6] Previsão e cálculo de métricas.
2025-11-28 00:12:46,310 - RANDOM_FOREST_BRDWGD - INFO - RMSE: 7.5402
2025-11-28 00:12:46,310 - RANDOM_FOREST_BRDWGD - INFO - MSE : 56.8553
2025-11-28 00:12:46,310 - RANDOM_FOREST_BRDWGD - INFO - MAE : 3.4162
2025-11-28 00:12:46,310 - RANDOM_FOREST_BRDWGD - INFO - CSI (thr=1.0 mm): 0.3223  [TP=1491, FP=3115, FN=20]
2025-11-28 00:12:46,310 - RANDOM_FOREST_BRDWGD - INFO - [TREINO] RMSE=7.5402 | MSE=56.8553 | MAE=3.4162 | CSI=0.3223
2025-11-28 00:12:46,333 - RANDOM_FOREST_BRDWGD - INFO - y_pred raw min/max: 1.993143407697288, 10.419484206937064
2025-11-28 00:12:46,333 - RANDOM_FOREST_BRDWGD - INFO - y_TRUE raw min/max: 0.0, 55.400001525878906
2025-11-28 00:12:46,333 - RANDOM_FOREST_BRDWGD - INFO - RMSE: 12.8944
2025-11-28 00:12:46,333 - RANDOM_FOREST_BRDWGD - INFO - MSE : 166.2649
2025-11-28 00:12:46,333 - RANDOM_FOREST_BRDWGD - INFO - MAE : 7.6742
2025-11-28 00:12:46,333 - RANDOM_FOREST_BRDWGD - INFO - CSI (thr=1.0 mm): 0.2000  [TP=6, FP=24, FN=0]
2025-11-28 00:12:46,334 - RANDOM_FOREST_BRDWGD - INFO - [FASE 7] Gerando gráficos.
2025-11-28 00:12:46,921 - RANDOM_FOREST_BRDWGD - INFO - Gráfico salvo como 'random_forest_BRDWGD.png'.
2025-11-28 00:12:46,921 - RANDOM_FOREST_BRDWGD - INFO - [FASE 7] Tempo: 0.59s
2025-11-28 00:12:46,921 - RANDOM_FOREST_BRDWGD - INFO - ====================================================================================================
2025-11-28 00:12:46,921 - RANDOM_FOREST_BRDWGD - INFO - Resumo Final
2025-11-28 00:12:46,921 - RANDOM_FOREST_BRDWGD - INFO - Melhores parâmetros: {'max_depth': None, 'max_features': 'sqrt', 'min_samples_leaf': 4, 'min_samples_split': 10, 'n_estimators': 200}
2025-11-28 00:12:46,921 - RANDOM_FOREST_BRDWGD - INFO - Tempo total de execução: 64.81s
2025-11-28 00:12:46,921 - RANDOM_FOREST_BRDWGD - INFO - ====================================================================================================
2025-11-28 00:12:52,538 - LSTMBRDWGD - INFO - ==========================================================================================
2025-11-28 00:12:52,538 - LSTMBRDWGD - INFO - Iniciando script LSTM (PyTorch) BRDWGD com suporte a GPU e logs detalhados.
2025-11-28 00:12:52,538 - LSTMBRDWGD - INFO - ==========================================================================================
2025-11-28 00:12:52,538 - LSTMBRDWGD - INFO - Iniciando experimento: lookback=30, hidden_dim=32, layers=2, lr=0.001, drop=0.5
2025-11-28 00:12:52,555 - LSTMBRDWGD - INFO - Shape treino: torch.Size([5863, 30, 1]), teste: torch.Size([30, 30, 1])
2025-11-28 00:12:52,578 - LSTMBRDWGD - INFO - Treinando por 500 épocas...
2025-11-28 00:12:53,048 - LSTMBRDWGD - INFO - [EXP] Época 1/500 - Loss: 99.406912
2025-11-28 00:13:15,825 - LSTMBRDWGD - INFO - [EXP] Época 50/500 - Loss: 85.169589
2025-11-28 00:13:39,067 - LSTMBRDWGD - INFO - [EXP] Época 100/500 - Loss: 49.077914
2025-11-28 00:14:02,311 - LSTMBRDWGD - INFO - [EXP] Época 150/500 - Loss: 27.884042
2025-11-28 00:14:25,554 - LSTMBRDWGD - INFO - [EXP] Época 200/500 - Loss: 18.949167
2025-11-28 00:14:48,921 - LSTMBRDWGD - INFO - [EXP] Época 250/500 - Loss: 12.204643
2025-11-28 00:15:12,248 - LSTMBRDWGD - INFO - [EXP] Época 300/500 - Loss: 10.009965
2025-11-28 00:15:35,513 - LSTMBRDWGD - INFO - [EXP] Época 350/500 - Loss: 11.476102
2025-11-28 00:15:58,776 - LSTMBRDWGD - INFO - [EXP] Época 400/500 - Loss: 8.759130
2025-11-28 00:16:22,028 - LSTMBRDWGD - INFO - [EXP] Época 450/500 - Loss: 5.598097
2025-11-28 00:16:45,256 - LSTMBRDWGD - INFO - [EXP] Época 500/500 - Loss: 17.601471
2025-11-28 00:16:45,256 - LSTMBRDWGD - INFO - Treinamento concluído em 3.88 minutos
2025-11-28 00:16:45,681 - LSTMBRDWGD - INFO - Calculando erro para o train
2025-11-28 00:16:45,682 - LSTMBRDWGD - INFO - RMSE: 2.9968
2025-11-28 00:16:45,682 - LSTMBRDWGD - INFO - MSE : 8.9809
2025-11-28 00:16:45,682 - LSTMBRDWGD - INFO - MAE : 1.5921
2025-11-28 00:16:45,682 - LSTMBRDWGD - INFO - CSI (thr=1.0 mm): 0.4251  [TP=1285, FP=1512, FN=226]
2025-11-28 00:16:45,682 - LSTMBRDWGD - INFO - train_pred TRAIN mm min/max: 0.0, 143.478271484375
2025-11-28 00:16:45,682 - LSTMBRDWGD - INFO - train_TRUE TRAIN mm min/max: 0.0, 154.39999389648438
2025-11-28 00:16:45,682 - LSTMBRDWGD - INFO -  Gerando gráficos TRAIN...
2025-11-28 00:16:46,029 - LSTMBRDWGD - INFO -  Gráficos gerados TRAIN ...
2025-11-28 00:16:46,030 - LSTMBRDWGD - INFO - Calculando erro para parte de teste
2025-11-28 00:16:46,030 - LSTMBRDWGD - INFO - RMSE: 14.5573
2025-11-28 00:16:46,030 - LSTMBRDWGD - INFO - MSE : 211.9148
2025-11-28 00:16:46,030 - LSTMBRDWGD - INFO - MAE : 7.2553
2025-11-28 00:16:46,030 - LSTMBRDWGD - INFO - CSI (thr=1.0 mm): 0.1500  [TP=3, FP=15, FN=2]
2025-11-28 00:16:46,030 - LSTMBRDWGD - INFO - y_pred mm min/max: 0.0, 28.65962028503418
2025-11-28 00:16:46,030 - LSTMBRDWGD - INFO - y_TRUE mm min/max: 0.0, 55.400001525878906
2025-11-28 00:16:46,030 - LSTMBRDWGD - INFO -  Gerando gráficos...
2025-11-28 00:16:46,288 - LSTMBRDWGD - INFO -  Gráficos gerados...
2025-11-28 00:16:46,288 - LSTMBRDWGD - INFO - ==========================================================================================
2025-11-28 00:16:46,288 - LSTMBRDWGD - INFO - Execução finalizada com sucesso.
2025-11-28 00:16:46,288 - LSTMBRDWGD - INFO - Dispositivo utilizado: cuda
2025-11-28 00:16:46,288 - LSTMBRDWGD - INFO - ==========================================================================================
2025-11-28 00:16:53,133 - BiLSTMBRDWGD - INFO - ==========================================================================================
2025-11-28 00:16:53,133 - BiLSTMBRDWGD - INFO - Iniciando script LSTM (PyTorch) BRDWGD com suporte a GPU e logs detalhados.
2025-11-28 00:16:53,133 - BiLSTMBRDWGD - INFO - ==========================================================================================
2025-11-28 00:16:53,133 - BiLSTMBRDWGD - INFO - Iniciando experimento: lookback=30, hidden_dim=32, layers=2, lr=0.001, drop=0.5
2025-11-28 00:16:53,144 - BiLSTMBRDWGD - INFO - Shape treino: torch.Size([5863, 30, 1]), teste: torch.Size([30, 30, 1])
2025-11-28 00:16:53,185 - BiLSTMBRDWGD - INFO - Treinando por 500 épocas...
2025-11-28 00:16:53,677 - BiLSTMBRDWGD - INFO - [EXP] Época 1/500 - Loss: 97.574987
2025-11-28 00:17:17,698 - BiLSTMBRDWGD - INFO - [EXP] Época 50/500 - Loss: 89.825196
2025-11-28 00:17:42,198 - BiLSTMBRDWGD - INFO - [EXP] Época 100/500 - Loss: 83.691378
2025-11-28 00:18:06,933 - BiLSTMBRDWGD - INFO - [EXP] Época 150/500 - Loss: 61.777499
2025-11-28 00:18:31,454 - BiLSTMBRDWGD - INFO - [EXP] Época 200/500 - Loss: 47.693015
2025-11-28 00:18:55,963 - BiLSTMBRDWGD - INFO - [EXP] Época 250/500 - Loss: 34.227446
2025-11-28 00:19:20,574 - BiLSTMBRDWGD - INFO - [EXP] Época 300/500 - Loss: 30.007341
2025-11-28 00:19:45,211 - BiLSTMBRDWGD - INFO - [EXP] Época 350/500 - Loss: 24.863665
2025-11-28 00:20:09,748 - BiLSTMBRDWGD - INFO - [EXP] Época 400/500 - Loss: 22.567166
2025-11-28 00:20:34,291 - BiLSTMBRDWGD - INFO - [EXP] Época 450/500 - Loss: 21.438231
2025-11-28 00:20:58,827 - BiLSTMBRDWGD - INFO - [EXP] Época 500/500 - Loss: 21.032269
2025-11-28 00:20:58,827 - BiLSTMBRDWGD - INFO - Treinamento concluído em 4.09 minutos
2025-11-28 00:20:59,225 - BiLSTMBRDWGD - INFO - Calculando erro para o train
2025-11-28 00:20:59,226 - BiLSTMBRDWGD - INFO - RMSE: 3.9223
2025-11-28 00:20:59,226 - BiLSTMBRDWGD - INFO - MSE : 15.3846
2025-11-28 00:20:59,226 - BiLSTMBRDWGD - INFO - MAE : 1.7333
2025-11-28 00:20:59,226 - BiLSTMBRDWGD - INFO - CSI (thr=1.0 mm): 0.4012  [TP=1173, FP=1413, FN=338]
2025-11-28 00:20:59,226 - BiLSTMBRDWGD - INFO - train_pred TRAIN mm min/max: 0.0, 144.78048706054688
2025-11-28 00:20:59,226 - BiLSTMBRDWGD - INFO - train_TRUE TRAIN mm min/max: 0.0, 154.39999389648438
2025-11-28 00:20:59,226 - BiLSTMBRDWGD - INFO -  Gerando gráficos TRAIN...
2025-11-28 00:20:59,547 - BiLSTMBRDWGD - INFO -  Gráficos gerados TRAIN ...
2025-11-28 00:20:59,547 - BiLSTMBRDWGD - INFO - Calculando erro para parte de teste
2025-11-28 00:20:59,547 - BiLSTMBRDWGD - INFO - RMSE: 16.8536
2025-11-28 00:20:59,547 - BiLSTMBRDWGD - INFO - MSE : 284.0452
2025-11-28 00:20:59,547 - BiLSTMBRDWGD - INFO - MAE : 9.3457
2025-11-28 00:20:59,547 - BiLSTMBRDWGD - INFO - CSI (thr=1.0 mm): 0.1905  [TP=4, FP=16, FN=1]
2025-11-28 00:20:59,547 - BiLSTMBRDWGD - INFO - y_pred mm min/max: 0.524262011051178, 61.32924270629883
2025-11-28 00:20:59,548 - BiLSTMBRDWGD - INFO - y_TRUE mm min/max: 0.0, 55.400001525878906
2025-11-28 00:20:59,548 - BiLSTMBRDWGD - INFO -  Gerando gráficos...
2025-11-28 00:20:59,774 - BiLSTMBRDWGD - INFO -  Gráficos gerados...
2025-11-28 00:20:59,774 - BiLSTMBRDWGD - INFO - ==========================================================================================
2025-11-28 00:20:59,774 - BiLSTMBRDWGD - INFO - Execução finalizada com sucesso.
2025-11-28 00:20:59,774 - BiLSTMBRDWGD - INFO - Dispositivo utilizado: cuda
2025-11-28 00:20:59,774 - BiLSTMBRDWGD - INFO - ==========================================================================================
2025-11-28 00:21:05,682 - LSTMBRDWGD - INFO - ==========================================================================================
2025-11-28 00:21:05,682 - LSTMBRDWGD - INFO - Iniciando script LSTM (PyTorch) BRDWGD com suporte a GPU e logs detalhados.
2025-11-28 00:21:05,682 - LSTMBRDWGD - INFO - ==========================================================================================
2025-11-28 00:21:05,682 - LSTMBRDWGD - INFO - Iniciando experimento: lookback=30, hidden_dim=64, layers=2, lr=0.001, drop=0.5
2025-11-28 00:21:05,691 - LSTMBRDWGD - INFO - Shape treino: torch.Size([5863, 30, 1]), teste: torch.Size([30, 30, 1])
2025-11-28 00:21:05,714 - LSTMBRDWGD - INFO - Treinando por 500 épocas...
2025-11-28 00:21:06,198 - LSTMBRDWGD - INFO - [EXP] Época 1/500 - Loss: 97.441611
2025-11-28 00:21:29,857 - LSTMBRDWGD - INFO - [EXP] Época 50/500 - Loss: 57.273611
2025-11-28 00:21:53,993 - LSTMBRDWGD - INFO - [EXP] Época 100/500 - Loss: 23.453620
2025-11-28 00:22:18,139 - LSTMBRDWGD - INFO - [EXP] Época 150/500 - Loss: 14.684560
2025-11-28 00:22:42,292 - LSTMBRDWGD - INFO - [EXP] Época 200/500 - Loss: 3.807287
2025-11-28 00:23:06,435 - LSTMBRDWGD - INFO - [EXP] Época 250/500 - Loss: 2.639394
2025-11-28 00:23:30,581 - LSTMBRDWGD - INFO - [EXP] Época 300/500 - Loss: 2.972631
2025-11-28 00:23:54,720 - LSTMBRDWGD - INFO - [EXP] Época 350/500 - Loss: 1.199702
2025-11-28 00:24:18,859 - LSTMBRDWGD - INFO - [EXP] Época 400/500 - Loss: 1.173834
2025-11-28 00:24:42,989 - LSTMBRDWGD - INFO - [EXP] Época 450/500 - Loss: 18.244327
2025-11-28 00:25:07,135 - LSTMBRDWGD - INFO - [EXP] Época 500/500 - Loss: 1.135100
2025-11-28 00:25:07,135 - LSTMBRDWGD - INFO - Treinamento concluído em 4.02 minutos
2025-11-28 00:25:07,568 - LSTMBRDWGD - INFO - Calculando erro para o train
2025-11-28 00:25:07,568 - LSTMBRDWGD - INFO - RMSE: 0.9491
2025-11-28 00:25:07,568 - LSTMBRDWGD - INFO - MSE : 0.9008
2025-11-28 00:25:07,568 - LSTMBRDWGD - INFO - MAE : 0.3862
2025-11-28 00:25:07,568 - LSTMBRDWGD - INFO - CSI (thr=1.0 mm): 0.8497  [TP=1408, FP=146, FN=103]
2025-11-28 00:25:07,569 - LSTMBRDWGD - INFO - train_pred TRAIN mm min/max: 0.0, 154.1416778564453
2025-11-28 00:25:07,569 - LSTMBRDWGD - INFO - train_TRUE TRAIN mm min/max: 0.0, 154.39999389648438
2025-11-28 00:25:07,569 - LSTMBRDWGD - INFO -  Gerando gráficos TRAIN...
2025-11-28 00:25:07,909 - LSTMBRDWGD - INFO -  Gráficos gerados TRAIN ...
2025-11-28 00:25:07,909 - LSTMBRDWGD - INFO - Calculando erro para parte de teste
2025-11-28 00:25:07,910 - LSTMBRDWGD - INFO - RMSE: 12.1551
2025-11-28 00:25:07,910 - LSTMBRDWGD - INFO - MSE : 147.7457
2025-11-28 00:25:07,910 - LSTMBRDWGD - INFO - MAE : 6.1708
2025-11-28 00:25:07,910 - LSTMBRDWGD - INFO - CSI (thr=1.0 mm): 0.2000  [TP=3, FP=10, FN=2]
2025-11-28 00:25:07,910 - LSTMBRDWGD - INFO - y_pred mm min/max: 0.0, 19.723875045776367
2025-11-28 00:25:07,910 - LSTMBRDWGD - INFO - y_TRUE mm min/max: 0.0, 55.400001525878906
2025-11-28 00:25:07,910 - LSTMBRDWGD - INFO -  Gerando gráficos...
2025-11-28 00:25:08,168 - LSTMBRDWGD - INFO -  Gráficos gerados...
2025-11-28 00:25:08,168 - LSTMBRDWGD - INFO - ==========================================================================================
2025-11-28 00:25:08,168 - LSTMBRDWGD - INFO - Execução finalizada com sucesso.
2025-11-28 00:25:08,168 - LSTMBRDWGD - INFO - Dispositivo utilizado: cuda
2025-11-28 00:25:08,168 - LSTMBRDWGD - INFO - ==========================================================================================
2025-11-28 00:25:13,875 - BiLSTMBRDWGD - INFO - ==========================================================================================
2025-11-28 00:25:13,876 - BiLSTMBRDWGD - INFO - Iniciando script LSTM (PyTorch) BRDWGD com suporte a GPU e logs detalhados.
2025-11-28 00:25:13,876 - BiLSTMBRDWGD - INFO - ==========================================================================================
2025-11-28 00:25:13,876 - BiLSTMBRDWGD - INFO - Iniciando experimento: lookback=30, hidden_dim=64, layers=2, lr=0.001, drop=0.5
2025-11-28 00:25:13,886 - BiLSTMBRDWGD - INFO - Shape treino: torch.Size([5863, 30, 1]), teste: torch.Size([30, 30, 1])
2025-11-28 00:25:13,922 - BiLSTMBRDWGD - INFO - Treinando por 500 épocas...
2025-11-28 00:25:14,470 - BiLSTMBRDWGD - INFO - [EXP] Época 1/500 - Loss: 96.747346
2025-11-28 00:25:41,207 - BiLSTMBRDWGD - INFO - [EXP] Época 50/500 - Loss: 86.246935
2025-11-28 00:26:08,473 - BiLSTMBRDWGD - INFO - [EXP] Época 100/500 - Loss: 54.654877
2025-11-28 00:26:35,752 - BiLSTMBRDWGD - INFO - [EXP] Época 150/500 - Loss: 29.936723
2025-11-28 00:27:03,081 - BiLSTMBRDWGD - INFO - [EXP] Época 200/500 - Loss: 22.318367
2025-11-28 00:27:30,374 - BiLSTMBRDWGD - INFO - [EXP] Época 250/500 - Loss: 17.079875
2025-11-28 00:27:57,875 - BiLSTMBRDWGD - INFO - [EXP] Época 300/500 - Loss: 13.083565
2025-11-28 00:28:25,232 - BiLSTMBRDWGD - INFO - [EXP] Época 350/500 - Loss: 10.400896
2025-11-28 00:28:52,494 - BiLSTMBRDWGD - INFO - [EXP] Época 400/500 - Loss: 7.973866
2025-11-28 00:29:19,757 - BiLSTMBRDWGD - INFO - [EXP] Época 450/500 - Loss: 9.269973
2025-11-28 00:29:47,056 - BiLSTMBRDWGD - INFO - [EXP] Época 500/500 - Loss: 6.223574
2025-11-28 00:29:47,056 - BiLSTMBRDWGD - INFO - Treinamento concluído em 4.55 minutos
2025-11-28 00:29:47,489 - BiLSTMBRDWGD - INFO - Calculando erro para o train
2025-11-28 00:29:47,490 - BiLSTMBRDWGD - INFO - RMSE: 1.6453
2025-11-28 00:29:47,490 - BiLSTMBRDWGD - INFO - MSE : 2.7070
2025-11-28 00:29:47,490 - BiLSTMBRDWGD - INFO - MAE : 0.7958
2025-11-28 00:29:47,490 - BiLSTMBRDWGD - INFO - CSI (thr=1.0 mm): 0.5787  [TP=1107, FP=402, FN=404]
2025-11-28 00:29:47,490 - BiLSTMBRDWGD - INFO - train_pred TRAIN mm min/max: 0.0, 150.20941162109375
2025-11-28 00:29:47,490 - BiLSTMBRDWGD - INFO - train_TRUE TRAIN mm min/max: 0.0, 154.39999389648438
2025-11-28 00:29:47,490 - BiLSTMBRDWGD - INFO -  Gerando gráficos TRAIN...
2025-11-28 00:29:47,826 - BiLSTMBRDWGD - INFO -  Gráficos gerados TRAIN ...
2025-11-28 00:29:47,826 - BiLSTMBRDWGD - INFO - Calculando erro para parte de teste
2025-11-28 00:29:47,827 - BiLSTMBRDWGD - INFO - RMSE: 10.1551
2025-11-28 00:29:47,827 - BiLSTMBRDWGD - INFO - MSE : 103.1269
2025-11-28 00:29:47,827 - BiLSTMBRDWGD - INFO - MAE : 4.6259
2025-11-28 00:29:47,827 - BiLSTMBRDWGD - INFO - CSI (thr=1.0 mm): 0.2000  [TP=3, FP=10, FN=2]
2025-11-28 00:29:47,827 - BiLSTMBRDWGD - INFO - y_pred mm min/max: 0.0, 44.879276275634766
2025-11-28 00:29:47,827 - BiLSTMBRDWGD - INFO - y_TRUE mm min/max: 0.0, 55.400001525878906
2025-11-28 00:29:47,827 - BiLSTMBRDWGD - INFO -  Gerando gráficos...
2025-11-28 00:29:48,076 - BiLSTMBRDWGD - INFO -  Gráficos gerados...
2025-11-28 00:29:48,076 - BiLSTMBRDWGD - INFO - ==========================================================================================
2025-11-28 00:29:48,076 - BiLSTMBRDWGD - INFO - Execução finalizada com sucesso.
2025-11-28 00:29:48,076 - BiLSTMBRDWGD - INFO - Dispositivo utilizado: cuda
2025-11-28 00:29:48,076 - BiLSTMBRDWGD - INFO - ==========================================================================================
2025-11-28 00:29:53,984 - LSTMBRDWGD - INFO - ==========================================================================================
2025-11-28 00:29:53,985 - LSTMBRDWGD - INFO - Iniciando script LSTM (PyTorch) BRDWGD com suporte a GPU e logs detalhados.
2025-11-28 00:29:53,985 - LSTMBRDWGD - INFO - ==========================================================================================
2025-11-28 00:29:53,985 - LSTMBRDWGD - INFO - Iniciando experimento: lookback=30, hidden_dim=128, layers=2, lr=0.001, drop=0.5
2025-11-28 00:29:53,994 - LSTMBRDWGD - INFO - Shape treino: torch.Size([5863, 30, 1]), teste: torch.Size([30, 30, 1])
2025-11-28 00:29:54,010 - LSTMBRDWGD - INFO - Treinando por 500 épocas...
2025-11-28 00:29:54,610 - LSTMBRDWGD - INFO - [EXP] Época 1/500 - Loss: 110.353515
2025-11-28 00:30:24,065 - LSTMBRDWGD - INFO - [EXP] Época 50/500 - Loss: 32.770815
2025-11-28 00:30:54,115 - LSTMBRDWGD - INFO - [EXP] Época 100/500 - Loss: 15.801375
2025-11-28 00:31:24,176 - LSTMBRDWGD - INFO - [EXP] Época 150/500 - Loss: 3.798202
2025-11-28 00:31:54,229 - LSTMBRDWGD - INFO - [EXP] Época 200/500 - Loss: 1.306003
2025-11-28 00:32:24,291 - LSTMBRDWGD - INFO - [EXP] Época 250/500 - Loss: 4.213973
2025-11-28 00:32:54,351 - LSTMBRDWGD - INFO - [EXP] Época 300/500 - Loss: 1.199072
2025-11-28 00:33:24,401 - LSTMBRDWGD - INFO - [EXP] Época 350/500 - Loss: 15.832724
2025-11-28 00:33:54,459 - LSTMBRDWGD - INFO - [EXP] Época 400/500 - Loss: 0.443618
2025-11-28 00:34:24,517 - LSTMBRDWGD - INFO - [EXP] Época 450/500 - Loss: 0.473475
2025-11-28 00:34:54,567 - LSTMBRDWGD - INFO - [EXP] Época 500/500 - Loss: 0.729534
2025-11-28 00:34:54,567 - LSTMBRDWGD - INFO - Treinamento concluído em 5.01 minutos
2025-11-28 00:34:55,062 - LSTMBRDWGD - INFO - Calculando erro para o train
2025-11-28 00:34:55,063 - LSTMBRDWGD - INFO - RMSE: 0.6796
2025-11-28 00:34:55,063 - LSTMBRDWGD - INFO - MSE : 0.4619
2025-11-28 00:34:55,063 - LSTMBRDWGD - INFO - MAE : 0.3173
2025-11-28 00:34:55,063 - LSTMBRDWGD - INFO - CSI (thr=1.0 mm): 0.8981  [TP=1437, FP=89, FN=74]
2025-11-28 00:34:55,063 - LSTMBRDWGD - INFO - train_pred TRAIN mm min/max: 0.0, 155.2424774169922
2025-11-28 00:34:55,063 - LSTMBRDWGD - INFO - train_TRUE TRAIN mm min/max: 0.0, 154.39999389648438
2025-11-28 00:34:55,063 - LSTMBRDWGD - INFO -  Gerando gráficos TRAIN...
2025-11-28 00:34:55,424 - LSTMBRDWGD - INFO -  Gráficos gerados TRAIN ...
2025-11-28 00:34:55,425 - LSTMBRDWGD - INFO - Calculando erro para parte de teste
2025-11-28 00:34:55,425 - LSTMBRDWGD - INFO - RMSE: 15.1293
2025-11-28 00:34:55,425 - LSTMBRDWGD - INFO - MSE : 228.8955
2025-11-28 00:34:55,425 - LSTMBRDWGD - INFO - MAE : 7.8478
2025-11-28 00:34:55,426 - LSTMBRDWGD - INFO - CSI (thr=1.0 mm): 0.2105  [TP=4, FP=14, FN=1]
2025-11-28 00:34:55,426 - LSTMBRDWGD - INFO - y_pred mm min/max: 0.0, 39.77574920654297
2025-11-28 00:34:55,426 - LSTMBRDWGD - INFO - y_TRUE mm min/max: 0.0, 55.400001525878906
2025-11-28 00:34:55,426 - LSTMBRDWGD - INFO -  Gerando gráficos...
2025-11-28 00:34:55,766 - LSTMBRDWGD - INFO -  Gráficos gerados...
2025-11-28 00:34:55,766 - LSTMBRDWGD - INFO - ==========================================================================================
2025-11-28 00:34:55,766 - LSTMBRDWGD - INFO - Execução finalizada com sucesso.
2025-11-28 00:34:55,766 - LSTMBRDWGD - INFO - Dispositivo utilizado: cuda
2025-11-28 00:34:55,766 - LSTMBRDWGD - INFO - ==========================================================================================
2025-11-28 00:35:01,460 - BiLSTMBRDWGD - INFO - ==========================================================================================
2025-11-28 00:35:01,460 - BiLSTMBRDWGD - INFO - Iniciando script LSTM (PyTorch) BRDWGD com suporte a GPU e logs detalhados.
2025-11-28 00:35:01,460 - BiLSTMBRDWGD - INFO - ==========================================================================================
2025-11-28 00:35:01,460 - BiLSTMBRDWGD - INFO - Iniciando experimento: lookback=30, hidden_dim=128, layers=2, lr=0.001, drop=0.5
2025-11-28 00:35:01,472 - BiLSTMBRDWGD - INFO - Shape treino: torch.Size([5863, 30, 1]), teste: torch.Size([30, 30, 1])
2025-11-28 00:35:01,487 - BiLSTMBRDWGD - INFO - Treinando por 500 épocas...
2025-11-28 00:35:02,270 - BiLSTMBRDWGD - INFO - [EXP] Época 1/500 - Loss: 95.616966
2025-11-28 00:35:40,639 - BiLSTMBRDWGD - INFO - [EXP] Época 50/500 - Loss: 59.691058
2025-11-28 00:36:19,697 - BiLSTMBRDWGD - INFO - [EXP] Época 100/500 - Loss: 23.651386
2025-11-28 00:36:58,758 - BiLSTMBRDWGD - INFO - [EXP] Época 150/500 - Loss: 12.989043
2025-11-28 00:37:37,819 - BiLSTMBRDWGD - INFO - [EXP] Época 200/500 - Loss: 8.781832
2025-11-28 00:38:16,876 - BiLSTMBRDWGD - INFO - [EXP] Época 250/500 - Loss: 5.815059
2025-11-28 00:38:55,939 - BiLSTMBRDWGD - INFO - [EXP] Época 300/500 - Loss: 5.031032
2025-11-28 00:39:35,000 - BiLSTMBRDWGD - INFO - [EXP] Época 350/500 - Loss: 3.777199
2025-11-28 00:40:14,064 - BiLSTMBRDWGD - INFO - [EXP] Época 400/500 - Loss: 3.368044
2025-11-28 00:40:53,126 - BiLSTMBRDWGD - INFO - [EXP] Época 450/500 - Loss: 5.939996
2025-11-28 00:41:32,176 - BiLSTMBRDWGD - INFO - [EXP] Época 500/500 - Loss: 3.193468
2025-11-28 00:41:32,176 - BiLSTMBRDWGD - INFO - Treinamento concluído em 6.51 minutos
2025-11-28 00:41:32,744 - BiLSTMBRDWGD - INFO - Calculando erro para o train
2025-11-28 00:41:32,745 - BiLSTMBRDWGD - INFO - RMSE: 1.2032
2025-11-28 00:41:32,745 - BiLSTMBRDWGD - INFO - MSE : 1.4476
2025-11-28 00:41:32,745 - BiLSTMBRDWGD - INFO - MAE : 0.4611
2025-11-28 00:41:32,745 - BiLSTMBRDWGD - INFO - CSI (thr=1.0 mm): 0.7942  [TP=1250, FP=63, FN=261]
2025-11-28 00:41:32,745 - BiLSTMBRDWGD - INFO - train_pred TRAIN mm min/max: 0.0, 149.56106567382812
2025-11-28 00:41:32,745 - BiLSTMBRDWGD - INFO - train_TRUE TRAIN mm min/max: 0.0, 154.39999389648438
2025-11-28 00:41:32,745 - BiLSTMBRDWGD - INFO -  Gerando gráficos TRAIN...
2025-11-28 00:41:33,097 - BiLSTMBRDWGD - INFO -  Gráficos gerados TRAIN ...
2025-11-28 00:41:33,098 - BiLSTMBRDWGD - INFO - Calculando erro para parte de teste
2025-11-28 00:41:33,098 - BiLSTMBRDWGD - INFO - RMSE: 12.2766
2025-11-28 00:41:33,098 - BiLSTMBRDWGD - INFO - MSE : 150.7153
2025-11-28 00:41:33,098 - BiLSTMBRDWGD - INFO - MAE : 7.0350
2025-11-28 00:41:33,098 - BiLSTMBRDWGD - INFO - CSI (thr=1.0 mm): 0.1667  [TP=3, FP=13, FN=2]
2025-11-28 00:41:33,099 - BiLSTMBRDWGD - INFO - y_pred mm min/max: 0.0, 40.81367874145508
2025-11-28 00:41:33,099 - BiLSTMBRDWGD - INFO - y_TRUE mm min/max: 0.0, 55.400001525878906
2025-11-28 00:41:33,099 - BiLSTMBRDWGD - INFO -  Gerando gráficos...
2025-11-28 00:41:33,355 - BiLSTMBRDWGD - INFO -  Gráficos gerados...
2025-11-28 00:41:33,355 - BiLSTMBRDWGD - INFO - ==========================================================================================
2025-11-28 00:41:33,355 - BiLSTMBRDWGD - INFO - Execução finalizada com sucesso.
2025-11-28 00:41:33,355 - BiLSTMBRDWGD - INFO - Dispositivo utilizado: cuda
2025-11-28 00:41:33,355 - BiLSTMBRDWGD - INFO - ==========================================================================================
2025-11-28 00:41:39,341 - LSTMBRDWGD - INFO - ==========================================================================================
2025-11-28 00:41:39,341 - LSTMBRDWGD - INFO - Iniciando script LSTM (PyTorch) BRDWGD com suporte a GPU e logs detalhados.
2025-11-28 00:41:39,341 - LSTMBRDWGD - INFO - ==========================================================================================
2025-11-28 00:41:39,341 - LSTMBRDWGD - INFO - Iniciando experimento: lookback=30, hidden_dim=256, layers=2, lr=0.001, drop=0.5
2025-11-28 00:41:39,351 - LSTMBRDWGD - INFO - Shape treino: torch.Size([5863, 30, 1]), teste: torch.Size([30, 30, 1])
2025-11-28 00:41:39,369 - LSTMBRDWGD - INFO - Treinando por 500 épocas...
2025-11-28 00:41:40,617 - LSTMBRDWGD - INFO - [EXP] Época 1/500 - Loss: 96.388423
2025-11-28 00:42:41,787 - LSTMBRDWGD - INFO - [EXP] Época 50/500 - Loss: 36.299781
2025-11-28 00:43:44,202 - LSTMBRDWGD - INFO - [EXP] Época 100/500 - Loss: 7.788387
2025-11-28 00:44:46,611 - LSTMBRDWGD - INFO - [EXP] Época 150/500 - Loss: 5.024813
2025-11-28 00:45:49,040 - LSTMBRDWGD - INFO - [EXP] Época 200/500 - Loss: 1.001098
2025-11-28 00:46:51,449 - LSTMBRDWGD - INFO - [EXP] Época 250/500 - Loss: 5.727937
2025-11-28 00:47:53,877 - LSTMBRDWGD - INFO - [EXP] Época 300/500 - Loss: 0.778375
2025-11-28 00:48:56,297 - LSTMBRDWGD - INFO - [EXP] Época 350/500 - Loss: 1.832277
2025-11-28 00:49:58,718 - LSTMBRDWGD - INFO - [EXP] Época 400/500 - Loss: 0.408682
2025-11-28 00:51:01,133 - LSTMBRDWGD - INFO - [EXP] Época 450/500 - Loss: 0.768059
2025-11-28 00:52:03,562 - LSTMBRDWGD - INFO - [EXP] Época 500/500 - Loss: 5.635410
2025-11-28 00:52:03,562 - LSTMBRDWGD - INFO - Treinamento concluído em 10.40 minutos
2025-11-28 00:52:04,110 - LSTMBRDWGD - INFO - Calculando erro para o train
2025-11-28 00:52:04,111 - LSTMBRDWGD - INFO - RMSE: 1.2029
2025-11-28 00:52:04,111 - LSTMBRDWGD - INFO - MSE : 1.4470
2025-11-28 00:52:04,111 - LSTMBRDWGD - INFO - MAE : 0.4863
2025-11-28 00:52:04,111 - LSTMBRDWGD - INFO - CSI (thr=1.0 mm): 0.7625  [TP=1384, FP=304, FN=127]
2025-11-28 00:52:04,111 - LSTMBRDWGD - INFO - train_pred TRAIN mm min/max: 0.0, 154.72813415527344
2025-11-28 00:52:04,111 - LSTMBRDWGD - INFO - train_TRUE TRAIN mm min/max: 0.0, 154.39999389648438
2025-11-28 00:52:04,111 - LSTMBRDWGD - INFO -  Gerando gráficos TRAIN...
2025-11-28 00:52:04,441 - LSTMBRDWGD - INFO -  Gráficos gerados TRAIN ...
2025-11-28 00:52:04,441 - LSTMBRDWGD - INFO - Calculando erro para parte de teste
2025-11-28 00:52:04,442 - LSTMBRDWGD - INFO - RMSE: 12.6446
2025-11-28 00:52:04,442 - LSTMBRDWGD - INFO - MSE : 159.8871
2025-11-28 00:52:04,442 - LSTMBRDWGD - INFO - MAE : 5.9208
2025-11-28 00:52:04,442 - LSTMBRDWGD - INFO - CSI (thr=1.0 mm): 0.1667  [TP=3, FP=13, FN=2]
2025-11-28 00:52:04,442 - LSTMBRDWGD - INFO - y_pred mm min/max: 0.0, 12.195361137390137
2025-11-28 00:52:04,442 - LSTMBRDWGD - INFO - y_TRUE mm min/max: 0.0, 55.400001525878906
2025-11-28 00:52:04,442 - LSTMBRDWGD - INFO -  Gerando gráficos...
2025-11-28 00:52:04,666 - LSTMBRDWGD - INFO -  Gráficos gerados...
2025-11-28 00:52:04,666 - LSTMBRDWGD - INFO - ==========================================================================================
2025-11-28 00:52:04,666 - LSTMBRDWGD - INFO - Execução finalizada com sucesso.
2025-11-28 00:52:04,666 - LSTMBRDWGD - INFO - Dispositivo utilizado: cuda
2025-11-28 00:52:04,666 - LSTMBRDWGD - INFO - ==========================================================================================
2025-11-28 00:52:10,335 - BiLSTMBRDWGD - INFO - ==========================================================================================
2025-11-28 00:52:10,335 - BiLSTMBRDWGD - INFO - Iniciando script LSTM (PyTorch) BRDWGD com suporte a GPU e logs detalhados.
2025-11-28 00:52:10,335 - BiLSTMBRDWGD - INFO - ==========================================================================================
2025-11-28 00:52:10,335 - BiLSTMBRDWGD - INFO - Iniciando experimento: lookback=30, hidden_dim=256, layers=2, lr=0.001, drop=0.5
2025-11-28 00:52:10,345 - BiLSTMBRDWGD - INFO - Shape treino: torch.Size([5863, 30, 1]), teste: torch.Size([30, 30, 1])
2025-11-28 00:52:10,379 - BiLSTMBRDWGD - INFO - Treinando por 500 épocas...
2025-11-28 00:52:12,147 - BiLSTMBRDWGD - INFO - [EXP] Época 1/500 - Loss: 95.438887
2025-11-28 00:53:37,689 - BiLSTMBRDWGD - INFO - [EXP] Época 50/500 - Loss: 39.504548
2025-11-28 00:55:04,891 - BiLSTMBRDWGD - INFO - [EXP] Época 100/500 - Loss: 13.686065
2025-11-28 00:56:32,067 - BiLSTMBRDWGD - INFO - [EXP] Época 150/500 - Loss: 9.226687
2025-11-28 00:57:59,323 - BiLSTMBRDWGD - INFO - [EXP] Época 200/500 - Loss: 7.402572
2025-11-28 00:59:26,849 - BiLSTMBRDWGD - INFO - [EXP] Época 250/500 - Loss: 9.486031
2025-11-28 01:00:58,389 - BiLSTMBRDWGD - INFO - [EXP] Época 300/500 - Loss: 2.964293
2025-11-28 01:02:29,650 - BiLSTMBRDWGD - INFO - [EXP] Época 350/500 - Loss: 3.690733
2025-11-28 01:04:01,017 - BiLSTMBRDWGD - INFO - [EXP] Época 400/500 - Loss: 1.968730
2025-11-28 01:05:31,798 - BiLSTMBRDWGD - INFO - [EXP] Época 450/500 - Loss: 2.168274
2025-11-28 01:07:00,434 - BiLSTMBRDWGD - INFO - [EXP] Época 500/500 - Loss: 1.875463
2025-11-28 01:07:00,434 - BiLSTMBRDWGD - INFO - Treinamento concluído em 14.83 minutos
2025-11-28 01:07:01,085 - BiLSTMBRDWGD - INFO - Calculando erro para o train
2025-11-28 01:07:01,086 - BiLSTMBRDWGD - INFO - RMSE: 0.8026
2025-11-28 01:07:01,086 - BiLSTMBRDWGD - INFO - MSE : 0.6441
2025-11-28 01:07:01,086 - BiLSTMBRDWGD - INFO - MAE : 0.2565
2025-11-28 01:07:01,086 - BiLSTMBRDWGD - INFO - CSI (thr=1.0 mm): 0.9116  [TP=1381, FP=4, FN=130]
2025-11-28 01:07:01,086 - BiLSTMBRDWGD - INFO - train_pred TRAIN mm min/max: 0.0, 150.86239624023438
2025-11-28 01:07:01,086 - BiLSTMBRDWGD - INFO - train_TRUE TRAIN mm min/max: 0.0, 154.39999389648438
2025-11-28 01:07:01,086 - BiLSTMBRDWGD - INFO -  Gerando gráficos TRAIN...
2025-11-28 01:07:01,458 - BiLSTMBRDWGD - INFO -  Gráficos gerados TRAIN ...
2025-11-28 01:07:01,458 - BiLSTMBRDWGD - INFO - Calculando erro para parte de teste
2025-11-28 01:07:01,459 - BiLSTMBRDWGD - INFO - RMSE: 14.8608
2025-11-28 01:07:01,459 - BiLSTMBRDWGD - INFO - MSE : 220.8421
2025-11-28 01:07:01,459 - BiLSTMBRDWGD - INFO - MAE : 7.5362
2025-11-28 01:07:01,459 - BiLSTMBRDWGD - INFO - CSI (thr=1.0 mm): 0.2143  [TP=3, FP=9, FN=2]
2025-11-28 01:07:01,459 - BiLSTMBRDWGD - INFO - y_pred mm min/max: 0.0, 31.981365203857422
2025-11-28 01:07:01,459 - BiLSTMBRDWGD - INFO - y_TRUE mm min/max: 0.0, 55.400001525878906
2025-11-28 01:07:01,459 - BiLSTMBRDWGD - INFO -  Gerando gráficos...
2025-11-28 01:07:01,717 - BiLSTMBRDWGD - INFO -  Gráficos gerados...
2025-11-28 01:07:01,717 - BiLSTMBRDWGD - INFO - ==========================================================================================
2025-11-28 01:07:01,717 - BiLSTMBRDWGD - INFO - Execução finalizada com sucesso.
2025-11-28 01:07:01,717 - BiLSTMBRDWGD - INFO - Dispositivo utilizado: cuda
2025-11-28 01:07:01,717 - BiLSTMBRDWGD - INFO - ==========================================================================================
2025-11-28 01:07:07,726 - ARIMA_BRDWGD - INFO - ==========================================================================================
2025-11-28 01:07:07,726 - ARIMA_BRDWGD - INFO - Iniciando script ARIMA BRDWGD.
2025-11-28 01:07:07,726 - ARIMA_BRDWGD - INFO - ==========================================================================================
2025-11-28 01:07:07,726 - ARIMA_BRDWGD - INFO - Tamanho treino: 5894 | teste: 30
2025-11-28 01:07:07,726 - ARIMA_BRDWGD - INFO - [FASE 4] Iniciando busca manual por hiperparâmetros (AIC).
2025-11-28 01:19:44,960 - ARIMA_BRDWGD - INFO - Melhor order encontrado: (30, 0, 2)
2025-11-28 01:19:44,961 - ARIMA_BRDWGD - INFO - Melhor AIC (treino): 43303.74
2025-11-28 01:19:44,961 - ARIMA_BRDWGD - INFO - Tempo da Fase 4: 757.23s
2025-11-28 01:19:44,961 - ARIMA_BRDWGD - INFO - [FASE 5] Reajustando melhor modelo no conjunto de treino.
2025-11-28 01:24:04,999 - ARIMA_BRDWGD - INFO - Melhor modelo ajustado no treino.
2025-11-28 01:24:05,000 - ARIMA_BRDWGD - INFO - Tempo da Fase 5: 260.04s
2025-11-28 01:24:05,000 - ARIMA_BRDWGD - INFO - [FASE 6] Gerando previsões no conjunto de teste e avaliando métricas.
2025-11-28 01:24:05,001 - ARIMA_BRDWGD - INFO - RMSE: 9.4766
2025-11-28 01:24:05,001 - ARIMA_BRDWGD - INFO - MSE : 89.8066
2025-11-28 01:24:05,001 - ARIMA_BRDWGD - INFO - MAE : 4.4990
2025-11-28 01:24:05,001 - ARIMA_BRDWGD - INFO - CSI (thr=1.0 mm): 0.2575  [TP=1505, FP=4319, FN=20]
2025-11-28 01:24:05,001 - ARIMA_BRDWGD - INFO - [TREINO] RMSE=9.4766 | MSE=89.8066 | MAE=4.4990 | CSI=0.2575
2025-11-28 01:24:05,005 - ARIMA_BRDWGD - INFO - RMSE: 13.2564
2025-11-28 01:24:05,005 - ARIMA_BRDWGD - INFO - MSE : 175.7328
2025-11-28 01:24:05,005 - ARIMA_BRDWGD - INFO - MAE : 7.3414
2025-11-28 01:24:05,005 - ARIMA_BRDWGD - INFO - CSI (thr=1.0 mm): 0.2000  [TP=6, FP=24, FN=0]
2025-11-28 01:24:05,005 - ARIMA_BRDWGD - INFO - Tempo total da Fase 6: 0.01s
2025-11-28 01:24:05,005 - ARIMA_BRDWGD - INFO - [FASE 7] Salvando gráfico de previsão vs. observado.
2025-11-28 01:24:05,597 - ARIMA_BRDWGD - INFO - Gráfico salvo como 'arimaBRDWGD_result.png'.
2025-11-28 01:24:05,597 - ARIMA_BRDWGD - INFO - ==========================================================================================
2025-11-28 01:24:05,597 - ARIMA_BRDWGD - INFO - Execução ARIMA BRDWGD finalizada com sucesso.
2025-11-28 01:24:05,597 - ARIMA_BRDWGD - INFO - Tempo total de execução: 1017.87s
2025-11-28 01:24:05,597 - ARIMA_BRDWGD - INFO - ==========================================================================================
2025-11-28 01:24:11,300 - RANDOM_FOREST_BRDWGD - INFO - ====================================================================================================
2025-11-28 01:24:11,300 - RANDOM_FOREST_BRDWGD - INFO - Iniciando Random Forest BRDWGD com GridSearchCV.
2025-11-28 01:24:11,300 - RANDOM_FOREST_BRDWGD - INFO - ====================================================================================================
2025-11-28 01:24:11,300 - RANDOM_FOREST_BRDWGD - INFO - [FASE 3] Split treino/teste e preparação.
2025-11-28 01:24:11,303 - RANDOM_FOREST_BRDWGD - INFO - [FASE 3] Treino: X=(5864, 30), y=5864 | Teste: X=(30, 30), y=30
2025-11-28 01:24:11,304 - RANDOM_FOREST_BRDWGD - INFO - [FASE 3] Tempo: 0.00s
2025-11-28 01:24:11,304 - RANDOM_FOREST_BRDWGD - INFO - [FASE 4] Iniciando GridSearchCV (TimeSeriesSplit).
2025-11-28 01:25:13,235 - RANDOM_FOREST_BRDWGD - INFO - [FASE 4] GridSearchCV concluído em 61.93s
2025-11-28 01:25:13,236 - RANDOM_FOREST_BRDWGD - INFO - [FASE 4] Melhores parâmetros: {'max_depth': None, 'max_features': 'sqrt', 'min_samples_leaf': 4, 'min_samples_split': 10, 'n_estimators': 200}
2025-11-28 01:25:13,236 - RANDOM_FOREST_BRDWGD - INFO - [FASE 4] Melhor score (neg_MSE): -98.818296
2025-11-28 01:25:13,236 - RANDOM_FOREST_BRDWGD - INFO - [FASE 4] Tempo: 61.93s
2025-11-28 01:25:13,236 - RANDOM_FOREST_BRDWGD - INFO - [FASE 5] Treinando best_estimator_ no conjunto de treino.
2025-11-28 01:25:13,495 - RANDOM_FOREST_BRDWGD - INFO - [FASE 5] Tempo: 0.26s
2025-11-28 01:25:13,495 - RANDOM_FOREST_BRDWGD - INFO - [FASE 6] Previsão e cálculo de métricas.
2025-11-28 01:25:13,529 - RANDOM_FOREST_BRDWGD - INFO - RMSE: 7.5402
2025-11-28 01:25:13,529 - RANDOM_FOREST_BRDWGD - INFO - MSE : 56.8553
2025-11-28 01:25:13,529 - RANDOM_FOREST_BRDWGD - INFO - MAE : 3.4162
2025-11-28 01:25:13,529 - RANDOM_FOREST_BRDWGD - INFO - CSI (thr=1.0 mm): 0.3223  [TP=1491, FP=3115, FN=20]
2025-11-28 01:25:13,529 - RANDOM_FOREST_BRDWGD - INFO - [TREINO] RMSE=7.5402 | MSE=56.8553 | MAE=3.4162 | CSI=0.3223
2025-11-28 01:25:13,553 - RANDOM_FOREST_BRDWGD - INFO - y_pred raw min/max: 1.9931434076972883, 10.419484206937064
2025-11-28 01:25:13,553 - RANDOM_FOREST_BRDWGD - INFO - y_TRUE raw min/max: 0.0, 55.400001525878906
2025-11-28 01:25:13,554 - RANDOM_FOREST_BRDWGD - INFO - RMSE: 12.8944
2025-11-28 01:25:13,554 - RANDOM_FOREST_BRDWGD - INFO - MSE : 166.2649
2025-11-28 01:25:13,554 - RANDOM_FOREST_BRDWGD - INFO - MAE : 7.6742
2025-11-28 01:25:13,554 - RANDOM_FOREST_BRDWGD - INFO - CSI (thr=1.0 mm): 0.2000  [TP=6, FP=24, FN=0]
2025-11-28 01:25:13,554 - RANDOM_FOREST_BRDWGD - INFO - [FASE 7] Gerando gráficos.
2025-11-28 01:25:14,148 - RANDOM_FOREST_BRDWGD - INFO - Gráfico salvo como 'random_forest_BRDWGD.png'.
2025-11-28 01:25:14,148 - RANDOM_FOREST_BRDWGD - INFO - [FASE 7] Tempo: 0.59s
2025-11-28 01:25:14,148 - RANDOM_FOREST_BRDWGD - INFO - ====================================================================================================
2025-11-28 01:25:14,148 - RANDOM_FOREST_BRDWGD - INFO - Resumo Final
2025-11-28 01:25:14,148 - RANDOM_FOREST_BRDWGD - INFO - Melhores parâmetros: {'max_depth': None, 'max_features': 'sqrt', 'min_samples_leaf': 4, 'min_samples_split': 10, 'n_estimators': 200}
2025-11-28 01:25:14,148 - RANDOM_FOREST_BRDWGD - INFO - Tempo total de execução: 62.85s
2025-11-28 01:25:14,148 - RANDOM_FOREST_BRDWGD - INFO - ====================================================================================================
2025-11-28 01:25:19,756 - LSTMBRDWGD - INFO - ==========================================================================================
2025-11-28 01:25:19,757 - LSTMBRDWGD - INFO - Iniciando script LSTM (PyTorch) BRDWGD com suporte a GPU e logs detalhados.
2025-11-28 01:25:19,757 - LSTMBRDWGD - INFO - ==========================================================================================
2025-11-28 01:25:19,757 - LSTMBRDWGD - INFO - Iniciando experimento: lookback=30, hidden_dim=32, layers=2, lr=0.001, drop=0.5
2025-11-28 01:25:19,769 - LSTMBRDWGD - INFO - Shape treino: torch.Size([5863, 30, 1]), teste: torch.Size([30, 30, 1])
2025-11-28 01:25:19,792 - LSTMBRDWGD - INFO - Treinando por 500 épocas...
2025-11-28 01:25:20,258 - LSTMBRDWGD - INFO - [EXP] Época 1/500 - Loss: 105.753375
2025-11-28 01:25:43,028 - LSTMBRDWGD - INFO - [EXP] Época 50/500 - Loss: 87.340741
2025-11-28 01:26:06,255 - LSTMBRDWGD - INFO - [EXP] Época 100/500 - Loss: 57.052334
2025-11-28 01:26:29,489 - LSTMBRDWGD - INFO - [EXP] Época 150/500 - Loss: 28.902502
2025-11-28 01:26:52,879 - LSTMBRDWGD - INFO - [EXP] Época 200/500 - Loss: 20.440177
2025-11-28 01:27:16,115 - LSTMBRDWGD - INFO - [EXP] Época 250/500 - Loss: 14.710674
2025-11-28 01:27:39,362 - LSTMBRDWGD - INFO - [EXP] Época 300/500 - Loss: 11.705329
2025-11-28 01:28:02,604 - LSTMBRDWGD - INFO - [EXP] Época 350/500 - Loss: 8.714354
2025-11-28 01:28:25,841 - LSTMBRDWGD - INFO - [EXP] Época 400/500 - Loss: 8.698505
2025-11-28 01:28:49,078 - LSTMBRDWGD - INFO - [EXP] Época 450/500 - Loss: 6.225104
2025-11-28 01:29:12,313 - LSTMBRDWGD - INFO - [EXP] Época 500/500 - Loss: 7.042843
2025-11-28 01:29:12,313 - LSTMBRDWGD - INFO - Treinamento concluído em 3.88 minutos
2025-11-28 01:29:12,737 - LSTMBRDWGD - INFO - Calculando erro para o train
2025-11-28 01:29:12,738 - LSTMBRDWGD - INFO - RMSE: 2.1596
2025-11-28 01:29:12,738 - LSTMBRDWGD - INFO - MSE : 4.6637
2025-11-28 01:29:12,738 - LSTMBRDWGD - INFO - MAE : 1.0552
2025-11-28 01:29:12,738 - LSTMBRDWGD - INFO - CSI (thr=1.0 mm): 0.4818  [TP=1258, FP=1100, FN=253]
2025-11-28 01:29:12,738 - LSTMBRDWGD - INFO - train_pred TRAIN mm min/max: 0.0, 147.2347412109375
2025-11-28 01:29:12,738 - LSTMBRDWGD - INFO - train_TRUE TRAIN mm min/max: 0.0, 154.39999389648438
2025-11-28 01:29:12,738 - LSTMBRDWGD - INFO -  Gerando gráficos TRAIN...
2025-11-28 01:29:13,073 - LSTMBRDWGD - INFO -  Gráficos gerados TRAIN ...
2025-11-28 01:29:13,073 - LSTMBRDWGD - INFO - Calculando erro para parte de teste
2025-11-28 01:29:13,074 - LSTMBRDWGD - INFO - RMSE: 9.6664
2025-11-28 01:29:13,074 - LSTMBRDWGD - INFO - MSE : 93.4388
2025-11-28 01:29:13,074 - LSTMBRDWGD - INFO - MAE : 4.7123
2025-11-28 01:29:13,074 - LSTMBRDWGD - INFO - CSI (thr=1.0 mm): 0.2632  [TP=5, FP=14, FN=0]
2025-11-28 01:29:13,074 - LSTMBRDWGD - INFO - y_pred mm min/max: 0.0, 42.5782585144043
2025-11-28 01:29:13,074 - LSTMBRDWGD - INFO - y_TRUE mm min/max: 0.0, 55.400001525878906
2025-11-28 01:29:13,074 - LSTMBRDWGD - INFO -  Gerando gráficos...
2025-11-28 01:29:13,333 - LSTMBRDWGD - INFO -  Gráficos gerados...
2025-11-28 01:29:13,333 - LSTMBRDWGD - INFO - ==========================================================================================
2025-11-28 01:29:13,333 - LSTMBRDWGD - INFO - Execução finalizada com sucesso.
2025-11-28 01:29:13,333 - LSTMBRDWGD - INFO - Dispositivo utilizado: cuda
2025-11-28 01:29:13,333 - LSTMBRDWGD - INFO - ==========================================================================================
2025-11-28 01:29:18,999 - BiLSTMBRDWGD - INFO - ==========================================================================================
2025-11-28 01:29:18,999 - BiLSTMBRDWGD - INFO - Iniciando script LSTM (PyTorch) BRDWGD com suporte a GPU e logs detalhados.
2025-11-28 01:29:18,999 - BiLSTMBRDWGD - INFO - ==========================================================================================
2025-11-28 01:29:18,999 - BiLSTMBRDWGD - INFO - Iniciando experimento: lookback=30, hidden_dim=32, layers=2, lr=0.001, drop=0.5
2025-11-28 01:29:19,010 - BiLSTMBRDWGD - INFO - Shape treino: torch.Size([5863, 30, 1]), teste: torch.Size([30, 30, 1])
2025-11-28 01:29:19,051 - BiLSTMBRDWGD - INFO - Treinando por 500 épocas...
2025-11-28 01:29:19,543 - BiLSTMBRDWGD - INFO - [EXP] Época 1/500 - Loss: 97.876853
2025-11-28 01:29:43,713 - BiLSTMBRDWGD - INFO - [EXP] Época 50/500 - Loss: 90.076606
2025-11-28 01:30:08,266 - BiLSTMBRDWGD - INFO - [EXP] Época 100/500 - Loss: 74.466384
2025-11-28 01:30:33,352 - BiLSTMBRDWGD - INFO - [EXP] Época 150/500 - Loss: 71.524686
2025-11-28 01:30:57,890 - BiLSTMBRDWGD - INFO - [EXP] Época 200/500 - Loss: 52.988617
2025-11-28 01:31:22,464 - BiLSTMBRDWGD - INFO - [EXP] Época 250/500 - Loss: 41.568656
2025-11-28 01:31:47,003 - BiLSTMBRDWGD - INFO - [EXP] Época 300/500 - Loss: 36.570890
2025-11-28 01:32:11,758 - BiLSTMBRDWGD - INFO - [EXP] Época 350/500 - Loss: 31.697684
2025-11-28 01:32:36,509 - BiLSTMBRDWGD - INFO - [EXP] Época 400/500 - Loss: 28.548880
2025-11-28 01:33:01,253 - BiLSTMBRDWGD - INFO - [EXP] Época 450/500 - Loss: 27.069562
2025-11-28 01:33:25,922 - BiLSTMBRDWGD - INFO - [EXP] Época 500/500 - Loss: 24.049976
2025-11-28 01:33:25,923 - BiLSTMBRDWGD - INFO - Treinamento concluído em 4.11 minutos
2025-11-28 01:33:26,352 - BiLSTMBRDWGD - INFO - Calculando erro para o train
2025-11-28 01:33:26,353 - BiLSTMBRDWGD - INFO - RMSE: 4.3851
2025-11-28 01:33:26,353 - BiLSTMBRDWGD - INFO - MSE : 19.2291
2025-11-28 01:33:26,353 - BiLSTMBRDWGD - INFO - MAE : 1.9497
2025-11-28 01:33:26,353 - BiLSTMBRDWGD - INFO - CSI (thr=1.0 mm): 0.3598  [TP=1159, FP=1710, FN=352]
2025-11-28 01:33:26,353 - BiLSTMBRDWGD - INFO - train_pred TRAIN mm min/max: 0.0, 149.2689666748047
2025-11-28 01:33:26,353 - BiLSTMBRDWGD - INFO - train_TRUE TRAIN mm min/max: 0.0, 154.39999389648438
2025-11-28 01:33:26,353 - BiLSTMBRDWGD - INFO -  Gerando gráficos TRAIN...
2025-11-28 01:33:26,760 - BiLSTMBRDWGD - INFO -  Gráficos gerados TRAIN ...
2025-11-28 01:33:26,760 - BiLSTMBRDWGD - INFO - Calculando erro para parte de teste
2025-11-28 01:33:26,760 - BiLSTMBRDWGD - INFO - RMSE: 16.5565
2025-11-28 01:33:26,760 - BiLSTMBRDWGD - INFO - MSE : 274.1193
2025-11-28 01:33:26,760 - BiLSTMBRDWGD - INFO - MAE : 9.4493
2025-11-28 01:33:26,760 - BiLSTMBRDWGD - INFO - CSI (thr=1.0 mm): 0.2105  [TP=4, FP=14, FN=1]
2025-11-28 01:33:26,760 - BiLSTMBRDWGD - INFO - y_pred mm min/max: 0.0, 40.53444290161133
2025-11-28 01:33:26,761 - BiLSTMBRDWGD - INFO - y_TRUE mm min/max: 0.0, 55.400001525878906
2025-11-28 01:33:26,761 - BiLSTMBRDWGD - INFO -  Gerando gráficos...
2025-11-28 01:33:26,995 - BiLSTMBRDWGD - INFO -  Gráficos gerados...
2025-11-28 01:33:26,995 - BiLSTMBRDWGD - INFO - ==========================================================================================
2025-11-28 01:33:26,995 - BiLSTMBRDWGD - INFO - Execução finalizada com sucesso.
2025-11-28 01:33:26,995 - BiLSTMBRDWGD - INFO - Dispositivo utilizado: cuda
2025-11-28 01:33:26,995 - BiLSTMBRDWGD - INFO - ==========================================================================================
2025-11-28 01:33:32,905 - LSTMBRDWGD - INFO - ==========================================================================================
2025-11-28 01:33:32,905 - LSTMBRDWGD - INFO - Iniciando script LSTM (PyTorch) BRDWGD com suporte a GPU e logs detalhados.
2025-11-28 01:33:32,905 - LSTMBRDWGD - INFO - ==========================================================================================
2025-11-28 01:33:32,905 - LSTMBRDWGD - INFO - Iniciando experimento: lookback=30, hidden_dim=64, layers=2, lr=0.001, drop=0.5
2025-11-28 01:33:32,915 - LSTMBRDWGD - INFO - Shape treino: torch.Size([5863, 30, 1]), teste: torch.Size([30, 30, 1])
2025-11-28 01:33:32,937 - LSTMBRDWGD - INFO - Treinando por 500 épocas...
2025-11-28 01:33:33,421 - LSTMBRDWGD - INFO - [EXP] Época 1/500 - Loss: 97.129353
2025-11-28 01:33:57,073 - LSTMBRDWGD - INFO - [EXP] Época 50/500 - Loss: 53.330535
2025-11-28 01:34:21,205 - LSTMBRDWGD - INFO - [EXP] Época 100/500 - Loss: 20.255776
2025-11-28 01:34:45,335 - LSTMBRDWGD - INFO - [EXP] Época 150/500 - Loss: 7.775778
2025-11-28 01:35:09,462 - LSTMBRDWGD - INFO - [EXP] Época 200/500 - Loss: 5.388971
2025-11-28 01:35:33,608 - LSTMBRDWGD - INFO - [EXP] Época 250/500 - Loss: 3.160392
2025-11-28 01:35:57,738 - LSTMBRDWGD - INFO - [EXP] Época 300/500 - Loss: 3.367075
2025-11-28 01:36:21,878 - LSTMBRDWGD - INFO - [EXP] Época 350/500 - Loss: 2.542123
2025-11-28 01:36:46,008 - LSTMBRDWGD - INFO - [EXP] Época 400/500 - Loss: 1.814900
2025-11-28 01:37:10,130 - LSTMBRDWGD - INFO - [EXP] Época 450/500 - Loss: 2.806872
2025-11-28 01:37:34,262 - LSTMBRDWGD - INFO - [EXP] Época 500/500 - Loss: 1.653956
2025-11-28 01:37:34,262 - LSTMBRDWGD - INFO - Treinamento concluído em 4.02 minutos
2025-11-28 01:37:34,660 - LSTMBRDWGD - INFO - Calculando erro para o train
2025-11-28 01:37:34,661 - LSTMBRDWGD - INFO - RMSE: 0.9265
2025-11-28 01:37:34,661 - LSTMBRDWGD - INFO - MSE : 0.8583
2025-11-28 01:37:34,661 - LSTMBRDWGD - INFO - MAE : 0.3740
2025-11-28 01:37:34,661 - LSTMBRDWGD - INFO - CSI (thr=1.0 mm): 0.7912  [TP=1398, FP=256, FN=113]
2025-11-28 01:37:34,661 - LSTMBRDWGD - INFO - train_pred TRAIN mm min/max: 0.0, 155.75149536132812
2025-11-28 01:37:34,661 - LSTMBRDWGD - INFO - train_TRUE TRAIN mm min/max: 0.0, 154.39999389648438
2025-11-28 01:37:34,661 - LSTMBRDWGD - INFO -  Gerando gráficos TRAIN...
2025-11-28 01:37:35,013 - LSTMBRDWGD - INFO -  Gráficos gerados TRAIN ...
2025-11-28 01:37:35,014 - LSTMBRDWGD - INFO - Calculando erro para parte de teste
2025-11-28 01:37:35,014 - LSTMBRDWGD - INFO - RMSE: 10.0262
2025-11-28 01:37:35,014 - LSTMBRDWGD - INFO - MSE : 100.5255
2025-11-28 01:37:35,014 - LSTMBRDWGD - INFO - MAE : 5.0568
2025-11-28 01:37:35,014 - LSTMBRDWGD - INFO - CSI (thr=1.0 mm): 0.1579  [TP=3, FP=14, FN=2]
2025-11-28 01:37:35,014 - LSTMBRDWGD - INFO - y_pred mm min/max: 0.0, 37.330322265625
2025-11-28 01:37:35,014 - LSTMBRDWGD - INFO - y_TRUE mm min/max: 0.0, 55.400001525878906
2025-11-28 01:37:35,014 - LSTMBRDWGD - INFO -  Gerando gráficos...
2025-11-28 01:37:35,271 - LSTMBRDWGD - INFO -  Gráficos gerados...
2025-11-28 01:37:35,271 - LSTMBRDWGD - INFO - ==========================================================================================
2025-11-28 01:37:35,271 - LSTMBRDWGD - INFO - Execução finalizada com sucesso.
2025-11-28 01:37:35,271 - LSTMBRDWGD - INFO - Dispositivo utilizado: cuda
2025-11-28 01:37:35,271 - LSTMBRDWGD - INFO - ==========================================================================================
2025-11-28 01:37:40,940 - BiLSTMBRDWGD - INFO - ==========================================================================================
2025-11-28 01:37:40,940 - BiLSTMBRDWGD - INFO - Iniciando script LSTM (PyTorch) BRDWGD com suporte a GPU e logs detalhados.
2025-11-28 01:37:40,940 - BiLSTMBRDWGD - INFO - ==========================================================================================
2025-11-28 01:37:40,940 - BiLSTMBRDWGD - INFO - Iniciando experimento: lookback=30, hidden_dim=64, layers=2, lr=0.001, drop=0.5
2025-11-28 01:37:40,949 - BiLSTMBRDWGD - INFO - Shape treino: torch.Size([5863, 30, 1]), teste: torch.Size([30, 30, 1])
2025-11-28 01:37:40,984 - BiLSTMBRDWGD - INFO - Treinando por 500 épocas...
2025-11-28 01:37:41,531 - BiLSTMBRDWGD - INFO - [EXP] Época 1/500 - Loss: 99.576838
2025-11-28 01:38:08,265 - BiLSTMBRDWGD - INFO - [EXP] Época 50/500 - Loss: 82.178598
2025-11-28 01:38:35,545 - BiLSTMBRDWGD - INFO - [EXP] Época 100/500 - Loss: 28.869218
2025-11-28 01:39:02,816 - BiLSTMBRDWGD - INFO - [EXP] Época 150/500 - Loss: 20.776493
2025-11-28 01:39:30,094 - BiLSTMBRDWGD - INFO - [EXP] Época 200/500 - Loss: 17.136910
2025-11-28 01:39:57,587 - BiLSTMBRDWGD - INFO - [EXP] Época 250/500 - Loss: 17.504444
2025-11-28 01:40:24,930 - BiLSTMBRDWGD - INFO - [EXP] Época 300/500 - Loss: 21.433262
2025-11-28 01:40:52,234 - BiLSTMBRDWGD - INFO - [EXP] Época 350/500 - Loss: 19.677827
2025-11-28 01:41:19,508 - BiLSTMBRDWGD - INFO - [EXP] Época 400/500 - Loss: 8.385683
2025-11-28 01:41:46,824 - BiLSTMBRDWGD - INFO - [EXP] Época 450/500 - Loss: 7.225997
2025-11-28 01:42:14,163 - BiLSTMBRDWGD - INFO - [EXP] Época 500/500 - Loss: 6.735550
2025-11-28 01:42:14,163 - BiLSTMBRDWGD - INFO - Treinamento concluído em 4.55 minutos
2025-11-28 01:42:14,601 - BiLSTMBRDWGD - INFO - Calculando erro para o train
2025-11-28 01:42:14,602 - BiLSTMBRDWGD - INFO - RMSE: 1.9974
2025-11-28 01:42:14,602 - BiLSTMBRDWGD - INFO - MSE : 3.9895
2025-11-28 01:42:14,602 - BiLSTMBRDWGD - INFO - MAE : 0.7981
2025-11-28 01:42:14,602 - BiLSTMBRDWGD - INFO - CSI (thr=1.0 mm): 0.6097  [TP=1117, FP=321, FN=394]
2025-11-28 01:42:14,602 - BiLSTMBRDWGD - INFO - train_pred TRAIN mm min/max: 0.0, 148.8950958251953
2025-11-28 01:42:14,602 - BiLSTMBRDWGD - INFO - train_TRUE TRAIN mm min/max: 0.0, 154.39999389648438
2025-11-28 01:42:14,602 - BiLSTMBRDWGD - INFO -  Gerando gráficos TRAIN...
2025-11-28 01:42:14,946 - BiLSTMBRDWGD - INFO -  Gráficos gerados TRAIN ...
2025-11-28 01:42:14,946 - BiLSTMBRDWGD - INFO - Calculando erro para parte de teste
2025-11-28 01:42:14,947 - BiLSTMBRDWGD - INFO - RMSE: 11.2019
2025-11-28 01:42:14,947 - BiLSTMBRDWGD - INFO - MSE : 125.4821
2025-11-28 01:42:14,947 - BiLSTMBRDWGD - INFO - MAE : 4.8534
2025-11-28 01:42:14,947 - BiLSTMBRDWGD - INFO - CSI (thr=1.0 mm): 0.3000  [TP=3, FP=5, FN=2]
2025-11-28 01:42:14,947 - BiLSTMBRDWGD - INFO - y_pred mm min/max: 0.0, 50.07048034667969
2025-11-28 01:42:14,947 - BiLSTMBRDWGD - INFO - y_TRUE mm min/max: 0.0, 55.400001525878906
2025-11-28 01:42:14,947 - BiLSTMBRDWGD - INFO -  Gerando gráficos...
2025-11-28 01:42:15,204 - BiLSTMBRDWGD - INFO -  Gráficos gerados...
2025-11-28 01:42:15,204 - BiLSTMBRDWGD - INFO - ==========================================================================================
2025-11-28 01:42:15,204 - BiLSTMBRDWGD - INFO - Execução finalizada com sucesso.
2025-11-28 01:42:15,204 - BiLSTMBRDWGD - INFO - Dispositivo utilizado: cuda
2025-11-28 01:42:15,204 - BiLSTMBRDWGD - INFO - ==========================================================================================
2025-11-28 01:42:21,129 - LSTMBRDWGD - INFO - ==========================================================================================
2025-11-28 01:42:21,129 - LSTMBRDWGD - INFO - Iniciando script LSTM (PyTorch) BRDWGD com suporte a GPU e logs detalhados.
2025-11-28 01:42:21,129 - LSTMBRDWGD - INFO - ==========================================================================================
2025-11-28 01:42:21,130 - LSTMBRDWGD - INFO - Iniciando experimento: lookback=30, hidden_dim=128, layers=2, lr=0.001, drop=0.5
2025-11-28 01:42:21,140 - LSTMBRDWGD - INFO - Shape treino: torch.Size([5863, 30, 1]), teste: torch.Size([30, 30, 1])
2025-11-28 01:42:21,156 - LSTMBRDWGD - INFO - Treinando por 500 épocas...
2025-11-28 01:42:21,757 - LSTMBRDWGD - INFO - [EXP] Época 1/500 - Loss: 96.984235
2025-11-28 01:42:51,226 - LSTMBRDWGD - INFO - [EXP] Época 50/500 - Loss: 31.164976
2025-11-28 01:43:21,294 - LSTMBRDWGD - INFO - [EXP] Época 100/500 - Loss: 11.183317
2025-11-28 01:43:51,366 - LSTMBRDWGD - INFO - [EXP] Época 150/500 - Loss: 4.132454
2025-11-28 01:44:21,427 - LSTMBRDWGD - INFO - [EXP] Época 200/500 - Loss: 1.482499
2025-11-28 01:44:51,493 - LSTMBRDWGD - INFO - [EXP] Época 250/500 - Loss: 0.896558
2025-11-28 01:45:21,563 - LSTMBRDWGD - INFO - [EXP] Época 300/500 - Loss: 0.738085
2025-11-28 01:45:51,630 - LSTMBRDWGD - INFO - [EXP] Época 350/500 - Loss: 3.002342
2025-11-28 01:46:21,699 - LSTMBRDWGD - INFO - [EXP] Época 400/500 - Loss: 0.941308
2025-11-28 01:46:51,760 - LSTMBRDWGD - INFO - [EXP] Época 450/500 - Loss: 0.512579
2025-11-28 01:47:21,819 - LSTMBRDWGD - INFO - [EXP] Época 500/500 - Loss: 0.355784
2025-11-28 01:47:21,819 - LSTMBRDWGD - INFO - Treinamento concluído em 5.01 minutos
2025-11-28 01:47:22,309 - LSTMBRDWGD - INFO - Calculando erro para o train
2025-11-28 01:47:22,310 - LSTMBRDWGD - INFO - RMSE: 0.3685
2025-11-28 01:47:22,310 - LSTMBRDWGD - INFO - MSE : 0.1358
2025-11-28 01:47:22,310 - LSTMBRDWGD - INFO - MAE : 0.1684
2025-11-28 01:47:22,310 - LSTMBRDWGD - INFO - CSI (thr=1.0 mm): 0.9504  [TP=1456, FP=21, FN=55]
2025-11-28 01:47:22,310 - LSTMBRDWGD - INFO - train_pred TRAIN mm min/max: 0.0, 154.1174774169922
2025-11-28 01:47:22,310 - LSTMBRDWGD - INFO - train_TRUE TRAIN mm min/max: 0.0, 154.39999389648438
2025-11-28 01:47:22,310 - LSTMBRDWGD - INFO -  Gerando gráficos TRAIN...
2025-11-28 01:47:22,636 - LSTMBRDWGD - INFO -  Gráficos gerados TRAIN ...
2025-11-28 01:47:22,636 - LSTMBRDWGD - INFO - Calculando erro para parte de teste
2025-11-28 01:47:22,637 - LSTMBRDWGD - INFO - RMSE: 12.5740
2025-11-28 01:47:22,637 - LSTMBRDWGD - INFO - MSE : 158.1058
2025-11-28 01:47:22,637 - LSTMBRDWGD - INFO - MAE : 7.0983
2025-11-28 01:47:22,637 - LSTMBRDWGD - INFO - CSI (thr=1.0 mm): 0.1579  [TP=3, FP=14, FN=2]
2025-11-28 01:47:22,637 - LSTMBRDWGD - INFO - y_pred mm min/max: 0.0, 28.915857315063477
2025-11-28 01:47:22,637 - LSTMBRDWGD - INFO - y_TRUE mm min/max: 0.0, 55.400001525878906
2025-11-28 01:47:22,637 - LSTMBRDWGD - INFO -  Gerando gráficos...
2025-11-28 01:47:22,895 - LSTMBRDWGD - INFO -  Gráficos gerados...
2025-11-28 01:47:22,895 - LSTMBRDWGD - INFO - ==========================================================================================
2025-11-28 01:47:22,895 - LSTMBRDWGD - INFO - Execução finalizada com sucesso.
2025-11-28 01:47:22,895 - LSTMBRDWGD - INFO - Dispositivo utilizado: cuda
2025-11-28 01:47:22,895 - LSTMBRDWGD - INFO - ==========================================================================================
2025-11-28 01:47:28,569 - BiLSTMBRDWGD - INFO - ==========================================================================================
2025-11-28 01:47:28,569 - BiLSTMBRDWGD - INFO - Iniciando script LSTM (PyTorch) BRDWGD com suporte a GPU e logs detalhados.
2025-11-28 01:47:28,569 - BiLSTMBRDWGD - INFO - ==========================================================================================
2025-11-28 01:47:28,569 - BiLSTMBRDWGD - INFO - Iniciando experimento: lookback=30, hidden_dim=128, layers=2, lr=0.001, drop=0.5
2025-11-28 01:47:28,580 - BiLSTMBRDWGD - INFO - Shape treino: torch.Size([5863, 30, 1]), teste: torch.Size([30, 30, 1])
2025-11-28 01:47:28,610 - BiLSTMBRDWGD - INFO - Treinando por 500 épocas...
2025-11-28 01:47:29,391 - BiLSTMBRDWGD - INFO - [EXP] Época 1/500 - Loss: 96.039244
2025-11-28 01:48:07,684 - BiLSTMBRDWGD - INFO - [EXP] Época 50/500 - Loss: 71.283994
2025-11-28 01:48:46,767 - BiLSTMBRDWGD - INFO - [EXP] Época 100/500 - Loss: 33.573417
2025-11-28 01:49:25,846 - BiLSTMBRDWGD - INFO - [EXP] Época 150/500 - Loss: 17.705336
2025-11-28 01:50:04,924 - BiLSTMBRDWGD - INFO - [EXP] Época 200/500 - Loss: 10.336912
2025-11-28 01:50:43,995 - BiLSTMBRDWGD - INFO - [EXP] Época 250/500 - Loss: 6.295314
2025-11-28 01:51:23,059 - BiLSTMBRDWGD - INFO - [EXP] Época 300/500 - Loss: 4.806241
2025-11-28 01:52:02,127 - BiLSTMBRDWGD - INFO - [EXP] Época 350/500 - Loss: 5.289216
2025-11-28 01:52:41,193 - BiLSTMBRDWGD - INFO - [EXP] Época 400/500 - Loss: 3.380436
2025-11-28 01:53:20,272 - BiLSTMBRDWGD - INFO - [EXP] Época 450/500 - Loss: 3.723283
2025-11-28 01:53:59,351 - BiLSTMBRDWGD - INFO - [EXP] Época 500/500 - Loss: 3.136503
2025-11-28 01:53:59,351 - BiLSTMBRDWGD - INFO - Treinamento concluído em 6.51 minutos
2025-11-28 01:53:59,928 - BiLSTMBRDWGD - INFO - Calculando erro para o train
2025-11-28 01:53:59,928 - BiLSTMBRDWGD - INFO - RMSE: 1.1626
2025-11-28 01:53:59,928 - BiLSTMBRDWGD - INFO - MSE : 1.3517
2025-11-28 01:53:59,929 - BiLSTMBRDWGD - INFO - MAE : 0.4344
2025-11-28 01:53:59,929 - BiLSTMBRDWGD - INFO - CSI (thr=1.0 mm): 0.8262  [TP=1274, FP=31, FN=237]
2025-11-28 01:53:59,929 - BiLSTMBRDWGD - INFO - train_pred TRAIN mm min/max: 0.0, 150.27203369140625
2025-11-28 01:53:59,929 - BiLSTMBRDWGD - INFO - train_TRUE TRAIN mm min/max: 0.0, 154.39999389648438
2025-11-28 01:53:59,929 - BiLSTMBRDWGD - INFO -  Gerando gráficos TRAIN...
2025-11-28 01:54:00,235 - BiLSTMBRDWGD - INFO -  Gráficos gerados TRAIN ...
2025-11-28 01:54:00,235 - BiLSTMBRDWGD - INFO - Calculando erro para parte de teste
2025-11-28 01:54:00,236 - BiLSTMBRDWGD - INFO - RMSE: 13.7916
2025-11-28 01:54:00,236 - BiLSTMBRDWGD - INFO - MSE : 190.2091
2025-11-28 01:54:00,236 - BiLSTMBRDWGD - INFO - MAE : 5.7012
2025-11-28 01:54:00,236 - BiLSTMBRDWGD - INFO - CSI (thr=1.0 mm): 0.1000  [TP=1, FP=5, FN=4]
2025-11-28 01:54:00,236 - BiLSTMBRDWGD - INFO - y_pred mm min/max: 0.0, 12.93140697479248
2025-11-28 01:54:00,236 - BiLSTMBRDWGD - INFO - y_TRUE mm min/max: 0.0, 55.400001525878906
2025-11-28 01:54:00,236 - BiLSTMBRDWGD - INFO -  Gerando gráficos...
2025-11-28 01:54:00,477 - BiLSTMBRDWGD - INFO -  Gráficos gerados...
2025-11-28 01:54:00,477 - BiLSTMBRDWGD - INFO - ==========================================================================================
2025-11-28 01:54:00,477 - BiLSTMBRDWGD - INFO - Execução finalizada com sucesso.
2025-11-28 01:54:00,477 - BiLSTMBRDWGD - INFO - Dispositivo utilizado: cuda
2025-11-28 01:54:00,477 - BiLSTMBRDWGD - INFO - ==========================================================================================
2025-11-28 01:54:06,379 - LSTMBRDWGD - INFO - ==========================================================================================
2025-11-28 01:54:06,379 - LSTMBRDWGD - INFO - Iniciando script LSTM (PyTorch) BRDWGD com suporte a GPU e logs detalhados.
2025-11-28 01:54:06,379 - LSTMBRDWGD - INFO - ==========================================================================================
2025-11-28 01:54:06,379 - LSTMBRDWGD - INFO - Iniciando experimento: lookback=30, hidden_dim=256, layers=2, lr=0.001, drop=0.5
2025-11-28 01:54:06,388 - LSTMBRDWGD - INFO - Shape treino: torch.Size([5863, 30, 1]), teste: torch.Size([30, 30, 1])
2025-11-28 01:54:06,407 - LSTMBRDWGD - INFO - Treinando por 500 épocas...
2025-11-28 01:54:07,652 - LSTMBRDWGD - INFO - [EXP] Época 1/500 - Loss: 97.943806
2025-11-28 01:55:08,704 - LSTMBRDWGD - INFO - [EXP] Época 50/500 - Loss: 18.974830
2025-11-28 01:56:11,019 - LSTMBRDWGD - INFO - [EXP] Época 100/500 - Loss: 3.740850
2025-11-28 01:57:13,322 - LSTMBRDWGD - INFO - [EXP] Época 150/500 - Loss: 10.610061
2025-11-28 01:58:14,549 - LSTMBRDWGD - INFO - [EXP] Época 200/500 - Loss: 0.941071
2025-11-28 01:58:54,579 - LSTMBRDWGD - INFO - [EXP] Época 250/500 - Loss: 3.478967
2025-11-28 01:59:21,119 - LSTMBRDWGD - INFO - [EXP] Época 300/500 - Loss: 0.409619
2025-11-28 01:59:48,303 - LSTMBRDWGD - INFO - [EXP] Época 350/500 - Loss: 1.191763
2025-11-28 02:00:15,146 - LSTMBRDWGD - INFO - [EXP] Época 400/500 - Loss: 0.365993
2025-11-28 02:00:41,932 - LSTMBRDWGD - INFO - [EXP] Época 450/500 - Loss: 0.595614
2025-11-28 02:01:42,916 - LSTMBRDWGD - INFO - [EXP] Época 500/500 - Loss: 0.302260
2025-11-28 02:01:42,916 - LSTMBRDWGD - INFO - Treinamento concluído em 7.61 minutos
2025-11-28 02:01:43,462 - LSTMBRDWGD - INFO - Calculando erro para o train
2025-11-28 02:01:43,462 - LSTMBRDWGD - INFO - RMSE: 0.3309
2025-11-28 02:01:43,462 - LSTMBRDWGD - INFO - MSE : 0.1095
2025-11-28 02:01:43,462 - LSTMBRDWGD - INFO - MAE : 0.1280
2025-11-28 02:01:43,463 - LSTMBRDWGD - INFO - CSI (thr=1.0 mm): 0.9515  [TP=1452, FP=15, FN=59]
2025-11-28 02:01:43,463 - LSTMBRDWGD - INFO - train_pred TRAIN mm min/max: 0.0, 154.32742309570312
2025-11-28 02:01:43,463 - LSTMBRDWGD - INFO - train_TRUE TRAIN mm min/max: 0.0, 154.39999389648438
2025-11-28 02:01:43,463 - LSTMBRDWGD - INFO -  Gerando gráficos TRAIN...
2025-11-28 02:01:44,260 - LSTMBRDWGD - INFO -  Gráficos gerados TRAIN ...
2025-11-28 02:01:44,260 - LSTMBRDWGD - INFO - Calculando erro para parte de teste
2025-11-28 02:01:44,261 - LSTMBRDWGD - INFO - RMSE: 14.3621
2025-11-28 02:01:44,261 - LSTMBRDWGD - INFO - MSE : 206.2695
2025-11-28 02:01:44,261 - LSTMBRDWGD - INFO - MAE : 7.3061
2025-11-28 02:01:44,261 - LSTMBRDWGD - INFO - CSI (thr=1.0 mm): 0.1875  [TP=3, FP=11, FN=2]
2025-11-28 02:01:44,261 - LSTMBRDWGD - INFO - y_pred mm min/max: 0.0, 21.01856803894043
2025-11-28 02:01:44,261 - LSTMBRDWGD - INFO - y_TRUE mm min/max: 0.0, 55.400001525878906
2025-11-28 02:01:44,261 - LSTMBRDWGD - INFO -  Gerando gráficos...
2025-11-28 02:01:44,516 - LSTMBRDWGD - INFO -  Gráficos gerados...
2025-11-28 02:01:44,516 - LSTMBRDWGD - INFO - ==========================================================================================
2025-11-28 02:01:44,516 - LSTMBRDWGD - INFO - Execução finalizada com sucesso.
2025-11-28 02:01:44,516 - LSTMBRDWGD - INFO - Dispositivo utilizado: cuda
2025-11-28 02:01:44,516 - LSTMBRDWGD - INFO - ==========================================================================================
2025-11-28 02:01:50,011 - BiLSTMBRDWGD - INFO - ==========================================================================================
2025-11-28 02:01:50,011 - BiLSTMBRDWGD - INFO - Iniciando script LSTM (PyTorch) BRDWGD com suporte a GPU e logs detalhados.
2025-11-28 02:01:50,011 - BiLSTMBRDWGD - INFO - ==========================================================================================
2025-11-28 02:01:50,011 - BiLSTMBRDWGD - INFO - Iniciando experimento: lookback=30, hidden_dim=256, layers=2, lr=0.001, drop=0.5
2025-11-28 02:01:50,021 - BiLSTMBRDWGD - INFO - Shape treino: torch.Size([5863, 30, 1]), teste: torch.Size([30, 30, 1])
2025-11-28 02:01:50,055 - BiLSTMBRDWGD - INFO - Treinando por 500 épocas...
2025-11-28 02:01:51,722 - BiLSTMBRDWGD - INFO - [EXP] Época 1/500 - Loss: 95.467461
2025-11-28 02:03:12,873 - BiLSTMBRDWGD - INFO - [EXP] Época 50/500 - Loss: 52.324224
2025-11-28 02:04:35,636 - BiLSTMBRDWGD - INFO - [EXP] Época 100/500 - Loss: 17.483309
2025-11-28 02:06:03,212 - BiLSTMBRDWGD - INFO - [EXP] Época 150/500 - Loss: 15.164074
2025-11-28 02:07:30,823 - BiLSTMBRDWGD - INFO - [EXP] Época 200/500 - Loss: 5.116507
2025-11-28 02:08:58,082 - BiLSTMBRDWGD - INFO - [EXP] Época 250/500 - Loss: 2.919091
2025-11-28 02:10:25,584 - BiLSTMBRDWGD - INFO - [EXP] Época 300/500 - Loss: 4.861470
2025-11-28 02:11:49,098 - BiLSTMBRDWGD - INFO - [EXP] Época 350/500 - Loss: 5.977120
2025-11-28 02:13:14,746 - BiLSTMBRDWGD - INFO - [EXP] Época 400/500 - Loss: 2.189776
2025-11-28 02:14:42,759 - BiLSTMBRDWGD - INFO - [EXP] Época 450/500 - Loss: 1.707951
2025-11-28 02:16:10,634 - BiLSTMBRDWGD - INFO - [EXP] Época 500/500 - Loss: 1.639849
2025-11-28 02:16:10,634 - BiLSTMBRDWGD - INFO - Treinamento concluído em 14.34 minutos
2025-11-28 02:16:11,282 - BiLSTMBRDWGD - INFO - Calculando erro para o train
2025-11-28 02:16:11,283 - BiLSTMBRDWGD - INFO - RMSE: 0.7451
2025-11-28 02:16:11,283 - BiLSTMBRDWGD - INFO - MSE : 0.5552
2025-11-28 02:16:11,283 - BiLSTMBRDWGD - INFO - MAE : 0.3127
2025-11-28 02:16:11,283 - BiLSTMBRDWGD - INFO - CSI (thr=1.0 mm): 0.8932  [TP=1372, FP=25, FN=139]
2025-11-28 02:16:11,283 - BiLSTMBRDWGD - INFO - train_pred TRAIN mm min/max: 0.0, 146.7075958251953
2025-11-28 02:16:11,283 - BiLSTMBRDWGD - INFO - train_TRUE TRAIN mm min/max: 0.0, 154.39999389648438
2025-11-28 02:16:11,283 - BiLSTMBRDWGD - INFO -  Gerando gráficos TRAIN...
2025-11-28 02:16:11,628 - BiLSTMBRDWGD - INFO -  Gráficos gerados TRAIN ...
2025-11-28 02:16:11,628 - BiLSTMBRDWGD - INFO - Calculando erro para parte de teste
2025-11-28 02:16:11,629 - BiLSTMBRDWGD - INFO - RMSE: 11.3235
2025-11-28 02:16:11,629 - BiLSTMBRDWGD - INFO - MSE : 128.2213
2025-11-28 02:16:11,629 - BiLSTMBRDWGD - INFO - MAE : 5.1945
2025-11-28 02:16:11,629 - BiLSTMBRDWGD - INFO - CSI (thr=1.0 mm): 0.2500  [TP=3, FP=7, FN=2]
2025-11-28 02:16:11,629 - BiLSTMBRDWGD - INFO - y_pred mm min/max: 0.0, 25.629220962524414
2025-11-28 02:16:11,629 - BiLSTMBRDWGD - INFO - y_TRUE mm min/max: 0.0, 55.400001525878906
2025-11-28 02:16:11,629 - BiLSTMBRDWGD - INFO -  Gerando gráficos...
2025-11-28 02:16:11,886 - BiLSTMBRDWGD - INFO -  Gráficos gerados...
2025-11-28 02:16:11,886 - BiLSTMBRDWGD - INFO - ==========================================================================================
2025-11-28 02:16:11,886 - BiLSTMBRDWGD - INFO - Execução finalizada com sucesso.
2025-11-28 02:16:11,886 - BiLSTMBRDWGD - INFO - Dispositivo utilizado: cuda
2025-11-28 02:16:11,886 - BiLSTMBRDWGD - INFO - ==========================================================================================
2025-11-28 02:16:17,857 - ARIMA_BRDWGD - INFO - ==========================================================================================
2025-11-28 02:16:17,857 - ARIMA_BRDWGD - INFO - Iniciando script ARIMA BRDWGD.
2025-11-28 02:16:17,857 - ARIMA_BRDWGD - INFO - ==========================================================================================
2025-11-28 02:16:17,858 - ARIMA_BRDWGD - INFO - Tamanho treino: 5894 | teste: 30
2025-11-28 02:16:17,858 - ARIMA_BRDWGD - INFO - [FASE 4] Iniciando busca manual por hiperparâmetros (AIC).
2025-11-28 02:28:47,481 - ARIMA_BRDWGD - INFO - Melhor order encontrado: (30, 0, 2)
2025-11-28 02:28:47,482 - ARIMA_BRDWGD - INFO - Melhor AIC (treino): 43303.74
2025-11-28 02:28:47,482 - ARIMA_BRDWGD - INFO - Tempo da Fase 4: 749.62s
2025-11-28 02:28:47,482 - ARIMA_BRDWGD - INFO - [FASE 5] Reajustando melhor modelo no conjunto de treino.
2025-11-28 02:33:04,860 - ARIMA_BRDWGD - INFO - Melhor modelo ajustado no treino.
2025-11-28 02:33:04,861 - ARIMA_BRDWGD - INFO - Tempo da Fase 5: 257.38s
2025-11-28 02:33:04,861 - ARIMA_BRDWGD - INFO - [FASE 6] Gerando previsões no conjunto de teste e avaliando métricas.
2025-11-28 02:33:04,862 - ARIMA_BRDWGD - INFO - RMSE: 9.4766
2025-11-28 02:33:04,862 - ARIMA_BRDWGD - INFO - MSE : 89.8066
2025-11-28 02:33:04,862 - ARIMA_BRDWGD - INFO - MAE : 4.4990
2025-11-28 02:33:04,862 - ARIMA_BRDWGD - INFO - CSI (thr=1.0 mm): 0.2575  [TP=1505, FP=4319, FN=20]
2025-11-28 02:33:04,862 - ARIMA_BRDWGD - INFO - [TREINO] RMSE=9.4766 | MSE=89.8066 | MAE=4.4990 | CSI=0.2575
2025-11-28 02:33:04,866 - ARIMA_BRDWGD - INFO - RMSE: 13.2564
2025-11-28 02:33:04,866 - ARIMA_BRDWGD - INFO - MSE : 175.7328
2025-11-28 02:33:04,866 - ARIMA_BRDWGD - INFO - MAE : 7.3414
2025-11-28 02:33:04,866 - ARIMA_BRDWGD - INFO - CSI (thr=1.0 mm): 0.2000  [TP=6, FP=24, FN=0]
2025-11-28 02:33:04,866 - ARIMA_BRDWGD - INFO - Tempo total da Fase 6: 0.01s
2025-11-28 02:33:04,866 - ARIMA_BRDWGD - INFO - [FASE 7] Salvando gráfico de previsão vs. observado.
2025-11-28 02:33:05,496 - ARIMA_BRDWGD - INFO - Gráfico salvo como 'arimaBRDWGD_result.png'.
2025-11-28 02:33:05,496 - ARIMA_BRDWGD - INFO - ==========================================================================================
2025-11-28 02:33:05,496 - ARIMA_BRDWGD - INFO - Execução ARIMA BRDWGD finalizada com sucesso.
2025-11-28 02:33:05,496 - ARIMA_BRDWGD - INFO - Tempo total de execução: 1007.64s
2025-11-28 02:33:05,496 - ARIMA_BRDWGD - INFO - ==========================================================================================
2025-11-28 02:33:11,644 - RANDOM_FOREST_BRDWGD - INFO - ====================================================================================================
2025-11-28 02:33:11,644 - RANDOM_FOREST_BRDWGD - INFO - Iniciando Random Forest BRDWGD com GridSearchCV.
2025-11-28 02:33:11,644 - RANDOM_FOREST_BRDWGD - INFO - ====================================================================================================
2025-11-28 02:33:11,644 - RANDOM_FOREST_BRDWGD - INFO - [FASE 3] Split treino/teste e preparação.
2025-11-28 02:33:11,647 - RANDOM_FOREST_BRDWGD - INFO - [FASE 3] Treino: X=(5864, 30), y=5864 | Teste: X=(30, 30), y=30
2025-11-28 02:33:11,647 - RANDOM_FOREST_BRDWGD - INFO - [FASE 3] Tempo: 0.00s
2025-11-28 02:33:11,647 - RANDOM_FOREST_BRDWGD - INFO - [FASE 4] Iniciando GridSearchCV (TimeSeriesSplit).
2025-11-28 02:34:13,488 - RANDOM_FOREST_BRDWGD - INFO - [FASE 4] GridSearchCV concluído em 61.84s
2025-11-28 02:34:13,489 - RANDOM_FOREST_BRDWGD - INFO - [FASE 4] Melhores parâmetros: {'max_depth': None, 'max_features': 'sqrt', 'min_samples_leaf': 4, 'min_samples_split': 10, 'n_estimators': 200}
2025-11-28 02:34:13,489 - RANDOM_FOREST_BRDWGD - INFO - [FASE 4] Melhor score (neg_MSE): -98.818296
2025-11-28 02:34:13,489 - RANDOM_FOREST_BRDWGD - INFO - [FASE 4] Tempo: 61.84s
2025-11-28 02:34:13,489 - RANDOM_FOREST_BRDWGD - INFO - [FASE 5] Treinando best_estimator_ no conjunto de treino.
2025-11-28 02:34:13,744 - RANDOM_FOREST_BRDWGD - INFO - [FASE 5] Tempo: 0.25s
2025-11-28 02:34:13,744 - RANDOM_FOREST_BRDWGD - INFO - [FASE 6] Previsão e cálculo de métricas.
2025-11-28 02:34:13,778 - RANDOM_FOREST_BRDWGD - INFO - RMSE: 7.5402
2025-11-28 02:34:13,778 - RANDOM_FOREST_BRDWGD - INFO - MSE : 56.8553
2025-11-28 02:34:13,778 - RANDOM_FOREST_BRDWGD - INFO - MAE : 3.4162
2025-11-28 02:34:13,778 - RANDOM_FOREST_BRDWGD - INFO - CSI (thr=1.0 mm): 0.3223  [TP=1491, FP=3115, FN=20]
2025-11-28 02:34:13,778 - RANDOM_FOREST_BRDWGD - INFO - [TREINO] RMSE=7.5402 | MSE=56.8553 | MAE=3.4162 | CSI=0.3223
2025-11-28 02:34:13,801 - RANDOM_FOREST_BRDWGD - INFO - y_pred raw min/max: 1.993143407697288, 10.419484206937064
2025-11-28 02:34:13,801 - RANDOM_FOREST_BRDWGD - INFO - y_TRUE raw min/max: 0.0, 55.400001525878906
2025-11-28 02:34:13,802 - RANDOM_FOREST_BRDWGD - INFO - RMSE: 12.8944
2025-11-28 02:34:13,802 - RANDOM_FOREST_BRDWGD - INFO - MSE : 166.2649
2025-11-28 02:34:13,802 - RANDOM_FOREST_BRDWGD - INFO - MAE : 7.6742
2025-11-28 02:34:13,802 - RANDOM_FOREST_BRDWGD - INFO - CSI (thr=1.0 mm): 0.2000  [TP=6, FP=24, FN=0]
2025-11-28 02:34:13,802 - RANDOM_FOREST_BRDWGD - INFO - [FASE 7] Gerando gráficos.
2025-11-28 02:34:14,515 - RANDOM_FOREST_BRDWGD - INFO - Gráfico salvo como 'random_forest_BRDWGD.png'.
2025-11-28 02:34:14,515 - RANDOM_FOREST_BRDWGD - INFO - [FASE 7] Tempo: 0.71s
2025-11-28 02:34:14,515 - RANDOM_FOREST_BRDWGD - INFO - ====================================================================================================
2025-11-28 02:34:14,515 - RANDOM_FOREST_BRDWGD - INFO - Resumo Final
2025-11-28 02:34:14,515 - RANDOM_FOREST_BRDWGD - INFO - Melhores parâmetros: {'max_depth': None, 'max_features': 'sqrt', 'min_samples_leaf': 4, 'min_samples_split': 10, 'n_estimators': 200}
2025-11-28 02:34:14,515 - RANDOM_FOREST_BRDWGD - INFO - Tempo total de execução: 62.87s
2025-11-28 02:34:14,515 - RANDOM_FOREST_BRDWGD - INFO - ====================================================================================================
2025-11-28 02:34:20,109 - LSTMBRDWGD - INFO - ==========================================================================================
2025-11-28 02:34:20,109 - LSTMBRDWGD - INFO - Iniciando script LSTM (PyTorch) BRDWGD com suporte a GPU e logs detalhados.
2025-11-28 02:34:20,109 - LSTMBRDWGD - INFO - ==========================================================================================
2025-11-28 02:34:20,109 - LSTMBRDWGD - INFO - Iniciando experimento: lookback=30, hidden_dim=32, layers=2, lr=0.001, drop=0.5
2025-11-28 02:34:20,123 - LSTMBRDWGD - INFO - Shape treino: torch.Size([5863, 30, 1]), teste: torch.Size([30, 30, 1])
2025-11-28 02:34:20,146 - LSTMBRDWGD - INFO - Treinando por 500 épocas...
2025-11-28 02:34:20,616 - LSTMBRDWGD - INFO - [EXP] Época 1/500 - Loss: 98.985426
2025-11-28 02:34:43,389 - LSTMBRDWGD - INFO - [EXP] Época 50/500 - Loss: 87.827279
2025-11-28 02:35:06,629 - LSTMBRDWGD - INFO - [EXP] Época 100/500 - Loss: 63.728126
2025-11-28 02:35:29,868 - LSTMBRDWGD - INFO - [EXP] Época 150/500 - Loss: 42.367013
2025-11-28 02:35:53,105 - LSTMBRDWGD - INFO - [EXP] Época 200/500 - Loss: 20.832258
2025-11-28 02:36:16,364 - LSTMBRDWGD - INFO - [EXP] Época 250/500 - Loss: 14.141018
2025-11-28 02:36:39,602 - LSTMBRDWGD - INFO - [EXP] Época 300/500 - Loss: 11.147885
2025-11-28 02:37:02,837 - LSTMBRDWGD - INFO - [EXP] Época 350/500 - Loss: 9.507544
2025-11-28 02:37:26,074 - LSTMBRDWGD - INFO - [EXP] Época 400/500 - Loss: 8.235995
2025-11-28 02:37:49,313 - LSTMBRDWGD - INFO - [EXP] Época 450/500 - Loss: 6.826515
2025-11-28 02:38:12,556 - LSTMBRDWGD - INFO - [EXP] Época 500/500 - Loss: 27.918060
2025-11-28 02:38:12,556 - LSTMBRDWGD - INFO - Treinamento concluído em 3.87 minutos
2025-11-28 02:38:12,981 - LSTMBRDWGD - INFO - Calculando erro para o train
2025-11-28 02:38:12,982 - LSTMBRDWGD - INFO - RMSE: 4.8370
2025-11-28 02:38:12,982 - LSTMBRDWGD - INFO - MSE : 23.3962
2025-11-28 02:38:12,982 - LSTMBRDWGD - INFO - MAE : 2.3318
2025-11-28 02:38:12,982 - LSTMBRDWGD - INFO - CSI (thr=1.0 mm): 0.3442  [TP=1165, FP=1874, FN=346]
2025-11-28 02:38:12,982 - LSTMBRDWGD - INFO - train_pred TRAIN mm min/max: 0.0, 142.36605834960938
2025-11-28 02:38:12,982 - LSTMBRDWGD - INFO - train_TRUE TRAIN mm min/max: 0.0, 154.39999389648438
2025-11-28 02:38:12,982 - LSTMBRDWGD - INFO -  Gerando gráficos TRAIN...
2025-11-28 02:38:13,289 - LSTMBRDWGD - INFO -  Gráficos gerados TRAIN ...
2025-11-28 02:38:13,290 - LSTMBRDWGD - INFO - Calculando erro para parte de teste
2025-11-28 02:38:13,290 - LSTMBRDWGD - INFO - RMSE: 11.7233
2025-11-28 02:38:13,290 - LSTMBRDWGD - INFO - MSE : 137.4358
2025-11-28 02:38:13,290 - LSTMBRDWGD - INFO - MAE : 5.8139
2025-11-28 02:38:13,290 - LSTMBRDWGD - INFO - CSI (thr=1.0 mm): 0.2000  [TP=4, FP=15, FN=1]
2025-11-28 02:38:13,290 - LSTMBRDWGD - INFO - y_pred mm min/max: 0.0, 24.254947662353516
2025-11-28 02:38:13,290 - LSTMBRDWGD - INFO - y_TRUE mm min/max: 0.0, 55.400001525878906
2025-11-28 02:38:13,290 - LSTMBRDWGD - INFO -  Gerando gráficos...
2025-11-28 02:38:13,560 - LSTMBRDWGD - INFO -  Gráficos gerados...
2025-11-28 02:38:13,560 - LSTMBRDWGD - INFO - ==========================================================================================
2025-11-28 02:38:13,561 - LSTMBRDWGD - INFO - Execução finalizada com sucesso.
2025-11-28 02:38:13,561 - LSTMBRDWGD - INFO - Dispositivo utilizado: cuda
2025-11-28 02:38:13,561 - LSTMBRDWGD - INFO - ==========================================================================================
2025-11-28 02:38:19,141 - BiLSTMBRDWGD - INFO - ==========================================================================================
2025-11-28 02:38:19,141 - BiLSTMBRDWGD - INFO - Iniciando script LSTM (PyTorch) BRDWGD com suporte a GPU e logs detalhados.
2025-11-28 02:38:19,141 - BiLSTMBRDWGD - INFO - ==========================================================================================
2025-11-28 02:38:19,141 - BiLSTMBRDWGD - INFO - Iniciando experimento: lookback=30, hidden_dim=32, layers=2, lr=0.001, drop=0.5
2025-11-28 02:38:19,151 - BiLSTMBRDWGD - INFO - Shape treino: torch.Size([5863, 30, 1]), teste: torch.Size([30, 30, 1])
2025-11-28 02:38:19,192 - BiLSTMBRDWGD - INFO - Treinando por 500 épocas...
2025-11-28 02:38:19,685 - BiLSTMBRDWGD - INFO - [EXP] Época 1/500 - Loss: 98.087667
2025-11-28 02:38:43,841 - BiLSTMBRDWGD - INFO - [EXP] Época 50/500 - Loss: 86.406976
2025-11-28 02:39:08,544 - BiLSTMBRDWGD - INFO - [EXP] Época 100/500 - Loss: 64.596018
2025-11-28 02:39:33,444 - BiLSTMBRDWGD - INFO - [EXP] Época 150/500 - Loss: 43.752187
2025-11-28 02:39:57,970 - BiLSTMBRDWGD - INFO - [EXP] Época 200/500 - Loss: 38.807636
2025-11-28 02:40:22,490 - BiLSTMBRDWGD - INFO - [EXP] Época 250/500 - Loss: 30.972194
2025-11-28 02:40:47,081 - BiLSTMBRDWGD - INFO - [EXP] Época 300/500 - Loss: 27.957627
2025-11-28 02:41:11,857 - BiLSTMBRDWGD - INFO - [EXP] Época 350/500 - Loss: 25.395196
2025-11-28 02:41:36,567 - BiLSTMBRDWGD - INFO - [EXP] Época 400/500 - Loss: 23.836098
2025-11-28 02:42:01,227 - BiLSTMBRDWGD - INFO - [EXP] Época 450/500 - Loss: 22.011768
2025-11-28 02:42:25,829 - BiLSTMBRDWGD - INFO - [EXP] Época 500/500 - Loss: 20.167375
2025-11-28 02:42:25,830 - BiLSTMBRDWGD - INFO - Treinamento concluído em 4.11 minutos
2025-11-28 02:42:26,260 - BiLSTMBRDWGD - INFO - Calculando erro para o train
2025-11-28 02:42:26,261 - BiLSTMBRDWGD - INFO - RMSE: 3.9098
2025-11-28 02:42:26,261 - BiLSTMBRDWGD - INFO - MSE : 15.2867
2025-11-28 02:42:26,261 - BiLSTMBRDWGD - INFO - MAE : 1.6491
2025-11-28 02:42:26,261 - BiLSTMBRDWGD - INFO - CSI (thr=1.0 mm): 0.3845  [TP=1140, FP=1454, FN=371]
2025-11-28 02:42:26,261 - BiLSTMBRDWGD - INFO - train_pred TRAIN mm min/max: 0.0, 143.8054656982422
2025-11-28 02:42:26,261 - BiLSTMBRDWGD - INFO - train_TRUE TRAIN mm min/max: 0.0, 154.39999389648438
2025-11-28 02:42:26,261 - BiLSTMBRDWGD - INFO -  Gerando gráficos TRAIN...
2025-11-28 02:42:26,567 - BiLSTMBRDWGD - INFO -  Gráficos gerados TRAIN ...
2025-11-28 02:42:26,567 - BiLSTMBRDWGD - INFO - Calculando erro para parte de teste
2025-11-28 02:42:26,568 - BiLSTMBRDWGD - INFO - RMSE: 14.0558
2025-11-28 02:42:26,568 - BiLSTMBRDWGD - INFO - MSE : 197.5649
2025-11-28 02:42:26,568 - BiLSTMBRDWGD - INFO - MAE : 6.7110
2025-11-28 02:42:26,568 - BiLSTMBRDWGD - INFO - CSI (thr=1.0 mm): 0.2941  [TP=5, FP=12, FN=0]
2025-11-28 02:42:26,568 - BiLSTMBRDWGD - INFO - y_pred mm min/max: 0.0, 35.455108642578125
2025-11-28 02:42:26,568 - BiLSTMBRDWGD - INFO - y_TRUE mm min/max: 0.0, 55.400001525878906
2025-11-28 02:42:26,568 - BiLSTMBRDWGD - INFO -  Gerando gráficos...
2025-11-28 02:42:26,818 - BiLSTMBRDWGD - INFO -  Gráficos gerados...
2025-11-28 02:42:26,818 - BiLSTMBRDWGD - INFO - ==========================================================================================
2025-11-28 02:42:26,818 - BiLSTMBRDWGD - INFO - Execução finalizada com sucesso.
2025-11-28 02:42:26,818 - BiLSTMBRDWGD - INFO - Dispositivo utilizado: cuda
2025-11-28 02:42:26,818 - BiLSTMBRDWGD - INFO - ==========================================================================================
2025-11-28 02:42:32,728 - LSTMBRDWGD - INFO - ==========================================================================================
2025-11-28 02:42:32,728 - LSTMBRDWGD - INFO - Iniciando script LSTM (PyTorch) BRDWGD com suporte a GPU e logs detalhados.
2025-11-28 02:42:32,728 - LSTMBRDWGD - INFO - ==========================================================================================
2025-11-28 02:42:32,728 - LSTMBRDWGD - INFO - Iniciando experimento: lookback=30, hidden_dim=64, layers=2, lr=0.001, drop=0.5
2025-11-28 02:42:32,738 - LSTMBRDWGD - INFO - Shape treino: torch.Size([5863, 30, 1]), teste: torch.Size([30, 30, 1])
2025-11-28 02:42:32,761 - LSTMBRDWGD - INFO - Treinando por 500 épocas...
2025-11-28 02:42:33,244 - LSTMBRDWGD - INFO - [EXP] Época 1/500 - Loss: 97.424846
2025-11-28 02:42:56,919 - LSTMBRDWGD - INFO - [EXP] Época 50/500 - Loss: 55.660489
2025-11-28 02:43:21,072 - LSTMBRDWGD - INFO - [EXP] Época 100/500 - Loss: 17.021381
2025-11-28 02:43:45,226 - LSTMBRDWGD - INFO - [EXP] Época 150/500 - Loss: 7.956147
2025-11-28 02:44:09,383 - LSTMBRDWGD - INFO - [EXP] Época 200/500 - Loss: 20.567492
2025-11-28 02:44:33,537 - LSTMBRDWGD - INFO - [EXP] Época 250/500 - Loss: 3.204156
2025-11-28 02:44:57,695 - LSTMBRDWGD - INFO - [EXP] Época 300/500 - Loss: 3.994535
2025-11-28 02:45:21,853 - LSTMBRDWGD - INFO - [EXP] Época 350/500 - Loss: 1.152262
2025-11-28 02:45:46,009 - LSTMBRDWGD - INFO - [EXP] Época 400/500 - Loss: 4.577366
2025-11-28 02:46:10,161 - LSTMBRDWGD - INFO - [EXP] Época 450/500 - Loss: 1.028293
2025-11-28 02:46:34,316 - LSTMBRDWGD - INFO - [EXP] Época 500/500 - Loss: 2.333542
2025-11-28 02:46:34,316 - LSTMBRDWGD - INFO - Treinamento concluído em 4.03 minutos
2025-11-28 02:46:34,755 - LSTMBRDWGD - INFO - Calculando erro para o train
2025-11-28 02:46:34,756 - LSTMBRDWGD - INFO - RMSE: 1.0013
2025-11-28 02:46:34,756 - LSTMBRDWGD - INFO - MSE : 1.0026
2025-11-28 02:46:34,756 - LSTMBRDWGD - INFO - MAE : 0.3945
2025-11-28 02:46:34,756 - LSTMBRDWGD - INFO - CSI (thr=1.0 mm): 0.8219  [TP=1403, FP=196, FN=108]
2025-11-28 02:46:34,756 - LSTMBRDWGD - INFO - train_pred TRAIN mm min/max: 0.0, 154.11585998535156
2025-11-28 02:46:34,757 - LSTMBRDWGD - INFO - train_TRUE TRAIN mm min/max: 0.0, 154.39999389648438
2025-11-28 02:46:34,757 - LSTMBRDWGD - INFO -  Gerando gráficos TRAIN...
2025-11-28 02:46:35,112 - LSTMBRDWGD - INFO -  Gráficos gerados TRAIN ...
2025-11-28 02:46:35,112 - LSTMBRDWGD - INFO - Calculando erro para parte de teste
2025-11-28 02:46:35,113 - LSTMBRDWGD - INFO - RMSE: 14.8428
2025-11-28 02:46:35,113 - LSTMBRDWGD - INFO - MSE : 220.3080
2025-11-28 02:46:35,113 - LSTMBRDWGD - INFO - MAE : 7.3318
2025-11-28 02:46:35,113 - LSTMBRDWGD - INFO - CSI (thr=1.0 mm): 0.2667  [TP=4, FP=10, FN=1]
2025-11-28 02:46:35,113 - LSTMBRDWGD - INFO - y_pred mm min/max: 0.0, 23.01566505432129
2025-11-28 02:46:35,113 - LSTMBRDWGD - INFO - y_TRUE mm min/max: 0.0, 55.400001525878906
2025-11-28 02:46:35,113 - LSTMBRDWGD - INFO -  Gerando gráficos...
2025-11-28 02:46:35,346 - LSTMBRDWGD - INFO -  Gráficos gerados...
2025-11-28 02:46:35,346 - LSTMBRDWGD - INFO - ==========================================================================================
2025-11-28 02:46:35,346 - LSTMBRDWGD - INFO - Execução finalizada com sucesso.
2025-11-28 02:46:35,346 - LSTMBRDWGD - INFO - Dispositivo utilizado: cuda
2025-11-28 02:46:35,346 - LSTMBRDWGD - INFO - ==========================================================================================
2025-11-28 02:47:20,717 - BiLSTMBRDWGD - INFO - ==========================================================================================
2025-11-28 02:47:20,717 - BiLSTMBRDWGD - INFO - Iniciando script LSTM (PyTorch) BRDWGD com suporte a GPU e logs detalhados.
2025-11-28 02:47:20,717 - BiLSTMBRDWGD - INFO - ==========================================================================================
2025-11-28 02:47:20,717 - BiLSTMBRDWGD - INFO - Iniciando experimento: lookback=30, hidden_dim=64, layers=2, lr=0.001, drop=0.5
2025-11-28 02:47:20,734 - BiLSTMBRDWGD - INFO - Shape treino: torch.Size([5863, 30, 1]), teste: torch.Size([30, 30, 1])
2025-11-28 02:47:20,770 - BiLSTMBRDWGD - INFO - Treinando por 500 épocas...
2025-11-28 02:47:21,319 - BiLSTMBRDWGD - INFO - [EXP] Época 1/500 - Loss: 96.885053
2025-11-28 02:47:48,067 - BiLSTMBRDWGD - INFO - [EXP] Época 50/500 - Loss: 75.444259
2025-11-28 02:48:15,359 - BiLSTMBRDWGD - INFO - [EXP] Época 100/500 - Loss: 37.090535
2025-11-28 02:48:42,649 - BiLSTMBRDWGD - INFO - [EXP] Época 150/500 - Loss: 25.912723
2025-11-28 02:49:09,945 - BiLSTMBRDWGD - INFO - [EXP] Época 200/500 - Loss: 21.508654
2025-11-28 02:49:37,240 - BiLSTMBRDWGD - INFO - [EXP] Época 250/500 - Loss: 13.325411
2025-11-28 02:50:04,528 - BiLSTMBRDWGD - INFO - [EXP] Época 300/500 - Loss: 12.117709
2025-11-28 02:50:31,808 - BiLSTMBRDWGD - INFO - [EXP] Época 350/500 - Loss: 9.975359
2025-11-28 02:50:59,116 - BiLSTMBRDWGD - INFO - [EXP] Época 400/500 - Loss: 9.851019
2025-11-28 02:51:26,422 - BiLSTMBRDWGD - INFO - [EXP] Época 450/500 - Loss: 8.842558
2025-11-28 02:51:53,704 - BiLSTMBRDWGD - INFO - [EXP] Época 500/500 - Loss: 7.170159
2025-11-28 02:51:53,704 - BiLSTMBRDWGD - INFO - Treinamento concluído em 4.55 minutos
2025-11-28 02:51:54,138 - BiLSTMBRDWGD - INFO - Calculando erro para o train
2025-11-28 02:51:54,138 - BiLSTMBRDWGD - INFO - RMSE: 2.1218
2025-11-28 02:51:54,139 - BiLSTMBRDWGD - INFO - MSE : 4.5019
2025-11-28 02:51:54,139 - BiLSTMBRDWGD - INFO - MAE : 0.8691
2025-11-28 02:51:54,139 - BiLSTMBRDWGD - INFO - CSI (thr=1.0 mm): 0.5935  [TP=1089, FP=324, FN=422]
2025-11-28 02:51:54,139 - BiLSTMBRDWGD - INFO - train_pred TRAIN mm min/max: 0.0, 150.9841766357422
2025-11-28 02:51:54,139 - BiLSTMBRDWGD - INFO - train_TRUE TRAIN mm min/max: 0.0, 154.39999389648438
2025-11-28 02:51:54,139 - BiLSTMBRDWGD - INFO -  Gerando gráficos TRAIN...
2025-11-28 02:51:54,504 - BiLSTMBRDWGD - INFO -  Gráficos gerados TRAIN ...
2025-11-28 02:51:54,504 - BiLSTMBRDWGD - INFO - Calculando erro para parte de teste
2025-11-28 02:51:54,504 - BiLSTMBRDWGD - INFO - RMSE: 15.2199
2025-11-28 02:51:54,504 - BiLSTMBRDWGD - INFO - MSE : 231.6466
2025-11-28 02:51:54,504 - BiLSTMBRDWGD - INFO - MAE : 7.9401
2025-11-28 02:51:54,504 - BiLSTMBRDWGD - INFO - CSI (thr=1.0 mm): 0.1333  [TP=2, FP=10, FN=3]
2025-11-28 02:51:54,505 - BiLSTMBRDWGD - INFO - y_pred mm min/max: 0.0, 38.83526611328125
2025-11-28 02:51:54,505 - BiLSTMBRDWGD - INFO - y_TRUE mm min/max: 0.0, 55.400001525878906
2025-11-28 02:51:54,505 - BiLSTMBRDWGD - INFO -  Gerando gráficos...
2025-11-28 02:51:54,762 - BiLSTMBRDWGD - INFO -  Gráficos gerados...
2025-11-28 02:51:54,762 - BiLSTMBRDWGD - INFO - ==========================================================================================
2025-11-28 02:51:54,762 - BiLSTMBRDWGD - INFO - Execução finalizada com sucesso.
2025-11-28 02:51:54,762 - BiLSTMBRDWGD - INFO - Dispositivo utilizado: cuda
2025-11-28 02:51:54,762 - BiLSTMBRDWGD - INFO - ==========================================================================================
2025-11-28 02:52:40,485 - LSTMBRDWGD - INFO - ==========================================================================================
2025-11-28 02:52:40,485 - LSTMBRDWGD - INFO - Iniciando script LSTM (PyTorch) BRDWGD com suporte a GPU e logs detalhados.
2025-11-28 02:52:40,485 - LSTMBRDWGD - INFO - ==========================================================================================
2025-11-28 02:52:40,485 - LSTMBRDWGD - INFO - Iniciando experimento: lookback=30, hidden_dim=128, layers=2, lr=0.001, drop=0.5
2025-11-28 02:52:40,498 - LSTMBRDWGD - INFO - Shape treino: torch.Size([5863, 30, 1]), teste: torch.Size([30, 30, 1])
2025-11-28 02:52:40,514 - LSTMBRDWGD - INFO - Treinando por 500 épocas...
2025-11-28 02:52:41,112 - LSTMBRDWGD - INFO - [EXP] Época 1/500 - Loss: 96.995233
2025-11-28 02:53:10,554 - LSTMBRDWGD - INFO - [EXP] Época 50/500 - Loss: 31.711212
2025-11-28 02:53:40,599 - LSTMBRDWGD - INFO - [EXP] Época 100/500 - Loss: 10.562057
2025-11-28 02:54:10,646 - LSTMBRDWGD - INFO - [EXP] Época 150/500 - Loss: 12.725065
2025-11-28 02:54:40,799 - LSTMBRDWGD - INFO - [EXP] Época 200/500 - Loss: 1.309425
2025-11-28 02:55:10,776 - LSTMBRDWGD - INFO - [EXP] Época 250/500 - Loss: 2.269962
2025-11-28 02:55:40,762 - LSTMBRDWGD - INFO - [EXP] Época 300/500 - Loss: 1.388739
2025-11-28 02:56:10,737 - LSTMBRDWGD - INFO - [EXP] Época 350/500 - Loss: 0.897734
2025-11-28 02:56:40,723 - LSTMBRDWGD - INFO - [EXP] Época 400/500 - Loss: 1.057954
2025-11-28 02:57:10,709 - LSTMBRDWGD - INFO - [EXP] Época 450/500 - Loss: 1.530450
2025-11-28 02:57:40,684 - LSTMBRDWGD - INFO - [EXP] Época 500/500 - Loss: 0.929983
2025-11-28 02:57:40,684 - LSTMBRDWGD - INFO - Treinamento concluído em 5.00 minutos
2025-11-28 02:57:41,161 - LSTMBRDWGD - INFO - Calculando erro para o train
2025-11-28 02:57:41,162 - LSTMBRDWGD - INFO - RMSE: 0.7562
2025-11-28 02:57:41,162 - LSTMBRDWGD - INFO - MSE : 0.5718
2025-11-28 02:57:41,162 - LSTMBRDWGD - INFO - MAE : 0.2543
2025-11-28 02:57:41,162 - LSTMBRDWGD - INFO - CSI (thr=1.0 mm): 0.9141  [TP=1426, FP=49, FN=85]
2025-11-28 02:57:41,162 - LSTMBRDWGD - INFO - train_pred TRAIN mm min/max: 0.0, 153.79476928710938
2025-11-28 02:57:41,162 - LSTMBRDWGD - INFO - train_TRUE TRAIN mm min/max: 0.0, 154.39999389648438
2025-11-28 02:57:41,162 - LSTMBRDWGD - INFO -  Gerando gráficos TRAIN...
2025-11-28 02:57:41,484 - LSTMBRDWGD - INFO -  Gráficos gerados TRAIN ...
2025-11-28 02:57:41,484 - LSTMBRDWGD - INFO - Calculando erro para parte de teste
2025-11-28 02:57:41,485 - LSTMBRDWGD - INFO - RMSE: 10.8659
2025-11-28 02:57:41,485 - LSTMBRDWGD - INFO - MSE : 118.0686
2025-11-28 02:57:41,485 - LSTMBRDWGD - INFO - MAE : 5.7441
2025-11-28 02:57:41,485 - LSTMBRDWGD - INFO - CSI (thr=1.0 mm): 0.2941  [TP=5, FP=12, FN=0]
2025-11-28 02:57:41,485 - LSTMBRDWGD - INFO - y_pred mm min/max: 0.0, 30.37016487121582
2025-11-28 02:57:41,485 - LSTMBRDWGD - INFO - y_TRUE mm min/max: 0.0, 55.400001525878906
2025-11-28 02:57:41,485 - LSTMBRDWGD - INFO -  Gerando gráficos...
2025-11-28 02:57:41,758 - LSTMBRDWGD - INFO -  Gráficos gerados...
2025-11-28 02:57:41,758 - LSTMBRDWGD - INFO - ==========================================================================================
2025-11-28 02:57:41,758 - LSTMBRDWGD - INFO - Execução finalizada com sucesso.
2025-11-28 02:57:41,758 - LSTMBRDWGD - INFO - Dispositivo utilizado: cuda
2025-11-28 02:57:41,758 - LSTMBRDWGD - INFO - ==========================================================================================
2025-11-28 02:58:27,201 - BiLSTMBRDWGD - INFO - ==========================================================================================
2025-11-28 02:58:27,201 - BiLSTMBRDWGD - INFO - Iniciando script LSTM (PyTorch) BRDWGD com suporte a GPU e logs detalhados.
2025-11-28 02:58:27,202 - BiLSTMBRDWGD - INFO - ==========================================================================================
2025-11-28 02:58:27,202 - BiLSTMBRDWGD - INFO - Iniciando experimento: lookback=30, hidden_dim=128, layers=2, lr=0.001, drop=0.5
2025-11-28 02:58:27,215 - BiLSTMBRDWGD - INFO - Shape treino: torch.Size([5863, 30, 1]), teste: torch.Size([30, 30, 1])
2025-11-28 02:58:27,245 - BiLSTMBRDWGD - INFO - Treinando por 500 épocas...
2025-11-28 02:58:28,028 - BiLSTMBRDWGD - INFO - [EXP] Época 1/500 - Loss: 95.727730
2025-11-28 02:59:06,320 - BiLSTMBRDWGD - INFO - [EXP] Época 50/500 - Loss: 77.060507
2025-11-28 02:59:45,390 - BiLSTMBRDWGD - INFO - [EXP] Época 100/500 - Loss: 23.429077
2025-11-28 03:00:24,469 - BiLSTMBRDWGD - INFO - [EXP] Época 150/500 - Loss: 23.372533
2025-11-28 03:01:03,544 - BiLSTMBRDWGD - INFO - [EXP] Época 200/500 - Loss: 8.082599
2025-11-28 03:01:42,622 - BiLSTMBRDWGD - INFO - [EXP] Época 250/500 - Loss: 5.891879
2025-11-28 03:02:21,701 - BiLSTMBRDWGD - INFO - [EXP] Época 300/500 - Loss: 4.726989
2025-11-28 03:03:00,784 - BiLSTMBRDWGD - INFO - [EXP] Época 350/500 - Loss: 4.084660
2025-11-28 03:03:39,870 - BiLSTMBRDWGD - INFO - [EXP] Época 400/500 - Loss: 3.999838
2025-11-28 03:04:18,942 - BiLSTMBRDWGD - INFO - [EXP] Época 450/500 - Loss: 3.212689
2025-11-28 03:04:58,010 - BiLSTMBRDWGD - INFO - [EXP] Época 500/500 - Loss: 3.460422
2025-11-28 03:04:58,010 - BiLSTMBRDWGD - INFO - Treinamento concluído em 6.51 minutos
2025-11-28 03:04:58,575 - BiLSTMBRDWGD - INFO - Calculando erro para o train
2025-11-28 03:04:58,576 - BiLSTMBRDWGD - INFO - RMSE: 1.2217
2025-11-28 03:04:58,576 - BiLSTMBRDWGD - INFO - MSE : 1.4926
2025-11-28 03:04:58,576 - BiLSTMBRDWGD - INFO - MAE : 0.4609
2025-11-28 03:04:58,576 - BiLSTMBRDWGD - INFO - CSI (thr=1.0 mm): 0.8163  [TP=1275, FP=51, FN=236]
2025-11-28 03:04:58,576 - BiLSTMBRDWGD - INFO - train_pred TRAIN mm min/max: 0.0, 149.59246826171875
2025-11-28 03:04:58,577 - BiLSTMBRDWGD - INFO - train_TRUE TRAIN mm min/max: 0.0, 154.39999389648438
2025-11-28 03:04:58,577 - BiLSTMBRDWGD - INFO -  Gerando gráficos TRAIN...
2025-11-28 03:04:58,908 - BiLSTMBRDWGD - INFO -  Gráficos gerados TRAIN ...
2025-11-28 03:04:58,908 - BiLSTMBRDWGD - INFO - Calculando erro para parte de teste
2025-11-28 03:04:58,908 - BiLSTMBRDWGD - INFO - RMSE: 15.1249
2025-11-28 03:04:58,908 - BiLSTMBRDWGD - INFO - MSE : 228.7625
2025-11-28 03:04:58,908 - BiLSTMBRDWGD - INFO - MAE : 8.1212
2025-11-28 03:04:58,908 - BiLSTMBRDWGD - INFO - CSI (thr=1.0 mm): 0.1667  [TP=3, FP=13, FN=2]
2025-11-28 03:04:58,909 - BiLSTMBRDWGD - INFO - y_pred mm min/max: 0.0, 17.95734977722168
2025-11-28 03:04:58,909 - BiLSTMBRDWGD - INFO - y_TRUE mm min/max: 0.0, 55.400001525878906
2025-11-28 03:04:58,909 - BiLSTMBRDWGD - INFO -  Gerando gráficos...
2025-11-28 03:04:59,166 - BiLSTMBRDWGD - INFO -  Gráficos gerados...
2025-11-28 03:04:59,166 - BiLSTMBRDWGD - INFO - ==========================================================================================
2025-11-28 03:04:59,166 - BiLSTMBRDWGD - INFO - Execução finalizada com sucesso.
2025-11-28 03:04:59,166 - BiLSTMBRDWGD - INFO - Dispositivo utilizado: cuda
2025-11-28 03:04:59,166 - BiLSTMBRDWGD - INFO - ==========================================================================================
2025-11-28 03:05:28,987 - LSTMBRDWGD - INFO - ==========================================================================================
2025-11-28 03:05:28,988 - LSTMBRDWGD - INFO - Iniciando script LSTM (PyTorch) BRDWGD com suporte a GPU e logs detalhados.
2025-11-28 03:05:28,988 - LSTMBRDWGD - INFO - ==========================================================================================
2025-11-28 03:05:28,988 - LSTMBRDWGD - INFO - Iniciando experimento: lookback=30, hidden_dim=256, layers=2, lr=0.001, drop=0.5
2025-11-28 03:05:29,005 - LSTMBRDWGD - INFO - Shape treino: torch.Size([5863, 30, 1]), teste: torch.Size([30, 30, 1])
2025-11-28 03:05:29,023 - LSTMBRDWGD - INFO - Treinando por 500 épocas...
2025-11-28 03:05:30,269 - LSTMBRDWGD - INFO - [EXP] Época 1/500 - Loss: 96.768745
2025-11-28 03:06:31,352 - LSTMBRDWGD - INFO - [EXP] Época 50/500 - Loss: 25.175734
2025-11-28 03:07:33,667 - LSTMBRDWGD - INFO - [EXP] Época 100/500 - Loss: 3.732430
2025-11-28 03:08:35,990 - LSTMBRDWGD - INFO - [EXP] Época 150/500 - Loss: 1.810345
2025-11-28 03:09:38,316 - LSTMBRDWGD - INFO - [EXP] Época 200/500 - Loss: 3.461826
2025-11-28 03:10:40,635 - LSTMBRDWGD - INFO - [EXP] Época 250/500 - Loss: 1.277327
2025-11-28 03:11:42,956 - LSTMBRDWGD - INFO - [EXP] Época 300/500 - Loss: 0.551076
2025-11-28 03:12:45,346 - LSTMBRDWGD - INFO - [EXP] Época 350/500 - Loss: 0.543185
2025-11-28 03:13:47,670 - LSTMBRDWGD - INFO - [EXP] Época 400/500 - Loss: 0.443981
2025-11-28 03:14:49,999 - LSTMBRDWGD - INFO - [EXP] Época 450/500 - Loss: 0.309132
2025-11-28 03:15:52,327 - LSTMBRDWGD - INFO - [EXP] Época 500/500 - Loss: 0.774305
2025-11-28 03:15:52,327 - LSTMBRDWGD - INFO - Treinamento concluído em 10.39 minutos
2025-11-28 03:15:52,869 - LSTMBRDWGD - INFO - Calculando erro para o train
2025-11-28 03:15:52,870 - LSTMBRDWGD - INFO - RMSE: 0.6658
2025-11-28 03:15:52,870 - LSTMBRDWGD - INFO - MSE : 0.4433
2025-11-28 03:15:52,870 - LSTMBRDWGD - INFO - MAE : 0.1581
2025-11-28 03:15:52,870 - LSTMBRDWGD - INFO - CSI (thr=1.0 mm): 0.9419  [TP=1444, FP=22, FN=67]
2025-11-28 03:15:52,870 - LSTMBRDWGD - INFO - train_pred TRAIN mm min/max: 0.0, 153.92201232910156
2025-11-28 03:15:52,870 - LSTMBRDWGD - INFO - train_TRUE TRAIN mm min/max: 0.0, 154.39999389648438
2025-11-28 03:15:52,870 - LSTMBRDWGD - INFO -  Gerando gráficos TRAIN...
2025-11-28 03:15:53,210 - LSTMBRDWGD - INFO -  Gráficos gerados TRAIN ...
2025-11-28 03:15:53,210 - LSTMBRDWGD - INFO - Calculando erro para parte de teste
2025-11-28 03:15:53,211 - LSTMBRDWGD - INFO - RMSE: 12.7192
2025-11-28 03:15:53,211 - LSTMBRDWGD - INFO - MSE : 161.7792
2025-11-28 03:15:53,211 - LSTMBRDWGD - INFO - MAE : 5.4227
2025-11-28 03:15:53,211 - LSTMBRDWGD - INFO - CSI (thr=1.0 mm): 0.2143  [TP=3, FP=9, FN=2]
2025-11-28 03:15:53,211 - LSTMBRDWGD - INFO - y_pred mm min/max: 0.0, 50.95914840698242
2025-11-28 03:15:53,211 - LSTMBRDWGD - INFO - y_TRUE mm min/max: 0.0, 55.400001525878906
2025-11-28 03:15:53,211 - LSTMBRDWGD - INFO -  Gerando gráficos...
2025-11-28 03:15:53,466 - LSTMBRDWGD - INFO -  Gráficos gerados...
2025-11-28 03:15:53,466 - LSTMBRDWGD - INFO - ==========================================================================================
2025-11-28 03:15:53,466 - LSTMBRDWGD - INFO - Execução finalizada com sucesso.
2025-11-28 03:15:53,466 - LSTMBRDWGD - INFO - Dispositivo utilizado: cuda
2025-11-28 03:15:53,467 - LSTMBRDWGD - INFO - ==========================================================================================
2025-11-28 03:15:59,127 - BiLSTMBRDWGD - INFO - ==========================================================================================
2025-11-28 03:15:59,127 - BiLSTMBRDWGD - INFO - Iniciando script LSTM (PyTorch) BRDWGD com suporte a GPU e logs detalhados.
2025-11-28 03:15:59,127 - BiLSTMBRDWGD - INFO - ==========================================================================================
2025-11-28 03:15:59,127 - BiLSTMBRDWGD - INFO - Iniciando experimento: lookback=30, hidden_dim=256, layers=2, lr=0.001, drop=0.5
2025-11-28 03:15:59,138 - BiLSTMBRDWGD - INFO - Shape treino: torch.Size([5863, 30, 1]), teste: torch.Size([30, 30, 1])
2025-11-28 03:15:59,172 - BiLSTMBRDWGD - INFO - Treinando por 500 épocas...
2025-11-28 03:16:00,928 - BiLSTMBRDWGD - INFO - [EXP] Época 1/500 - Loss: 95.472646
2025-11-28 03:17:26,886 - BiLSTMBRDWGD - INFO - [EXP] Época 50/500 - Loss: 90.475186
2025-11-28 03:18:59,042 - BiLSTMBRDWGD - INFO - [EXP] Época 100/500 - Loss: 34.318333
2025-11-28 03:20:29,821 - BiLSTMBRDWGD - INFO - [EXP] Época 150/500 - Loss: 14.220177
2025-11-28 03:21:57,515 - BiLSTMBRDWGD - INFO - [EXP] Época 200/500 - Loss: 7.647148
2025-11-28 03:23:26,443 - BiLSTMBRDWGD - INFO - [EXP] Época 250/500 - Loss: 4.600963
2025-11-28 03:24:58,439 - BiLSTMBRDWGD - INFO - [EXP] Época 300/500 - Loss: 4.025740
2025-11-28 03:26:30,482 - BiLSTMBRDWGD - INFO - [EXP] Época 350/500 - Loss: 3.407926
2025-11-28 03:28:02,444 - BiLSTMBRDWGD - INFO - [EXP] Época 400/500 - Loss: 2.999459
2025-11-28 03:29:34,140 - BiLSTMBRDWGD - INFO - [EXP] Época 450/500 - Loss: 2.580294
2025-11-28 03:31:06,074 - BiLSTMBRDWGD - INFO - [EXP] Época 500/500 - Loss: 2.483702
2025-11-28 03:31:06,075 - BiLSTMBRDWGD - INFO - Treinamento concluído em 15.12 minutos
2025-11-28 03:31:06,727 - BiLSTMBRDWGD - INFO - Calculando erro para o train
2025-11-28 03:31:06,727 - BiLSTMBRDWGD - INFO - RMSE: 1.0295
2025-11-28 03:31:06,727 - BiLSTMBRDWGD - INFO - MSE : 1.0599
2025-11-28 03:31:06,727 - BiLSTMBRDWGD - INFO - MAE : 0.3583
2025-11-28 03:31:06,727 - BiLSTMBRDWGD - INFO - CSI (thr=1.0 mm): 0.8738  [TP=1350, FP=34, FN=161]
2025-11-28 03:31:06,727 - BiLSTMBRDWGD - INFO - train_pred TRAIN mm min/max: 0.0, 150.5329132080078
2025-11-28 03:31:06,727 - BiLSTMBRDWGD - INFO - train_TRUE TRAIN mm min/max: 0.0, 154.39999389648438
2025-11-28 03:31:06,727 - BiLSTMBRDWGD - INFO -  Gerando gráficos TRAIN...
2025-11-28 03:31:07,076 - BiLSTMBRDWGD - INFO -  Gráficos gerados TRAIN ...
2025-11-28 03:31:07,076 - BiLSTMBRDWGD - INFO - Calculando erro para parte de teste
2025-11-28 03:31:07,077 - BiLSTMBRDWGD - INFO - RMSE: 15.2043
2025-11-28 03:31:07,077 - BiLSTMBRDWGD - INFO - MSE : 231.1720
2025-11-28 03:31:07,077 - BiLSTMBRDWGD - INFO - MAE : 8.4633
2025-11-28 03:31:07,077 - BiLSTMBRDWGD - INFO - CSI (thr=1.0 mm): 0.1176  [TP=2, FP=12, FN=3]
2025-11-28 03:31:07,077 - BiLSTMBRDWGD - INFO - y_pred mm min/max: 0.0, 30.127389907836914
2025-11-28 03:31:07,077 - BiLSTMBRDWGD - INFO - y_TRUE mm min/max: 0.0, 55.400001525878906
2025-11-28 03:31:07,077 - BiLSTMBRDWGD - INFO -  Gerando gráficos...
2025-11-28 03:31:07,334 - BiLSTMBRDWGD - INFO -  Gráficos gerados...
2025-11-28 03:31:07,334 - BiLSTMBRDWGD - INFO - ==========================================================================================
2025-11-28 03:31:07,334 - BiLSTMBRDWGD - INFO - Execução finalizada com sucesso.
2025-11-28 03:31:07,334 - BiLSTMBRDWGD - INFO - Dispositivo utilizado: cuda
2025-11-28 03:31:07,334 - BiLSTMBRDWGD - INFO - ==========================================================================================
2025-11-28 03:31:13,304 - ARIMA_BRDWGD - INFO - ==========================================================================================
2025-11-28 03:31:13,304 - ARIMA_BRDWGD - INFO - Iniciando script ARIMA BRDWGD.
2025-11-28 03:31:13,304 - ARIMA_BRDWGD - INFO - ==========================================================================================
2025-11-28 03:31:13,305 - ARIMA_BRDWGD - INFO - Tamanho treino: 5894 | teste: 30
2025-11-28 03:31:13,305 - ARIMA_BRDWGD - INFO - [FASE 4] Iniciando busca manual por hiperparâmetros (AIC).
2025-11-28 03:43:46,117 - ARIMA_BRDWGD - INFO - Melhor order encontrado: (30, 0, 2)
2025-11-28 03:43:46,118 - ARIMA_BRDWGD - INFO - Melhor AIC (treino): 43303.74
2025-11-28 03:43:46,118 - ARIMA_BRDWGD - INFO - Tempo da Fase 4: 752.81s
2025-11-28 03:43:46,118 - ARIMA_BRDWGD - INFO - [FASE 5] Reajustando melhor modelo no conjunto de treino.
2025-11-28 03:48:02,056 - ARIMA_BRDWGD - INFO - Melhor modelo ajustado no treino.
2025-11-28 03:48:02,057 - ARIMA_BRDWGD - INFO - Tempo da Fase 5: 255.94s
2025-11-28 03:48:02,057 - ARIMA_BRDWGD - INFO - [FASE 6] Gerando previsões no conjunto de teste e avaliando métricas.
2025-11-28 03:48:02,058 - ARIMA_BRDWGD - INFO - RMSE: 9.4766
2025-11-28 03:48:02,058 - ARIMA_BRDWGD - INFO - MSE : 89.8066
2025-11-28 03:48:02,058 - ARIMA_BRDWGD - INFO - MAE : 4.4990
2025-11-28 03:48:02,058 - ARIMA_BRDWGD - INFO - CSI (thr=1.0 mm): 0.2575  [TP=1505, FP=4319, FN=20]
2025-11-28 03:48:02,058 - ARIMA_BRDWGD - INFO - [TREINO] RMSE=9.4766 | MSE=89.8066 | MAE=4.4990 | CSI=0.2575
2025-11-28 03:48:02,062 - ARIMA_BRDWGD - INFO - RMSE: 13.2564
2025-11-28 03:48:02,062 - ARIMA_BRDWGD - INFO - MSE : 175.7328
2025-11-28 03:48:02,062 - ARIMA_BRDWGD - INFO - MAE : 7.3414
2025-11-28 03:48:02,062 - ARIMA_BRDWGD - INFO - CSI (thr=1.0 mm): 0.2000  [TP=6, FP=24, FN=0]
2025-11-28 03:48:02,062 - ARIMA_BRDWGD - INFO - Tempo total da Fase 6: 0.01s
2025-11-28 03:48:02,062 - ARIMA_BRDWGD - INFO - [FASE 7] Salvando gráfico de previsão vs. observado.
2025-11-28 03:48:02,669 - ARIMA_BRDWGD - INFO - Gráfico salvo como 'arimaBRDWGD_result.png'.
2025-11-28 03:48:02,669 - ARIMA_BRDWGD - INFO - ==========================================================================================
2025-11-28 03:48:02,669 - ARIMA_BRDWGD - INFO - Execução ARIMA BRDWGD finalizada com sucesso.
2025-11-28 03:48:02,669 - ARIMA_BRDWGD - INFO - Tempo total de execução: 1009.36s
2025-11-28 03:48:02,669 - ARIMA_BRDWGD - INFO - ==========================================================================================
2025-11-28 03:48:08,323 - RANDOM_FOREST_BRDWGD - INFO - ====================================================================================================
2025-11-28 03:48:08,324 - RANDOM_FOREST_BRDWGD - INFO - Iniciando Random Forest BRDWGD com GridSearchCV.
2025-11-28 03:48:08,324 - RANDOM_FOREST_BRDWGD - INFO - ====================================================================================================
2025-11-28 03:48:08,324 - RANDOM_FOREST_BRDWGD - INFO - [FASE 3] Split treino/teste e preparação.
2025-11-28 03:48:08,327 - RANDOM_FOREST_BRDWGD - INFO - [FASE 3] Treino: X=(5864, 30), y=5864 | Teste: X=(30, 30), y=30
2025-11-28 03:48:08,327 - RANDOM_FOREST_BRDWGD - INFO - [FASE 3] Tempo: 0.00s
2025-11-28 03:48:08,327 - RANDOM_FOREST_BRDWGD - INFO - [FASE 4] Iniciando GridSearchCV (TimeSeriesSplit).
2025-11-28 03:49:12,514 - RANDOM_FOREST_BRDWGD - INFO - [FASE 4] GridSearchCV concluído em 64.19s
2025-11-28 03:49:12,514 - RANDOM_FOREST_BRDWGD - INFO - [FASE 4] Melhores parâmetros: {'max_depth': None, 'max_features': 'sqrt', 'min_samples_leaf': 4, 'min_samples_split': 10, 'n_estimators': 200}
2025-11-28 03:49:12,514 - RANDOM_FOREST_BRDWGD - INFO - [FASE 4] Melhor score (neg_MSE): -98.818296
2025-11-28 03:49:12,514 - RANDOM_FOREST_BRDWGD - INFO - [FASE 4] Tempo: 64.19s
2025-11-28 03:49:12,514 - RANDOM_FOREST_BRDWGD - INFO - [FASE 5] Treinando best_estimator_ no conjunto de treino.
2025-11-28 03:49:12,771 - RANDOM_FOREST_BRDWGD - INFO - [FASE 5] Tempo: 0.26s
2025-11-28 03:49:12,771 - RANDOM_FOREST_BRDWGD - INFO - [FASE 6] Previsão e cálculo de métricas.
2025-11-28 03:49:12,805 - RANDOM_FOREST_BRDWGD - INFO - RMSE: 7.5402
2025-11-28 03:49:12,805 - RANDOM_FOREST_BRDWGD - INFO - MSE : 56.8553
2025-11-28 03:49:12,805 - RANDOM_FOREST_BRDWGD - INFO - MAE : 3.4162
2025-11-28 03:49:12,806 - RANDOM_FOREST_BRDWGD - INFO - CSI (thr=1.0 mm): 0.3223  [TP=1491, FP=3115, FN=20]
2025-11-28 03:49:12,806 - RANDOM_FOREST_BRDWGD - INFO - [TREINO] RMSE=7.5402 | MSE=56.8553 | MAE=3.4162 | CSI=0.3223
2025-11-28 03:49:12,829 - RANDOM_FOREST_BRDWGD - INFO - y_pred raw min/max: 1.993143407697288, 10.419484206937064
2025-11-28 03:49:12,829 - RANDOM_FOREST_BRDWGD - INFO - y_TRUE raw min/max: 0.0, 55.400001525878906
2025-11-28 03:49:12,830 - RANDOM_FOREST_BRDWGD - INFO - RMSE: 12.8944
2025-11-28 03:49:12,830 - RANDOM_FOREST_BRDWGD - INFO - MSE : 166.2649
2025-11-28 03:49:12,830 - RANDOM_FOREST_BRDWGD - INFO - MAE : 7.6742
2025-11-28 03:49:12,830 - RANDOM_FOREST_BRDWGD - INFO - CSI (thr=1.0 mm): 0.2000  [TP=6, FP=24, FN=0]
2025-11-28 03:49:12,830 - RANDOM_FOREST_BRDWGD - INFO - [FASE 7] Gerando gráficos.
2025-11-28 03:49:13,420 - RANDOM_FOREST_BRDWGD - INFO - Gráfico salvo como 'random_forest_BRDWGD.png'.
2025-11-28 03:49:13,420 - RANDOM_FOREST_BRDWGD - INFO - [FASE 7] Tempo: 0.59s
2025-11-28 03:49:13,420 - RANDOM_FOREST_BRDWGD - INFO - ====================================================================================================
2025-11-28 03:49:13,421 - RANDOM_FOREST_BRDWGD - INFO - Resumo Final
2025-11-28 03:49:13,421 - RANDOM_FOREST_BRDWGD - INFO - Melhores parâmetros: {'max_depth': None, 'max_features': 'sqrt', 'min_samples_leaf': 4, 'min_samples_split': 10, 'n_estimators': 200}
2025-11-28 03:49:13,421 - RANDOM_FOREST_BRDWGD - INFO - Tempo total de execução: 65.10s
2025-11-28 03:49:13,421 - RANDOM_FOREST_BRDWGD - INFO - ====================================================================================================
2025-11-28 03:49:19,010 - LSTMBRDWGD - INFO - ==========================================================================================
2025-11-28 03:49:19,010 - LSTMBRDWGD - INFO - Iniciando script LSTM (PyTorch) BRDWGD com suporte a GPU e logs detalhados.
2025-11-28 03:49:19,010 - LSTMBRDWGD - INFO - ==========================================================================================
2025-11-28 03:49:19,010 - LSTMBRDWGD - INFO - Iniciando experimento: lookback=30, hidden_dim=32, layers=2, lr=0.001, drop=0.5
2025-11-28 03:49:19,022 - LSTMBRDWGD - INFO - Shape treino: torch.Size([5863, 30, 1]), teste: torch.Size([30, 30, 1])
2025-11-28 03:49:19,045 - LSTMBRDWGD - INFO - Treinando por 500 épocas...
2025-11-28 03:49:19,513 - LSTMBRDWGD - INFO - [EXP] Época 1/500 - Loss: 98.876791
2025-11-28 03:49:42,279 - LSTMBRDWGD - INFO - [EXP] Época 50/500 - Loss: 87.582073
2025-11-28 03:50:05,514 - LSTMBRDWGD - INFO - [EXP] Época 100/500 - Loss: 55.360611
2025-11-28 03:50:28,746 - LSTMBRDWGD - INFO - [EXP] Época 150/500 - Loss: 33.351070
2025-11-28 03:50:51,984 - LSTMBRDWGD - INFO - [EXP] Época 200/500 - Loss: 19.826673
2025-11-28 03:51:15,214 - LSTMBRDWGD - INFO - [EXP] Época 250/500 - Loss: 18.422138
2025-11-28 03:51:38,445 - LSTMBRDWGD - INFO - [EXP] Época 300/500 - Loss: 16.323601
2025-11-28 03:52:01,684 - LSTMBRDWGD - INFO - [EXP] Época 350/500 - Loss: 9.003264
2025-11-28 03:52:24,926 - LSTMBRDWGD - INFO - [EXP] Época 400/500 - Loss: 31.947015
2025-11-28 03:52:48,300 - LSTMBRDWGD - INFO - [EXP] Época 450/500 - Loss: 12.423455
2025-11-28 03:53:11,562 - LSTMBRDWGD - INFO - [EXP] Época 500/500 - Loss: 5.772978
2025-11-28 03:53:11,562 - LSTMBRDWGD - INFO - Treinamento concluído em 3.88 minutos
2025-11-28 03:53:11,956 - LSTMBRDWGD - INFO - Calculando erro para o train
2025-11-28 03:53:11,956 - LSTMBRDWGD - INFO - RMSE: 2.0814
2025-11-28 03:53:11,956 - LSTMBRDWGD - INFO - MSE : 4.3322
2025-11-28 03:53:11,956 - LSTMBRDWGD - INFO - MAE : 0.9863
2025-11-28 03:53:11,956 - LSTMBRDWGD - INFO - CSI (thr=1.0 mm): 0.5129  [TP=1309, FP=1041, FN=202]
2025-11-28 03:53:11,957 - LSTMBRDWGD - INFO - train_pred TRAIN mm min/max: 0.0, 151.83572387695312
2025-11-28 03:53:11,957 - LSTMBRDWGD - INFO - train_TRUE TRAIN mm min/max: 0.0, 154.39999389648438
2025-11-28 03:53:11,957 - LSTMBRDWGD - INFO -  Gerando gráficos TRAIN...
2025-11-28 03:53:12,297 - LSTMBRDWGD - INFO -  Gráficos gerados TRAIN ...
2025-11-28 03:53:12,297 - LSTMBRDWGD - INFO - Calculando erro para parte de teste
2025-11-28 03:53:12,298 - LSTMBRDWGD - INFO - RMSE: 13.0988
2025-11-28 03:53:12,298 - LSTMBRDWGD - INFO - MSE : 171.5776
2025-11-28 03:53:12,298 - LSTMBRDWGD - INFO - MAE : 6.7143
2025-11-28 03:53:12,298 - LSTMBRDWGD - INFO - CSI (thr=1.0 mm): 0.1667  [TP=3, FP=13, FN=2]
2025-11-28 03:53:12,298 - LSTMBRDWGD - INFO - y_pred mm min/max: 0.0, 28.596473693847656
2025-11-28 03:53:12,298 - LSTMBRDWGD - INFO - y_TRUE mm min/max: 0.0, 55.400001525878906
2025-11-28 03:53:12,298 - LSTMBRDWGD - INFO -  Gerando gráficos...
2025-11-28 03:53:12,554 - LSTMBRDWGD - INFO -  Gráficos gerados...
2025-11-28 03:53:12,554 - LSTMBRDWGD - INFO - ==========================================================================================
2025-11-28 03:53:12,554 - LSTMBRDWGD - INFO - Execução finalizada com sucesso.
2025-11-28 03:53:12,554 - LSTMBRDWGD - INFO - Dispositivo utilizado: cuda
2025-11-28 03:53:12,554 - LSTMBRDWGD - INFO - ==========================================================================================
2025-11-28 03:53:18,232 - BiLSTMBRDWGD - INFO - ==========================================================================================
2025-11-28 03:53:18,232 - BiLSTMBRDWGD - INFO - Iniciando script LSTM (PyTorch) BRDWGD com suporte a GPU e logs detalhados.
2025-11-28 03:53:18,232 - BiLSTMBRDWGD - INFO - ==========================================================================================
2025-11-28 03:53:18,232 - BiLSTMBRDWGD - INFO - Iniciando experimento: lookback=30, hidden_dim=32, layers=2, lr=0.001, drop=0.5
2025-11-28 03:53:18,237 - BiLSTMBRDWGD - INFO - Shape treino: torch.Size([5863, 30, 1]), teste: torch.Size([30, 30, 1])
2025-11-28 03:53:18,240 - BiLSTMBRDWGD - INFO - Treinando por 500 épocas...
2025-11-28 03:53:18,735 - BiLSTMBRDWGD - INFO - [EXP] Época 1/500 - Loss: 98.692979
2025-11-28 03:53:42,862 - BiLSTMBRDWGD - INFO - [EXP] Época 50/500 - Loss: 87.399106
2025-11-28 03:54:07,406 - BiLSTMBRDWGD - INFO - [EXP] Época 100/500 - Loss: 68.653818
2025-11-28 03:54:32,407 - BiLSTMBRDWGD - INFO - [EXP] Época 150/500 - Loss: 50.010901
2025-11-28 03:54:57,034 - BiLSTMBRDWGD - INFO - [EXP] Época 200/500 - Loss: 44.841005
2025-11-28 03:55:21,661 - BiLSTMBRDWGD - INFO - [EXP] Época 250/500 - Loss: 32.561565
2025-11-28 03:55:46,292 - BiLSTMBRDWGD - INFO - [EXP] Época 300/500 - Loss: 30.386730
2025-11-28 03:56:10,909 - BiLSTMBRDWGD - INFO - [EXP] Época 350/500 - Loss: 30.924357
2025-11-28 03:56:35,528 - BiLSTMBRDWGD - INFO - [EXP] Época 400/500 - Loss: 34.249153
2025-11-28 03:57:00,176 - BiLSTMBRDWGD - INFO - [EXP] Época 450/500 - Loss: 25.086598
2025-11-28 03:57:24,824 - BiLSTMBRDWGD - INFO - [EXP] Época 500/500 - Loss: 26.535902
2025-11-28 03:57:24,825 - BiLSTMBRDWGD - INFO - Treinamento concluído em 4.11 minutos
2025-11-28 03:57:25,254 - BiLSTMBRDWGD - INFO - Calculando erro para o train
2025-11-28 03:57:25,255 - BiLSTMBRDWGD - INFO - RMSE: 4.5189
2025-11-28 03:57:25,255 - BiLSTMBRDWGD - INFO - MSE : 20.4203
2025-11-28 03:57:25,255 - BiLSTMBRDWGD - INFO - MAE : 1.9197
2025-11-28 03:57:25,255 - BiLSTMBRDWGD - INFO - CSI (thr=1.0 mm): 0.3571  [TP=1139, FP=1679, FN=372]
2025-11-28 03:57:25,255 - BiLSTMBRDWGD - INFO - train_pred TRAIN mm min/max: 0.0, 142.76710510253906
2025-11-28 03:57:25,255 - BiLSTMBRDWGD - INFO - train_TRUE TRAIN mm min/max: 0.0, 154.39999389648438
2025-11-28 03:57:25,255 - BiLSTMBRDWGD - INFO -  Gerando gráficos TRAIN...
2025-11-28 03:57:25,554 - BiLSTMBRDWGD - INFO -  Gráficos gerados TRAIN ...
2025-11-28 03:57:25,554 - BiLSTMBRDWGD - INFO - Calculando erro para parte de teste
2025-11-28 03:57:25,555 - BiLSTMBRDWGD - INFO - RMSE: 11.3890
2025-11-28 03:57:25,555 - BiLSTMBRDWGD - INFO - MSE : 129.7100
2025-11-28 03:57:25,555 - BiLSTMBRDWGD - INFO - MAE : 5.0581
2025-11-28 03:57:25,555 - BiLSTMBRDWGD - INFO - CSI (thr=1.0 mm): 0.2500  [TP=3, FP=7, FN=2]
2025-11-28 03:57:25,555 - BiLSTMBRDWGD - INFO - y_pred mm min/max: 0.0, 28.300312042236328
2025-11-28 03:57:25,555 - BiLSTMBRDWGD - INFO - y_TRUE mm min/max: 0.0, 55.400001525878906
2025-11-28 03:57:25,555 - BiLSTMBRDWGD - INFO -  Gerando gráficos...
2025-11-28 03:57:25,797 - BiLSTMBRDWGD - INFO -  Gráficos gerados...
2025-11-28 03:57:25,797 - BiLSTMBRDWGD - INFO - ==========================================================================================
2025-11-28 03:57:25,797 - BiLSTMBRDWGD - INFO - Execução finalizada com sucesso.
2025-11-28 03:57:25,798 - BiLSTMBRDWGD - INFO - Dispositivo utilizado: cuda
2025-11-28 03:57:25,798 - BiLSTMBRDWGD - INFO - ==========================================================================================
2025-11-28 03:57:31,720 - LSTMBRDWGD - INFO - ==========================================================================================
2025-11-28 03:57:31,720 - LSTMBRDWGD - INFO - Iniciando script LSTM (PyTorch) BRDWGD com suporte a GPU e logs detalhados.
2025-11-28 03:57:31,720 - LSTMBRDWGD - INFO - ==========================================================================================
2025-11-28 03:57:31,720 - LSTMBRDWGD - INFO - Iniciando experimento: lookback=30, hidden_dim=64, layers=2, lr=0.001, drop=0.5
2025-11-28 03:57:31,729 - LSTMBRDWGD - INFO - Shape treino: torch.Size([5863, 30, 1]), teste: torch.Size([30, 30, 1])
2025-11-28 03:57:31,752 - LSTMBRDWGD - INFO - Treinando por 500 épocas...
2025-11-28 03:57:32,237 - LSTMBRDWGD - INFO - [EXP] Época 1/500 - Loss: 97.974286
2025-11-28 03:57:55,881 - LSTMBRDWGD - INFO - [EXP] Época 50/500 - Loss: 56.716152
2025-11-28 03:58:20,021 - LSTMBRDWGD - INFO - [EXP] Época 100/500 - Loss: 19.051952
2025-11-28 03:58:44,128 - LSTMBRDWGD - INFO - [EXP] Época 150/500 - Loss: 6.609440
2025-11-28 03:59:08,230 - LSTMBRDWGD - INFO - [EXP] Época 200/500 - Loss: 2.945490
2025-11-28 03:59:32,357 - LSTMBRDWGD - INFO - [EXP] Época 250/500 - Loss: 2.961089
2025-11-28 03:59:56,500 - LSTMBRDWGD - INFO - [EXP] Época 300/500 - Loss: 1.813718
2025-11-28 04:00:20,639 - LSTMBRDWGD - INFO - [EXP] Época 350/500 - Loss: 1.613614
2025-11-28 04:00:44,773 - LSTMBRDWGD - INFO - [EXP] Época 400/500 - Loss: 1.180577
2025-11-28 04:01:08,920 - LSTMBRDWGD - INFO - [EXP] Época 450/500 - Loss: 0.988950
2025-11-28 04:01:33,060 - LSTMBRDWGD - INFO - [EXP] Época 500/500 - Loss: 7.492215
2025-11-28 04:01:33,060 - LSTMBRDWGD - INFO - Treinamento concluído em 4.02 minutos
2025-11-28 04:01:33,500 - LSTMBRDWGD - INFO - Calculando erro para o train
2025-11-28 04:01:33,501 - LSTMBRDWGD - INFO - RMSE: 1.7039
2025-11-28 04:01:33,501 - LSTMBRDWGD - INFO - MSE : 2.9032
2025-11-28 04:01:33,501 - LSTMBRDWGD - INFO - MAE : 0.7373
2025-11-28 04:01:33,501 - LSTMBRDWGD - INFO - CSI (thr=1.0 mm): 0.6106  [TP=1311, FP=636, FN=200]
2025-11-28 04:01:33,501 - LSTMBRDWGD - INFO - train_pred TRAIN mm min/max: 0.0, 151.95384216308594
2025-11-28 04:01:33,501 - LSTMBRDWGD - INFO - train_TRUE TRAIN mm min/max: 0.0, 154.39999389648438
2025-11-28 04:01:33,501 - LSTMBRDWGD - INFO -  Gerando gráficos TRAIN...
2025-11-28 04:01:33,826 - LSTMBRDWGD - INFO -  Gráficos gerados TRAIN ...
2025-11-28 04:01:33,826 - LSTMBRDWGD - INFO - Calculando erro para parte de teste
2025-11-28 04:01:33,826 - LSTMBRDWGD - INFO - RMSE: 11.7728
2025-11-28 04:01:33,827 - LSTMBRDWGD - INFO - MSE : 138.5983
2025-11-28 04:01:33,827 - LSTMBRDWGD - INFO - MAE : 5.4450
2025-11-28 04:01:33,827 - LSTMBRDWGD - INFO - CSI (thr=1.0 mm): 0.2000  [TP=3, FP=10, FN=2]
2025-11-28 04:01:33,827 - LSTMBRDWGD - INFO - y_pred mm min/max: 0.0, 23.68805694580078
2025-11-28 04:01:33,827 - LSTMBRDWGD - INFO - y_TRUE mm min/max: 0.0, 55.400001525878906
2025-11-28 04:01:33,827 - LSTMBRDWGD - INFO -  Gerando gráficos...
2025-11-28 04:01:34,100 - LSTMBRDWGD - INFO -  Gráficos gerados...
2025-11-28 04:01:34,100 - LSTMBRDWGD - INFO - ==========================================================================================
2025-11-28 04:01:34,100 - LSTMBRDWGD - INFO - Execução finalizada com sucesso.
2025-11-28 04:01:34,100 - LSTMBRDWGD - INFO - Dispositivo utilizado: cuda
2025-11-28 04:01:34,100 - LSTMBRDWGD - INFO - ==========================================================================================
2025-11-28 04:01:39,740 - BiLSTMBRDWGD - INFO - ==========================================================================================
2025-11-28 04:01:39,740 - BiLSTMBRDWGD - INFO - Iniciando script LSTM (PyTorch) BRDWGD com suporte a GPU e logs detalhados.
2025-11-28 04:01:39,740 - BiLSTMBRDWGD - INFO - ==========================================================================================
2025-11-28 04:01:39,740 - BiLSTMBRDWGD - INFO - Iniciando experimento: lookback=30, hidden_dim=64, layers=2, lr=0.001, drop=0.5
2025-11-28 04:01:39,751 - BiLSTMBRDWGD - INFO - Shape treino: torch.Size([5863, 30, 1]), teste: torch.Size([30, 30, 1])
2025-11-28 04:01:39,787 - BiLSTMBRDWGD - INFO - Treinando por 500 épocas...
2025-11-28 04:01:40,334 - BiLSTMBRDWGD - INFO - [EXP] Época 1/500 - Loss: 96.621986
2025-11-28 04:02:07,059 - BiLSTMBRDWGD - INFO - [EXP] Época 50/500 - Loss: 78.388775
2025-11-28 04:02:34,341 - BiLSTMBRDWGD - INFO - [EXP] Época 100/500 - Loss: 35.509209
2025-11-28 04:03:01,617 - BiLSTMBRDWGD - INFO - [EXP] Época 150/500 - Loss: 24.662061
2025-11-28 04:03:28,886 - BiLSTMBRDWGD - INFO - [EXP] Época 200/500 - Loss: 25.555068
2025-11-28 04:03:56,157 - BiLSTMBRDWGD - INFO - [EXP] Época 250/500 - Loss: 15.140716
2025-11-28 04:04:23,430 - BiLSTMBRDWGD - INFO - [EXP] Época 300/500 - Loss: 11.424731
2025-11-28 04:04:50,706 - BiLSTMBRDWGD - INFO - [EXP] Época 350/500 - Loss: 12.546255
2025-11-28 04:05:17,987 - BiLSTMBRDWGD - INFO - [EXP] Época 400/500 - Loss: 9.842260
2025-11-28 04:05:45,268 - BiLSTMBRDWGD - INFO - [EXP] Época 450/500 - Loss: 8.106077
2025-11-28 04:06:12,711 - BiLSTMBRDWGD - INFO - [EXP] Época 500/500 - Loss: 7.292140
2025-11-28 04:06:12,712 - BiLSTMBRDWGD - INFO - Treinamento concluído em 4.55 minutos
2025-11-28 04:06:13,154 - BiLSTMBRDWGD - INFO - Calculando erro para o train
2025-11-28 04:06:13,155 - BiLSTMBRDWGD - INFO - RMSE: 1.9657
2025-11-28 04:06:13,155 - BiLSTMBRDWGD - INFO - MSE : 3.8641
2025-11-28 04:06:13,155 - BiLSTMBRDWGD - INFO - MAE : 0.8317
2025-11-28 04:06:13,155 - BiLSTMBRDWGD - INFO - CSI (thr=1.0 mm): 0.6245  [TP=1106, FP=260, FN=405]
2025-11-28 04:06:13,155 - BiLSTMBRDWGD - INFO - train_pred TRAIN mm min/max: 0.0, 150.71917724609375
2025-11-28 04:06:13,155 - BiLSTMBRDWGD - INFO - train_TRUE TRAIN mm min/max: 0.0, 154.39999389648438
2025-11-28 04:06:13,155 - BiLSTMBRDWGD - INFO -  Gerando gráficos TRAIN...
2025-11-28 04:06:13,474 - BiLSTMBRDWGD - INFO -  Gráficos gerados TRAIN ...
2025-11-28 04:06:13,474 - BiLSTMBRDWGD - INFO - Calculando erro para parte de teste
2025-11-28 04:06:13,475 - BiLSTMBRDWGD - INFO - RMSE: 14.7304
2025-11-28 04:06:13,475 - BiLSTMBRDWGD - INFO - MSE : 216.9848
2025-11-28 04:06:13,475 - BiLSTMBRDWGD - INFO - MAE : 7.4013
2025-11-28 04:06:13,475 - BiLSTMBRDWGD - INFO - CSI (thr=1.0 mm): 0.2500  [TP=3, FP=7, FN=2]
2025-11-28 04:06:13,475 - BiLSTMBRDWGD - INFO - y_pred mm min/max: 0.0, 23.466327667236328
2025-11-28 04:06:13,475 - BiLSTMBRDWGD - INFO - y_TRUE mm min/max: 0.0, 55.400001525878906
2025-11-28 04:06:13,475 - BiLSTMBRDWGD - INFO -  Gerando gráficos...
2025-11-28 04:06:13,716 - BiLSTMBRDWGD - INFO -  Gráficos gerados...
2025-11-28 04:06:13,716 - BiLSTMBRDWGD - INFO - ==========================================================================================
2025-11-28 04:06:13,716 - BiLSTMBRDWGD - INFO - Execução finalizada com sucesso.
2025-11-28 04:06:13,716 - BiLSTMBRDWGD - INFO - Dispositivo utilizado: cuda
2025-11-28 04:06:13,716 - BiLSTMBRDWGD - INFO - ==========================================================================================
2025-11-28 04:06:19,638 - LSTMBRDWGD - INFO - ==========================================================================================
2025-11-28 04:06:19,639 - LSTMBRDWGD - INFO - Iniciando script LSTM (PyTorch) BRDWGD com suporte a GPU e logs detalhados.
2025-11-28 04:06:19,639 - LSTMBRDWGD - INFO - ==========================================================================================
2025-11-28 04:06:19,639 - LSTMBRDWGD - INFO - Iniciando experimento: lookback=30, hidden_dim=128, layers=2, lr=0.001, drop=0.5
2025-11-28 04:06:19,649 - LSTMBRDWGD - INFO - Shape treino: torch.Size([5863, 30, 1]), teste: torch.Size([30, 30, 1])
2025-11-28 04:06:19,665 - LSTMBRDWGD - INFO - Treinando por 500 épocas...
2025-11-28 04:06:20,268 - LSTMBRDWGD - INFO - [EXP] Época 1/500 - Loss: 98.040960
2025-11-28 04:06:49,728 - LSTMBRDWGD - INFO - [EXP] Época 50/500 - Loss: 37.709968
2025-11-28 04:07:19,797 - LSTMBRDWGD - INFO - [EXP] Época 100/500 - Loss: 8.724861
2025-11-28 04:07:49,863 - LSTMBRDWGD - INFO - [EXP] Época 150/500 - Loss: 8.074030
2025-11-28 04:08:19,921 - LSTMBRDWGD - INFO - [EXP] Época 200/500 - Loss: 1.576484
2025-11-28 04:08:49,980 - LSTMBRDWGD - INFO - [EXP] Época 250/500 - Loss: 1.091994
2025-11-28 04:09:20,039 - LSTMBRDWGD - INFO - [EXP] Época 300/500 - Loss: 0.824994
2025-11-28 04:09:50,091 - LSTMBRDWGD - INFO - [EXP] Época 350/500 - Loss: 0.741401
2025-11-28 04:10:20,125 - LSTMBRDWGD - INFO - [EXP] Época 400/500 - Loss: 0.720738
2025-11-28 04:10:50,155 - LSTMBRDWGD - INFO - [EXP] Época 450/500 - Loss: 0.967512
2025-11-28 04:11:20,198 - LSTMBRDWGD - INFO - [EXP] Época 500/500 - Loss: 2.004986
2025-11-28 04:11:20,199 - LSTMBRDWGD - INFO - Treinamento concluído em 5.01 minutos
2025-11-28 04:11:20,688 - LSTMBRDWGD - INFO - Calculando erro para o train
2025-11-28 04:11:20,689 - LSTMBRDWGD - INFO - RMSE: 0.9978
2025-11-28 04:11:20,689 - LSTMBRDWGD - INFO - MSE : 0.9956
2025-11-28 04:11:20,689 - LSTMBRDWGD - INFO - MAE : 0.4306
2025-11-28 04:11:20,689 - LSTMBRDWGD - INFO - CSI (thr=1.0 mm): 0.8052  [TP=1385, FP=209, FN=126]
2025-11-28 04:11:20,689 - LSTMBRDWGD - INFO - train_pred TRAIN mm min/max: 0.0, 154.51406860351562
2025-11-28 04:11:20,689 - LSTMBRDWGD - INFO - train_TRUE TRAIN mm min/max: 0.0, 154.39999389648438
2025-11-28 04:11:20,690 - LSTMBRDWGD - INFO -  Gerando gráficos TRAIN...
2025-11-28 04:11:21,056 - LSTMBRDWGD - INFO -  Gráficos gerados TRAIN ...
2025-11-28 04:11:21,057 - LSTMBRDWGD - INFO - Calculando erro para parte de teste
2025-11-28 04:11:21,057 - LSTMBRDWGD - INFO - RMSE: 12.5722
2025-11-28 04:11:21,057 - LSTMBRDWGD - INFO - MSE : 158.0609
2025-11-28 04:11:21,057 - LSTMBRDWGD - INFO - MAE : 7.1281
2025-11-28 04:11:21,057 - LSTMBRDWGD - INFO - CSI (thr=1.0 mm): 0.2000  [TP=4, FP=15, FN=1]
2025-11-28 04:11:21,057 - LSTMBRDWGD - INFO - y_pred mm min/max: 0.0, 34.93343734741211
2025-11-28 04:11:21,057 - LSTMBRDWGD - INFO - y_TRUE mm min/max: 0.0, 55.400001525878906
2025-11-28 04:11:21,057 - LSTMBRDWGD - INFO -  Gerando gráficos...
2025-11-28 04:11:21,340 - LSTMBRDWGD - INFO -  Gráficos gerados...
2025-11-28 04:11:21,340 - LSTMBRDWGD - INFO - ==========================================================================================
2025-11-28 04:11:21,340 - LSTMBRDWGD - INFO - Execução finalizada com sucesso.
2025-11-28 04:11:21,340 - LSTMBRDWGD - INFO - Dispositivo utilizado: cuda
2025-11-28 04:11:21,340 - LSTMBRDWGD - INFO - ==========================================================================================
2025-11-28 04:11:26,971 - BiLSTMBRDWGD - INFO - ==========================================================================================
2025-11-28 04:11:26,971 - BiLSTMBRDWGD - INFO - Iniciando script LSTM (PyTorch) BRDWGD com suporte a GPU e logs detalhados.
2025-11-28 04:11:26,971 - BiLSTMBRDWGD - INFO - ==========================================================================================
2025-11-28 04:11:26,972 - BiLSTMBRDWGD - INFO - Iniciando experimento: lookback=30, hidden_dim=128, layers=2, lr=0.001, drop=0.5
2025-11-28 04:11:26,982 - BiLSTMBRDWGD - INFO - Shape treino: torch.Size([5863, 30, 1]), teste: torch.Size([30, 30, 1])
2025-11-28 04:11:27,012 - BiLSTMBRDWGD - INFO - Treinando por 500 épocas...
2025-11-28 04:11:27,796 - BiLSTMBRDWGD - INFO - [EXP] Época 1/500 - Loss: 96.185270
2025-11-28 04:12:06,073 - BiLSTMBRDWGD - INFO - [EXP] Época 50/500 - Loss: 54.408991
2025-11-28 04:12:45,147 - BiLSTMBRDWGD - INFO - [EXP] Época 100/500 - Loss: 18.415917
2025-11-28 04:13:24,242 - BiLSTMBRDWGD - INFO - [EXP] Época 150/500 - Loss: 13.074484
2025-11-28 04:14:03,348 - BiLSTMBRDWGD - INFO - [EXP] Época 200/500 - Loss: 12.620516
2025-11-28 04:14:42,413 - BiLSTMBRDWGD - INFO - [EXP] Época 250/500 - Loss: 6.718140
2025-11-28 04:15:21,453 - BiLSTMBRDWGD - INFO - [EXP] Época 300/500 - Loss: 4.906381
2025-11-28 04:16:00,504 - BiLSTMBRDWGD - INFO - [EXP] Época 350/500 - Loss: 4.212318
2025-11-28 04:16:39,563 - BiLSTMBRDWGD - INFO - [EXP] Época 400/500 - Loss: 6.852553
2025-11-28 04:17:18,622 - BiLSTMBRDWGD - INFO - [EXP] Época 450/500 - Loss: 3.637495
2025-11-28 04:17:57,676 - BiLSTMBRDWGD - INFO - [EXP] Época 500/500 - Loss: 6.807129
2025-11-28 04:17:57,676 - BiLSTMBRDWGD - INFO - Treinamento concluído em 6.51 minutos
2025-11-28 04:17:58,252 - BiLSTMBRDWGD - INFO - Calculando erro para o train
2025-11-28 04:17:58,252 - BiLSTMBRDWGD - INFO - RMSE: 3.3054
2025-11-28 04:17:58,253 - BiLSTMBRDWGD - INFO - MSE : 10.9258
2025-11-28 04:17:58,253 - BiLSTMBRDWGD - INFO - MAE : 1.2147
2025-11-28 04:17:58,253 - BiLSTMBRDWGD - INFO - CSI (thr=1.0 mm): 0.5512  [TP=1243, FP=744, FN=268]
2025-11-28 04:17:58,253 - BiLSTMBRDWGD - INFO - train_pred TRAIN mm min/max: 0.0, 146.10862731933594
2025-11-28 04:17:58,253 - BiLSTMBRDWGD - INFO - train_TRUE TRAIN mm min/max: 0.0, 154.39999389648438
2025-11-28 04:17:58,253 - BiLSTMBRDWGD - INFO -  Gerando gráficos TRAIN...
2025-11-28 04:17:58,580 - BiLSTMBRDWGD - INFO -  Gráficos gerados TRAIN ...
2025-11-28 04:17:58,580 - BiLSTMBRDWGD - INFO - Calculando erro para parte de teste
2025-11-28 04:17:58,581 - BiLSTMBRDWGD - INFO - RMSE: 11.9546
2025-11-28 04:17:58,581 - BiLSTMBRDWGD - INFO - MSE : 142.9129
2025-11-28 04:17:58,581 - BiLSTMBRDWGD - INFO - MAE : 6.3102
2025-11-28 04:17:58,581 - BiLSTMBRDWGD - INFO - CSI (thr=1.0 mm): 0.1111  [TP=2, FP=13, FN=3]
2025-11-28 04:17:58,581 - BiLSTMBRDWGD - INFO - y_pred mm min/max: 0.0, 25.058889389038086
2025-11-28 04:17:58,581 - BiLSTMBRDWGD - INFO - y_TRUE mm min/max: 0.0, 55.400001525878906
2025-11-28 04:17:58,581 - BiLSTMBRDWGD - INFO -  Gerando gráficos...
2025-11-28 04:17:58,838 - BiLSTMBRDWGD - INFO -  Gráficos gerados...
2025-11-28 04:17:58,838 - BiLSTMBRDWGD - INFO - ==========================================================================================
2025-11-28 04:17:58,838 - BiLSTMBRDWGD - INFO - Execução finalizada com sucesso.
2025-11-28 04:17:58,838 - BiLSTMBRDWGD - INFO - Dispositivo utilizado: cuda
2025-11-28 04:17:58,838 - BiLSTMBRDWGD - INFO - ==========================================================================================
2025-11-28 04:18:04,751 - LSTMBRDWGD - INFO - ==========================================================================================
2025-11-28 04:18:04,751 - LSTMBRDWGD - INFO - Iniciando script LSTM (PyTorch) BRDWGD com suporte a GPU e logs detalhados.
2025-11-28 04:18:04,751 - LSTMBRDWGD - INFO - ==========================================================================================
2025-11-28 04:18:04,751 - LSTMBRDWGD - INFO - Iniciando experimento: lookback=30, hidden_dim=256, layers=2, lr=0.001, drop=0.5
2025-11-28 04:18:04,761 - LSTMBRDWGD - INFO - Shape treino: torch.Size([5863, 30, 1]), teste: torch.Size([30, 30, 1])
2025-11-28 04:18:04,781 - LSTMBRDWGD - INFO - Treinando por 500 épocas...
2025-11-28 04:18:06,028 - LSTMBRDWGD - INFO - [EXP] Época 1/500 - Loss: 96.755499
2025-11-28 04:19:07,212 - LSTMBRDWGD - INFO - [EXP] Época 50/500 - Loss: 93.022274
2025-11-28 04:20:09,651 - LSTMBRDWGD - INFO - [EXP] Época 100/500 - Loss: 62.782562
2025-11-28 04:21:12,084 - LSTMBRDWGD - INFO - [EXP] Época 150/500 - Loss: 24.276496
2025-11-28 04:22:14,520 - LSTMBRDWGD - INFO - [EXP] Época 200/500 - Loss: 22.136053
2025-11-28 04:23:16,958 - LSTMBRDWGD - INFO - [EXP] Época 250/500 - Loss: 5.326941
2025-11-28 04:24:19,414 - LSTMBRDWGD - INFO - [EXP] Época 300/500 - Loss: 3.935525
2025-11-28 04:25:21,831 - LSTMBRDWGD - INFO - [EXP] Época 350/500 - Loss: 1.232467
2025-11-28 04:26:24,262 - LSTMBRDWGD - INFO - [EXP] Época 400/500 - Loss: 1.344706
2025-11-28 04:27:26,664 - LSTMBRDWGD - INFO - [EXP] Época 450/500 - Loss: 3.783291
2025-11-28 04:28:29,076 - LSTMBRDWGD - INFO - [EXP] Época 500/500 - Loss: 1.361111
2025-11-28 04:28:29,076 - LSTMBRDWGD - INFO - Treinamento concluído em 10.40 minutos
2025-11-28 04:28:29,626 - LSTMBRDWGD - INFO - Calculando erro para o train
2025-11-28 04:28:29,627 - LSTMBRDWGD - INFO - RMSE: 0.9417
2025-11-28 04:28:29,627 - LSTMBRDWGD - INFO - MSE : 0.8867
2025-11-28 04:28:29,627 - LSTMBRDWGD - INFO - MAE : 0.3998
2025-11-28 04:28:29,627 - LSTMBRDWGD - INFO - CSI (thr=1.0 mm): 0.8180  [TP=1393, FP=192, FN=118]
2025-11-28 04:28:29,627 - LSTMBRDWGD - INFO - train_pred TRAIN mm min/max: 0.0, 153.37620544433594
2025-11-28 04:28:29,627 - LSTMBRDWGD - INFO - train_TRUE TRAIN mm min/max: 0.0, 154.39999389648438
2025-11-28 04:28:29,627 - LSTMBRDWGD - INFO -  Gerando gráficos TRAIN...
2025-11-28 04:28:30,088 - LSTMBRDWGD - INFO -  Gráficos gerados TRAIN ...
2025-11-28 04:28:30,088 - LSTMBRDWGD - INFO - Calculando erro para parte de teste
2025-11-28 04:28:30,089 - LSTMBRDWGD - INFO - RMSE: 12.6893
2025-11-28 04:28:30,089 - LSTMBRDWGD - INFO - MSE : 161.0174
2025-11-28 04:28:30,089 - LSTMBRDWGD - INFO - MAE : 7.6318
2025-11-28 04:28:30,089 - LSTMBRDWGD - INFO - CSI (thr=1.0 mm): 0.1429  [TP=3, FP=16, FN=2]
2025-11-28 04:28:30,089 - LSTMBRDWGD - INFO - y_pred mm min/max: 0.0, 18.486328125
2025-11-28 04:28:30,089 - LSTMBRDWGD - INFO - y_TRUE mm min/max: 0.0, 55.400001525878906
2025-11-28 04:28:30,089 - LSTMBRDWGD - INFO -  Gerando gráficos...
2025-11-28 04:28:30,358 - LSTMBRDWGD - INFO -  Gráficos gerados...
2025-11-28 04:28:30,358 - LSTMBRDWGD - INFO - ==========================================================================================
2025-11-28 04:28:30,358 - LSTMBRDWGD - INFO - Execução finalizada com sucesso.
2025-11-28 04:28:30,358 - LSTMBRDWGD - INFO - Dispositivo utilizado: cuda
2025-11-28 04:28:30,358 - LSTMBRDWGD - INFO - ==========================================================================================
2025-11-28 04:28:36,006 - BiLSTMBRDWGD - INFO - ==========================================================================================
2025-11-28 04:28:36,006 - BiLSTMBRDWGD - INFO - Iniciando script LSTM (PyTorch) BRDWGD com suporte a GPU e logs detalhados.
2025-11-28 04:28:36,006 - BiLSTMBRDWGD - INFO - ==========================================================================================
2025-11-28 04:28:36,006 - BiLSTMBRDWGD - INFO - Iniciando experimento: lookback=30, hidden_dim=256, layers=2, lr=0.001, drop=0.5
2025-11-28 04:28:36,017 - BiLSTMBRDWGD - INFO - Shape treino: torch.Size([5863, 30, 1]), teste: torch.Size([30, 30, 1])
2025-11-28 04:28:36,053 - BiLSTMBRDWGD - INFO - Treinando por 500 épocas...
2025-11-28 04:28:37,756 - BiLSTMBRDWGD - INFO - [EXP] Época 1/500 - Loss: 95.676462
2025-11-28 04:30:01,091 - BiLSTMBRDWGD - INFO - [EXP] Época 50/500 - Loss: 50.063999
2025-11-28 04:31:26,128 - BiLSTMBRDWGD - INFO - [EXP] Época 100/500 - Loss: 17.726812
2025-11-28 04:32:50,862 - BiLSTMBRDWGD - INFO - [EXP] Época 150/500 - Loss: 7.043115
2025-11-28 04:34:15,737 - BiLSTMBRDWGD - INFO - [EXP] Época 200/500 - Loss: 9.787678
2025-11-28 04:35:40,650 - BiLSTMBRDWGD - INFO - [EXP] Época 250/500 - Loss: 2.777900
2025-11-28 04:37:05,628 - BiLSTMBRDWGD - INFO - [EXP] Época 300/500 - Loss: 8.718073
2025-11-28 04:38:30,696 - BiLSTMBRDWGD - INFO - [EXP] Época 350/500 - Loss: 2.414943
2025-11-28 04:39:55,770 - BiLSTMBRDWGD - INFO - [EXP] Época 400/500 - Loss: 2.139601
2025-11-28 04:41:20,658 - BiLSTMBRDWGD - INFO - [EXP] Época 450/500 - Loss: 2.135392
2025-11-28 04:42:45,503 - BiLSTMBRDWGD - INFO - [EXP] Época 500/500 - Loss: 1.673255
2025-11-28 04:42:45,503 - BiLSTMBRDWGD - INFO - Treinamento concluído em 14.16 minutos
2025-11-28 04:42:46,147 - BiLSTMBRDWGD - INFO - Calculando erro para o train
2025-11-28 04:42:46,148 - BiLSTMBRDWGD - INFO - RMSE: 0.7514
2025-11-28 04:42:46,148 - BiLSTMBRDWGD - INFO - MSE : 0.5646
2025-11-28 04:42:46,148 - BiLSTMBRDWGD - INFO - MAE : 0.2689
2025-11-28 04:42:46,148 - BiLSTMBRDWGD - INFO - CSI (thr=1.0 mm): 0.9093  [TP=1394, FP=22, FN=117]
2025-11-28 04:42:46,148 - BiLSTMBRDWGD - INFO - train_pred TRAIN mm min/max: 0.0, 151.796630859375
2025-11-28 04:42:46,148 - BiLSTMBRDWGD - INFO - train_TRUE TRAIN mm min/max: 0.0, 154.39999389648438
2025-11-28 04:42:46,148 - BiLSTMBRDWGD - INFO -  Gerando gráficos TRAIN...
2025-11-28 04:42:46,485 - BiLSTMBRDWGD - INFO -  Gráficos gerados TRAIN ...
2025-11-28 04:42:46,485 - BiLSTMBRDWGD - INFO - Calculando erro para parte de teste
2025-11-28 04:42:46,486 - BiLSTMBRDWGD - INFO - RMSE: 15.5467
2025-11-28 04:42:46,486 - BiLSTMBRDWGD - INFO - MSE : 241.6994
2025-11-28 04:42:46,486 - BiLSTMBRDWGD - INFO - MAE : 7.5355
2025-11-28 04:42:46,486 - BiLSTMBRDWGD - INFO - CSI (thr=1.0 mm): 0.2000  [TP=2, FP=5, FN=3]
2025-11-28 04:42:46,486 - BiLSTMBRDWGD - INFO - y_pred mm min/max: 0.0, 28.93528175354004
2025-11-28 04:42:46,486 - BiLSTMBRDWGD - INFO - y_TRUE mm min/max: 0.0, 55.400001525878906
2025-11-28 04:42:46,486 - BiLSTMBRDWGD - INFO -  Gerando gráficos...
2025-11-28 04:42:46,727 - BiLSTMBRDWGD - INFO -  Gráficos gerados...
2025-11-28 04:42:46,727 - BiLSTMBRDWGD - INFO - ==========================================================================================
2025-11-28 04:42:46,727 - BiLSTMBRDWGD - INFO - Execução finalizada com sucesso.
2025-11-28 04:42:46,727 - BiLSTMBRDWGD - INFO - Dispositivo utilizado: cuda
2025-11-28 04:42:46,727 - BiLSTMBRDWGD - INFO - ==========================================================================================
2025-11-28 04:42:52,635 - ARIMA_BRDWGD - INFO - ==========================================================================================
2025-11-28 04:42:52,635 - ARIMA_BRDWGD - INFO - Iniciando script ARIMA BRDWGD.
2025-11-28 04:42:52,635 - ARIMA_BRDWGD - INFO - ==========================================================================================
2025-11-28 04:42:52,636 - ARIMA_BRDWGD - INFO - Tamanho treino: 5894 | teste: 30
2025-11-28 04:42:52,636 - ARIMA_BRDWGD - INFO - [FASE 4] Iniciando busca manual por hiperparâmetros (AIC).
2025-11-28 04:55:19,062 - ARIMA_BRDWGD - INFO - Melhor order encontrado: (30, 0, 2)
2025-11-28 04:55:19,063 - ARIMA_BRDWGD - INFO - Melhor AIC (treino): 43303.74
2025-11-28 04:55:19,063 - ARIMA_BRDWGD - INFO - Tempo da Fase 4: 746.43s
2025-11-28 04:55:19,063 - ARIMA_BRDWGD - INFO - [FASE 5] Reajustando melhor modelo no conjunto de treino.
2025-11-28 04:59:37,296 - ARIMA_BRDWGD - INFO - Melhor modelo ajustado no treino.
2025-11-28 04:59:37,297 - ARIMA_BRDWGD - INFO - Tempo da Fase 5: 258.23s
2025-11-28 04:59:37,297 - ARIMA_BRDWGD - INFO - [FASE 6] Gerando previsões no conjunto de teste e avaliando métricas.
2025-11-28 04:59:37,298 - ARIMA_BRDWGD - INFO - RMSE: 9.4766
2025-11-28 04:59:37,299 - ARIMA_BRDWGD - INFO - MSE : 89.8066
2025-11-28 04:59:37,299 - ARIMA_BRDWGD - INFO - MAE : 4.4990
2025-11-28 04:59:37,299 - ARIMA_BRDWGD - INFO - CSI (thr=1.0 mm): 0.2575  [TP=1505, FP=4319, FN=20]
2025-11-28 04:59:37,299 - ARIMA_BRDWGD - INFO - [TREINO] RMSE=9.4766 | MSE=89.8066 | MAE=4.4990 | CSI=0.2575
2025-11-28 04:59:37,302 - ARIMA_BRDWGD - INFO - RMSE: 13.2564
2025-11-28 04:59:37,302 - ARIMA_BRDWGD - INFO - MSE : 175.7328
2025-11-28 04:59:37,302 - ARIMA_BRDWGD - INFO - MAE : 7.3414
2025-11-28 04:59:37,302 - ARIMA_BRDWGD - INFO - CSI (thr=1.0 mm): 0.2000  [TP=6, FP=24, FN=0]
2025-11-28 04:59:37,302 - ARIMA_BRDWGD - INFO - Tempo total da Fase 6: 0.01s
2025-11-28 04:59:37,302 - ARIMA_BRDWGD - INFO - [FASE 7] Salvando gráfico de previsão vs. observado.
2025-11-28 04:59:37,888 - ARIMA_BRDWGD - INFO - Gráfico salvo como 'arimaBRDWGD_result.png'.
2025-11-28 04:59:37,888 - ARIMA_BRDWGD - INFO - ==========================================================================================
2025-11-28 04:59:37,888 - ARIMA_BRDWGD - INFO - Execução ARIMA BRDWGD finalizada com sucesso.
2025-11-28 04:59:37,888 - ARIMA_BRDWGD - INFO - Tempo total de execução: 1005.25s
2025-11-28 04:59:37,888 - ARIMA_BRDWGD - INFO - ==========================================================================================
2025-11-28 04:59:43,520 - RANDOM_FOREST_BRDWGD - INFO - ====================================================================================================
2025-11-28 04:59:43,520 - RANDOM_FOREST_BRDWGD - INFO - Iniciando Random Forest BRDWGD com GridSearchCV.
2025-11-28 04:59:43,520 - RANDOM_FOREST_BRDWGD - INFO - ====================================================================================================
2025-11-28 04:59:43,520 - RANDOM_FOREST_BRDWGD - INFO - [FASE 3] Split treino/teste e preparação.
2025-11-28 04:59:43,524 - RANDOM_FOREST_BRDWGD - INFO - [FASE 3] Treino: X=(5864, 30), y=5864 | Teste: X=(30, 30), y=30
2025-11-28 04:59:43,524 - RANDOM_FOREST_BRDWGD - INFO - [FASE 3] Tempo: 0.00s
2025-11-28 04:59:43,524 - RANDOM_FOREST_BRDWGD - INFO - [FASE 4] Iniciando GridSearchCV (TimeSeriesSplit).
2025-11-28 05:00:45,241 - RANDOM_FOREST_BRDWGD - INFO - [FASE 4] GridSearchCV concluído em 61.72s
2025-11-28 05:00:45,242 - RANDOM_FOREST_BRDWGD - INFO - [FASE 4] Melhores parâmetros: {'max_depth': None, 'max_features': 'sqrt', 'min_samples_leaf': 4, 'min_samples_split': 10, 'n_estimators': 200}
2025-11-28 05:00:45,242 - RANDOM_FOREST_BRDWGD - INFO - [FASE 4] Melhor score (neg_MSE): -98.818296
2025-11-28 05:00:45,242 - RANDOM_FOREST_BRDWGD - INFO - [FASE 4] Tempo: 61.72s
2025-11-28 05:00:45,242 - RANDOM_FOREST_BRDWGD - INFO - [FASE 5] Treinando best_estimator_ no conjunto de treino.
2025-11-28 05:00:45,498 - RANDOM_FOREST_BRDWGD - INFO - [FASE 5] Tempo: 0.26s
2025-11-28 05:00:45,498 - RANDOM_FOREST_BRDWGD - INFO - [FASE 6] Previsão e cálculo de métricas.
2025-11-28 05:00:45,532 - RANDOM_FOREST_BRDWGD - INFO - RMSE: 7.5402
2025-11-28 05:00:45,532 - RANDOM_FOREST_BRDWGD - INFO - MSE : 56.8553
2025-11-28 05:00:45,532 - RANDOM_FOREST_BRDWGD - INFO - MAE : 3.4162
2025-11-28 05:00:45,532 - RANDOM_FOREST_BRDWGD - INFO - CSI (thr=1.0 mm): 0.3223  [TP=1491, FP=3115, FN=20]
2025-11-28 05:00:45,532 - RANDOM_FOREST_BRDWGD - INFO - [TREINO] RMSE=7.5402 | MSE=56.8553 | MAE=3.4162 | CSI=0.3223
2025-11-28 05:00:45,555 - RANDOM_FOREST_BRDWGD - INFO - y_pred raw min/max: 1.993143407697288, 10.419484206937064
2025-11-28 05:00:45,555 - RANDOM_FOREST_BRDWGD - INFO - y_TRUE raw min/max: 0.0, 55.400001525878906
2025-11-28 05:00:45,555 - RANDOM_FOREST_BRDWGD - INFO - RMSE: 12.8944
2025-11-28 05:00:45,555 - RANDOM_FOREST_BRDWGD - INFO - MSE : 166.2649
2025-11-28 05:00:45,555 - RANDOM_FOREST_BRDWGD - INFO - MAE : 7.6742
2025-11-28 05:00:45,555 - RANDOM_FOREST_BRDWGD - INFO - CSI (thr=1.0 mm): 0.2000  [TP=6, FP=24, FN=0]
2025-11-28 05:00:45,555 - RANDOM_FOREST_BRDWGD - INFO - [FASE 7] Gerando gráficos.
2025-11-28 05:00:46,139 - RANDOM_FOREST_BRDWGD - INFO - Gráfico salvo como 'random_forest_BRDWGD.png'.
2025-11-28 05:00:46,139 - RANDOM_FOREST_BRDWGD - INFO - [FASE 7] Tempo: 0.58s
2025-11-28 05:00:46,139 - RANDOM_FOREST_BRDWGD - INFO - ====================================================================================================
2025-11-28 05:00:46,139 - RANDOM_FOREST_BRDWGD - INFO - Resumo Final
2025-11-28 05:00:46,139 - RANDOM_FOREST_BRDWGD - INFO - Melhores parâmetros: {'max_depth': None, 'max_features': 'sqrt', 'min_samples_leaf': 4, 'min_samples_split': 10, 'n_estimators': 200}
2025-11-28 05:00:46,139 - RANDOM_FOREST_BRDWGD - INFO - Tempo total de execução: 62.62s
2025-11-28 05:00:46,139 - RANDOM_FOREST_BRDWGD - INFO - ====================================================================================================
2025-11-28 05:00:51,759 - LSTMBRDWGD - INFO - ==========================================================================================
2025-11-28 05:00:51,759 - LSTMBRDWGD - INFO - Iniciando script LSTM (PyTorch) BRDWGD com suporte a GPU e logs detalhados.
2025-11-28 05:00:51,759 - LSTMBRDWGD - INFO - ==========================================================================================
2025-11-28 05:00:51,759 - LSTMBRDWGD - INFO - Iniciando experimento: lookback=30, hidden_dim=32, layers=2, lr=0.001, drop=0.5
2025-11-28 05:00:51,773 - LSTMBRDWGD - INFO - Shape treino: torch.Size([5863, 30, 1]), teste: torch.Size([30, 30, 1])
2025-11-28 05:00:51,779 - LSTMBRDWGD - INFO - Treinando por 500 épocas...
2025-11-28 05:00:52,246 - LSTMBRDWGD - INFO - [EXP] Época 1/500 - Loss: 99.134179
2025-11-28 05:01:14,987 - LSTMBRDWGD - INFO - [EXP] Época 50/500 - Loss: 87.123086
2025-11-28 05:01:38,191 - LSTMBRDWGD - INFO - [EXP] Época 100/500 - Loss: 61.442642
2025-11-28 05:02:01,394 - LSTMBRDWGD - INFO - [EXP] Época 150/500 - Loss: 34.511093
2025-11-28 05:02:24,604 - LSTMBRDWGD - INFO - [EXP] Época 200/500 - Loss: 31.893531
2025-11-28 05:02:47,809 - LSTMBRDWGD - INFO - [EXP] Época 250/500 - Loss: 20.609597
2025-11-28 05:03:11,017 - LSTMBRDWGD - INFO - [EXP] Época 300/500 - Loss: 25.353542
2025-11-28 05:03:34,225 - LSTMBRDWGD - INFO - [EXP] Época 350/500 - Loss: 11.944604
2025-11-28 05:03:57,431 - LSTMBRDWGD - INFO - [EXP] Época 400/500 - Loss: 9.722009
2025-11-28 05:04:20,637 - LSTMBRDWGD - INFO - [EXP] Época 450/500 - Loss: 8.567588
2025-11-28 05:04:43,843 - LSTMBRDWGD - INFO - [EXP] Época 500/500 - Loss: 9.269618
2025-11-28 05:04:43,843 - LSTMBRDWGD - INFO - Treinamento concluído em 3.87 minutos
2025-11-28 05:04:44,273 - LSTMBRDWGD - INFO - Calculando erro para o train
2025-11-28 05:04:44,274 - LSTMBRDWGD - INFO - RMSE: 3.0878
2025-11-28 05:04:44,274 - LSTMBRDWGD - INFO - MSE : 9.5343
2025-11-28 05:04:44,274 - LSTMBRDWGD - INFO - MAE : 1.5509
2025-11-28 05:04:44,274 - LSTMBRDWGD - INFO - CSI (thr=1.0 mm): 0.4096  [TP=1277, FP=1607, FN=234]
2025-11-28 05:04:44,274 - LSTMBRDWGD - INFO - train_pred TRAIN mm min/max: 0.0, 142.83607482910156
2025-11-28 05:04:44,274 - LSTMBRDWGD - INFO - train_TRUE TRAIN mm min/max: 0.0, 154.39999389648438
2025-11-28 05:04:44,274 - LSTMBRDWGD - INFO -  Gerando gráficos TRAIN...
2025-11-28 05:04:44,657 - LSTMBRDWGD - INFO -  Gráficos gerados TRAIN ...
2025-11-28 05:04:44,657 - LSTMBRDWGD - INFO - Calculando erro para parte de teste
2025-11-28 05:04:44,658 - LSTMBRDWGD - INFO - RMSE: 17.9563
2025-11-28 05:04:44,658 - LSTMBRDWGD - INFO - MSE : 322.4292
2025-11-28 05:04:44,658 - LSTMBRDWGD - INFO - MAE : 9.5271
2025-11-28 05:04:44,658 - LSTMBRDWGD - INFO - CSI (thr=1.0 mm): 0.1250  [TP=3, FP=19, FN=2]
2025-11-28 05:04:44,658 - LSTMBRDWGD - INFO - y_pred mm min/max: 0.0, 58.99802780151367
2025-11-28 05:04:44,658 - LSTMBRDWGD - INFO - y_TRUE mm min/max: 0.0, 55.400001525878906
2025-11-28 05:04:44,658 - LSTMBRDWGD - INFO -  Gerando gráficos...
2025-11-28 05:04:44,915 - LSTMBRDWGD - INFO -  Gráficos gerados...
2025-11-28 05:04:44,915 - LSTMBRDWGD - INFO - ==========================================================================================
2025-11-28 05:04:44,915 - LSTMBRDWGD - INFO - Execução finalizada com sucesso.
2025-11-28 05:04:44,915 - LSTMBRDWGD - INFO - Dispositivo utilizado: cuda
2025-11-28 05:04:44,915 - LSTMBRDWGD - INFO - ==========================================================================================
2025-11-28 05:04:50,548 - BiLSTMBRDWGD - INFO - ==========================================================================================
2025-11-28 05:04:50,548 - BiLSTMBRDWGD - INFO - Iniciando script LSTM (PyTorch) BRDWGD com suporte a GPU e logs detalhados.
2025-11-28 05:04:50,548 - BiLSTMBRDWGD - INFO - ==========================================================================================
2025-11-28 05:04:50,548 - BiLSTMBRDWGD - INFO - Iniciando experimento: lookback=30, hidden_dim=32, layers=2, lr=0.001, drop=0.5
2025-11-28 05:04:50,558 - BiLSTMBRDWGD - INFO - Shape treino: torch.Size([5863, 30, 1]), teste: torch.Size([30, 30, 1])
2025-11-28 05:04:50,568 - BiLSTMBRDWGD - INFO - Treinando por 500 épocas...
2025-11-28 05:04:51,060 - BiLSTMBRDWGD - INFO - [EXP] Época 1/500 - Loss: 97.702884
2025-11-28 05:05:15,758 - BiLSTMBRDWGD - INFO - [EXP] Época 50/500 - Loss: 89.647356
2025-11-28 05:05:40,461 - BiLSTMBRDWGD - INFO - [EXP] Época 100/500 - Loss: 71.722687
2025-11-28 05:06:05,873 - BiLSTMBRDWGD - INFO - [EXP] Época 150/500 - Loss: 49.354019
2025-11-28 05:06:30,389 - BiLSTMBRDWGD - INFO - [EXP] Época 200/500 - Loss: 54.470529
2025-11-28 05:06:54,913 - BiLSTMBRDWGD - INFO - [EXP] Época 250/500 - Loss: 37.081481
2025-11-28 05:07:19,441 - BiLSTMBRDWGD - INFO - [EXP] Época 300/500 - Loss: 33.128314
2025-11-28 05:07:44,053 - BiLSTMBRDWGD - INFO - [EXP] Época 350/500 - Loss: 31.221890
2025-11-28 05:08:08,794 - BiLSTMBRDWGD - INFO - [EXP] Época 400/500 - Loss: 24.230049
2025-11-28 05:08:33,403 - BiLSTMBRDWGD - INFO - [EXP] Época 450/500 - Loss: 24.826760
2025-11-28 05:08:58,044 - BiLSTMBRDWGD - INFO - [EXP] Época 500/500 - Loss: 21.743826
2025-11-28 05:08:58,044 - BiLSTMBRDWGD - INFO - Treinamento concluído em 4.12 minutos
2025-11-28 05:08:58,477 - BiLSTMBRDWGD - INFO - Calculando erro para o train
2025-11-28 05:08:58,477 - BiLSTMBRDWGD - INFO - RMSE: 4.2056
2025-11-28 05:08:58,477 - BiLSTMBRDWGD - INFO - MSE : 17.6868
2025-11-28 05:08:58,478 - BiLSTMBRDWGD - INFO - MAE : 1.9544
2025-11-28 05:08:58,478 - BiLSTMBRDWGD - INFO - CSI (thr=1.0 mm): 0.3762  [TP=1118, FP=1461, FN=393]
2025-11-28 05:08:58,478 - BiLSTMBRDWGD - INFO - train_pred TRAIN mm min/max: 0.0, 141.3120880126953
2025-11-28 05:08:58,478 - BiLSTMBRDWGD - INFO - train_TRUE TRAIN mm min/max: 0.0, 154.39999389648438
2025-11-28 05:08:58,478 - BiLSTMBRDWGD - INFO -  Gerando gráficos TRAIN...
2025-11-28 05:08:58,784 - BiLSTMBRDWGD - INFO -  Gráficos gerados TRAIN ...
2025-11-28 05:08:58,784 - BiLSTMBRDWGD - INFO - Calculando erro para parte de teste
2025-11-28 05:08:58,784 - BiLSTMBRDWGD - INFO - RMSE: 9.7284
2025-11-28 05:08:58,784 - BiLSTMBRDWGD - INFO - MSE : 94.6417
2025-11-28 05:08:58,784 - BiLSTMBRDWGD - INFO - MAE : 4.7033
2025-11-28 05:08:58,784 - BiLSTMBRDWGD - INFO - CSI (thr=1.0 mm): 0.4167  [TP=5, FP=7, FN=0]
2025-11-28 05:08:58,784 - BiLSTMBRDWGD - INFO - y_pred mm min/max: 0.0, 62.340816497802734
2025-11-28 05:08:58,785 - BiLSTMBRDWGD - INFO - y_TRUE mm min/max: 0.0, 55.400001525878906
2025-11-28 05:08:58,785 - BiLSTMBRDWGD - INFO -  Gerando gráficos...
2025-11-28 05:08:59,043 - BiLSTMBRDWGD - INFO -  Gráficos gerados...
2025-11-28 05:08:59,044 - BiLSTMBRDWGD - INFO - ==========================================================================================
2025-11-28 05:08:59,044 - BiLSTMBRDWGD - INFO - Execução finalizada com sucesso.
2025-11-28 05:08:59,044 - BiLSTMBRDWGD - INFO - Dispositivo utilizado: cuda
2025-11-28 05:08:59,044 - BiLSTMBRDWGD - INFO - ==========================================================================================
2025-11-28 05:09:04,968 - LSTMBRDWGD - INFO - ==========================================================================================
2025-11-28 05:09:04,968 - LSTMBRDWGD - INFO - Iniciando script LSTM (PyTorch) BRDWGD com suporte a GPU e logs detalhados.
2025-11-28 05:09:04,968 - LSTMBRDWGD - INFO - ==========================================================================================
2025-11-28 05:09:04,968 - LSTMBRDWGD - INFO - Iniciando experimento: lookback=30, hidden_dim=64, layers=2, lr=0.001, drop=0.5
2025-11-28 05:09:04,979 - LSTMBRDWGD - INFO - Shape treino: torch.Size([5863, 30, 1]), teste: torch.Size([30, 30, 1])
2025-11-28 05:09:05,001 - LSTMBRDWGD - INFO - Treinando por 500 épocas...
2025-11-28 05:09:05,486 - LSTMBRDWGD - INFO - [EXP] Época 1/500 - Loss: 104.101504
2025-11-28 05:09:29,160 - LSTMBRDWGD - INFO - [EXP] Época 50/500 - Loss: 62.656876
2025-11-28 05:09:53,314 - LSTMBRDWGD - INFO - [EXP] Época 100/500 - Loss: 16.591589
2025-11-28 05:10:17,470 - LSTMBRDWGD - INFO - [EXP] Época 150/500 - Loss: 9.250702
2025-11-28 05:10:41,625 - LSTMBRDWGD - INFO - [EXP] Época 200/500 - Loss: 7.824197
2025-11-28 05:11:05,780 - LSTMBRDWGD - INFO - [EXP] Época 250/500 - Loss: 4.390582
2025-11-28 05:11:29,934 - LSTMBRDWGD - INFO - [EXP] Época 300/500 - Loss: 3.671091
2025-11-28 05:11:54,092 - LSTMBRDWGD - INFO - [EXP] Época 350/500 - Loss: 2.276051
2025-11-28 05:12:18,244 - LSTMBRDWGD - INFO - [EXP] Época 400/500 - Loss: 1.506709
2025-11-28 05:12:42,397 - LSTMBRDWGD - INFO - [EXP] Época 450/500 - Loss: 1.085383
2025-11-28 05:13:06,552 - LSTMBRDWGD - INFO - [EXP] Época 500/500 - Loss: 13.117112
2025-11-28 05:13:06,553 - LSTMBRDWGD - INFO - Treinamento concluído em 4.03 minutos
2025-11-28 05:13:06,985 - LSTMBRDWGD - INFO - Calculando erro para o train
2025-11-28 05:13:06,986 - LSTMBRDWGD - INFO - RMSE: 2.5862
2025-11-28 05:13:06,986 - LSTMBRDWGD - INFO - MSE : 6.6883
2025-11-28 05:13:06,986 - LSTMBRDWGD - INFO - MAE : 1.1602
2025-11-28 05:13:06,986 - LSTMBRDWGD - INFO - CSI (thr=1.0 mm): 0.5243  [TP=1262, FP=896, FN=249]
2025-11-28 05:13:06,986 - LSTMBRDWGD - INFO - train_pred TRAIN mm min/max: 0.0, 153.02865600585938
2025-11-28 05:13:06,986 - LSTMBRDWGD - INFO - train_TRUE TRAIN mm min/max: 0.0, 154.39999389648438
2025-11-28 05:13:06,986 - LSTMBRDWGD - INFO -  Gerando gráficos TRAIN...
2025-11-28 05:13:07,504 - LSTMBRDWGD - INFO -  Gráficos gerados TRAIN ...
2025-11-28 05:13:07,504 - LSTMBRDWGD - INFO - Calculando erro para parte de teste
2025-11-28 05:13:07,505 - LSTMBRDWGD - INFO - RMSE: 13.8490
2025-11-28 05:13:07,505 - LSTMBRDWGD - INFO - MSE : 191.7959
2025-11-28 05:13:07,505 - LSTMBRDWGD - INFO - MAE : 8.2189
2025-11-28 05:13:07,505 - LSTMBRDWGD - INFO - CSI (thr=1.0 mm): 0.1000  [TP=2, FP=15, FN=3]
2025-11-28 05:13:07,505 - LSTMBRDWGD - INFO - y_pred mm min/max: 0.0, 27.02819061279297
2025-11-28 05:13:07,505 - LSTMBRDWGD - INFO - y_TRUE mm min/max: 0.0, 55.400001525878906
2025-11-28 05:13:07,505 - LSTMBRDWGD - INFO -  Gerando gráficos...
2025-11-28 05:13:07,763 - LSTMBRDWGD - INFO -  Gráficos gerados...
2025-11-28 05:13:07,763 - LSTMBRDWGD - INFO - ==========================================================================================
2025-11-28 05:13:07,763 - LSTMBRDWGD - INFO - Execução finalizada com sucesso.
2025-11-28 05:13:07,763 - LSTMBRDWGD - INFO - Dispositivo utilizado: cuda
2025-11-28 05:13:07,763 - LSTMBRDWGD - INFO - ==========================================================================================
2025-11-28 05:13:13,380 - BiLSTMBRDWGD - INFO - ==========================================================================================
2025-11-28 05:13:13,380 - BiLSTMBRDWGD - INFO - Iniciando script LSTM (PyTorch) BRDWGD com suporte a GPU e logs detalhados.
2025-11-28 05:13:13,380 - BiLSTMBRDWGD - INFO - ==========================================================================================
2025-11-28 05:13:13,380 - BiLSTMBRDWGD - INFO - Iniciando experimento: lookback=30, hidden_dim=64, layers=2, lr=0.001, drop=0.5
2025-11-28 05:13:13,391 - BiLSTMBRDWGD - INFO - Shape treino: torch.Size([5863, 30, 1]), teste: torch.Size([30, 30, 1])
2025-11-28 05:13:13,427 - BiLSTMBRDWGD - INFO - Treinando por 500 épocas...
2025-11-28 05:13:13,977 - BiLSTMBRDWGD - INFO - [EXP] Época 1/500 - Loss: 96.483024
2025-11-28 05:13:40,731 - BiLSTMBRDWGD - INFO - [EXP] Época 50/500 - Loss: 75.975193
2025-11-28 05:14:08,030 - BiLSTMBRDWGD - INFO - [EXP] Época 100/500 - Loss: 33.059379
2025-11-28 05:14:35,412 - BiLSTMBRDWGD - INFO - [EXP] Época 150/500 - Loss: 28.458811
2025-11-28 05:15:02,737 - BiLSTMBRDWGD - INFO - [EXP] Época 200/500 - Loss: 17.376145
2025-11-28 05:15:30,069 - BiLSTMBRDWGD - INFO - [EXP] Época 250/500 - Loss: 14.563165
2025-11-28 05:15:57,381 - BiLSTMBRDWGD - INFO - [EXP] Época 300/500 - Loss: 11.089661
2025-11-28 05:16:24,710 - BiLSTMBRDWGD - INFO - [EXP] Época 350/500 - Loss: 8.023850
2025-11-28 05:16:52,016 - BiLSTMBRDWGD - INFO - [EXP] Época 400/500 - Loss: 8.311177
2025-11-28 05:17:19,322 - BiLSTMBRDWGD - INFO - [EXP] Época 450/500 - Loss: 7.325374
2025-11-28 05:17:46,736 - BiLSTMBRDWGD - INFO - [EXP] Época 500/500 - Loss: 5.970214
2025-11-28 05:17:46,737 - BiLSTMBRDWGD - INFO - Treinamento concluído em 4.56 minutos
2025-11-28 05:17:47,197 - BiLSTMBRDWGD - INFO - Calculando erro para o train
2025-11-28 05:17:47,198 - BiLSTMBRDWGD - INFO - RMSE: 1.8220
2025-11-28 05:17:47,198 - BiLSTMBRDWGD - INFO - MSE : 3.3198
2025-11-28 05:17:47,198 - BiLSTMBRDWGD - INFO - MAE : 0.8076
2025-11-28 05:17:47,198 - BiLSTMBRDWGD - INFO - CSI (thr=1.0 mm): 0.6184  [TP=1131, FP=318, FN=380]
2025-11-28 05:17:47,198 - BiLSTMBRDWGD - INFO - train_pred TRAIN mm min/max: 0.0, 145.43492126464844
2025-11-28 05:17:47,198 - BiLSTMBRDWGD - INFO - train_TRUE TRAIN mm min/max: 0.0, 154.39999389648438
2025-11-28 05:17:47,198 - BiLSTMBRDWGD - INFO -  Gerando gráficos TRAIN...
2025-11-28 05:17:47,529 - BiLSTMBRDWGD - INFO -  Gráficos gerados TRAIN ...
2025-11-28 05:17:47,529 - BiLSTMBRDWGD - INFO - Calculando erro para parte de teste
2025-11-28 05:17:47,530 - BiLSTMBRDWGD - INFO - RMSE: 12.3003
2025-11-28 05:17:47,530 - BiLSTMBRDWGD - INFO - MSE : 151.2984
2025-11-28 05:17:47,530 - BiLSTMBRDWGD - INFO - MAE : 6.1942
2025-11-28 05:17:47,530 - BiLSTMBRDWGD - INFO - CSI (thr=1.0 mm): 0.2667  [TP=4, FP=10, FN=1]
2025-11-28 05:17:47,530 - BiLSTMBRDWGD - INFO - y_pred mm min/max: 0.0, 33.59265899658203
2025-11-28 05:17:47,530 - BiLSTMBRDWGD - INFO - y_TRUE mm min/max: 0.0, 55.400001525878906
2025-11-28 05:17:47,530 - BiLSTMBRDWGD - INFO -  Gerando gráficos...
2025-11-28 05:17:47,787 - BiLSTMBRDWGD - INFO -  Gráficos gerados...
2025-11-28 05:17:47,787 - BiLSTMBRDWGD - INFO - ==========================================================================================
2025-11-28 05:17:47,787 - BiLSTMBRDWGD - INFO - Execução finalizada com sucesso.
2025-11-28 05:17:47,787 - BiLSTMBRDWGD - INFO - Dispositivo utilizado: cuda
2025-11-28 05:17:47,787 - BiLSTMBRDWGD - INFO - ==========================================================================================
2025-11-28 05:17:54,009 - LSTMBRDWGD - INFO - ==========================================================================================
2025-11-28 05:17:54,009 - LSTMBRDWGD - INFO - Iniciando script LSTM (PyTorch) BRDWGD com suporte a GPU e logs detalhados.
2025-11-28 05:17:54,009 - LSTMBRDWGD - INFO - ==========================================================================================
2025-11-28 05:17:54,009 - LSTMBRDWGD - INFO - Iniciando experimento: lookback=30, hidden_dim=128, layers=2, lr=0.001, drop=0.5
2025-11-28 05:17:54,018 - LSTMBRDWGD - INFO - Shape treino: torch.Size([5863, 30, 1]), teste: torch.Size([30, 30, 1])
2025-11-28 05:17:54,034 - LSTMBRDWGD - INFO - Treinando por 500 épocas...
2025-11-28 05:17:54,638 - LSTMBRDWGD - INFO - [EXP] Época 1/500 - Loss: 96.966824
2025-11-28 05:18:24,123 - LSTMBRDWGD - INFO - [EXP] Época 50/500 - Loss: 32.593198
2025-11-28 05:18:54,252 - LSTMBRDWGD - INFO - [EXP] Época 100/500 - Loss: 23.615240
2025-11-28 05:19:24,280 - LSTMBRDWGD - INFO - [EXP] Época 150/500 - Loss: 5.708867
2025-11-28 05:19:54,321 - LSTMBRDWGD - INFO - [EXP] Época 200/500 - Loss: 1.292010
2025-11-28 05:20:24,348 - LSTMBRDWGD - INFO - [EXP] Época 250/500 - Loss: 0.879132
2025-11-28 05:20:54,391 - LSTMBRDWGD - INFO - [EXP] Época 300/500 - Loss: 0.741625
2025-11-28 05:21:24,425 - LSTMBRDWGD - INFO - [EXP] Época 350/500 - Loss: 1.031571
2025-11-28 05:21:54,446 - LSTMBRDWGD - INFO - [EXP] Época 400/500 - Loss: 0.678436
2025-11-28 05:22:24,473 - LSTMBRDWGD - INFO - [EXP] Época 450/500 - Loss: 1.028482
2025-11-28 05:22:54,505 - LSTMBRDWGD - INFO - [EXP] Época 500/500 - Loss: 0.359385
2025-11-28 05:22:54,505 - LSTMBRDWGD - INFO - Treinamento concluído em 5.01 minutos
2025-11-28 05:22:54,994 - LSTMBRDWGD - INFO - Calculando erro para o train
2025-11-28 05:22:54,995 - LSTMBRDWGD - INFO - RMSE: 0.3623
2025-11-28 05:22:54,995 - LSTMBRDWGD - INFO - MSE : 0.1313
2025-11-28 05:22:54,995 - LSTMBRDWGD - INFO - MAE : 0.1406
2025-11-28 05:22:54,995 - LSTMBRDWGD - INFO - CSI (thr=1.0 mm): 0.9567  [TP=1459, FP=14, FN=52]
2025-11-28 05:22:54,995 - LSTMBRDWGD - INFO - train_pred TRAIN mm min/max: 0.0, 154.5821075439453
2025-11-28 05:22:54,995 - LSTMBRDWGD - INFO - train_TRUE TRAIN mm min/max: 0.0, 154.39999389648438
2025-11-28 05:22:54,995 - LSTMBRDWGD - INFO -  Gerando gráficos TRAIN...
2025-11-28 05:22:55,302 - LSTMBRDWGD - INFO -  Gráficos gerados TRAIN ...
2025-11-28 05:22:55,302 - LSTMBRDWGD - INFO - Calculando erro para parte de teste
2025-11-28 05:22:55,303 - LSTMBRDWGD - INFO - RMSE: 14.0337
2025-11-28 05:22:55,303 - LSTMBRDWGD - INFO - MSE : 196.9434
2025-11-28 05:22:55,303 - LSTMBRDWGD - INFO - MAE : 8.2292
2025-11-28 05:22:55,303 - LSTMBRDWGD - INFO - CSI (thr=1.0 mm): 0.2632  [TP=5, FP=14, FN=0]
2025-11-28 05:22:55,303 - LSTMBRDWGD - INFO - y_pred mm min/max: 0.0, 31.245059967041016
2025-11-28 05:22:55,303 - LSTMBRDWGD - INFO - y_TRUE mm min/max: 0.0, 55.400001525878906
2025-11-28 05:22:55,303 - LSTMBRDWGD - INFO -  Gerando gráficos...
2025-11-28 05:22:55,543 - LSTMBRDWGD - INFO -  Gráficos gerados...
2025-11-28 05:22:55,543 - LSTMBRDWGD - INFO - ==========================================================================================
2025-11-28 05:22:55,543 - LSTMBRDWGD - INFO - Execução finalizada com sucesso.
2025-11-28 05:22:55,543 - LSTMBRDWGD - INFO - Dispositivo utilizado: cuda
2025-11-28 05:22:55,543 - LSTMBRDWGD - INFO - ==========================================================================================
2025-11-28 05:23:01,244 - BiLSTMBRDWGD - INFO - ==========================================================================================
2025-11-28 05:23:01,244 - BiLSTMBRDWGD - INFO - Iniciando script LSTM (PyTorch) BRDWGD com suporte a GPU e logs detalhados.
2025-11-28 05:23:01,244 - BiLSTMBRDWGD - INFO - ==========================================================================================
2025-11-28 05:23:01,244 - BiLSTMBRDWGD - INFO - Iniciando experimento: lookback=30, hidden_dim=128, layers=2, lr=0.001, drop=0.5
2025-11-28 05:23:01,254 - BiLSTMBRDWGD - INFO - Shape treino: torch.Size([5863, 30, 1]), teste: torch.Size([30, 30, 1])
2025-11-28 05:23:01,284 - BiLSTMBRDWGD - INFO - Treinando por 500 épocas...
2025-11-28 05:23:02,066 - BiLSTMBRDWGD - INFO - [EXP] Época 1/500 - Loss: 96.395017
2025-11-28 05:23:40,384 - BiLSTMBRDWGD - INFO - [EXP] Época 50/500 - Loss: 51.247683
2025-11-28 05:24:19,504 - BiLSTMBRDWGD - INFO - [EXP] Época 100/500 - Loss: 17.523197
2025-11-28 05:24:58,632 - BiLSTMBRDWGD - INFO - [EXP] Época 150/500 - Loss: 13.179187
2025-11-28 05:25:37,756 - BiLSTMBRDWGD - INFO - [EXP] Época 200/500 - Loss: 7.601958
2025-11-28 05:26:16,884 - BiLSTMBRDWGD - INFO - [EXP] Época 250/500 - Loss: 17.217287
2025-11-28 05:26:55,997 - BiLSTMBRDWGD - INFO - [EXP] Época 300/500 - Loss: 4.230936
2025-11-28 05:27:35,106 - BiLSTMBRDWGD - INFO - [EXP] Época 350/500 - Loss: 4.232983
2025-11-28 05:28:14,214 - BiLSTMBRDWGD - INFO - [EXP] Época 400/500 - Loss: 3.279974
2025-11-28 05:28:53,320 - BiLSTMBRDWGD - INFO - [EXP] Época 450/500 - Loss: 3.821678
2025-11-28 05:29:32,423 - BiLSTMBRDWGD - INFO - [EXP] Época 500/500 - Loss: 3.202779
2025-11-28 05:29:32,423 - BiLSTMBRDWGD - INFO - Treinamento concluído em 6.52 minutos
2025-11-28 05:29:33,000 - BiLSTMBRDWGD - INFO - Calculando erro para o train
2025-11-28 05:29:33,001 - BiLSTMBRDWGD - INFO - RMSE: 1.1712
2025-11-28 05:29:33,001 - BiLSTMBRDWGD - INFO - MSE : 1.3717
2025-11-28 05:29:33,001 - BiLSTMBRDWGD - INFO - MAE : 0.4345
2025-11-28 05:29:33,001 - BiLSTMBRDWGD - INFO - CSI (thr=1.0 mm): 0.8370  [TP=1304, FP=47, FN=207]
2025-11-28 05:29:33,001 - BiLSTMBRDWGD - INFO - train_pred TRAIN mm min/max: 0.0, 149.79800415039062
2025-11-28 05:29:33,001 - BiLSTMBRDWGD - INFO - train_TRUE TRAIN mm min/max: 0.0, 154.39999389648438
2025-11-28 05:29:33,001 - BiLSTMBRDWGD - INFO -  Gerando gráficos TRAIN...
2025-11-28 05:29:33,309 - BiLSTMBRDWGD - INFO -  Gráficos gerados TRAIN ...
2025-11-28 05:29:33,309 - BiLSTMBRDWGD - INFO - Calculando erro para parte de teste
2025-11-28 05:29:33,309 - BiLSTMBRDWGD - INFO - RMSE: 15.2911
2025-11-28 05:29:33,309 - BiLSTMBRDWGD - INFO - MSE : 233.8187
2025-11-28 05:29:33,309 - BiLSTMBRDWGD - INFO - MAE : 7.9254
2025-11-28 05:29:33,309 - BiLSTMBRDWGD - INFO - CSI (thr=1.0 mm): 0.2143  [TP=3, FP=9, FN=2]
2025-11-28 05:29:33,310 - BiLSTMBRDWGD - INFO - y_pred mm min/max: 0.0, 58.752662658691406
2025-11-28 05:29:33,310 - BiLSTMBRDWGD - INFO - y_TRUE mm min/max: 0.0, 55.400001525878906
2025-11-28 05:29:33,310 - BiLSTMBRDWGD - INFO -  Gerando gráficos...
2025-11-28 05:29:33,560 - BiLSTMBRDWGD - INFO -  Gráficos gerados...
2025-11-28 05:29:33,560 - BiLSTMBRDWGD - INFO - ==========================================================================================
2025-11-28 05:29:33,560 - BiLSTMBRDWGD - INFO - Execução finalizada com sucesso.
2025-11-28 05:29:33,560 - BiLSTMBRDWGD - INFO - Dispositivo utilizado: cuda
2025-11-28 05:29:33,560 - BiLSTMBRDWGD - INFO - ==========================================================================================
2025-11-28 05:29:39,474 - LSTMBRDWGD - INFO - ==========================================================================================
2025-11-28 05:29:39,474 - LSTMBRDWGD - INFO - Iniciando script LSTM (PyTorch) BRDWGD com suporte a GPU e logs detalhados.
2025-11-28 05:29:39,475 - LSTMBRDWGD - INFO - ==========================================================================================
2025-11-28 05:29:39,475 - LSTMBRDWGD - INFO - Iniciando experimento: lookback=30, hidden_dim=256, layers=2, lr=0.001, drop=0.5
2025-11-28 05:29:39,485 - LSTMBRDWGD - INFO - Shape treino: torch.Size([5863, 30, 1]), teste: torch.Size([30, 30, 1])
2025-11-28 05:29:39,504 - LSTMBRDWGD - INFO - Treinando por 500 épocas...
2025-11-28 05:29:40,752 - LSTMBRDWGD - INFO - [EXP] Época 1/500 - Loss: 97.088796
2025-11-28 05:30:42,012 - LSTMBRDWGD - INFO - [EXP] Época 50/500 - Loss: 19.618682
2025-11-28 05:31:44,515 - LSTMBRDWGD - INFO - [EXP] Época 100/500 - Loss: 2.157305
2025-11-28 05:32:47,035 - LSTMBRDWGD - INFO - [EXP] Época 150/500 - Loss: 1.421403
2025-11-28 05:33:49,549 - LSTMBRDWGD - INFO - [EXP] Época 200/500 - Loss: 1.536337
2025-11-28 05:34:52,062 - LSTMBRDWGD - INFO - [EXP] Época 250/500 - Loss: 0.622296
2025-11-28 05:35:54,565 - LSTMBRDWGD - INFO - [EXP] Época 300/500 - Loss: 0.377236
2025-11-28 05:36:56,616 - LSTMBRDWGD - INFO - [EXP] Época 350/500 - Loss: 0.491995
2025-11-28 05:37:49,189 - LSTMBRDWGD - INFO - [EXP] Época 400/500 - Loss: 1.068583
2025-11-28 05:38:16,100 - LSTMBRDWGD - INFO - [EXP] Época 450/500 - Loss: 0.553087
2025-11-28 05:38:43,429 - LSTMBRDWGD - INFO - [EXP] Época 500/500 - Loss: 0.257293
2025-11-28 05:38:43,429 - LSTMBRDWGD - INFO - Treinamento concluído em 9.07 minutos
2025-11-28 05:38:43,565 - LSTMBRDWGD - INFO - Calculando erro para o train
2025-11-28 05:38:43,566 - LSTMBRDWGD - INFO - RMSE: 0.3258
2025-11-28 05:38:43,566 - LSTMBRDWGD - INFO - MSE : 0.1061
2025-11-28 05:38:43,566 - LSTMBRDWGD - INFO - MAE : 0.1343
2025-11-28 05:38:43,566 - LSTMBRDWGD - INFO - CSI (thr=1.0 mm): 0.9653  [TP=1476, FP=18, FN=35]
2025-11-28 05:38:43,566 - LSTMBRDWGD - INFO - train_pred TRAIN mm min/max: 0.0, 154.20436096191406
2025-11-28 05:38:43,566 - LSTMBRDWGD - INFO - train_TRUE TRAIN mm min/max: 0.0, 154.39999389648438
2025-11-28 05:38:43,566 - LSTMBRDWGD - INFO -  Gerando gráficos TRAIN...
2025-11-28 05:38:48,357 - LSTMBRDWGD - INFO -  Gráficos gerados TRAIN ...
2025-11-28 05:38:48,357 - LSTMBRDWGD - INFO - Calculando erro para parte de teste
2025-11-28 05:38:48,357 - LSTMBRDWGD - INFO - RMSE: 13.4484
2025-11-28 05:38:48,357 - LSTMBRDWGD - INFO - MSE : 180.8603
2025-11-28 05:38:48,357 - LSTMBRDWGD - INFO - MAE : 6.0014
2025-11-28 05:38:48,357 - LSTMBRDWGD - INFO - CSI (thr=1.0 mm): 0.2727  [TP=3, FP=6, FN=2]
2025-11-28 05:38:48,357 - LSTMBRDWGD - INFO - y_pred mm min/max: 0.0, 12.365579605102539
2025-11-28 05:38:48,358 - LSTMBRDWGD - INFO - y_TRUE mm min/max: 0.0, 55.400001525878906
2025-11-28 05:38:48,358 - LSTMBRDWGD - INFO -  Gerando gráficos...
2025-11-28 05:38:50,393 - LSTMBRDWGD - INFO -  Gráficos gerados...
2025-11-28 05:38:50,393 - LSTMBRDWGD - INFO - ==========================================================================================
2025-11-28 05:38:50,393 - LSTMBRDWGD - INFO - Execução finalizada com sucesso.
2025-11-28 05:38:50,393 - LSTMBRDWGD - INFO - Dispositivo utilizado: cuda
2025-11-28 05:38:50,393 - LSTMBRDWGD - INFO - ==========================================================================================
2025-11-28 05:39:01,190 - BiLSTMBRDWGD - INFO - ==========================================================================================
2025-11-28 05:39:01,191 - BiLSTMBRDWGD - INFO - Iniciando script LSTM (PyTorch) BRDWGD com suporte a GPU e logs detalhados.
2025-11-28 05:39:01,191 - BiLSTMBRDWGD - INFO - ==========================================================================================
2025-11-28 05:39:01,191 - BiLSTMBRDWGD - INFO - Iniciando experimento: lookback=30, hidden_dim=256, layers=2, lr=0.001, drop=0.5
2025-11-28 05:39:01,195 - BiLSTMBRDWGD - INFO - Shape treino: torch.Size([5863, 30, 1]), teste: torch.Size([30, 30, 1])
2025-11-28 05:39:01,205 - BiLSTMBRDWGD - INFO - Treinando por 500 épocas...
2025-11-28 05:39:02,060 - BiLSTMBRDWGD - INFO - [EXP] Época 1/500 - Loss: 96.158557
2025-11-28 05:39:43,963 - BiLSTMBRDWGD - INFO - [EXP] Época 50/500 - Loss: 68.011764
2025-11-28 05:40:42,570 - BiLSTMBRDWGD - INFO - [EXP] Época 100/500 - Loss: 15.676385
2025-11-28 05:42:06,669 - BiLSTMBRDWGD - INFO - [EXP] Época 150/500 - Loss: 6.131237
2025-11-28 05:43:30,742 - BiLSTMBRDWGD - INFO - [EXP] Época 200/500 - Loss: 10.347070
2025-11-28 05:44:54,743 - BiLSTMBRDWGD - INFO - [EXP] Época 250/500 - Loss: 3.435026
2025-11-28 05:46:18,939 - BiLSTMBRDWGD - INFO - [EXP] Época 300/500 - Loss: 3.055753
2025-11-28 05:47:43,223 - BiLSTMBRDWGD - INFO - [EXP] Época 350/500 - Loss: 2.672754
2025-11-28 05:49:07,375 - BiLSTMBRDWGD - INFO - [EXP] Época 400/500 - Loss: 6.528875
2025-11-28 05:50:31,818 - BiLSTMBRDWGD - INFO - [EXP] Época 450/500 - Loss: 2.278343
2025-11-28 05:51:56,232 - BiLSTMBRDWGD - INFO - [EXP] Época 500/500 - Loss: 1.990453
2025-11-28 05:51:56,232 - BiLSTMBRDWGD - INFO - Treinamento concluído em 12.92 minutos
2025-11-28 05:51:56,884 - BiLSTMBRDWGD - INFO - Calculando erro para o train
2025-11-28 05:51:56,885 - BiLSTMBRDWGD - INFO - RMSE: 0.8515
2025-11-28 05:51:56,885 - BiLSTMBRDWGD - INFO - MSE : 0.7250
2025-11-28 05:51:56,885 - BiLSTMBRDWGD - INFO - MAE : 0.3062
2025-11-28 05:51:56,885 - BiLSTMBRDWGD - INFO - CSI (thr=1.0 mm): 0.9040  [TP=1393, FP=30, FN=118]
2025-11-28 05:51:56,885 - BiLSTMBRDWGD - INFO - train_pred TRAIN mm min/max: 0.0, 149.174072265625
2025-11-28 05:51:56,885 - BiLSTMBRDWGD - INFO - train_TRUE TRAIN mm min/max: 0.0, 154.39999389648438
2025-11-28 05:51:56,885 - BiLSTMBRDWGD - INFO -  Gerando gráficos TRAIN...
2025-11-28 05:51:57,235 - BiLSTMBRDWGD - INFO -  Gráficos gerados TRAIN ...
2025-11-28 05:51:57,235 - BiLSTMBRDWGD - INFO - Calculando erro para parte de teste
2025-11-28 05:51:57,236 - BiLSTMBRDWGD - INFO - RMSE: 14.0010
2025-11-28 05:51:57,236 - BiLSTMBRDWGD - INFO - MSE : 196.0280
2025-11-28 05:51:57,236 - BiLSTMBRDWGD - INFO - MAE : 7.0834
2025-11-28 05:51:57,236 - BiLSTMBRDWGD - INFO - CSI (thr=1.0 mm): 0.2308  [TP=3, FP=8, FN=2]
2025-11-28 05:51:57,236 - BiLSTMBRDWGD - INFO - y_pred mm min/max: 0.0, 30.236852645874023
2025-11-28 05:51:57,236 - BiLSTMBRDWGD - INFO - y_TRUE mm min/max: 0.0, 55.400001525878906
2025-11-28 05:51:57,236 - BiLSTMBRDWGD - INFO -  Gerando gráficos...
2025-11-28 05:51:57,493 - BiLSTMBRDWGD - INFO -  Gráficos gerados...
2025-11-28 05:51:57,493 - BiLSTMBRDWGD - INFO - ==========================================================================================
2025-11-28 05:51:57,493 - BiLSTMBRDWGD - INFO - Execução finalizada com sucesso.
2025-11-28 05:51:57,493 - BiLSTMBRDWGD - INFO - Dispositivo utilizado: cuda
2025-11-28 05:51:57,493 - BiLSTMBRDWGD - INFO - ==========================================================================================
2025-11-28 05:52:03,463 - ARIMA_BRDWGD - INFO - ==========================================================================================
2025-11-28 05:52:03,463 - ARIMA_BRDWGD - INFO - Iniciando script ARIMA BRDWGD.
2025-11-28 05:52:03,464 - ARIMA_BRDWGD - INFO - ==========================================================================================
2025-11-28 05:52:03,464 - ARIMA_BRDWGD - INFO - Tamanho treino: 5894 | teste: 30
2025-11-28 05:52:03,464 - ARIMA_BRDWGD - INFO - [FASE 4] Iniciando busca manual por hiperparâmetros (AIC).
2025-11-28 06:04:32,778 - ARIMA_BRDWGD - INFO - Melhor order encontrado: (30, 0, 2)
2025-11-28 06:04:32,778 - ARIMA_BRDWGD - INFO - Melhor AIC (treino): 43303.74
2025-11-28 06:04:32,778 - ARIMA_BRDWGD - INFO - Tempo da Fase 4: 749.31s
2025-11-28 06:04:32,778 - ARIMA_BRDWGD - INFO - [FASE 5] Reajustando melhor modelo no conjunto de treino.
2025-11-28 06:08:49,598 - ARIMA_BRDWGD - INFO - Melhor modelo ajustado no treino.
2025-11-28 06:08:49,598 - ARIMA_BRDWGD - INFO - Tempo da Fase 5: 256.82s
2025-11-28 06:08:49,598 - ARIMA_BRDWGD - INFO - [FASE 6] Gerando previsões no conjunto de teste e avaliando métricas.
2025-11-28 06:08:49,600 - ARIMA_BRDWGD - INFO - RMSE: 9.4766
2025-11-28 06:08:49,600 - ARIMA_BRDWGD - INFO - MSE : 89.8066
2025-11-28 06:08:49,600 - ARIMA_BRDWGD - INFO - MAE : 4.4990
2025-11-28 06:08:49,600 - ARIMA_BRDWGD - INFO - CSI (thr=1.0 mm): 0.2575  [TP=1505, FP=4319, FN=20]
2025-11-28 06:08:49,600 - ARIMA_BRDWGD - INFO - [TREINO] RMSE=9.4766 | MSE=89.8066 | MAE=4.4990 | CSI=0.2575
2025-11-28 06:08:49,603 - ARIMA_BRDWGD - INFO - RMSE: 13.2564
2025-11-28 06:08:49,603 - ARIMA_BRDWGD - INFO - MSE : 175.7328
2025-11-28 06:08:49,603 - ARIMA_BRDWGD - INFO - MAE : 7.3414
2025-11-28 06:08:49,604 - ARIMA_BRDWGD - INFO - CSI (thr=1.0 mm): 0.2000  [TP=6, FP=24, FN=0]
2025-11-28 06:08:49,604 - ARIMA_BRDWGD - INFO - Tempo total da Fase 6: 0.01s
2025-11-28 06:08:49,604 - ARIMA_BRDWGD - INFO - [FASE 7] Salvando gráfico de previsão vs. observado.
2025-11-28 06:08:50,227 - ARIMA_BRDWGD - INFO - Gráfico salvo como 'arimaBRDWGD_result.png'.
2025-11-28 06:08:50,227 - ARIMA_BRDWGD - INFO - ==========================================================================================
2025-11-28 06:08:50,227 - ARIMA_BRDWGD - INFO - Execução ARIMA BRDWGD finalizada com sucesso.
2025-11-28 06:08:50,227 - ARIMA_BRDWGD - INFO - Tempo total de execução: 1006.76s
2025-11-28 06:08:50,227 - ARIMA_BRDWGD - INFO - ==========================================================================================
2025-11-28 06:08:55,863 - RANDOM_FOREST_BRDWGD - INFO - ====================================================================================================
2025-11-28 06:08:55,863 - RANDOM_FOREST_BRDWGD - INFO - Iniciando Random Forest BRDWGD com GridSearchCV.
2025-11-28 06:08:55,863 - RANDOM_FOREST_BRDWGD - INFO - ====================================================================================================
2025-11-28 06:08:55,863 - RANDOM_FOREST_BRDWGD - INFO - [FASE 3] Split treino/teste e preparação.
2025-11-28 06:08:55,866 - RANDOM_FOREST_BRDWGD - INFO - [FASE 3] Treino: X=(5864, 30), y=5864 | Teste: X=(30, 30), y=30
2025-11-28 06:08:55,866 - RANDOM_FOREST_BRDWGD - INFO - [FASE 3] Tempo: 0.00s
2025-11-28 06:08:55,866 - RANDOM_FOREST_BRDWGD - INFO - [FASE 4] Iniciando GridSearchCV (TimeSeriesSplit).
2025-11-28 06:09:57,652 - RANDOM_FOREST_BRDWGD - INFO - [FASE 4] GridSearchCV concluído em 61.79s
2025-11-28 06:09:57,652 - RANDOM_FOREST_BRDWGD - INFO - [FASE 4] Melhores parâmetros: {'max_depth': None, 'max_features': 'sqrt', 'min_samples_leaf': 4, 'min_samples_split': 10, 'n_estimators': 200}
2025-11-28 06:09:57,652 - RANDOM_FOREST_BRDWGD - INFO - [FASE 4] Melhor score (neg_MSE): -98.818296
2025-11-28 06:09:57,652 - RANDOM_FOREST_BRDWGD - INFO - [FASE 4] Tempo: 61.79s
2025-11-28 06:09:57,652 - RANDOM_FOREST_BRDWGD - INFO - [FASE 5] Treinando best_estimator_ no conjunto de treino.
2025-11-28 06:09:57,908 - RANDOM_FOREST_BRDWGD - INFO - [FASE 5] Tempo: 0.26s
2025-11-28 06:09:57,908 - RANDOM_FOREST_BRDWGD - INFO - [FASE 6] Previsão e cálculo de métricas.
2025-11-28 06:09:57,942 - RANDOM_FOREST_BRDWGD - INFO - RMSE: 7.5402
2025-11-28 06:09:57,942 - RANDOM_FOREST_BRDWGD - INFO - MSE : 56.8553
2025-11-28 06:09:57,942 - RANDOM_FOREST_BRDWGD - INFO - MAE : 3.4162
2025-11-28 06:09:57,942 - RANDOM_FOREST_BRDWGD - INFO - CSI (thr=1.0 mm): 0.3223  [TP=1491, FP=3115, FN=20]
2025-11-28 06:09:57,942 - RANDOM_FOREST_BRDWGD - INFO - [TREINO] RMSE=7.5402 | MSE=56.8553 | MAE=3.4162 | CSI=0.3223
2025-11-28 06:09:57,965 - RANDOM_FOREST_BRDWGD - INFO - y_pred raw min/max: 1.993143407697288, 10.419484206937065
2025-11-28 06:09:57,965 - RANDOM_FOREST_BRDWGD - INFO - y_TRUE raw min/max: 0.0, 55.400001525878906
2025-11-28 06:09:57,965 - RANDOM_FOREST_BRDWGD - INFO - RMSE: 12.8944
2025-11-28 06:09:57,965 - RANDOM_FOREST_BRDWGD - INFO - MSE : 166.2649
2025-11-28 06:09:57,966 - RANDOM_FOREST_BRDWGD - INFO - MAE : 7.6742
2025-11-28 06:09:57,966 - RANDOM_FOREST_BRDWGD - INFO - CSI (thr=1.0 mm): 0.2000  [TP=6, FP=24, FN=0]
2025-11-28 06:09:57,966 - RANDOM_FOREST_BRDWGD - INFO - [FASE 7] Gerando gráficos.
2025-11-28 06:09:58,554 - RANDOM_FOREST_BRDWGD - INFO - Gráfico salvo como 'random_forest_BRDWGD.png'.
2025-11-28 06:09:58,554 - RANDOM_FOREST_BRDWGD - INFO - [FASE 7] Tempo: 0.59s
2025-11-28 06:09:58,554 - RANDOM_FOREST_BRDWGD - INFO - ====================================================================================================
2025-11-28 06:09:58,554 - RANDOM_FOREST_BRDWGD - INFO - Resumo Final
2025-11-28 06:09:58,554 - RANDOM_FOREST_BRDWGD - INFO - Melhores parâmetros: {'max_depth': None, 'max_features': 'sqrt', 'min_samples_leaf': 4, 'min_samples_split': 10, 'n_estimators': 200}
2025-11-28 06:09:58,554 - RANDOM_FOREST_BRDWGD - INFO - Tempo total de execução: 62.69s
2025-11-28 06:09:58,554 - RANDOM_FOREST_BRDWGD - INFO - ====================================================================================================
2025-11-28 06:10:04,191 - LSTMBRDWGD - INFO - ==========================================================================================
2025-11-28 06:10:04,191 - LSTMBRDWGD - INFO - Iniciando script LSTM (PyTorch) BRDWGD com suporte a GPU e logs detalhados.
2025-11-28 06:10:04,192 - LSTMBRDWGD - INFO - ==========================================================================================
2025-11-28 06:10:04,192 - LSTMBRDWGD - INFO - Iniciando experimento: lookback=30, hidden_dim=32, layers=2, lr=0.001, drop=0.5
2025-11-28 06:10:04,204 - LSTMBRDWGD - INFO - Shape treino: torch.Size([5863, 30, 1]), teste: torch.Size([30, 30, 1])
2025-11-28 06:10:04,227 - LSTMBRDWGD - INFO - Treinando por 500 épocas...
2025-11-28 06:10:04,693 - LSTMBRDWGD - INFO - [EXP] Época 1/500 - Loss: 98.874761
2025-11-28 06:10:27,484 - LSTMBRDWGD - INFO - [EXP] Época 50/500 - Loss: 89.144226
2025-11-28 06:10:50,733 - LSTMBRDWGD - INFO - [EXP] Época 100/500 - Loss: 58.552312
2025-11-28 06:11:13,992 - LSTMBRDWGD - INFO - [EXP] Época 150/500 - Loss: 32.575807
2025-11-28 06:11:37,248 - LSTMBRDWGD - INFO - [EXP] Época 200/500 - Loss: 22.410232
2025-11-28 06:12:00,502 - LSTMBRDWGD - INFO - [EXP] Época 250/500 - Loss: 21.378060
2025-11-28 06:12:23,755 - LSTMBRDWGD - INFO - [EXP] Época 300/500 - Loss: 16.914275
2025-11-28 06:12:47,009 - LSTMBRDWGD - INFO - [EXP] Época 350/500 - Loss: 11.824829
2025-11-28 06:13:10,261 - LSTMBRDWGD - INFO - [EXP] Época 400/500 - Loss: 14.748476
2025-11-28 06:13:33,524 - LSTMBRDWGD - INFO - [EXP] Época 450/500 - Loss: 9.606643
2025-11-28 06:13:56,787 - LSTMBRDWGD - INFO - [EXP] Época 500/500 - Loss: 6.443491
2025-11-28 06:13:56,787 - LSTMBRDWGD - INFO - Treinamento concluído em 3.88 minutos
2025-11-28 06:13:57,178 - LSTMBRDWGD - INFO - Calculando erro para o train
2025-11-28 06:13:57,178 - LSTMBRDWGD - INFO - RMSE: 2.1101
2025-11-28 06:13:57,179 - LSTMBRDWGD - INFO - MSE : 4.4524
2025-11-28 06:13:57,179 - LSTMBRDWGD - INFO - MAE : 1.0157
2025-11-28 06:13:57,179 - LSTMBRDWGD - INFO - CSI (thr=1.0 mm): 0.4942  [TP=1310, FP=1140, FN=201]
2025-11-28 06:13:57,179 - LSTMBRDWGD - INFO - train_pred TRAIN mm min/max: 0.0, 141.80377197265625
2025-11-28 06:13:57,179 - LSTMBRDWGD - INFO - train_TRUE TRAIN mm min/max: 0.0, 154.39999389648438
2025-11-28 06:13:57,179 - LSTMBRDWGD - INFO -  Gerando gráficos TRAIN...
2025-11-28 06:13:57,506 - LSTMBRDWGD - INFO -  Gráficos gerados TRAIN ...
2025-11-28 06:13:57,506 - LSTMBRDWGD - INFO - Calculando erro para parte de teste
2025-11-28 06:13:57,507 - LSTMBRDWGD - INFO - RMSE: 10.9457
2025-11-28 06:13:57,507 - LSTMBRDWGD - INFO - MSE : 119.8078
2025-11-28 06:13:57,507 - LSTMBRDWGD - INFO - MAE : 7.0040
2025-11-28 06:13:57,507 - LSTMBRDWGD - INFO - CSI (thr=1.0 mm): 0.2000  [TP=4, FP=15, FN=1]
2025-11-28 06:13:57,507 - LSTMBRDWGD - INFO - y_pred mm min/max: 0.0, 54.43040084838867
2025-11-28 06:13:57,507 - LSTMBRDWGD - INFO - y_TRUE mm min/max: 0.0, 55.400001525878906
2025-11-28 06:13:57,507 - LSTMBRDWGD - INFO -  Gerando gráficos...
2025-11-28 06:13:57,764 - LSTMBRDWGD - INFO -  Gráficos gerados...
2025-11-28 06:13:57,764 - LSTMBRDWGD - INFO - ==========================================================================================
2025-11-28 06:13:57,764 - LSTMBRDWGD - INFO - Execução finalizada com sucesso.
2025-11-28 06:13:57,764 - LSTMBRDWGD - INFO - Dispositivo utilizado: cuda
2025-11-28 06:13:57,764 - LSTMBRDWGD - INFO - ==========================================================================================
2025-11-28 06:14:03,394 - BiLSTMBRDWGD - INFO - ==========================================================================================
2025-11-28 06:14:03,394 - BiLSTMBRDWGD - INFO - Iniciando script LSTM (PyTorch) BRDWGD com suporte a GPU e logs detalhados.
2025-11-28 06:14:03,394 - BiLSTMBRDWGD - INFO - ==========================================================================================
2025-11-28 06:14:03,394 - BiLSTMBRDWGD - INFO - Iniciando experimento: lookback=30, hidden_dim=32, layers=2, lr=0.001, drop=0.5
2025-11-28 06:14:03,405 - BiLSTMBRDWGD - INFO - Shape treino: torch.Size([5863, 30, 1]), teste: torch.Size([30, 30, 1])
2025-11-28 06:14:03,446 - BiLSTMBRDWGD - INFO - Treinando por 500 épocas...
2025-11-28 06:14:03,939 - BiLSTMBRDWGD - INFO - [EXP] Época 1/500 - Loss: 97.851629
2025-11-28 06:14:28,083 - BiLSTMBRDWGD - INFO - [EXP] Época 50/500 - Loss: 89.058956
2025-11-28 06:14:52,748 - BiLSTMBRDWGD - INFO - [EXP] Época 100/500 - Loss: 71.673450
2025-11-28 06:15:18,147 - BiLSTMBRDWGD - INFO - [EXP] Época 150/500 - Loss: 55.687129
2025-11-28 06:15:42,706 - BiLSTMBRDWGD - INFO - [EXP] Época 200/500 - Loss: 40.135840
2025-11-28 06:16:07,287 - BiLSTMBRDWGD - INFO - [EXP] Época 250/500 - Loss: 35.270135
2025-11-28 06:16:31,831 - BiLSTMBRDWGD - INFO - [EXP] Época 300/500 - Loss: 29.819091
2025-11-28 06:16:56,363 - BiLSTMBRDWGD - INFO - [EXP] Época 350/500 - Loss: 31.461899
2025-11-28 06:17:20,967 - BiLSTMBRDWGD - INFO - [EXP] Época 400/500 - Loss: 24.493299
2025-11-28 06:17:45,507 - BiLSTMBRDWGD - INFO - [EXP] Época 450/500 - Loss: 24.297067
2025-11-28 06:18:10,045 - BiLSTMBRDWGD - INFO - [EXP] Época 500/500 - Loss: 21.118143
2025-11-28 06:18:10,045 - BiLSTMBRDWGD - INFO - Treinamento concluído em 4.11 minutos
2025-11-28 06:18:10,476 - BiLSTMBRDWGD - INFO - Calculando erro para o train
2025-11-28 06:18:10,477 - BiLSTMBRDWGD - INFO - RMSE: 3.9893
2025-11-28 06:18:10,477 - BiLSTMBRDWGD - INFO - MSE : 15.9144
2025-11-28 06:18:10,477 - BiLSTMBRDWGD - INFO - MAE : 1.6543
2025-11-28 06:18:10,477 - BiLSTMBRDWGD - INFO - CSI (thr=1.0 mm): 0.3941  [TP=1135, FP=1369, FN=376]
2025-11-28 06:18:10,477 - BiLSTMBRDWGD - INFO - train_pred TRAIN mm min/max: 0.0, 144.64010620117188
2025-11-28 06:18:10,477 - BiLSTMBRDWGD - INFO - train_TRUE TRAIN mm min/max: 0.0, 154.39999389648438
2025-11-28 06:18:10,477 - BiLSTMBRDWGD - INFO -  Gerando gráficos TRAIN...
2025-11-28 06:18:10,808 - BiLSTMBRDWGD - INFO -  Gráficos gerados TRAIN ...
2025-11-28 06:18:10,808 - BiLSTMBRDWGD - INFO - Calculando erro para parte de teste
2025-11-28 06:18:10,809 - BiLSTMBRDWGD - INFO - RMSE: 14.7231
2025-11-28 06:18:10,809 - BiLSTMBRDWGD - INFO - MSE : 216.7704
2025-11-28 06:18:10,809 - BiLSTMBRDWGD - INFO - MAE : 7.1799
2025-11-28 06:18:10,809 - BiLSTMBRDWGD - INFO - CSI (thr=1.0 mm): 0.1667  [TP=3, FP=13, FN=2]
2025-11-28 06:18:10,809 - BiLSTMBRDWGD - INFO - y_pred mm min/max: 0.039433956146240234, 45.04991149902344
2025-11-28 06:18:10,809 - BiLSTMBRDWGD - INFO - y_TRUE mm min/max: 0.0, 55.400001525878906
2025-11-28 06:18:10,809 - BiLSTMBRDWGD - INFO -  Gerando gráficos...
2025-11-28 06:18:11,051 - BiLSTMBRDWGD - INFO -  Gráficos gerados...
2025-11-28 06:18:11,051 - BiLSTMBRDWGD - INFO - ==========================================================================================
2025-11-28 06:18:11,051 - BiLSTMBRDWGD - INFO - Execução finalizada com sucesso.
2025-11-28 06:18:11,051 - BiLSTMBRDWGD - INFO - Dispositivo utilizado: cuda
2025-11-28 06:18:11,051 - BiLSTMBRDWGD - INFO - ==========================================================================================
2025-11-28 06:18:16,992 - LSTMBRDWGD - INFO - ==========================================================================================
2025-11-28 06:18:16,992 - LSTMBRDWGD - INFO - Iniciando script LSTM (PyTorch) BRDWGD com suporte a GPU e logs detalhados.
2025-11-28 06:18:16,992 - LSTMBRDWGD - INFO - ==========================================================================================
2025-11-28 06:18:16,992 - LSTMBRDWGD - INFO - Iniciando experimento: lookback=30, hidden_dim=64, layers=2, lr=0.001, drop=0.5
2025-11-28 06:18:17,001 - LSTMBRDWGD - INFO - Shape treino: torch.Size([5863, 30, 1]), teste: torch.Size([30, 30, 1])
2025-11-28 06:18:17,024 - LSTMBRDWGD - INFO - Treinando por 500 épocas...
2025-11-28 06:18:17,509 - LSTMBRDWGD - INFO - [EXP] Época 1/500 - Loss: 98.184278
2025-11-28 06:18:41,186 - LSTMBRDWGD - INFO - [EXP] Época 50/500 - Loss: 66.404172
2025-11-28 06:19:05,500 - LSTMBRDWGD - INFO - [EXP] Época 100/500 - Loss: 15.461321
2025-11-28 06:19:29,671 - LSTMBRDWGD - INFO - [EXP] Época 150/500 - Loss: 9.322260
2025-11-28 06:19:53,851 - LSTMBRDWGD - INFO - [EXP] Época 200/500 - Loss: 4.919600
2025-11-28 06:20:18,014 - LSTMBRDWGD - INFO - [EXP] Época 250/500 - Loss: 2.865401
2025-11-28 06:20:42,180 - LSTMBRDWGD - INFO - [EXP] Época 300/500 - Loss: 1.876878
2025-11-28 06:21:06,343 - LSTMBRDWGD - INFO - [EXP] Época 350/500 - Loss: 4.787340
2025-11-28 06:21:30,515 - LSTMBRDWGD - INFO - [EXP] Época 400/500 - Loss: 1.136142
2025-11-28 06:21:54,678 - LSTMBRDWGD - INFO - [EXP] Época 450/500 - Loss: 1.228842
2025-11-28 06:22:18,850 - LSTMBRDWGD - INFO - [EXP] Época 500/500 - Loss: 1.159880
2025-11-28 06:22:18,850 - LSTMBRDWGD - INFO - Treinamento concluído em 4.03 minutos
2025-11-28 06:22:19,289 - LSTMBRDWGD - INFO - Calculando erro para o train
2025-11-28 06:22:19,290 - LSTMBRDWGD - INFO - RMSE: 1.1728
2025-11-28 06:22:19,290 - LSTMBRDWGD - INFO - MSE : 1.3754
2025-11-28 06:22:19,290 - LSTMBRDWGD - INFO - MAE : 0.4634
2025-11-28 06:22:19,290 - LSTMBRDWGD - INFO - CSI (thr=1.0 mm): 0.7896  [TP=1407, FP=271, FN=104]
2025-11-28 06:22:19,290 - LSTMBRDWGD - INFO - train_pred TRAIN mm min/max: 0.0, 154.8271026611328
2025-11-28 06:22:19,290 - LSTMBRDWGD - INFO - train_TRUE TRAIN mm min/max: 0.0, 154.39999389648438
2025-11-28 06:22:19,290 - LSTMBRDWGD - INFO -  Gerando gráficos TRAIN...
2025-11-28 06:22:19,627 - LSTMBRDWGD - INFO -  Gráficos gerados TRAIN ...
2025-11-28 06:22:19,627 - LSTMBRDWGD - INFO - Calculando erro para parte de teste
2025-11-28 06:22:19,628 - LSTMBRDWGD - INFO - RMSE: 13.2094
2025-11-28 06:22:19,628 - LSTMBRDWGD - INFO - MSE : 174.4871
2025-11-28 06:22:19,628 - LSTMBRDWGD - INFO - MAE : 6.7287
2025-11-28 06:22:19,628 - LSTMBRDWGD - INFO - CSI (thr=1.0 mm): 0.1667  [TP=3, FP=13, FN=2]
2025-11-28 06:22:19,628 - LSTMBRDWGD - INFO - y_pred mm min/max: 0.0, 12.751805305480957
2025-11-28 06:22:19,628 - LSTMBRDWGD - INFO - y_TRUE mm min/max: 0.0, 55.400001525878906
2025-11-28 06:22:19,628 - LSTMBRDWGD - INFO -  Gerando gráficos...
2025-11-28 06:22:19,886 - LSTMBRDWGD - INFO -  Gráficos gerados...
2025-11-28 06:22:19,886 - LSTMBRDWGD - INFO - ==========================================================================================
2025-11-28 06:22:19,886 - LSTMBRDWGD - INFO - Execução finalizada com sucesso.
2025-11-28 06:22:19,886 - LSTMBRDWGD - INFO - Dispositivo utilizado: cuda
2025-11-28 06:22:19,886 - LSTMBRDWGD - INFO - ==========================================================================================
2025-11-28 06:22:25,422 - BiLSTMBRDWGD - INFO - ==========================================================================================
2025-11-28 06:22:25,423 - BiLSTMBRDWGD - INFO - Iniciando script LSTM (PyTorch) BRDWGD com suporte a GPU e logs detalhados.
2025-11-28 06:22:25,423 - BiLSTMBRDWGD - INFO - ==========================================================================================
2025-11-28 06:22:25,423 - BiLSTMBRDWGD - INFO - Iniciando experimento: lookback=30, hidden_dim=64, layers=2, lr=0.001, drop=0.5
2025-11-28 06:22:25,433 - BiLSTMBRDWGD - INFO - Shape treino: torch.Size([5863, 30, 1]), teste: torch.Size([30, 30, 1])
2025-11-28 06:22:25,608 - BiLSTMBRDWGD - INFO - Treinando por 500 épocas...
2025-11-28 06:22:26,156 - BiLSTMBRDWGD - INFO - [EXP] Época 1/500 - Loss: 97.209759
2025-11-28 06:22:52,893 - BiLSTMBRDWGD - INFO - [EXP] Época 50/500 - Loss: 71.481547
2025-11-28 06:23:20,169 - BiLSTMBRDWGD - INFO - [EXP] Época 100/500 - Loss: 29.695299
2025-11-28 06:23:47,436 - BiLSTMBRDWGD - INFO - [EXP] Época 150/500 - Loss: 20.540445
2025-11-28 06:24:14,734 - BiLSTMBRDWGD - INFO - [EXP] Época 200/500 - Loss: 16.911723
2025-11-28 06:24:42,031 - BiLSTMBRDWGD - INFO - [EXP] Época 250/500 - Loss: 10.747724
2025-11-28 06:25:09,341 - BiLSTMBRDWGD - INFO - [EXP] Época 300/500 - Loss: 11.485871
2025-11-28 06:25:36,658 - BiLSTMBRDWGD - INFO - [EXP] Época 350/500 - Loss: 9.192820
2025-11-28 06:26:03,941 - BiLSTMBRDWGD - INFO - [EXP] Época 400/500 - Loss: 7.410745
2025-11-28 06:26:31,221 - BiLSTMBRDWGD - INFO - [EXP] Época 450/500 - Loss: 5.530924
2025-11-28 06:26:58,569 - BiLSTMBRDWGD - INFO - [EXP] Época 500/500 - Loss: 4.897367
2025-11-28 06:26:58,569 - BiLSTMBRDWGD - INFO - Treinamento concluído em 4.55 minutos
2025-11-28 06:26:59,028 - BiLSTMBRDWGD - INFO - Calculando erro para o train
2025-11-28 06:26:59,029 - BiLSTMBRDWGD - INFO - RMSE: 1.5306
2025-11-28 06:26:59,029 - BiLSTMBRDWGD - INFO - MSE : 2.3426
2025-11-28 06:26:59,029 - BiLSTMBRDWGD - INFO - MAE : 0.6722
2025-11-28 06:26:59,029 - BiLSTMBRDWGD - INFO - CSI (thr=1.0 mm): 0.6789  [TP=1165, FP=205, FN=346]
2025-11-28 06:26:59,029 - BiLSTMBRDWGD - INFO - train_pred TRAIN mm min/max: 0.0, 146.3929901123047
2025-11-28 06:26:59,029 - BiLSTMBRDWGD - INFO - train_TRUE TRAIN mm min/max: 0.0, 154.39999389648438
2025-11-28 06:26:59,029 - BiLSTMBRDWGD - INFO -  Gerando gráficos TRAIN...
2025-11-28 06:26:59,362 - BiLSTMBRDWGD - INFO -  Gráficos gerados TRAIN ...
2025-11-28 06:26:59,362 - BiLSTMBRDWGD - INFO - Calculando erro para parte de teste
2025-11-28 06:26:59,362 - BiLSTMBRDWGD - INFO - RMSE: 11.8658
2025-11-28 06:26:59,362 - BiLSTMBRDWGD - INFO - MSE : 140.7979
2025-11-28 06:26:59,363 - BiLSTMBRDWGD - INFO - MAE : 5.6475
2025-11-28 06:26:59,363 - BiLSTMBRDWGD - INFO - CSI (thr=1.0 mm): 0.1333  [TP=2, FP=10, FN=3]
2025-11-28 06:26:59,363 - BiLSTMBRDWGD - INFO - y_pred mm min/max: 0.0, 24.410741806030273
2025-11-28 06:26:59,363 - BiLSTMBRDWGD - INFO - y_TRUE mm min/max: 0.0, 55.400001525878906
2025-11-28 06:26:59,363 - BiLSTMBRDWGD - INFO -  Gerando gráficos...
2025-11-28 06:26:59,632 - BiLSTMBRDWGD - INFO -  Gráficos gerados...
2025-11-28 06:26:59,632 - BiLSTMBRDWGD - INFO - ==========================================================================================
2025-11-28 06:26:59,632 - BiLSTMBRDWGD - INFO - Execução finalizada com sucesso.
2025-11-28 06:26:59,632 - BiLSTMBRDWGD - INFO - Dispositivo utilizado: cuda
2025-11-28 06:26:59,632 - BiLSTMBRDWGD - INFO - ==========================================================================================
2025-11-28 06:27:06,599 - LSTMBRDWGD - INFO - ==========================================================================================
2025-11-28 06:27:06,599 - LSTMBRDWGD - INFO - Iniciando script LSTM (PyTorch) BRDWGD com suporte a GPU e logs detalhados.
2025-11-28 06:27:06,600 - LSTMBRDWGD - INFO - ==========================================================================================
2025-11-28 06:27:06,600 - LSTMBRDWGD - INFO - Iniciando experimento: lookback=30, hidden_dim=128, layers=2, lr=0.001, drop=0.5
2025-11-28 06:27:06,610 - LSTMBRDWGD - INFO - Shape treino: torch.Size([5863, 30, 1]), teste: torch.Size([30, 30, 1])
2025-11-28 06:27:06,626 - LSTMBRDWGD - INFO - Treinando por 500 épocas...
2025-11-28 06:27:07,228 - LSTMBRDWGD - INFO - [EXP] Época 1/500 - Loss: 97.304361
2025-11-28 06:27:36,673 - LSTMBRDWGD - INFO - [EXP] Época 50/500 - Loss: 30.321030
2025-11-28 06:28:06,732 - LSTMBRDWGD - INFO - [EXP] Época 100/500 - Loss: 23.064753
2025-11-28 06:28:36,789 - LSTMBRDWGD - INFO - [EXP] Época 150/500 - Loss: 2.301560
2025-11-28 06:29:06,822 - LSTMBRDWGD - INFO - [EXP] Época 200/500 - Loss: 1.695993
2025-11-28 06:29:36,843 - LSTMBRDWGD - INFO - [EXP] Época 250/500 - Loss: 1.524188
2025-11-28 06:30:06,860 - LSTMBRDWGD - INFO - [EXP] Época 300/500 - Loss: 1.427061
2025-11-28 06:30:36,879 - LSTMBRDWGD - INFO - [EXP] Época 350/500 - Loss: 0.793411
2025-11-28 06:31:06,899 - LSTMBRDWGD - INFO - [EXP] Época 400/500 - Loss: 0.578910
2025-11-28 06:31:36,921 - LSTMBRDWGD - INFO - [EXP] Época 450/500 - Loss: 0.741786
2025-11-28 06:32:06,939 - LSTMBRDWGD - INFO - [EXP] Época 500/500 - Loss: 0.412868
2025-11-28 06:32:06,939 - LSTMBRDWGD - INFO - Treinamento concluído em 5.01 minutos
2025-11-28 06:32:07,416 - LSTMBRDWGD - INFO - Calculando erro para o train
2025-11-28 06:32:07,417 - LSTMBRDWGD - INFO - RMSE: 0.4294
2025-11-28 06:32:07,417 - LSTMBRDWGD - INFO - MSE : 0.1843
2025-11-28 06:32:07,417 - LSTMBRDWGD - INFO - MAE : 0.1576
2025-11-28 06:32:07,417 - LSTMBRDWGD - INFO - CSI (thr=1.0 mm): 0.9522  [TP=1454, FP=16, FN=57]
2025-11-28 06:32:07,417 - LSTMBRDWGD - INFO - train_pred TRAIN mm min/max: 0.0, 153.96212768554688
2025-11-28 06:32:07,417 - LSTMBRDWGD - INFO - train_TRUE TRAIN mm min/max: 0.0, 154.39999389648438
2025-11-28 06:32:07,417 - LSTMBRDWGD - INFO -  Gerando gráficos TRAIN...
2025-11-28 06:32:07,793 - LSTMBRDWGD - INFO -  Gráficos gerados TRAIN ...
2025-11-28 06:32:07,793 - LSTMBRDWGD - INFO - Calculando erro para parte de teste
2025-11-28 06:32:07,794 - LSTMBRDWGD - INFO - RMSE: 13.3038
2025-11-28 06:32:07,794 - LSTMBRDWGD - INFO - MSE : 176.9914
2025-11-28 06:32:07,794 - LSTMBRDWGD - INFO - MAE : 6.8719
2025-11-28 06:32:07,794 - LSTMBRDWGD - INFO - CSI (thr=1.0 mm): 0.1579  [TP=3, FP=14, FN=2]
2025-11-28 06:32:07,794 - LSTMBRDWGD - INFO - y_pred mm min/max: 0.0, 12.674798011779785
2025-11-28 06:32:07,794 - LSTMBRDWGD - INFO - y_TRUE mm min/max: 0.0, 55.400001525878906
2025-11-28 06:32:07,794 - LSTMBRDWGD - INFO -  Gerando gráficos...
2025-11-28 06:32:08,051 - LSTMBRDWGD - INFO -  Gráficos gerados...
2025-11-28 06:32:08,051 - LSTMBRDWGD - INFO - ==========================================================================================
2025-11-28 06:32:08,051 - LSTMBRDWGD - INFO - Execução finalizada com sucesso.
2025-11-28 06:32:08,051 - LSTMBRDWGD - INFO - Dispositivo utilizado: cuda
2025-11-28 06:32:08,051 - LSTMBRDWGD - INFO - ==========================================================================================
2025-11-28 06:32:13,657 - BiLSTMBRDWGD - INFO - ==========================================================================================
2025-11-28 06:32:13,657 - BiLSTMBRDWGD - INFO - Iniciando script LSTM (PyTorch) BRDWGD com suporte a GPU e logs detalhados.
2025-11-28 06:32:13,657 - BiLSTMBRDWGD - INFO - ==========================================================================================
2025-11-28 06:32:13,657 - BiLSTMBRDWGD - INFO - Iniciando experimento: lookback=30, hidden_dim=128, layers=2, lr=0.001, drop=0.5
2025-11-28 06:32:13,666 - BiLSTMBRDWGD - INFO - Shape treino: torch.Size([5863, 30, 1]), teste: torch.Size([30, 30, 1])
2025-11-28 06:32:13,696 - BiLSTMBRDWGD - INFO - Treinando por 500 épocas...
2025-11-28 06:32:14,477 - BiLSTMBRDWGD - INFO - [EXP] Época 1/500 - Loss: 96.043483
2025-11-28 06:32:52,742 - BiLSTMBRDWGD - INFO - [EXP] Época 50/500 - Loss: 48.400930
2025-11-28 06:33:31,778 - BiLSTMBRDWGD - INFO - [EXP] Época 100/500 - Loss: 20.358523
2025-11-28 06:34:10,833 - BiLSTMBRDWGD - INFO - [EXP] Época 150/500 - Loss: 15.832820
2025-11-28 06:34:49,999 - BiLSTMBRDWGD - INFO - [EXP] Época 200/500 - Loss: 7.004503
2025-11-28 06:35:29,066 - BiLSTMBRDWGD - INFO - [EXP] Época 250/500 - Loss: 6.206784
2025-11-28 06:36:08,129 - BiLSTMBRDWGD - INFO - [EXP] Época 300/500 - Loss: 11.012838
2025-11-28 06:36:47,195 - BiLSTMBRDWGD - INFO - [EXP] Época 350/500 - Loss: 3.902773
2025-11-28 06:37:26,264 - BiLSTMBRDWGD - INFO - [EXP] Época 400/500 - Loss: 4.207366
2025-11-28 06:38:05,329 - BiLSTMBRDWGD - INFO - [EXP] Época 450/500 - Loss: 3.764340
2025-11-28 06:38:44,391 - BiLSTMBRDWGD - INFO - [EXP] Época 500/500 - Loss: 3.209608
2025-11-28 06:38:44,391 - BiLSTMBRDWGD - INFO - Treinamento concluído em 6.51 minutos
2025-11-28 06:38:44,971 - BiLSTMBRDWGD - INFO - Calculando erro para o train
2025-11-28 06:38:44,972 - BiLSTMBRDWGD - INFO - RMSE: 1.1469
2025-11-28 06:38:44,972 - BiLSTMBRDWGD - INFO - MSE : 1.3154
2025-11-28 06:38:44,972 - BiLSTMBRDWGD - INFO - MAE : 0.4474
2025-11-28 06:38:44,972 - BiLSTMBRDWGD - INFO - CSI (thr=1.0 mm): 0.8103  [TP=1277, FP=65, FN=234]
2025-11-28 06:38:44,972 - BiLSTMBRDWGD - INFO - train_pred TRAIN mm min/max: 0.0, 152.1291046142578
2025-11-28 06:38:44,972 - BiLSTMBRDWGD - INFO - train_TRUE TRAIN mm min/max: 0.0, 154.39999389648438
2025-11-28 06:38:44,972 - BiLSTMBRDWGD - INFO -  Gerando gráficos TRAIN...
2025-11-28 06:38:45,350 - BiLSTMBRDWGD - INFO -  Gráficos gerados TRAIN ...
2025-11-28 06:38:45,350 - BiLSTMBRDWGD - INFO - Calculando erro para parte de teste
2025-11-28 06:38:45,352 - BiLSTMBRDWGD - INFO - RMSE: 13.6847
2025-11-28 06:38:45,352 - BiLSTMBRDWGD - INFO - MSE : 187.2712
2025-11-28 06:38:45,352 - BiLSTMBRDWGD - INFO - MAE : 7.0074
2025-11-28 06:38:45,352 - BiLSTMBRDWGD - INFO - CSI (thr=1.0 mm): 0.1667  [TP=3, FP=13, FN=2]
2025-11-28 06:38:45,352 - BiLSTMBRDWGD - INFO - y_pred mm min/max: 0.0, 29.16423988342285
2025-11-28 06:38:45,352 - BiLSTMBRDWGD - INFO - y_TRUE mm min/max: 0.0, 55.400001525878906
2025-11-28 06:38:45,352 - BiLSTMBRDWGD - INFO -  Gerando gráficos...
2025-11-28 06:38:45,618 - BiLSTMBRDWGD - INFO -  Gráficos gerados...
2025-11-28 06:38:45,618 - BiLSTMBRDWGD - INFO - ==========================================================================================
2025-11-28 06:38:45,618 - BiLSTMBRDWGD - INFO - Execução finalizada com sucesso.
2025-11-28 06:38:45,618 - BiLSTMBRDWGD - INFO - Dispositivo utilizado: cuda
2025-11-28 06:38:45,618 - BiLSTMBRDWGD - INFO - ==========================================================================================
2025-11-28 06:38:51,534 - LSTMBRDWGD - INFO - ==========================================================================================
2025-11-28 06:38:51,534 - LSTMBRDWGD - INFO - Iniciando script LSTM (PyTorch) BRDWGD com suporte a GPU e logs detalhados.
2025-11-28 06:38:51,534 - LSTMBRDWGD - INFO - ==========================================================================================
2025-11-28 06:38:51,534 - LSTMBRDWGD - INFO - Iniciando experimento: lookback=30, hidden_dim=256, layers=2, lr=0.001, drop=0.5
2025-11-28 06:38:51,545 - LSTMBRDWGD - INFO - Shape treino: torch.Size([5863, 30, 1]), teste: torch.Size([30, 30, 1])
2025-11-28 06:38:51,563 - LSTMBRDWGD - INFO - Treinando por 500 épocas...
2025-11-28 06:38:52,806 - LSTMBRDWGD - INFO - [EXP] Época 1/500 - Loss: 96.515764
2025-11-28 06:39:53,828 - LSTMBRDWGD - INFO - [EXP] Época 50/500 - Loss: 19.990601
2025-11-28 06:40:56,096 - LSTMBRDWGD - INFO - [EXP] Época 100/500 - Loss: 1.871751
2025-11-28 06:41:58,358 - LSTMBRDWGD - INFO - [EXP] Época 150/500 - Loss: 1.070051
2025-11-28 06:43:00,626 - LSTMBRDWGD - INFO - [EXP] Época 200/500 - Loss: 1.055821
2025-11-28 06:44:02,912 - LSTMBRDWGD - INFO - [EXP] Época 250/500 - Loss: 1.918935
2025-11-28 06:45:05,182 - LSTMBRDWGD - INFO - [EXP] Época 300/500 - Loss: 0.323514
2025-11-28 06:46:07,449 - LSTMBRDWGD - INFO - [EXP] Época 350/500 - Loss: 0.348237
2025-11-28 06:47:09,720 - LSTMBRDWGD - INFO - [EXP] Época 400/500 - Loss: 0.755411
2025-11-28 06:48:11,997 - LSTMBRDWGD - INFO - [EXP] Época 450/500 - Loss: 0.267866
2025-11-28 06:49:14,264 - LSTMBRDWGD - INFO - [EXP] Época 500/500 - Loss: 0.625060
2025-11-28 06:49:14,264 - LSTMBRDWGD - INFO - Treinamento concluído em 10.38 minutos
2025-11-28 06:49:14,811 - LSTMBRDWGD - INFO - Calculando erro para o train
2025-11-28 06:49:14,812 - LSTMBRDWGD - INFO - RMSE: 0.4977
2025-11-28 06:49:14,812 - LSTMBRDWGD - INFO - MSE : 0.2477
2025-11-28 06:49:14,812 - LSTMBRDWGD - INFO - MAE : 0.1750
2025-11-28 06:49:14,812 - LSTMBRDWGD - INFO - CSI (thr=1.0 mm): 0.9364  [TP=1429, FP=15, FN=82]
2025-11-28 06:49:14,812 - LSTMBRDWGD - INFO - train_pred TRAIN mm min/max: 0.0, 153.9593505859375
2025-11-28 06:49:14,812 - LSTMBRDWGD - INFO - train_TRUE TRAIN mm min/max: 0.0, 154.39999389648438
2025-11-28 06:49:14,813 - LSTMBRDWGD - INFO -  Gerando gráficos TRAIN...
2025-11-28 06:49:15,138 - LSTMBRDWGD - INFO -  Gráficos gerados TRAIN ...
2025-11-28 06:49:15,138 - LSTMBRDWGD - INFO - Calculando erro para parte de teste
2025-11-28 06:49:15,139 - LSTMBRDWGD - INFO - RMSE: 12.5726
2025-11-28 06:49:15,139 - LSTMBRDWGD - INFO - MSE : 158.0710
2025-11-28 06:49:15,139 - LSTMBRDWGD - INFO - MAE : 6.1627
2025-11-28 06:49:15,139 - LSTMBRDWGD - INFO - CSI (thr=1.0 mm): 0.1176  [TP=2, FP=12, FN=3]
2025-11-28 06:49:15,139 - LSTMBRDWGD - INFO - y_pred mm min/max: 0.0, 21.870512008666992
2025-11-28 06:49:15,139 - LSTMBRDWGD - INFO - y_TRUE mm min/max: 0.0, 55.400001525878906
2025-11-28 06:49:15,139 - LSTMBRDWGD - INFO -  Gerando gráficos...
2025-11-28 06:49:15,398 - LSTMBRDWGD - INFO -  Gráficos gerados...
2025-11-28 06:49:15,398 - LSTMBRDWGD - INFO - ==========================================================================================
2025-11-28 06:49:15,398 - LSTMBRDWGD - INFO - Execução finalizada com sucesso.
2025-11-28 06:49:15,398 - LSTMBRDWGD - INFO - Dispositivo utilizado: cuda
2025-11-28 06:49:15,398 - LSTMBRDWGD - INFO - ==========================================================================================
2025-11-28 06:49:21,053 - BiLSTMBRDWGD - INFO - ==========================================================================================
2025-11-28 06:49:21,053 - BiLSTMBRDWGD - INFO - Iniciando script LSTM (PyTorch) BRDWGD com suporte a GPU e logs detalhados.
2025-11-28 06:49:21,053 - BiLSTMBRDWGD - INFO - ==========================================================================================
2025-11-28 06:49:21,053 - BiLSTMBRDWGD - INFO - Iniciando experimento: lookback=30, hidden_dim=256, layers=2, lr=0.001, drop=0.5
2025-11-28 06:49:21,063 - BiLSTMBRDWGD - INFO - Shape treino: torch.Size([5863, 30, 1]), teste: torch.Size([30, 30, 1])
2025-11-28 06:49:21,099 - BiLSTMBRDWGD - INFO - Treinando por 500 épocas...
2025-11-28 06:49:22,846 - BiLSTMBRDWGD - INFO - [EXP] Época 1/500 - Loss: 95.430182
2025-11-28 06:50:48,616 - BiLSTMBRDWGD - INFO - [EXP] Época 50/500 - Loss: 64.303005
2025-11-28 06:52:16,205 - BiLSTMBRDWGD - INFO - [EXP] Época 100/500 - Loss: 24.762104
2025-11-28 06:53:44,221 - BiLSTMBRDWGD - INFO - [EXP] Época 150/500 - Loss: 11.676787
2025-11-28 06:55:08,979 - BiLSTMBRDWGD - INFO - [EXP] Época 200/500 - Loss: 6.010705
2025-11-28 06:56:31,374 - BiLSTMBRDWGD - INFO - [EXP] Época 250/500 - Loss: 8.353994
2025-11-28 06:57:55,472 - BiLSTMBRDWGD - INFO - [EXP] Época 300/500 - Loss: 2.677471
2025-11-28 06:59:23,011 - BiLSTMBRDWGD - INFO - [EXP] Época 350/500 - Loss: 3.671651
2025-11-28 07:00:50,500 - BiLSTMBRDWGD - INFO - [EXP] Época 400/500 - Loss: 2.293950
2025-11-28 07:02:18,446 - BiLSTMBRDWGD - INFO - [EXP] Época 450/500 - Loss: 2.027874
2025-11-28 07:03:45,750 - BiLSTMBRDWGD - INFO - [EXP] Época 500/500 - Loss: 2.077176
2025-11-28 07:03:45,750 - BiLSTMBRDWGD - INFO - Treinamento concluído em 14.41 minutos
2025-11-28 07:03:46,399 - BiLSTMBRDWGD - INFO - Calculando erro para o train
2025-11-28 07:03:46,400 - BiLSTMBRDWGD - INFO - RMSE: 0.8211
2025-11-28 07:03:46,400 - BiLSTMBRDWGD - INFO - MSE : 0.6742
2025-11-28 07:03:46,400 - BiLSTMBRDWGD - INFO - MAE : 0.2964
2025-11-28 07:03:46,400 - BiLSTMBRDWGD - INFO - CSI (thr=1.0 mm): 0.9069  [TP=1393, FP=25, FN=118]
2025-11-28 07:03:46,400 - BiLSTMBRDWGD - INFO - train_pred TRAIN mm min/max: 0.0, 146.49746704101562
2025-11-28 07:03:46,400 - BiLSTMBRDWGD - INFO - train_TRUE TRAIN mm min/max: 0.0, 154.39999389648438
2025-11-28 07:03:46,400 - BiLSTMBRDWGD - INFO -  Gerando gráficos TRAIN...
2025-11-28 07:03:46,751 - BiLSTMBRDWGD - INFO -  Gráficos gerados TRAIN ...
2025-11-28 07:03:46,751 - BiLSTMBRDWGD - INFO - Calculando erro para parte de teste
2025-11-28 07:03:46,751 - BiLSTMBRDWGD - INFO - RMSE: 12.4229
2025-11-28 07:03:46,752 - BiLSTMBRDWGD - INFO - MSE : 154.3288
2025-11-28 07:03:46,752 - BiLSTMBRDWGD - INFO - MAE : 6.1088
2025-11-28 07:03:46,752 - BiLSTMBRDWGD - INFO - CSI (thr=1.0 mm): 0.1429  [TP=2, FP=9, FN=3]
2025-11-28 07:03:46,752 - BiLSTMBRDWGD - INFO - y_pred mm min/max: 0.0, 41.46630859375
2025-11-28 07:03:46,752 - BiLSTMBRDWGD - INFO - y_TRUE mm min/max: 0.0, 55.400001525878906
2025-11-28 07:03:46,752 - BiLSTMBRDWGD - INFO -  Gerando gráficos...
2025-11-28 07:03:47,008 - BiLSTMBRDWGD - INFO -  Gráficos gerados...
2025-11-28 07:03:47,008 - BiLSTMBRDWGD - INFO - ==========================================================================================
2025-11-28 07:03:47,008 - BiLSTMBRDWGD - INFO - Execução finalizada com sucesso.
2025-11-28 07:03:47,008 - BiLSTMBRDWGD - INFO - Dispositivo utilizado: cuda
2025-11-28 07:03:47,008 - BiLSTMBRDWGD - INFO - ==========================================================================================
2025-11-28 07:03:52,938 - ARIMA_BRDWGD - INFO - ==========================================================================================
2025-11-28 07:03:52,938 - ARIMA_BRDWGD - INFO - Iniciando script ARIMA BRDWGD.
2025-11-28 07:03:52,938 - ARIMA_BRDWGD - INFO - ==========================================================================================
2025-11-28 07:03:52,938 - ARIMA_BRDWGD - INFO - Tamanho treino: 5894 | teste: 30
2025-11-28 07:03:52,938 - ARIMA_BRDWGD - INFO - [FASE 4] Iniciando busca manual por hiperparâmetros (AIC).
2025-11-28 07:16:19,282 - ARIMA_BRDWGD - INFO - Melhor order encontrado: (30, 0, 2)
2025-11-28 07:16:19,283 - ARIMA_BRDWGD - INFO - Melhor AIC (treino): 43303.74
2025-11-28 07:16:19,283 - ARIMA_BRDWGD - INFO - Tempo da Fase 4: 746.34s
2025-11-28 07:16:19,283 - ARIMA_BRDWGD - INFO - [FASE 5] Reajustando melhor modelo no conjunto de treino.
2025-11-28 07:20:33,846 - ARIMA_BRDWGD - INFO - Melhor modelo ajustado no treino.
2025-11-28 07:20:33,846 - ARIMA_BRDWGD - INFO - Tempo da Fase 5: 254.56s
2025-11-28 07:20:33,846 - ARIMA_BRDWGD - INFO - [FASE 6] Gerando previsões no conjunto de teste e avaliando métricas.
2025-11-28 07:20:33,849 - ARIMA_BRDWGD - INFO - RMSE: 9.4766
2025-11-28 07:20:33,849 - ARIMA_BRDWGD - INFO - MSE : 89.8066
2025-11-28 07:20:33,849 - ARIMA_BRDWGD - INFO - MAE : 4.4990
2025-11-28 07:20:33,849 - ARIMA_BRDWGD - INFO - CSI (thr=1.0 mm): 0.2575  [TP=1505, FP=4319, FN=20]
2025-11-28 07:20:33,849 - ARIMA_BRDWGD - INFO - [TREINO] RMSE=9.4766 | MSE=89.8066 | MAE=4.4990 | CSI=0.2575
2025-11-28 07:20:33,854 - ARIMA_BRDWGD - INFO - RMSE: 13.2564
2025-11-28 07:20:33,854 - ARIMA_BRDWGD - INFO - MSE : 175.7328
2025-11-28 07:20:33,855 - ARIMA_BRDWGD - INFO - MAE : 7.3414
2025-11-28 07:20:33,855 - ARIMA_BRDWGD - INFO - CSI (thr=1.0 mm): 0.2000  [TP=6, FP=24, FN=0]
2025-11-28 07:20:33,855 - ARIMA_BRDWGD - INFO - Tempo total da Fase 6: 0.01s
2025-11-28 07:20:33,855 - ARIMA_BRDWGD - INFO - [FASE 7] Salvando gráfico de previsão vs. observado.
2025-11-28 07:20:34,501 - ARIMA_BRDWGD - INFO - Gráfico salvo como 'arimaBRDWGD_result.png'.
2025-11-28 07:20:34,501 - ARIMA_BRDWGD - INFO - ==========================================================================================
2025-11-28 07:20:34,502 - ARIMA_BRDWGD - INFO - Execução ARIMA BRDWGD finalizada com sucesso.
2025-11-28 07:20:34,502 - ARIMA_BRDWGD - INFO - Tempo total de execução: 1001.56s
2025-11-28 07:20:34,502 - ARIMA_BRDWGD - INFO - ==========================================================================================
2025-11-28 07:20:40,151 - RANDOM_FOREST_BRDWGD - INFO - ====================================================================================================
2025-11-28 07:20:40,152 - RANDOM_FOREST_BRDWGD - INFO - Iniciando Random Forest BRDWGD com GridSearchCV.
2025-11-28 07:20:40,152 - RANDOM_FOREST_BRDWGD - INFO - ====================================================================================================
2025-11-28 07:20:40,152 - RANDOM_FOREST_BRDWGD - INFO - [FASE 3] Split treino/teste e preparação.
2025-11-28 07:20:40,155 - RANDOM_FOREST_BRDWGD - INFO - [FASE 3] Treino: X=(5864, 30), y=5864 | Teste: X=(30, 30), y=30
2025-11-28 07:20:40,155 - RANDOM_FOREST_BRDWGD - INFO - [FASE 3] Tempo: 0.00s
2025-11-28 07:20:40,155 - RANDOM_FOREST_BRDWGD - INFO - [FASE 4] Iniciando GridSearchCV (TimeSeriesSplit).
2025-11-28 07:21:44,429 - RANDOM_FOREST_BRDWGD - INFO - [FASE 4] GridSearchCV concluído em 64.27s
2025-11-28 07:21:44,430 - RANDOM_FOREST_BRDWGD - INFO - [FASE 4] Melhores parâmetros: {'max_depth': 60, 'max_features': 'sqrt', 'min_samples_leaf': 4, 'min_samples_split': 10, 'n_estimators': 200}
2025-11-28 07:21:44,430 - RANDOM_FOREST_BRDWGD - INFO - [FASE 4] Melhor score (neg_MSE): -98.818296
2025-11-28 07:21:44,430 - RANDOM_FOREST_BRDWGD - INFO - [FASE 4] Tempo: 64.27s
2025-11-28 07:21:44,430 - RANDOM_FOREST_BRDWGD - INFO - [FASE 5] Treinando best_estimator_ no conjunto de treino.
2025-11-28 07:21:44,684 - RANDOM_FOREST_BRDWGD - INFO - [FASE 5] Tempo: 0.25s
2025-11-28 07:21:44,684 - RANDOM_FOREST_BRDWGD - INFO - [FASE 6] Previsão e cálculo de métricas.
2025-11-28 07:21:44,718 - RANDOM_FOREST_BRDWGD - INFO - RMSE: 7.5402
2025-11-28 07:21:44,719 - RANDOM_FOREST_BRDWGD - INFO - MSE : 56.8553
2025-11-28 07:21:44,719 - RANDOM_FOREST_BRDWGD - INFO - MAE : 3.4162
2025-11-28 07:21:44,719 - RANDOM_FOREST_BRDWGD - INFO - CSI (thr=1.0 mm): 0.3223  [TP=1491, FP=3115, FN=20]
2025-11-28 07:21:44,719 - RANDOM_FOREST_BRDWGD - INFO - [TREINO] RMSE=7.5402 | MSE=56.8553 | MAE=3.4162 | CSI=0.3223
2025-11-28 07:21:44,743 - RANDOM_FOREST_BRDWGD - INFO - y_pred raw min/max: 1.993143407697288, 10.419484206937064
2025-11-28 07:21:44,743 - RANDOM_FOREST_BRDWGD - INFO - y_TRUE raw min/max: 0.0, 55.400001525878906
2025-11-28 07:21:44,743 - RANDOM_FOREST_BRDWGD - INFO - RMSE: 12.8944
2025-11-28 07:21:44,743 - RANDOM_FOREST_BRDWGD - INFO - MSE : 166.2649
2025-11-28 07:21:44,743 - RANDOM_FOREST_BRDWGD - INFO - MAE : 7.6742
2025-11-28 07:21:44,743 - RANDOM_FOREST_BRDWGD - INFO - CSI (thr=1.0 mm): 0.2000  [TP=6, FP=24, FN=0]
2025-11-28 07:21:44,743 - RANDOM_FOREST_BRDWGD - INFO - [FASE 7] Gerando gráficos.
2025-11-28 07:21:45,337 - RANDOM_FOREST_BRDWGD - INFO - Gráfico salvo como 'random_forest_BRDWGD.png'.
2025-11-28 07:21:45,337 - RANDOM_FOREST_BRDWGD - INFO - [FASE 7] Tempo: 0.59s
2025-11-28 07:21:45,337 - RANDOM_FOREST_BRDWGD - INFO - ====================================================================================================
2025-11-28 07:21:45,337 - RANDOM_FOREST_BRDWGD - INFO - Resumo Final
2025-11-28 07:21:45,337 - RANDOM_FOREST_BRDWGD - INFO - Melhores parâmetros: {'max_depth': 60, 'max_features': 'sqrt', 'min_samples_leaf': 4, 'min_samples_split': 10, 'n_estimators': 200}
2025-11-28 07:21:45,337 - RANDOM_FOREST_BRDWGD - INFO - Tempo total de execução: 65.19s
2025-11-28 07:21:45,337 - RANDOM_FOREST_BRDWGD - INFO - ====================================================================================================
2025-11-28 07:21:50,977 - LSTMBRDWGD - INFO - ==========================================================================================
2025-11-28 07:21:50,977 - LSTMBRDWGD - INFO - Iniciando script LSTM (PyTorch) BRDWGD com suporte a GPU e logs detalhados.
2025-11-28 07:21:50,977 - LSTMBRDWGD - INFO - ==========================================================================================
2025-11-28 07:21:50,977 - LSTMBRDWGD - INFO - Iniciando experimento: lookback=30, hidden_dim=32, layers=2, lr=0.001, drop=0.5
2025-11-28 07:21:50,990 - LSTMBRDWGD - INFO - Shape treino: torch.Size([5863, 30, 1]), teste: torch.Size([30, 30, 1])
2025-11-28 07:21:51,013 - LSTMBRDWGD - INFO - Treinando por 500 épocas...
2025-11-28 07:21:51,482 - LSTMBRDWGD - INFO - [EXP] Época 1/500 - Loss: 98.168358
2025-11-28 07:22:14,246 - LSTMBRDWGD - INFO - [EXP] Época 50/500 - Loss: 87.128297
2025-11-28 07:22:37,481 - LSTMBRDWGD - INFO - [EXP] Época 100/500 - Loss: 49.950956
2025-11-28 07:23:00,706 - LSTMBRDWGD - INFO - [EXP] Época 150/500 - Loss: 33.557983
2025-11-28 07:23:23,930 - LSTMBRDWGD - INFO - [EXP] Época 200/500 - Loss: 24.868161
2025-11-28 07:23:47,157 - LSTMBRDWGD - INFO - [EXP] Época 250/500 - Loss: 20.876758
2025-11-28 07:24:10,387 - LSTMBRDWGD - INFO - [EXP] Época 300/500 - Loss: 22.287850
2025-11-28 07:24:33,616 - LSTMBRDWGD - INFO - [EXP] Época 350/500 - Loss: 20.684357
2025-11-28 07:24:56,842 - LSTMBRDWGD - INFO - [EXP] Época 400/500 - Loss: 11.567219
2025-11-28 07:25:20,073 - LSTMBRDWGD - INFO - [EXP] Época 450/500 - Loss: 12.637017
2025-11-28 07:25:43,296 - LSTMBRDWGD - INFO - [EXP] Época 500/500 - Loss: 8.826508
2025-11-28 07:25:43,296 - LSTMBRDWGD - INFO - Treinamento concluído em 3.87 minutos
2025-11-28 07:25:43,685 - LSTMBRDWGD - INFO - Calculando erro para o train
2025-11-28 07:25:43,686 - LSTMBRDWGD - INFO - RMSE: 2.6274
2025-11-28 07:25:43,686 - LSTMBRDWGD - INFO - MSE : 6.9032
2025-11-28 07:25:43,686 - LSTMBRDWGD - INFO - MAE : 1.3271
2025-11-28 07:25:43,686 - LSTMBRDWGD - INFO - CSI (thr=1.0 mm): 0.3958  [TP=1301, FP=1776, FN=210]
2025-11-28 07:25:43,686 - LSTMBRDWGD - INFO - train_pred TRAIN mm min/max: 0.0, 148.0516815185547
2025-11-28 07:25:43,686 - LSTMBRDWGD - INFO - train_TRUE TRAIN mm min/max: 0.0, 154.39999389648438
2025-11-28 07:25:43,686 - LSTMBRDWGD - INFO -  Gerando gráficos TRAIN...
2025-11-28 07:25:44,013 - LSTMBRDWGD - INFO -  Gráficos gerados TRAIN ...
2025-11-28 07:25:44,013 - LSTMBRDWGD - INFO - Calculando erro para parte de teste
2025-11-28 07:25:44,013 - LSTMBRDWGD - INFO - RMSE: 16.9983
2025-11-28 07:25:44,014 - LSTMBRDWGD - INFO - MSE : 288.9434
2025-11-28 07:25:44,014 - LSTMBRDWGD - INFO - MAE : 9.3237
2025-11-28 07:25:44,014 - LSTMBRDWGD - INFO - CSI (thr=1.0 mm): 0.2000  [TP=4, FP=15, FN=1]
2025-11-28 07:25:44,014 - LSTMBRDWGD - INFO - y_pred mm min/max: 0.0, 48.3779296875
2025-11-28 07:25:44,014 - LSTMBRDWGD - INFO - y_TRUE mm min/max: 0.0, 55.400001525878906
2025-11-28 07:25:44,014 - LSTMBRDWGD - INFO -  Gerando gráficos...
2025-11-28 07:25:44,295 - LSTMBRDWGD - INFO -  Gráficos gerados...
2025-11-28 07:25:44,295 - LSTMBRDWGD - INFO - ==========================================================================================
2025-11-28 07:25:44,295 - LSTMBRDWGD - INFO - Execução finalizada com sucesso.
2025-11-28 07:25:44,295 - LSTMBRDWGD - INFO - Dispositivo utilizado: cuda
2025-11-28 07:25:44,295 - LSTMBRDWGD - INFO - ==========================================================================================
2025-11-28 07:25:49,929 - BiLSTMBRDWGD - INFO - ==========================================================================================
2025-11-28 07:25:49,929 - BiLSTMBRDWGD - INFO - Iniciando script LSTM (PyTorch) BRDWGD com suporte a GPU e logs detalhados.
2025-11-28 07:25:49,929 - BiLSTMBRDWGD - INFO - ==========================================================================================
2025-11-28 07:25:49,929 - BiLSTMBRDWGD - INFO - Iniciando experimento: lookback=30, hidden_dim=32, layers=2, lr=0.001, drop=0.5
2025-11-28 07:25:49,938 - BiLSTMBRDWGD - INFO - Shape treino: torch.Size([5863, 30, 1]), teste: torch.Size([30, 30, 1])
2025-11-28 07:25:49,978 - BiLSTMBRDWGD - INFO - Treinando por 500 épocas...
2025-11-28 07:25:50,470 - BiLSTMBRDWGD - INFO - [EXP] Época 1/500 - Loss: 98.674301
2025-11-28 07:26:14,491 - BiLSTMBRDWGD - INFO - [EXP] Época 50/500 - Loss: 87.483238
2025-11-28 07:26:39,102 - BiLSTMBRDWGD - INFO - [EXP] Época 100/500 - Loss: 68.738669
2025-11-28 07:27:04,172 - BiLSTMBRDWGD - INFO - [EXP] Época 150/500 - Loss: 45.423586
2025-11-28 07:27:28,690 - BiLSTMBRDWGD - INFO - [EXP] Época 200/500 - Loss: 43.797621
2025-11-28 07:27:53,203 - BiLSTMBRDWGD - INFO - [EXP] Época 250/500 - Loss: 31.505092
2025-11-28 07:28:17,751 - BiLSTMBRDWGD - INFO - [EXP] Época 300/500 - Loss: 26.810168
2025-11-28 07:28:42,263 - BiLSTMBRDWGD - INFO - [EXP] Época 350/500 - Loss: 27.883325
2025-11-28 07:29:06,773 - BiLSTMBRDWGD - INFO - [EXP] Época 400/500 - Loss: 22.338676
2025-11-28 07:29:31,280 - BiLSTMBRDWGD - INFO - [EXP] Época 450/500 - Loss: 26.169586
2025-11-28 07:29:55,795 - BiLSTMBRDWGD - INFO - [EXP] Época 500/500 - Loss: 20.679778
2025-11-28 07:29:55,795 - BiLSTMBRDWGD - INFO - Treinamento concluído em 4.10 minutos
2025-11-28 07:29:56,191 - BiLSTMBRDWGD - INFO - Calculando erro para o train
2025-11-28 07:29:56,192 - BiLSTMBRDWGD - INFO - RMSE: 4.0920
2025-11-28 07:29:56,192 - BiLSTMBRDWGD - INFO - MSE : 16.7446
2025-11-28 07:29:56,192 - BiLSTMBRDWGD - INFO - MAE : 1.8560
2025-11-28 07:29:56,192 - BiLSTMBRDWGD - INFO - CSI (thr=1.0 mm): 0.3772  [TP=1160, FP=1564, FN=351]
2025-11-28 07:29:56,192 - BiLSTMBRDWGD - INFO - train_pred TRAIN mm min/max: 0.0, 142.1702117919922
2025-11-28 07:29:56,192 - BiLSTMBRDWGD - INFO - train_TRUE TRAIN mm min/max: 0.0, 154.39999389648438
2025-11-28 07:29:56,193 - BiLSTMBRDWGD - INFO -  Gerando gráficos TRAIN...
2025-11-28 07:29:56,455 - BiLSTMBRDWGD - INFO -  Gráficos gerados TRAIN ...
2025-11-28 07:29:56,455 - BiLSTMBRDWGD - INFO - Calculando erro para parte de teste
2025-11-28 07:29:56,456 - BiLSTMBRDWGD - INFO - RMSE: 11.5282
2025-11-28 07:29:56,456 - BiLSTMBRDWGD - INFO - MSE : 132.8985
2025-11-28 07:29:56,456 - BiLSTMBRDWGD - INFO - MAE : 5.5069
2025-11-28 07:29:56,456 - BiLSTMBRDWGD - INFO - CSI (thr=1.0 mm): 0.1875  [TP=3, FP=11, FN=2]
2025-11-28 07:29:56,456 - BiLSTMBRDWGD - INFO - y_pred mm min/max: 0.0, 27.552932739257812
2025-11-28 07:29:56,456 - BiLSTMBRDWGD - INFO - y_TRUE mm min/max: 0.0, 55.400001525878906
2025-11-28 07:29:56,456 - BiLSTMBRDWGD - INFO -  Gerando gráficos...
2025-11-28 07:29:56,697 - BiLSTMBRDWGD - INFO -  Gráficos gerados...
2025-11-28 07:29:56,697 - BiLSTMBRDWGD - INFO - ==========================================================================================
2025-11-28 07:29:56,698 - BiLSTMBRDWGD - INFO - Execução finalizada com sucesso.
2025-11-28 07:29:56,698 - BiLSTMBRDWGD - INFO - Dispositivo utilizado: cuda
2025-11-28 07:29:56,698 - BiLSTMBRDWGD - INFO - ==========================================================================================
2025-11-28 07:30:02,580 - LSTMBRDWGD - INFO - ==========================================================================================
2025-11-28 07:30:02,580 - LSTMBRDWGD - INFO - Iniciando script LSTM (PyTorch) BRDWGD com suporte a GPU e logs detalhados.
2025-11-28 07:30:02,580 - LSTMBRDWGD - INFO - ==========================================================================================
2025-11-28 07:30:02,580 - LSTMBRDWGD - INFO - Iniciando experimento: lookback=30, hidden_dim=64, layers=2, lr=0.001, drop=0.5
2025-11-28 07:30:02,590 - LSTMBRDWGD - INFO - Shape treino: torch.Size([5863, 30, 1]), teste: torch.Size([30, 30, 1])
2025-11-28 07:30:02,613 - LSTMBRDWGD - INFO - Treinando por 500 épocas...
2025-11-28 07:30:03,099 - LSTMBRDWGD - INFO - [EXP] Época 1/500 - Loss: 102.753195
2025-11-28 07:30:26,761 - LSTMBRDWGD - INFO - [EXP] Época 50/500 - Loss: 63.499996
2025-11-28 07:30:50,901 - LSTMBRDWGD - INFO - [EXP] Época 100/500 - Loss: 22.647606
2025-11-28 07:31:15,186 - LSTMBRDWGD - INFO - [EXP] Época 150/500 - Loss: 12.107555
2025-11-28 07:31:39,327 - LSTMBRDWGD - INFO - [EXP] Época 200/500 - Loss: 7.771205
2025-11-28 07:32:03,473 - LSTMBRDWGD - INFO - [EXP] Época 250/500 - Loss: 15.870342
2025-11-28 07:32:27,611 - LSTMBRDWGD - INFO - [EXP] Época 300/500 - Loss: 1.909653
2025-11-28 07:32:51,755 - LSTMBRDWGD - INFO - [EXP] Época 350/500 - Loss: 1.292216
2025-11-28 07:33:15,895 - LSTMBRDWGD - INFO - [EXP] Época 400/500 - Loss: 5.886263
2025-11-28 07:33:40,039 - LSTMBRDWGD - INFO - [EXP] Época 450/500 - Loss: 1.956705
2025-11-28 07:34:04,179 - LSTMBRDWGD - INFO - [EXP] Época 500/500 - Loss: 0.894237
2025-11-28 07:34:04,179 - LSTMBRDWGD - INFO - Treinamento concluído em 4.03 minutos
2025-11-28 07:34:04,619 - LSTMBRDWGD - INFO - Calculando erro para o train
2025-11-28 07:34:04,619 - LSTMBRDWGD - INFO - RMSE: 0.7143
2025-11-28 07:34:04,619 - LSTMBRDWGD - INFO - MSE : 0.5102
2025-11-28 07:34:04,619 - LSTMBRDWGD - INFO - MAE : 0.3062
2025-11-28 07:34:04,619 - LSTMBRDWGD - INFO - CSI (thr=1.0 mm): 0.8896  [TP=1434, FP=101, FN=77]
2025-11-28 07:34:04,620 - LSTMBRDWGD - INFO - train_pred TRAIN mm min/max: 0.0, 154.0484161376953
2025-11-28 07:34:04,620 - LSTMBRDWGD - INFO - train_TRUE TRAIN mm min/max: 0.0, 154.39999389648438
2025-11-28 07:34:04,620 - LSTMBRDWGD - INFO -  Gerando gráficos TRAIN...
2025-11-28 07:34:05,010 - LSTMBRDWGD - INFO -  Gráficos gerados TRAIN ...
2025-11-28 07:34:05,010 - LSTMBRDWGD - INFO - Calculando erro para parte de teste
2025-11-28 07:34:05,011 - LSTMBRDWGD - INFO - RMSE: 13.7249
2025-11-28 07:34:05,011 - LSTMBRDWGD - INFO - MSE : 188.3729
2025-11-28 07:34:05,011 - LSTMBRDWGD - INFO - MAE : 7.3538
2025-11-28 07:34:05,011 - LSTMBRDWGD - INFO - CSI (thr=1.0 mm): 0.2667  [TP=4, FP=10, FN=1]
2025-11-28 07:34:05,011 - LSTMBRDWGD - INFO - y_pred mm min/max: 0.0, 25.781736373901367
2025-11-28 07:34:05,011 - LSTMBRDWGD - INFO - y_TRUE mm min/max: 0.0, 55.400001525878906
2025-11-28 07:34:05,011 - LSTMBRDWGD - INFO -  Gerando gráficos...
2025-11-28 07:34:05,266 - LSTMBRDWGD - INFO -  Gráficos gerados...
2025-11-28 07:34:05,266 - LSTMBRDWGD - INFO - ==========================================================================================
2025-11-28 07:34:05,266 - LSTMBRDWGD - INFO - Execução finalizada com sucesso.
2025-11-28 07:34:05,266 - LSTMBRDWGD - INFO - Dispositivo utilizado: cuda
2025-11-28 07:34:05,266 - LSTMBRDWGD - INFO - ==========================================================================================
2025-11-28 07:34:10,932 - BiLSTMBRDWGD - INFO - ==========================================================================================
2025-11-28 07:34:10,932 - BiLSTMBRDWGD - INFO - Iniciando script LSTM (PyTorch) BRDWGD com suporte a GPU e logs detalhados.
2025-11-28 07:34:10,932 - BiLSTMBRDWGD - INFO - ==========================================================================================
2025-11-28 07:34:10,932 - BiLSTMBRDWGD - INFO - Iniciando experimento: lookback=30, hidden_dim=64, layers=2, lr=0.001, drop=0.5
2025-11-28 07:34:10,943 - BiLSTMBRDWGD - INFO - Shape treino: torch.Size([5863, 30, 1]), teste: torch.Size([30, 30, 1])
2025-11-28 07:34:10,980 - BiLSTMBRDWGD - INFO - Treinando por 500 épocas...
2025-11-28 07:34:11,527 - BiLSTMBRDWGD - INFO - [EXP] Época 1/500 - Loss: 98.085782
2025-11-28 07:34:38,292 - BiLSTMBRDWGD - INFO - [EXP] Época 50/500 - Loss: 70.826420
2025-11-28 07:35:05,575 - BiLSTMBRDWGD - INFO - [EXP] Época 100/500 - Loss: 36.086079
2025-11-28 07:35:32,861 - BiLSTMBRDWGD - INFO - [EXP] Época 150/500 - Loss: 23.836619
2025-11-28 07:36:00,139 - BiLSTMBRDWGD - INFO - [EXP] Época 200/500 - Loss: 22.105998
2025-11-28 07:36:27,428 - BiLSTMBRDWGD - INFO - [EXP] Época 250/500 - Loss: 20.573819
2025-11-28 07:36:54,713 - BiLSTMBRDWGD - INFO - [EXP] Época 300/500 - Loss: 19.083633
2025-11-28 07:37:22,055 - BiLSTMBRDWGD - INFO - [EXP] Época 350/500 - Loss: 20.685887
2025-11-28 07:37:49,361 - BiLSTMBRDWGD - INFO - [EXP] Época 400/500 - Loss: 14.526164
2025-11-28 07:38:16,685 - BiLSTMBRDWGD - INFO - [EXP] Época 450/500 - Loss: 9.369040
2025-11-28 07:38:43,983 - BiLSTMBRDWGD - INFO - [EXP] Época 500/500 - Loss: 7.826636
2025-11-28 07:38:43,983 - BiLSTMBRDWGD - INFO - Treinamento concluído em 4.55 minutos
2025-11-28 07:38:44,442 - BiLSTMBRDWGD - INFO - Calculando erro para o train
2025-11-28 07:38:44,443 - BiLSTMBRDWGD - INFO - RMSE: 2.2683
2025-11-28 07:38:44,443 - BiLSTMBRDWGD - INFO - MSE : 5.1451
2025-11-28 07:38:44,443 - BiLSTMBRDWGD - INFO - MAE : 0.9433
2025-11-28 07:38:44,443 - BiLSTMBRDWGD - INFO - CSI (thr=1.0 mm): 0.6029  [TP=1093, FP=302, FN=418]
2025-11-28 07:38:44,443 - BiLSTMBRDWGD - INFO - train_pred TRAIN mm min/max: 0.0, 151.7089385986328
2025-11-28 07:38:44,443 - BiLSTMBRDWGD - INFO - train_TRUE TRAIN mm min/max: 0.0, 154.39999389648438
2025-11-28 07:38:44,444 - BiLSTMBRDWGD - INFO -  Gerando gráficos TRAIN...
2025-11-28 07:38:44,742 - BiLSTMBRDWGD - INFO -  Gráficos gerados TRAIN ...
2025-11-28 07:38:44,742 - BiLSTMBRDWGD - INFO - Calculando erro para parte de teste
2025-11-28 07:38:44,743 - BiLSTMBRDWGD - INFO - RMSE: 12.5014
2025-11-28 07:38:44,743 - BiLSTMBRDWGD - INFO - MSE : 156.2859
2025-11-28 07:38:44,743 - BiLSTMBRDWGD - INFO - MAE : 6.7148
2025-11-28 07:38:44,743 - BiLSTMBRDWGD - INFO - CSI (thr=1.0 mm): 0.2500  [TP=3, FP=7, FN=2]
2025-11-28 07:38:44,743 - BiLSTMBRDWGD - INFO - y_pred mm min/max: 0.0, 32.95154571533203
2025-11-28 07:38:44,743 - BiLSTMBRDWGD - INFO - y_TRUE mm min/max: 0.0, 55.400001525878906
2025-11-28 07:38:44,743 - BiLSTMBRDWGD - INFO -  Gerando gráficos...
2025-11-28 07:38:45,009 - BiLSTMBRDWGD - INFO -  Gráficos gerados...
2025-11-28 07:38:45,009 - BiLSTMBRDWGD - INFO - ==========================================================================================
2025-11-28 07:38:45,009 - BiLSTMBRDWGD - INFO - Execução finalizada com sucesso.
2025-11-28 07:38:45,009 - BiLSTMBRDWGD - INFO - Dispositivo utilizado: cuda
2025-11-28 07:38:45,010 - BiLSTMBRDWGD - INFO - ==========================================================================================
2025-11-28 07:38:50,919 - LSTMBRDWGD - INFO - ==========================================================================================
2025-11-28 07:38:50,919 - LSTMBRDWGD - INFO - Iniciando script LSTM (PyTorch) BRDWGD com suporte a GPU e logs detalhados.
2025-11-28 07:38:50,919 - LSTMBRDWGD - INFO - ==========================================================================================
2025-11-28 07:38:50,919 - LSTMBRDWGD - INFO - Iniciando experimento: lookback=30, hidden_dim=128, layers=2, lr=0.001, drop=0.5
2025-11-28 07:38:50,930 - LSTMBRDWGD - INFO - Shape treino: torch.Size([5863, 30, 1]), teste: torch.Size([30, 30, 1])
2025-11-28 07:38:50,946 - LSTMBRDWGD - INFO - Treinando por 500 épocas...
2025-11-28 07:38:51,545 - LSTMBRDWGD - INFO - [EXP] Época 1/500 - Loss: 97.131913
2025-11-28 07:39:20,981 - LSTMBRDWGD - INFO - [EXP] Época 50/500 - Loss: 35.388264
2025-11-28 07:39:51,022 - LSTMBRDWGD - INFO - [EXP] Época 100/500 - Loss: 18.028615
2025-11-28 07:40:21,058 - LSTMBRDWGD - INFO - [EXP] Época 150/500 - Loss: 3.726623
2025-11-28 07:40:51,095 - LSTMBRDWGD - INFO - [EXP] Época 200/500 - Loss: 3.212694
2025-11-28 07:41:21,130 - LSTMBRDWGD - INFO - [EXP] Época 250/500 - Loss: 1.167134
2025-11-28 07:41:51,168 - LSTMBRDWGD - INFO - [EXP] Época 300/500 - Loss: 1.069477
2025-11-28 07:42:21,205 - LSTMBRDWGD - INFO - [EXP] Época 350/500 - Loss: 1.947132
2025-11-28 07:42:51,246 - LSTMBRDWGD - INFO - [EXP] Época 400/500 - Loss: 0.813665
2025-11-28 07:43:21,287 - LSTMBRDWGD - INFO - [EXP] Época 450/500 - Loss: 0.758575
2025-11-28 07:43:51,339 - LSTMBRDWGD - INFO - [EXP] Época 500/500 - Loss: 0.401849
2025-11-28 07:43:51,339 - LSTMBRDWGD - INFO - Treinamento concluído em 5.01 minutos
2025-11-28 07:43:51,834 - LSTMBRDWGD - INFO - Calculando erro para o train
2025-11-28 07:43:51,835 - LSTMBRDWGD - INFO - RMSE: 0.3964
2025-11-28 07:43:51,835 - LSTMBRDWGD - INFO - MSE : 0.1572
2025-11-28 07:43:51,835 - LSTMBRDWGD - INFO - MAE : 0.1627
2025-11-28 07:43:51,835 - LSTMBRDWGD - INFO - CSI (thr=1.0 mm): 0.9489  [TP=1448, FP=15, FN=63]
2025-11-28 07:43:51,835 - LSTMBRDWGD - INFO - train_pred TRAIN mm min/max: 0.0, 154.09085083007812
2025-11-28 07:43:51,835 - LSTMBRDWGD - INFO - train_TRUE TRAIN mm min/max: 0.0, 154.39999389648438
2025-11-28 07:43:51,835 - LSTMBRDWGD - INFO -  Gerando gráficos TRAIN...
2025-11-28 07:43:52,181 - LSTMBRDWGD - INFO -  Gráficos gerados TRAIN ...
2025-11-28 07:43:52,181 - LSTMBRDWGD - INFO - Calculando erro para parte de teste
2025-11-28 07:43:52,182 - LSTMBRDWGD - INFO - RMSE: 13.3406
2025-11-28 07:43:52,182 - LSTMBRDWGD - INFO - MSE : 177.9721
2025-11-28 07:43:52,182 - LSTMBRDWGD - INFO - MAE : 6.7933
2025-11-28 07:43:52,182 - LSTMBRDWGD - INFO - CSI (thr=1.0 mm): 0.2353  [TP=4, FP=12, FN=1]
2025-11-28 07:43:52,182 - LSTMBRDWGD - INFO - y_pred mm min/max: 0.0, 24.83001708984375
2025-11-28 07:43:52,182 - LSTMBRDWGD - INFO - y_TRUE mm min/max: 0.0, 55.400001525878906
2025-11-28 07:43:52,182 - LSTMBRDWGD - INFO -  Gerando gráficos...
2025-11-28 07:43:52,473 - LSTMBRDWGD - INFO -  Gráficos gerados...
2025-11-28 07:43:52,473 - LSTMBRDWGD - INFO - ==========================================================================================
2025-11-28 07:43:52,473 - LSTMBRDWGD - INFO - Execução finalizada com sucesso.
2025-11-28 07:43:52,473 - LSTMBRDWGD - INFO - Dispositivo utilizado: cuda
2025-11-28 07:43:52,473 - LSTMBRDWGD - INFO - ==========================================================================================
2025-11-28 07:43:58,140 - BiLSTMBRDWGD - INFO - ==========================================================================================
2025-11-28 07:43:58,140 - BiLSTMBRDWGD - INFO - Iniciando script LSTM (PyTorch) BRDWGD com suporte a GPU e logs detalhados.
2025-11-28 07:43:58,140 - BiLSTMBRDWGD - INFO - ==========================================================================================
2025-11-28 07:43:58,140 - BiLSTMBRDWGD - INFO - Iniciando experimento: lookback=30, hidden_dim=128, layers=2, lr=0.001, drop=0.5
2025-11-28 07:43:58,151 - BiLSTMBRDWGD - INFO - Shape treino: torch.Size([5863, 30, 1]), teste: torch.Size([30, 30, 1])
2025-11-28 07:43:58,180 - BiLSTMBRDWGD - INFO - Treinando por 500 épocas...
2025-11-28 07:43:58,961 - BiLSTMBRDWGD - INFO - [EXP] Época 1/500 - Loss: 96.128725
2025-11-28 07:44:37,254 - BiLSTMBRDWGD - INFO - [EXP] Época 50/500 - Loss: 43.139963
2025-11-28 07:45:16,327 - BiLSTMBRDWGD - INFO - [EXP] Época 100/500 - Loss: 17.656012
2025-11-28 07:45:55,406 - BiLSTMBRDWGD - INFO - [EXP] Época 150/500 - Loss: 10.389848
2025-11-28 07:46:34,477 - BiLSTMBRDWGD - INFO - [EXP] Época 200/500 - Loss: 7.076526
2025-11-28 07:47:13,663 - BiLSTMBRDWGD - INFO - [EXP] Época 250/500 - Loss: 6.259446
2025-11-28 07:47:52,718 - BiLSTMBRDWGD - INFO - [EXP] Época 300/500 - Loss: 3.733514
2025-11-28 07:48:31,779 - BiLSTMBRDWGD - INFO - [EXP] Época 350/500 - Loss: 3.475380
2025-11-28 07:49:10,836 - BiLSTMBRDWGD - INFO - [EXP] Época 400/500 - Loss: 3.209392
2025-11-28 07:49:49,899 - BiLSTMBRDWGD - INFO - [EXP] Época 450/500 - Loss: 2.741840
2025-11-28 07:50:28,955 - BiLSTMBRDWGD - INFO - [EXP] Época 500/500 - Loss: 7.800451
2025-11-28 07:50:28,956 - BiLSTMBRDWGD - INFO - Treinamento concluído em 6.51 minutos
2025-11-28 07:50:29,532 - BiLSTMBRDWGD - INFO - Calculando erro para o train
2025-11-28 07:50:29,533 - BiLSTMBRDWGD - INFO - RMSE: 2.3607
2025-11-28 07:50:29,533 - BiLSTMBRDWGD - INFO - MSE : 5.5729
2025-11-28 07:50:29,533 - BiLSTMBRDWGD - INFO - MAE : 0.7749
2025-11-28 07:50:29,533 - BiLSTMBRDWGD - INFO - CSI (thr=1.0 mm): 0.6845  [TP=1165, FP=191, FN=346]
2025-11-28 07:50:29,533 - BiLSTMBRDWGD - INFO - train_pred TRAIN mm min/max: 0.0, 150.8332977294922
2025-11-28 07:50:29,533 - BiLSTMBRDWGD - INFO - train_TRUE TRAIN mm min/max: 0.0, 154.39999389648438
2025-11-28 07:50:29,533 - BiLSTMBRDWGD - INFO -  Gerando gráficos TRAIN...
2025-11-28 07:50:29,862 - BiLSTMBRDWGD - INFO -  Gráficos gerados TRAIN ...
2025-11-28 07:50:29,862 - BiLSTMBRDWGD - INFO - Calculando erro para parte de teste
2025-11-28 07:50:29,863 - BiLSTMBRDWGD - INFO - RMSE: 14.6060
2025-11-28 07:50:29,863 - BiLSTMBRDWGD - INFO - MSE : 213.3360
2025-11-28 07:50:29,863 - BiLSTMBRDWGD - INFO - MAE : 7.6899
2025-11-28 07:50:29,863 - BiLSTMBRDWGD - INFO - CSI (thr=1.0 mm): 0.3077  [TP=4, FP=8, FN=1]
2025-11-28 07:50:29,863 - BiLSTMBRDWGD - INFO - y_pred mm min/max: 0.0, 24.675128936767578
2025-11-28 07:50:29,863 - BiLSTMBRDWGD - INFO - y_TRUE mm min/max: 0.0, 55.400001525878906
2025-11-28 07:50:29,863 - BiLSTMBRDWGD - INFO -  Gerando gráficos...
2025-11-28 07:50:30,133 - BiLSTMBRDWGD - INFO -  Gráficos gerados...
2025-11-28 07:50:30,134 - BiLSTMBRDWGD - INFO - ==========================================================================================
2025-11-28 07:50:30,134 - BiLSTMBRDWGD - INFO - Execução finalizada com sucesso.
2025-11-28 07:50:30,134 - BiLSTMBRDWGD - INFO - Dispositivo utilizado: cuda
2025-11-28 07:50:30,134 - BiLSTMBRDWGD - INFO - ==========================================================================================
2025-11-28 07:50:36,055 - LSTMBRDWGD - INFO - ==========================================================================================
2025-11-28 07:50:36,055 - LSTMBRDWGD - INFO - Iniciando script LSTM (PyTorch) BRDWGD com suporte a GPU e logs detalhados.
2025-11-28 07:50:36,056 - LSTMBRDWGD - INFO - ==========================================================================================
2025-11-28 07:50:36,056 - LSTMBRDWGD - INFO - Iniciando experimento: lookback=30, hidden_dim=256, layers=2, lr=0.001, drop=0.5
2025-11-28 07:50:36,065 - LSTMBRDWGD - INFO - Shape treino: torch.Size([5863, 30, 1]), teste: torch.Size([30, 30, 1])
2025-11-28 07:50:36,083 - LSTMBRDWGD - INFO - Treinando por 500 épocas...
2025-11-28 07:50:37,328 - LSTMBRDWGD - INFO - [EXP] Época 1/500 - Loss: 97.168985
2025-11-28 07:51:38,398 - LSTMBRDWGD - INFO - [EXP] Época 50/500 - Loss: 18.127850
2025-11-28 07:52:40,719 - LSTMBRDWGD - INFO - [EXP] Época 100/500 - Loss: 2.432785
2025-11-28 07:53:43,037 - LSTMBRDWGD - INFO - [EXP] Época 150/500 - Loss: 4.786547
2025-11-28 07:54:45,345 - LSTMBRDWGD - INFO - [EXP] Época 200/500 - Loss: 0.835005
2025-11-28 07:55:47,662 - LSTMBRDWGD - INFO - [EXP] Época 250/500 - Loss: 0.518435
2025-11-28 07:56:49,987 - LSTMBRDWGD - INFO - [EXP] Época 300/500 - Loss: 0.701086
2025-11-28 07:57:52,305 - LSTMBRDWGD - INFO - [EXP] Época 350/500 - Loss: 0.503019
2025-11-28 07:58:54,620 - LSTMBRDWGD - INFO - [EXP] Época 400/500 - Loss: 0.322170
2025-11-28 07:59:56,947 - LSTMBRDWGD - INFO - [EXP] Época 450/500 - Loss: 0.666270
2025-11-28 08:00:59,278 - LSTMBRDWGD - INFO - [EXP] Época 500/500 - Loss: 0.245758
2025-11-28 08:00:59,279 - LSTMBRDWGD - INFO - Treinamento concluído em 10.39 minutos
2025-11-28 08:00:59,817 - LSTMBRDWGD - INFO - Calculando erro para o train
2025-11-28 08:00:59,818 - LSTMBRDWGD - INFO - RMSE: 0.2969
2025-11-28 08:00:59,818 - LSTMBRDWGD - INFO - MSE : 0.0882
2025-11-28 08:00:59,818 - LSTMBRDWGD - INFO - MAE : 0.1102
2025-11-28 08:00:59,818 - LSTMBRDWGD - INFO - CSI (thr=1.0 mm): 0.9651  [TP=1467, FP=9, FN=44]
2025-11-28 08:00:59,818 - LSTMBRDWGD - INFO - train_pred TRAIN mm min/max: 0.0, 154.4293975830078
2025-11-28 08:00:59,818 - LSTMBRDWGD - INFO - train_TRUE TRAIN mm min/max: 0.0, 154.39999389648438
2025-11-28 08:00:59,818 - LSTMBRDWGD - INFO -  Gerando gráficos TRAIN...
2025-11-28 08:01:00,175 - LSTMBRDWGD - INFO -  Gráficos gerados TRAIN ...
2025-11-28 08:01:00,175 - LSTMBRDWGD - INFO - Calculando erro para parte de teste
2025-11-28 08:01:00,176 - LSTMBRDWGD - INFO - RMSE: 14.2976
2025-11-28 08:01:00,176 - LSTMBRDWGD - INFO - MSE : 204.4227
2025-11-28 08:01:00,176 - LSTMBRDWGD - INFO - MAE : 7.0709
2025-11-28 08:01:00,176 - LSTMBRDWGD - INFO - CSI (thr=1.0 mm): 0.2000  [TP=3, FP=10, FN=2]
2025-11-28 08:01:00,176 - LSTMBRDWGD - INFO - y_pred mm min/max: 0.0, 21.164379119873047
2025-11-28 08:01:00,176 - LSTMBRDWGD - INFO - y_TRUE mm min/max: 0.0, 55.400001525878906
2025-11-28 08:01:00,176 - LSTMBRDWGD - INFO -  Gerando gráficos...
2025-11-28 08:01:00,433 - LSTMBRDWGD - INFO -  Gráficos gerados...
2025-11-28 08:01:00,433 - LSTMBRDWGD - INFO - ==========================================================================================
2025-11-28 08:01:00,433 - LSTMBRDWGD - INFO - Execução finalizada com sucesso.
2025-11-28 08:01:00,433 - LSTMBRDWGD - INFO - Dispositivo utilizado: cuda
2025-11-28 08:01:00,433 - LSTMBRDWGD - INFO - ==========================================================================================
2025-11-28 08:01:06,057 - BiLSTMBRDWGD - INFO - ==========================================================================================
2025-11-28 08:01:06,057 - BiLSTMBRDWGD - INFO - Iniciando script LSTM (PyTorch) BRDWGD com suporte a GPU e logs detalhados.
2025-11-28 08:01:06,057 - BiLSTMBRDWGD - INFO - ==========================================================================================
2025-11-28 08:01:06,057 - BiLSTMBRDWGD - INFO - Iniciando experimento: lookback=30, hidden_dim=256, layers=2, lr=0.001, drop=0.5
2025-11-28 08:01:06,067 - BiLSTMBRDWGD - INFO - Shape treino: torch.Size([5863, 30, 1]), teste: torch.Size([30, 30, 1])
2025-11-28 08:01:06,101 - BiLSTMBRDWGD - INFO - Treinando por 500 épocas...
2025-11-28 08:01:07,805 - BiLSTMBRDWGD - INFO - [EXP] Época 1/500 - Loss: 95.200158
2025-11-28 08:02:31,339 - BiLSTMBRDWGD - INFO - [EXP] Época 50/500 - Loss: 57.305789
2025-11-28 08:03:56,495 - BiLSTMBRDWGD - INFO - [EXP] Época 100/500 - Loss: 11.218351
2025-11-28 08:05:21,970 - BiLSTMBRDWGD - INFO - [EXP] Época 150/500 - Loss: 5.468240
2025-11-28 08:06:47,758 - BiLSTMBRDWGD - INFO - [EXP] Época 200/500 - Loss: 6.844140
2025-11-28 08:08:12,930 - BiLSTMBRDWGD - INFO - [EXP] Época 250/500 - Loss: 3.263535
2025-11-28 08:09:38,420 - BiLSTMBRDWGD - INFO - [EXP] Época 300/500 - Loss: 3.952135
2025-11-28 08:11:03,960 - BiLSTMBRDWGD - INFO - [EXP] Época 350/500 - Loss: 2.845768
2025-11-28 08:12:29,504 - BiLSTMBRDWGD - INFO - [EXP] Época 400/500 - Loss: 2.446681
2025-11-28 08:13:54,915 - BiLSTMBRDWGD - INFO - [EXP] Época 450/500 - Loss: 2.087543
2025-11-28 08:15:20,505 - BiLSTMBRDWGD - INFO - [EXP] Época 500/500 - Loss: 3.671675
2025-11-28 08:15:20,505 - BiLSTMBRDWGD - INFO - Treinamento concluído em 14.24 minutos
2025-11-28 08:15:21,154 - BiLSTMBRDWGD - INFO - Calculando erro para o train
2025-11-28 08:15:21,155 - BiLSTMBRDWGD - INFO - RMSE: 1.8515
2025-11-28 08:15:21,155 - BiLSTMBRDWGD - INFO - MSE : 3.4279
2025-11-28 08:15:21,155 - BiLSTMBRDWGD - INFO - MAE : 0.4810
2025-11-28 08:15:21,155 - BiLSTMBRDWGD - INFO - CSI (thr=1.0 mm): 0.8233  [TP=1337, FP=113, FN=174]
2025-11-28 08:15:21,155 - BiLSTMBRDWGD - INFO - train_pred TRAIN mm min/max: 0.0, 154.4718475341797
2025-11-28 08:15:21,155 - BiLSTMBRDWGD - INFO - train_TRUE TRAIN mm min/max: 0.0, 154.39999389648438
2025-11-28 08:15:21,155 - BiLSTMBRDWGD - INFO -  Gerando gráficos TRAIN...
2025-11-28 08:15:21,510 - BiLSTMBRDWGD - INFO -  Gráficos gerados TRAIN ...
2025-11-28 08:15:21,511 - BiLSTMBRDWGD - INFO - Calculando erro para parte de teste
2025-11-28 08:15:21,511 - BiLSTMBRDWGD - INFO - RMSE: 12.7459
2025-11-28 08:15:21,511 - BiLSTMBRDWGD - INFO - MSE : 162.4581
2025-11-28 08:15:21,511 - BiLSTMBRDWGD - INFO - MAE : 7.0656
2025-11-28 08:15:21,511 - BiLSTMBRDWGD - INFO - CSI (thr=1.0 mm): 0.1111  [TP=2, FP=13, FN=3]
2025-11-28 08:15:21,511 - BiLSTMBRDWGD - INFO - y_pred mm min/max: 0.0, 24.729238510131836
2025-11-28 08:15:21,512 - BiLSTMBRDWGD - INFO - y_TRUE mm min/max: 0.0, 55.400001525878906
2025-11-28 08:15:21,512 - BiLSTMBRDWGD - INFO -  Gerando gráficos...
2025-11-28 08:15:21,769 - BiLSTMBRDWGD - INFO -  Gráficos gerados...
2025-11-28 08:15:21,769 - BiLSTMBRDWGD - INFO - ==========================================================================================
2025-11-28 08:15:21,769 - BiLSTMBRDWGD - INFO - Execução finalizada com sucesso.
2025-11-28 08:15:21,769 - BiLSTMBRDWGD - INFO - Dispositivo utilizado: cuda
2025-11-28 08:15:21,769 - BiLSTMBRDWGD - INFO - ==========================================================================================
2025-11-28 08:15:27,678 - ARIMA_BRDWGD - INFO - ==========================================================================================
2025-11-28 08:15:27,678 - ARIMA_BRDWGD - INFO - Iniciando script ARIMA BRDWGD.
2025-11-28 08:15:27,678 - ARIMA_BRDWGD - INFO - ==========================================================================================
2025-11-28 08:15:27,679 - ARIMA_BRDWGD - INFO - Tamanho treino: 5894 | teste: 30
2025-11-28 08:15:27,679 - ARIMA_BRDWGD - INFO - [FASE 4] Iniciando busca manual por hiperparâmetros (AIC).
2025-11-28 08:27:46,285 - ARIMA_BRDWGD - INFO - Melhor order encontrado: (30, 0, 2)
2025-11-28 08:27:46,286 - ARIMA_BRDWGD - INFO - Melhor AIC (treino): 43303.74
2025-11-28 08:27:46,286 - ARIMA_BRDWGD - INFO - Tempo da Fase 4: 738.61s
2025-11-28 08:27:46,286 - ARIMA_BRDWGD - INFO - [FASE 5] Reajustando melhor modelo no conjunto de treino.
2025-11-28 08:32:03,125 - ARIMA_BRDWGD - INFO - Melhor modelo ajustado no treino.
2025-11-28 08:32:03,125 - ARIMA_BRDWGD - INFO - Tempo da Fase 5: 256.84s
2025-11-28 08:32:03,125 - ARIMA_BRDWGD - INFO - [FASE 6] Gerando previsões no conjunto de teste e avaliando métricas.
2025-11-28 08:32:03,127 - ARIMA_BRDWGD - INFO - RMSE: 9.4766
2025-11-28 08:32:03,127 - ARIMA_BRDWGD - INFO - MSE : 89.8066
2025-11-28 08:32:03,127 - ARIMA_BRDWGD - INFO - MAE : 4.4990
2025-11-28 08:32:03,127 - ARIMA_BRDWGD - INFO - CSI (thr=1.0 mm): 0.2575  [TP=1505, FP=4319, FN=20]
2025-11-28 08:32:03,127 - ARIMA_BRDWGD - INFO - [TREINO] RMSE=9.4766 | MSE=89.8066 | MAE=4.4990 | CSI=0.2575
2025-11-28 08:32:03,131 - ARIMA_BRDWGD - INFO - RMSE: 13.2564
2025-11-28 08:32:03,131 - ARIMA_BRDWGD - INFO - MSE : 175.7328
2025-11-28 08:32:03,131 - ARIMA_BRDWGD - INFO - MAE : 7.3414
2025-11-28 08:32:03,131 - ARIMA_BRDWGD - INFO - CSI (thr=1.0 mm): 0.2000  [TP=6, FP=24, FN=0]
2025-11-28 08:32:03,131 - ARIMA_BRDWGD - INFO - Tempo total da Fase 6: 0.01s
2025-11-28 08:32:03,131 - ARIMA_BRDWGD - INFO - [FASE 7] Salvando gráfico de previsão vs. observado.
2025-11-28 08:32:03,727 - ARIMA_BRDWGD - INFO - Gráfico salvo como 'arimaBRDWGD_result.png'.
2025-11-28 08:32:03,727 - ARIMA_BRDWGD - INFO - ==========================================================================================
2025-11-28 08:32:03,727 - ARIMA_BRDWGD - INFO - Execução ARIMA BRDWGD finalizada com sucesso.
2025-11-28 08:32:03,727 - ARIMA_BRDWGD - INFO - Tempo total de execução: 996.05s
2025-11-28 08:32:03,727 - ARIMA_BRDWGD - INFO - ==========================================================================================
2025-11-28 08:32:09,356 - RANDOM_FOREST_BRDWGD - INFO - ====================================================================================================
2025-11-28 08:32:09,356 - RANDOM_FOREST_BRDWGD - INFO - Iniciando Random Forest BRDWGD com GridSearchCV.
2025-11-28 08:32:09,356 - RANDOM_FOREST_BRDWGD - INFO - ====================================================================================================
2025-11-28 08:32:09,356 - RANDOM_FOREST_BRDWGD - INFO - [FASE 3] Split treino/teste e preparação.
2025-11-28 08:32:09,359 - RANDOM_FOREST_BRDWGD - INFO - [FASE 3] Treino: X=(5864, 30), y=5864 | Teste: X=(30, 30), y=30
2025-11-28 08:32:09,359 - RANDOM_FOREST_BRDWGD - INFO - [FASE 3] Tempo: 0.00s
2025-11-28 08:32:09,359 - RANDOM_FOREST_BRDWGD - INFO - [FASE 4] Iniciando GridSearchCV (TimeSeriesSplit).
2025-11-28 08:33:11,063 - RANDOM_FOREST_BRDWGD - INFO - [FASE 4] GridSearchCV concluído em 61.70s
2025-11-28 08:33:11,064 - RANDOM_FOREST_BRDWGD - INFO - [FASE 4] Melhores parâmetros: {'max_depth': 60, 'max_features': 'sqrt', 'min_samples_leaf': 4, 'min_samples_split': 10, 'n_estimators': 200}
2025-11-28 08:33:11,064 - RANDOM_FOREST_BRDWGD - INFO - [FASE 4] Melhor score (neg_MSE): -98.818296
2025-11-28 08:33:11,064 - RANDOM_FOREST_BRDWGD - INFO - [FASE 4] Tempo: 61.70s
2025-11-28 08:33:11,064 - RANDOM_FOREST_BRDWGD - INFO - [FASE 5] Treinando best_estimator_ no conjunto de treino.
2025-11-28 08:33:11,317 - RANDOM_FOREST_BRDWGD - INFO - [FASE 5] Tempo: 0.25s
2025-11-28 08:33:11,317 - RANDOM_FOREST_BRDWGD - INFO - [FASE 6] Previsão e cálculo de métricas.
2025-11-28 08:33:11,352 - RANDOM_FOREST_BRDWGD - INFO - RMSE: 7.5402
2025-11-28 08:33:11,352 - RANDOM_FOREST_BRDWGD - INFO - MSE : 56.8553
2025-11-28 08:33:11,352 - RANDOM_FOREST_BRDWGD - INFO - MAE : 3.4162
2025-11-28 08:33:11,352 - RANDOM_FOREST_BRDWGD - INFO - CSI (thr=1.0 mm): 0.3223  [TP=1491, FP=3115, FN=20]
2025-11-28 08:33:11,352 - RANDOM_FOREST_BRDWGD - INFO - [TREINO] RMSE=7.5402 | MSE=56.8553 | MAE=3.4162 | CSI=0.3223
2025-11-28 08:33:11,375 - RANDOM_FOREST_BRDWGD - INFO - y_pred raw min/max: 1.993143407697288, 10.419484206937064
2025-11-28 08:33:11,375 - RANDOM_FOREST_BRDWGD - INFO - y_TRUE raw min/max: 0.0, 55.400001525878906
2025-11-28 08:33:11,375 - RANDOM_FOREST_BRDWGD - INFO - RMSE: 12.8944
2025-11-28 08:33:11,376 - RANDOM_FOREST_BRDWGD - INFO - MSE : 166.2649
2025-11-28 08:33:11,376 - RANDOM_FOREST_BRDWGD - INFO - MAE : 7.6742
2025-11-28 08:33:11,376 - RANDOM_FOREST_BRDWGD - INFO - CSI (thr=1.0 mm): 0.2000  [TP=6, FP=24, FN=0]
2025-11-28 08:33:11,376 - RANDOM_FOREST_BRDWGD - INFO - [FASE 7] Gerando gráficos.
2025-11-28 08:33:12,263 - RANDOM_FOREST_BRDWGD - INFO - Gráfico salvo como 'random_forest_BRDWGD.png'.
2025-11-28 08:33:12,263 - RANDOM_FOREST_BRDWGD - INFO - [FASE 7] Tempo: 0.89s
2025-11-28 08:33:12,263 - RANDOM_FOREST_BRDWGD - INFO - ====================================================================================================
2025-11-28 08:33:12,263 - RANDOM_FOREST_BRDWGD - INFO - Resumo Final
2025-11-28 08:33:12,263 - RANDOM_FOREST_BRDWGD - INFO - Melhores parâmetros: {'max_depth': 60, 'max_features': 'sqrt', 'min_samples_leaf': 4, 'min_samples_split': 10, 'n_estimators': 200}
2025-11-28 08:33:12,263 - RANDOM_FOREST_BRDWGD - INFO - Tempo total de execução: 62.91s
2025-11-28 08:33:12,263 - RANDOM_FOREST_BRDWGD - INFO - ====================================================================================================
2025-11-28 08:33:17,881 - LSTMBRDWGD - INFO - ==========================================================================================
2025-11-28 08:33:17,881 - LSTMBRDWGD - INFO - Iniciando script LSTM (PyTorch) BRDWGD com suporte a GPU e logs detalhados.
2025-11-28 08:33:17,881 - LSTMBRDWGD - INFO - ==========================================================================================
2025-11-28 08:33:17,881 - LSTMBRDWGD - INFO - Iniciando experimento: lookback=30, hidden_dim=32, layers=2, lr=0.001, drop=0.5
2025-11-28 08:33:17,898 - LSTMBRDWGD - INFO - Shape treino: torch.Size([5863, 30, 1]), teste: torch.Size([30, 30, 1])
2025-11-28 08:33:17,921 - LSTMBRDWGD - INFO - Treinando por 500 épocas...
2025-11-28 08:33:18,388 - LSTMBRDWGD - INFO - [EXP] Época 1/500 - Loss: 100.165885
2025-11-28 08:33:41,160 - LSTMBRDWGD - INFO - [EXP] Época 50/500 - Loss: 87.074338
2025-11-28 08:34:04,402 - LSTMBRDWGD - INFO - [EXP] Época 100/500 - Loss: 49.974427
2025-11-28 08:34:27,642 - LSTMBRDWGD - INFO - [EXP] Época 150/500 - Loss: 33.315695
2025-11-28 08:34:50,880 - LSTMBRDWGD - INFO - [EXP] Época 200/500 - Loss: 43.761554
2025-11-28 08:35:14,119 - LSTMBRDWGD - INFO - [EXP] Época 250/500 - Loss: 21.785630
2025-11-28 08:35:37,430 - LSTMBRDWGD - INFO - [EXP] Época 300/500 - Loss: 21.500888
2025-11-28 08:36:00,669 - LSTMBRDWGD - INFO - [EXP] Época 350/500 - Loss: 17.587117
2025-11-28 08:36:23,911 - LSTMBRDWGD - INFO - [EXP] Época 400/500 - Loss: 19.718572
2025-11-28 08:36:47,150 - LSTMBRDWGD - INFO - [EXP] Época 450/500 - Loss: 11.134231
2025-11-28 08:37:10,390 - LSTMBRDWGD - INFO - [EXP] Época 500/500 - Loss: 17.278490
2025-11-28 08:37:10,390 - LSTMBRDWGD - INFO - Treinamento concluído em 3.87 minutos
2025-11-28 08:37:10,821 - LSTMBRDWGD - INFO - Calculando erro para o train
2025-11-28 08:37:10,821 - LSTMBRDWGD - INFO - RMSE: 3.8665
2025-11-28 08:37:10,821 - LSTMBRDWGD - INFO - MSE : 14.9502
2025-11-28 08:37:10,821 - LSTMBRDWGD - INFO - MAE : 1.7312
2025-11-28 08:37:10,821 - LSTMBRDWGD - INFO - CSI (thr=1.0 mm): 0.4067  [TP=1162, FP=1346, FN=349]
2025-11-28 08:37:10,822 - LSTMBRDWGD - INFO - train_pred TRAIN mm min/max: 0.0, 148.68112182617188
2025-11-28 08:37:10,822 - LSTMBRDWGD - INFO - train_TRUE TRAIN mm min/max: 0.0, 154.39999389648438
2025-11-28 08:37:10,822 - LSTMBRDWGD - INFO -  Gerando gráficos TRAIN...
2025-11-28 08:37:11,134 - LSTMBRDWGD - INFO -  Gráficos gerados TRAIN ...
2025-11-28 08:37:11,134 - LSTMBRDWGD - INFO - Calculando erro para parte de teste
2025-11-28 08:37:11,135 - LSTMBRDWGD - INFO - RMSE: 15.3312
2025-11-28 08:37:11,135 - LSTMBRDWGD - INFO - MSE : 235.0444
2025-11-28 08:37:11,135 - LSTMBRDWGD - INFO - MAE : 7.5737
2025-11-28 08:37:11,135 - LSTMBRDWGD - INFO - CSI (thr=1.0 mm): 0.1875  [TP=3, FP=11, FN=2]
2025-11-28 08:37:11,135 - LSTMBRDWGD - INFO - y_pred mm min/max: 0.0, 37.94953536987305
2025-11-28 08:37:11,135 - LSTMBRDWGD - INFO - y_TRUE mm min/max: 0.0, 55.400001525878906
2025-11-28 08:37:11,135 - LSTMBRDWGD - INFO -  Gerando gráficos...
2025-11-28 08:37:11,389 - LSTMBRDWGD - INFO -  Gráficos gerados...
2025-11-28 08:37:11,390 - LSTMBRDWGD - INFO - ==========================================================================================
2025-11-28 08:37:11,390 - LSTMBRDWGD - INFO - Execução finalizada com sucesso.
2025-11-28 08:37:11,390 - LSTMBRDWGD - INFO - Dispositivo utilizado: cuda
2025-11-28 08:37:11,390 - LSTMBRDWGD - INFO - ==========================================================================================
2025-11-28 08:37:17,023 - BiLSTMBRDWGD - INFO - ==========================================================================================
2025-11-28 08:37:17,023 - BiLSTMBRDWGD - INFO - Iniciando script LSTM (PyTorch) BRDWGD com suporte a GPU e logs detalhados.
2025-11-28 08:37:17,023 - BiLSTMBRDWGD - INFO - ==========================================================================================
2025-11-28 08:37:17,023 - BiLSTMBRDWGD - INFO - Iniciando experimento: lookback=30, hidden_dim=32, layers=2, lr=0.001, drop=0.5
2025-11-28 08:37:17,034 - BiLSTMBRDWGD - INFO - Shape treino: torch.Size([5863, 30, 1]), teste: torch.Size([30, 30, 1])
2025-11-28 08:37:17,075 - BiLSTMBRDWGD - INFO - Treinando por 500 épocas...
2025-11-28 08:37:17,573 - BiLSTMBRDWGD - INFO - [EXP] Época 1/500 - Loss: 98.083691
2025-11-28 08:37:41,635 - BiLSTMBRDWGD - INFO - [EXP] Época 50/500 - Loss: 88.698504
2025-11-28 08:38:06,175 - BiLSTMBRDWGD - INFO - [EXP] Época 100/500 - Loss: 65.753805
2025-11-28 08:38:30,899 - BiLSTMBRDWGD - INFO - [EXP] Época 150/500 - Loss: 48.207116
2025-11-28 08:38:55,421 - BiLSTMBRDWGD - INFO - [EXP] Época 200/500 - Loss: 35.293043
2025-11-28 08:39:19,948 - BiLSTMBRDWGD - INFO - [EXP] Época 250/500 - Loss: 41.463318
2025-11-28 08:39:44,491 - BiLSTMBRDWGD - INFO - [EXP] Época 300/500 - Loss: 30.469468
2025-11-28 08:40:09,016 - BiLSTMBRDWGD - INFO - [EXP] Época 350/500 - Loss: 31.127281
2025-11-28 08:40:33,549 - BiLSTMBRDWGD - INFO - [EXP] Época 400/500 - Loss: 21.468510
2025-11-28 08:40:58,093 - BiLSTMBRDWGD - INFO - [EXP] Época 450/500 - Loss: 22.874812
2025-11-28 08:41:22,626 - BiLSTMBRDWGD - INFO - [EXP] Época 500/500 - Loss: 25.065520
2025-11-28 08:41:22,626 - BiLSTMBRDWGD - INFO - Treinamento concluído em 4.09 minutos
2025-11-28 08:41:23,028 - BiLSTMBRDWGD - INFO - Calculando erro para o train
2025-11-28 08:41:23,029 - BiLSTMBRDWGD - INFO - RMSE: 4.3206
2025-11-28 08:41:23,029 - BiLSTMBRDWGD - INFO - MSE : 18.6678
2025-11-28 08:41:23,029 - BiLSTMBRDWGD - INFO - MAE : 1.9980
2025-11-28 08:41:23,029 - BiLSTMBRDWGD - INFO - CSI (thr=1.0 mm): 0.3716  [TP=1107, FP=1468, FN=404]
2025-11-28 08:41:23,029 - BiLSTMBRDWGD - INFO - train_pred TRAIN mm min/max: 0.0, 146.42550659179688
2025-11-28 08:41:23,029 - BiLSTMBRDWGD - INFO - train_TRUE TRAIN mm min/max: 0.0, 154.39999389648438
2025-11-28 08:41:23,029 - BiLSTMBRDWGD - INFO -  Gerando gráficos TRAIN...
2025-11-28 08:41:23,299 - BiLSTMBRDWGD - INFO -  Gráficos gerados TRAIN ...
2025-11-28 08:41:23,299 - BiLSTMBRDWGD - INFO - Calculando erro para parte de teste
2025-11-28 08:41:23,300 - BiLSTMBRDWGD - INFO - RMSE: 13.1842
2025-11-28 08:41:23,300 - BiLSTMBRDWGD - INFO - MSE : 173.8237
2025-11-28 08:41:23,300 - BiLSTMBRDWGD - INFO - MAE : 5.4594
2025-11-28 08:41:23,300 - BiLSTMBRDWGD - INFO - CSI (thr=1.0 mm): 0.2308  [TP=3, FP=8, FN=2]
2025-11-28 08:41:23,300 - BiLSTMBRDWGD - INFO - y_pred mm min/max: 0.0, 13.141291618347168
2025-11-28 08:41:23,300 - BiLSTMBRDWGD - INFO - y_TRUE mm min/max: 0.0, 55.400001525878906
2025-11-28 08:41:23,300 - BiLSTMBRDWGD - INFO -  Gerando gráficos...
2025-11-28 08:41:23,566 - BiLSTMBRDWGD - INFO -  Gráficos gerados...
2025-11-28 08:41:23,566 - BiLSTMBRDWGD - INFO - ==========================================================================================
2025-11-28 08:41:23,567 - BiLSTMBRDWGD - INFO - Execução finalizada com sucesso.
2025-11-28 08:41:23,567 - BiLSTMBRDWGD - INFO - Dispositivo utilizado: cuda
2025-11-28 08:41:23,567 - BiLSTMBRDWGD - INFO - ==========================================================================================
2025-11-28 08:41:29,458 - LSTMBRDWGD - INFO - ==========================================================================================
2025-11-28 08:41:29,458 - LSTMBRDWGD - INFO - Iniciando script LSTM (PyTorch) BRDWGD com suporte a GPU e logs detalhados.
2025-11-28 08:41:29,458 - LSTMBRDWGD - INFO - ==========================================================================================
2025-11-28 08:41:29,458 - LSTMBRDWGD - INFO - Iniciando experimento: lookback=30, hidden_dim=64, layers=2, lr=0.001, drop=0.5
2025-11-28 08:41:29,468 - LSTMBRDWGD - INFO - Shape treino: torch.Size([5863, 30, 1]), teste: torch.Size([30, 30, 1])
2025-11-28 08:41:29,491 - LSTMBRDWGD - INFO - Treinando por 500 épocas...
2025-11-28 08:41:29,977 - LSTMBRDWGD - INFO - [EXP] Época 1/500 - Loss: 97.376425
2025-11-28 08:41:53,644 - LSTMBRDWGD - INFO - [EXP] Época 50/500 - Loss: 62.136594
2025-11-28 08:42:17,793 - LSTMBRDWGD - INFO - [EXP] Época 100/500 - Loss: 25.026738
2025-11-28 08:42:41,937 - LSTMBRDWGD - INFO - [EXP] Época 150/500 - Loss: 6.527312
2025-11-28 08:43:06,073 - LSTMBRDWGD - INFO - [EXP] Época 200/500 - Loss: 3.316844
2025-11-28 08:43:30,222 - LSTMBRDWGD - INFO - [EXP] Época 250/500 - Loss: 2.286236
2025-11-28 08:43:54,511 - LSTMBRDWGD - INFO - [EXP] Época 300/500 - Loss: 1.602643
2025-11-28 08:44:18,650 - LSTMBRDWGD - INFO - [EXP] Época 350/500 - Loss: 1.238980
2025-11-28 08:44:42,788 - LSTMBRDWGD - INFO - [EXP] Época 400/500 - Loss: 1.282045
2025-11-28 08:45:06,930 - LSTMBRDWGD - INFO - [EXP] Época 450/500 - Loss: 1.356608
2025-11-28 08:45:31,067 - LSTMBRDWGD - INFO - [EXP] Época 500/500 - Loss: 8.078083
2025-11-28 08:45:31,067 - LSTMBRDWGD - INFO - Treinamento concluído em 4.03 minutos
2025-11-28 08:45:31,500 - LSTMBRDWGD - INFO - Calculando erro para o train
2025-11-28 08:45:31,501 - LSTMBRDWGD - INFO - RMSE: 3.9911
2025-11-28 08:45:31,501 - LSTMBRDWGD - INFO - MSE : 15.9285
2025-11-28 08:45:31,501 - LSTMBRDWGD - INFO - MAE : 1.6502
2025-11-28 08:45:31,501 - LSTMBRDWGD - INFO - CSI (thr=1.0 mm): 0.4771  [TP=1302, FP=1218, FN=209]
2025-11-28 08:45:31,501 - LSTMBRDWGD - INFO - train_pred TRAIN mm min/max: 0.0, 134.19569396972656
2025-11-28 08:45:31,501 - LSTMBRDWGD - INFO - train_TRUE TRAIN mm min/max: 0.0, 154.39999389648438
2025-11-28 08:45:31,501 - LSTMBRDWGD - INFO -  Gerando gráficos TRAIN...
2025-11-28 08:45:31,829 - LSTMBRDWGD - INFO -  Gráficos gerados TRAIN ...
2025-11-28 08:45:31,829 - LSTMBRDWGD - INFO - Calculando erro para parte de teste
2025-11-28 08:45:31,829 - LSTMBRDWGD - INFO - RMSE: 13.1550
2025-11-28 08:45:31,829 - LSTMBRDWGD - INFO - MSE : 173.0550
2025-11-28 08:45:31,829 - LSTMBRDWGD - INFO - MAE : 5.7221
2025-11-28 08:45:31,830 - LSTMBRDWGD - INFO - CSI (thr=1.0 mm): 0.2353  [TP=4, FP=12, FN=1]
2025-11-28 08:45:31,830 - LSTMBRDWGD - INFO - y_pred mm min/max: 0.0, 24.691314697265625
2025-11-28 08:45:31,830 - LSTMBRDWGD - INFO - y_TRUE mm min/max: 0.0, 55.400001525878906
2025-11-28 08:45:31,830 - LSTMBRDWGD - INFO -  Gerando gráficos...
2025-11-28 08:45:32,062 - LSTMBRDWGD - INFO -  Gráficos gerados...
2025-11-28 08:45:32,062 - LSTMBRDWGD - INFO - ==========================================================================================
2025-11-28 08:45:32,063 - LSTMBRDWGD - INFO - Execução finalizada com sucesso.
2025-11-28 08:45:32,063 - LSTMBRDWGD - INFO - Dispositivo utilizado: cuda
2025-11-28 08:45:32,063 - LSTMBRDWGD - INFO - ==========================================================================================
2025-11-28 08:45:37,665 - BiLSTMBRDWGD - INFO - ==========================================================================================
2025-11-28 08:45:37,665 - BiLSTMBRDWGD - INFO - Iniciando script LSTM (PyTorch) BRDWGD com suporte a GPU e logs detalhados.
2025-11-28 08:45:37,665 - BiLSTMBRDWGD - INFO - ==========================================================================================
2025-11-28 08:45:37,665 - BiLSTMBRDWGD - INFO - Iniciando experimento: lookback=30, hidden_dim=64, layers=2, lr=0.001, drop=0.5
2025-11-28 08:45:37,676 - BiLSTMBRDWGD - INFO - Shape treino: torch.Size([5863, 30, 1]), teste: torch.Size([30, 30, 1])
2025-11-28 08:45:37,713 - BiLSTMBRDWGD - INFO - Treinando por 500 épocas...
2025-11-28 08:45:38,260 - BiLSTMBRDWGD - INFO - [EXP] Época 1/500 - Loss: 97.241137
2025-11-28 08:46:05,016 - BiLSTMBRDWGD - INFO - [EXP] Época 50/500 - Loss: 73.449084
2025-11-28 08:46:32,321 - BiLSTMBRDWGD - INFO - [EXP] Época 100/500 - Loss: 37.034609
2025-11-28 08:46:59,668 - BiLSTMBRDWGD - INFO - [EXP] Época 150/500 - Loss: 21.294135
2025-11-28 08:47:26,977 - BiLSTMBRDWGD - INFO - [EXP] Época 200/500 - Loss: 19.141376
2025-11-28 08:47:54,270 - BiLSTMBRDWGD - INFO - [EXP] Época 250/500 - Loss: 14.518540
2025-11-28 08:48:21,552 - BiLSTMBRDWGD - INFO - [EXP] Época 300/500 - Loss: 10.408499
2025-11-28 08:48:48,830 - BiLSTMBRDWGD - INFO - [EXP] Época 350/500 - Loss: 10.863305
2025-11-28 08:49:16,110 - BiLSTMBRDWGD - INFO - [EXP] Época 400/500 - Loss: 14.324919
2025-11-28 08:49:43,392 - BiLSTMBRDWGD - INFO - [EXP] Época 450/500 - Loss: 10.202594
2025-11-28 08:50:10,684 - BiLSTMBRDWGD - INFO - [EXP] Época 500/500 - Loss: 7.193565
2025-11-28 08:50:10,684 - BiLSTMBRDWGD - INFO - Treinamento concluído em 4.55 minutos
2025-11-28 08:50:11,125 - BiLSTMBRDWGD - INFO - Calculando erro para o train
2025-11-28 08:50:11,126 - BiLSTMBRDWGD - INFO - RMSE: 1.9317
2025-11-28 08:50:11,126 - BiLSTMBRDWGD - INFO - MSE : 3.7313
2025-11-28 08:50:11,126 - BiLSTMBRDWGD - INFO - MAE : 0.7842
2025-11-28 08:50:11,126 - BiLSTMBRDWGD - INFO - CSI (thr=1.0 mm): 0.6279  [TP=1119, FP=271, FN=392]
2025-11-28 08:50:11,126 - BiLSTMBRDWGD - INFO - train_pred TRAIN mm min/max: 0.0, 148.41294860839844
2025-11-28 08:50:11,126 - BiLSTMBRDWGD - INFO - train_TRUE TRAIN mm min/max: 0.0, 154.39999389648438
2025-11-28 08:50:11,126 - BiLSTMBRDWGD - INFO -  Gerando gráficos TRAIN...
2025-11-28 08:50:11,437 - BiLSTMBRDWGD - INFO -  Gráficos gerados TRAIN ...
2025-11-28 08:50:11,437 - BiLSTMBRDWGD - INFO - Calculando erro para parte de teste
2025-11-28 08:50:11,438 - BiLSTMBRDWGD - INFO - RMSE: 12.0292
2025-11-28 08:50:11,438 - BiLSTMBRDWGD - INFO - MSE : 144.7019
2025-11-28 08:50:11,438 - BiLSTMBRDWGD - INFO - MAE : 5.6312
2025-11-28 08:50:11,438 - BiLSTMBRDWGD - INFO - CSI (thr=1.0 mm): 0.2308  [TP=3, FP=8, FN=2]
2025-11-28 08:50:11,438 - BiLSTMBRDWGD - INFO - y_pred mm min/max: 0.0, 24.48967742919922
2025-11-28 08:50:11,438 - BiLSTMBRDWGD - INFO - y_TRUE mm min/max: 0.0, 55.400001525878906
2025-11-28 08:50:11,438 - BiLSTMBRDWGD - INFO -  Gerando gráficos...
2025-11-28 08:50:11,695 - BiLSTMBRDWGD - INFO -  Gráficos gerados...
2025-11-28 08:50:11,695 - BiLSTMBRDWGD - INFO - ==========================================================================================
2025-11-28 08:50:11,695 - BiLSTMBRDWGD - INFO - Execução finalizada com sucesso.
2025-11-28 08:50:11,695 - BiLSTMBRDWGD - INFO - Dispositivo utilizado: cuda
2025-11-28 08:50:11,695 - BiLSTMBRDWGD - INFO - ==========================================================================================
2025-11-28 08:50:17,578 - LSTMBRDWGD - INFO - ==========================================================================================
2025-11-28 08:50:17,578 - LSTMBRDWGD - INFO - Iniciando script LSTM (PyTorch) BRDWGD com suporte a GPU e logs detalhados.
2025-11-28 08:50:17,578 - LSTMBRDWGD - INFO - ==========================================================================================
2025-11-28 08:50:17,578 - LSTMBRDWGD - INFO - Iniciando experimento: lookback=30, hidden_dim=128, layers=2, lr=0.001, drop=0.5
2025-11-28 08:50:17,589 - LSTMBRDWGD - INFO - Shape treino: torch.Size([5863, 30, 1]), teste: torch.Size([30, 30, 1])
2025-11-28 08:50:17,605 - LSTMBRDWGD - INFO - Treinando por 500 épocas...
2025-11-28 08:50:18,207 - LSTMBRDWGD - INFO - [EXP] Época 1/500 - Loss: 96.985499
2025-11-28 08:50:47,656 - LSTMBRDWGD - INFO - [EXP] Época 50/500 - Loss: 36.583022
2025-11-28 08:51:17,720 - LSTMBRDWGD - INFO - [EXP] Época 100/500 - Loss: 12.207380
2025-11-28 08:51:47,775 - LSTMBRDWGD - INFO - [EXP] Época 150/500 - Loss: 10.292664
2025-11-28 08:52:17,827 - LSTMBRDWGD - INFO - [EXP] Época 200/500 - Loss: 3.837261
2025-11-28 08:52:47,887 - LSTMBRDWGD - INFO - [EXP] Época 250/500 - Loss: 6.851560
2025-11-28 08:53:17,940 - LSTMBRDWGD - INFO - [EXP] Época 300/500 - Loss: 0.895045
2025-11-28 08:53:48,004 - LSTMBRDWGD - INFO - [EXP] Época 350/500 - Loss: 2.049688
2025-11-28 08:54:18,061 - LSTMBRDWGD - INFO - [EXP] Época 400/500 - Loss: 0.519981
2025-11-28 08:54:48,124 - LSTMBRDWGD - INFO - [EXP] Época 450/500 - Loss: 2.120106
2025-11-28 08:55:18,179 - LSTMBRDWGD - INFO - [EXP] Época 500/500 - Loss: 0.735069
2025-11-28 08:55:18,180 - LSTMBRDWGD - INFO - Treinamento concluído em 5.01 minutos
2025-11-28 08:55:18,670 - LSTMBRDWGD - INFO - Calculando erro para o train
2025-11-28 08:55:18,671 - LSTMBRDWGD - INFO - RMSE: 0.6516
2025-11-28 08:55:18,671 - LSTMBRDWGD - INFO - MSE : 0.4246
2025-11-28 08:55:18,671 - LSTMBRDWGD - INFO - MAE : 0.2040
2025-11-28 08:55:18,671 - LSTMBRDWGD - INFO - CSI (thr=1.0 mm): 0.9457  [TP=1446, FP=18, FN=65]
2025-11-28 08:55:18,671 - LSTMBRDWGD - INFO - train_pred TRAIN mm min/max: 0.0, 153.72247314453125
2025-11-28 08:55:18,671 - LSTMBRDWGD - INFO - train_TRUE TRAIN mm min/max: 0.0, 154.39999389648438
2025-11-28 08:55:18,671 - LSTMBRDWGD - INFO -  Gerando gráficos TRAIN...
2025-11-28 08:55:19,001 - LSTMBRDWGD - INFO -  Gráficos gerados TRAIN ...
2025-11-28 08:55:19,002 - LSTMBRDWGD - INFO - Calculando erro para parte de teste
2025-11-28 08:55:19,002 - LSTMBRDWGD - INFO - RMSE: 13.0082
2025-11-28 08:55:19,002 - LSTMBRDWGD - INFO - MSE : 169.2127
2025-11-28 08:55:19,002 - LSTMBRDWGD - INFO - MAE : 7.1422
2025-11-28 08:55:19,002 - LSTMBRDWGD - INFO - CSI (thr=1.0 mm): 0.2105  [TP=4, FP=14, FN=1]
2025-11-28 08:55:19,002 - LSTMBRDWGD - INFO - y_pred mm min/max: 0.0, 22.177459716796875
2025-11-28 08:55:19,002 - LSTMBRDWGD - INFO - y_TRUE mm min/max: 0.0, 55.400001525878906
2025-11-28 08:55:19,003 - LSTMBRDWGD - INFO -  Gerando gráficos...
2025-11-28 08:55:19,260 - LSTMBRDWGD - INFO -  Gráficos gerados...
2025-11-28 08:55:19,260 - LSTMBRDWGD - INFO - ==========================================================================================
2025-11-28 08:55:19,260 - LSTMBRDWGD - INFO - Execução finalizada com sucesso.
2025-11-28 08:55:19,260 - LSTMBRDWGD - INFO - Dispositivo utilizado: cuda
2025-11-28 08:55:19,260 - LSTMBRDWGD - INFO - ==========================================================================================
2025-11-28 08:55:24,873 - BiLSTMBRDWGD - INFO - ==========================================================================================
2025-11-28 08:55:24,874 - BiLSTMBRDWGD - INFO - Iniciando script LSTM (PyTorch) BRDWGD com suporte a GPU e logs detalhados.
2025-11-28 08:55:24,874 - BiLSTMBRDWGD - INFO - ==========================================================================================
2025-11-28 08:55:24,874 - BiLSTMBRDWGD - INFO - Iniciando experimento: lookback=30, hidden_dim=128, layers=2, lr=0.001, drop=0.5
2025-11-28 08:55:24,885 - BiLSTMBRDWGD - INFO - Shape treino: torch.Size([5863, 30, 1]), teste: torch.Size([30, 30, 1])
2025-11-28 08:55:24,915 - BiLSTMBRDWGD - INFO - Treinando por 500 épocas...
2025-11-28 08:55:25,698 - BiLSTMBRDWGD - INFO - [EXP] Época 1/500 - Loss: 95.919198
2025-11-28 08:56:03,981 - BiLSTMBRDWGD - INFO - [EXP] Época 50/500 - Loss: 84.210575
2025-11-28 08:56:43,050 - BiLSTMBRDWGD - INFO - [EXP] Época 100/500 - Loss: 35.742019
2025-11-28 08:57:22,116 - BiLSTMBRDWGD - INFO - [EXP] Época 150/500 - Loss: 18.571074
2025-11-28 08:58:01,174 - BiLSTMBRDWGD - INFO - [EXP] Época 200/500 - Loss: 23.746390
2025-11-28 08:58:40,236 - BiLSTMBRDWGD - INFO - [EXP] Época 250/500 - Loss: 10.261834
2025-11-28 08:59:19,304 - BiLSTMBRDWGD - INFO - [EXP] Época 300/500 - Loss: 18.038813
2025-11-28 08:59:58,460 - BiLSTMBRDWGD - INFO - [EXP] Época 350/500 - Loss: 5.615572
2025-11-28 09:00:37,469 - BiLSTMBRDWGD - INFO - [EXP] Época 400/500 - Loss: 4.264195
2025-11-28 09:01:16,487 - BiLSTMBRDWGD - INFO - [EXP] Época 450/500 - Loss: 3.924284
2025-11-28 09:01:55,508 - BiLSTMBRDWGD - INFO - [EXP] Época 500/500 - Loss: 3.227170
2025-11-28 09:01:55,508 - BiLSTMBRDWGD - INFO - Treinamento concluído em 6.51 minutos
2025-11-28 09:01:56,083 - BiLSTMBRDWGD - INFO - Calculando erro para o train
2025-11-28 09:01:56,083 - BiLSTMBRDWGD - INFO - RMSE: 1.1324
2025-11-28 09:01:56,083 - BiLSTMBRDWGD - INFO - MSE : 1.2824
2025-11-28 09:01:56,084 - BiLSTMBRDWGD - INFO - MAE : 0.4590
2025-11-28 09:01:56,084 - BiLSTMBRDWGD - INFO - CSI (thr=1.0 mm): 0.8078  [TP=1286, FP=81, FN=225]
2025-11-28 09:01:56,084 - BiLSTMBRDWGD - INFO - train_pred TRAIN mm min/max: 0.0, 149.6557159423828
2025-11-28 09:01:56,084 - BiLSTMBRDWGD - INFO - train_TRUE TRAIN mm min/max: 0.0, 154.39999389648438
2025-11-28 09:01:56,084 - BiLSTMBRDWGD - INFO -  Gerando gráficos TRAIN...
2025-11-28 09:01:56,425 - BiLSTMBRDWGD - INFO -  Gráficos gerados TRAIN ...
2025-11-28 09:01:56,425 - BiLSTMBRDWGD - INFO - Calculando erro para parte de teste
2025-11-28 09:01:56,426 - BiLSTMBRDWGD - INFO - RMSE: 14.9226
2025-11-28 09:01:56,426 - BiLSTMBRDWGD - INFO - MSE : 222.6848
2025-11-28 09:01:56,426 - BiLSTMBRDWGD - INFO - MAE : 7.9308
2025-11-28 09:01:56,426 - BiLSTMBRDWGD - INFO - CSI (thr=1.0 mm): 0.2500  [TP=4, FP=11, FN=1]
2025-11-28 09:01:56,426 - BiLSTMBRDWGD - INFO - y_pred mm min/max: 0.0, 38.27214050292969
2025-11-28 09:01:56,426 - BiLSTMBRDWGD - INFO - y_TRUE mm min/max: 0.0, 55.400001525878906
2025-11-28 09:01:56,426 - BiLSTMBRDWGD - INFO -  Gerando gráficos...
2025-11-28 09:01:56,684 - BiLSTMBRDWGD - INFO -  Gráficos gerados...
2025-11-28 09:01:56,684 - BiLSTMBRDWGD - INFO - ==========================================================================================
2025-11-28 09:01:56,684 - BiLSTMBRDWGD - INFO - Execução finalizada com sucesso.
2025-11-28 09:01:56,684 - BiLSTMBRDWGD - INFO - Dispositivo utilizado: cuda
2025-11-28 09:01:56,684 - BiLSTMBRDWGD - INFO - ==========================================================================================
2025-11-28 09:02:02,610 - LSTMBRDWGD - INFO - ==========================================================================================
2025-11-28 09:02:02,610 - LSTMBRDWGD - INFO - Iniciando script LSTM (PyTorch) BRDWGD com suporte a GPU e logs detalhados.
2025-11-28 09:02:02,610 - LSTMBRDWGD - INFO - ==========================================================================================
2025-11-28 09:02:02,610 - LSTMBRDWGD - INFO - Iniciando experimento: lookback=30, hidden_dim=256, layers=2, lr=0.001, drop=0.5
2025-11-28 09:02:02,622 - LSTMBRDWGD - INFO - Shape treino: torch.Size([5863, 30, 1]), teste: torch.Size([30, 30, 1])
2025-11-28 09:02:02,640 - LSTMBRDWGD - INFO - Treinando por 500 épocas...
2025-11-28 09:02:03,888 - LSTMBRDWGD - INFO - [EXP] Época 1/500 - Loss: 96.667411
2025-11-28 09:03:05,065 - LSTMBRDWGD - INFO - [EXP] Época 50/500 - Loss: 20.686443
2025-11-28 09:04:07,494 - LSTMBRDWGD - INFO - [EXP] Época 100/500 - Loss: 2.842032
2025-11-28 09:05:09,923 - LSTMBRDWGD - INFO - [EXP] Época 150/500 - Loss: 1.159853
2025-11-28 09:06:12,349 - LSTMBRDWGD - INFO - [EXP] Época 200/500 - Loss: 0.842711
2025-11-28 09:07:14,773 - LSTMBRDWGD - INFO - [EXP] Época 250/500 - Loss: 0.528377
2025-11-28 09:08:17,197 - LSTMBRDWGD - INFO - [EXP] Época 300/500 - Loss: 0.492230
2025-11-28 09:09:19,621 - LSTMBRDWGD - INFO - [EXP] Época 350/500 - Loss: 0.553370
2025-11-28 09:10:22,043 - LSTMBRDWGD - INFO - [EXP] Época 400/500 - Loss: 3.601903
2025-11-28 09:11:24,472 - LSTMBRDWGD - INFO - [EXP] Época 450/500 - Loss: 0.352468
2025-11-28 09:12:26,895 - LSTMBRDWGD - INFO - [EXP] Época 500/500 - Loss: 0.307036
2025-11-28 09:12:26,895 - LSTMBRDWGD - INFO - Treinamento concluído em 10.40 minutos
2025-11-28 09:12:27,436 - LSTMBRDWGD - INFO - Calculando erro para o train
2025-11-28 09:12:27,437 - LSTMBRDWGD - INFO - RMSE: 0.3456
2025-11-28 09:12:27,437 - LSTMBRDWGD - INFO - MSE : 0.1194
2025-11-28 09:12:27,437 - LSTMBRDWGD - INFO - MAE : 0.1486
2025-11-28 09:12:27,437 - LSTMBRDWGD - INFO - CSI (thr=1.0 mm): 0.9505  [TP=1458, FP=23, FN=53]
2025-11-28 09:12:27,437 - LSTMBRDWGD - INFO - train_pred TRAIN mm min/max: 0.0, 154.87051391601562
2025-11-28 09:12:27,437 - LSTMBRDWGD - INFO - train_TRUE TRAIN mm min/max: 0.0, 154.39999389648438
2025-11-28 09:12:27,437 - LSTMBRDWGD - INFO -  Gerando gráficos TRAIN...
2025-11-28 09:12:27,774 - LSTMBRDWGD - INFO -  Gráficos gerados TRAIN ...
2025-11-28 09:12:27,774 - LSTMBRDWGD - INFO - Calculando erro para parte de teste
2025-11-28 09:12:27,775 - LSTMBRDWGD - INFO - RMSE: 10.0873
2025-11-28 09:12:27,775 - LSTMBRDWGD - INFO - MSE : 101.7544
2025-11-28 09:12:27,775 - LSTMBRDWGD - INFO - MAE : 5.0741
2025-11-28 09:12:27,775 - LSTMBRDWGD - INFO - CSI (thr=1.0 mm): 0.2500  [TP=4, FP=11, FN=1]
2025-11-28 09:12:27,775 - LSTMBRDWGD - INFO - y_pred mm min/max: 0.0, 40.606075286865234
2025-11-28 09:12:27,775 - LSTMBRDWGD - INFO - y_TRUE mm min/max: 0.0, 55.400001525878906
2025-11-28 09:12:27,775 - LSTMBRDWGD - INFO -  Gerando gráficos...
2025-11-28 09:12:28,031 - LSTMBRDWGD - INFO -  Gráficos gerados...
2025-11-28 09:12:28,031 - LSTMBRDWGD - INFO - ==========================================================================================
2025-11-28 09:12:28,031 - LSTMBRDWGD - INFO - Execução finalizada com sucesso.
2025-11-28 09:12:28,031 - LSTMBRDWGD - INFO - Dispositivo utilizado: cuda
2025-11-28 09:12:28,031 - LSTMBRDWGD - INFO - ==========================================================================================
2025-11-28 09:12:33,677 - BiLSTMBRDWGD - INFO - ==========================================================================================
2025-11-28 09:12:33,677 - BiLSTMBRDWGD - INFO - Iniciando script LSTM (PyTorch) BRDWGD com suporte a GPU e logs detalhados.
2025-11-28 09:12:33,677 - BiLSTMBRDWGD - INFO - ==========================================================================================
2025-11-28 09:12:33,677 - BiLSTMBRDWGD - INFO - Iniciando experimento: lookback=30, hidden_dim=256, layers=2, lr=0.001, drop=0.5
2025-11-28 09:12:33,687 - BiLSTMBRDWGD - INFO - Shape treino: torch.Size([5863, 30, 1]), teste: torch.Size([30, 30, 1])
2025-11-28 09:12:33,721 - BiLSTMBRDWGD - INFO - Treinando por 500 épocas...
2025-11-28 09:12:35,478 - BiLSTMBRDWGD - INFO - [EXP] Época 1/500 - Loss: 95.735087
2025-11-28 09:14:00,699 - BiLSTMBRDWGD - INFO - [EXP] Época 50/500 - Loss: 29.945141
2025-11-28 09:15:27,682 - BiLSTMBRDWGD - INFO - [EXP] Época 100/500 - Loss: 18.189971
2025-11-28 09:16:54,809 - BiLSTMBRDWGD - INFO - [EXP] Época 150/500 - Loss: 10.847940
2025-11-28 09:18:22,956 - BiLSTMBRDWGD - INFO - [EXP] Época 200/500 - Loss: 3.593806
2025-11-28 09:19:36,012 - BiLSTMBRDWGD - INFO - [EXP] Época 250/500 - Loss: 2.860239
2025-11-28 09:20:18,662 - BiLSTMBRDWGD - INFO - [EXP] Época 300/500 - Loss: 2.897341
2025-11-28 09:21:01,581 - BiLSTMBRDWGD - INFO - [EXP] Época 350/500 - Loss: 2.441692
2025-11-28 09:21:44,690 - BiLSTMBRDWGD - INFO - [EXP] Época 400/500 - Loss: 2.297626
2025-11-28 09:22:59,050 - BiLSTMBRDWGD - INFO - [EXP] Época 450/500 - Loss: 3.298952
2025-11-28 09:24:24,088 - BiLSTMBRDWGD - INFO - [EXP] Época 500/500 - Loss: 1.729106
2025-11-28 09:24:24,088 - BiLSTMBRDWGD - INFO - Treinamento concluído em 11.84 minutos
2025-11-28 09:24:24,736 - BiLSTMBRDWGD - INFO - Calculando erro para o train
2025-11-28 09:24:24,737 - BiLSTMBRDWGD - INFO - RMSE: 0.7533
2025-11-28 09:24:24,737 - BiLSTMBRDWGD - INFO - MSE : 0.5675
2025-11-28 09:24:24,737 - BiLSTMBRDWGD - INFO - MAE : 0.2914
2025-11-28 09:24:24,737 - BiLSTMBRDWGD - INFO - CSI (thr=1.0 mm): 0.8976  [TP=1367, FP=12, FN=144]
2025-11-28 09:24:24,737 - BiLSTMBRDWGD - INFO - train_pred TRAIN mm min/max: 0.0, 150.56614685058594
2025-11-28 09:24:24,737 - BiLSTMBRDWGD - INFO - train_TRUE TRAIN mm min/max: 0.0, 154.39999389648438
2025-11-28 09:24:24,737 - BiLSTMBRDWGD - INFO -  Gerando gráficos TRAIN...
2025-11-28 09:24:25,075 - BiLSTMBRDWGD - INFO -  Gráficos gerados TRAIN ...
2025-11-28 09:24:25,075 - BiLSTMBRDWGD - INFO - Calculando erro para parte de teste
2025-11-28 09:24:25,076 - BiLSTMBRDWGD - INFO - RMSE: 15.6521
2025-11-28 09:24:25,076 - BiLSTMBRDWGD - INFO - MSE : 244.9883
2025-11-28 09:24:25,076 - BiLSTMBRDWGD - INFO - MAE : 7.9030
2025-11-28 09:24:25,076 - BiLSTMBRDWGD - INFO - CSI (thr=1.0 mm): 0.1875  [TP=3, FP=11, FN=2]
2025-11-28 09:24:25,076 - BiLSTMBRDWGD - INFO - y_pred mm min/max: 0.0, 30.967803955078125
2025-11-28 09:24:25,076 - BiLSTMBRDWGD - INFO - y_TRUE mm min/max: 0.0, 55.400001525878906
2025-11-28 09:24:25,076 - BiLSTMBRDWGD - INFO -  Gerando gráficos...
2025-11-28 09:24:25,324 - BiLSTMBRDWGD - INFO -  Gráficos gerados...
2025-11-28 09:24:25,324 - BiLSTMBRDWGD - INFO - ==========================================================================================
2025-11-28 09:24:25,324 - BiLSTMBRDWGD - INFO - Execução finalizada com sucesso.
2025-11-28 09:24:25,324 - BiLSTMBRDWGD - INFO - Dispositivo utilizado: cuda
2025-11-28 09:24:25,324 - BiLSTMBRDWGD - INFO - ==========================================================================================
2025-11-28 09:24:26,521 - MAIN_MERGE - INFO - Arquivo '../results/BRDWGD/metricas/resultados_BRDWGD.csv' gerado com sucesso!
2025-11-28 11:40:42,947 - MAIN_MERGE - INFO - GPU detectada: NVIDIA GeForce RTX 3060
2025-11-28 11:40:42,947 - MAIN_MERGE - INFO - Memória disponível: 12.48 GB
2025-11-28 11:40:42,947 - MAIN_MERGE - INFO - [FASE 1] Carregando e pré-processando dados...
2025-11-28 11:53:50,132 - MAIN_MERGE - INFO - Dados carregados com 10143 registros.
2025-11-28 11:53:50,132 - MAIN_MERGE - INFO - Período: 1998-01-02 00:00:00 → 2025-10-09 00:00:00
2025-11-28 11:53:50,145 - MAIN_MERGE - INFO - Primeiras linhas:
             chuva
data              
1998-01-02   0.000
1998-01-03   0.000
1998-01-04  32.625
1998-01-05   1.875
1998-01-06   1.000
2025-11-28 11:53:50,146 - MAIN_MERGE - INFO - [FASE 2] Criando features temporais e estatísticas...
2025-11-28 11:53:50,146 - MAIN_MERGE - INFO - Engenharia de features concluída. Total de colunas: 1
2025-11-28 11:53:50,146 - MAIN_MERGE - INFO - Colunas criadas: ['chuva']
2025-11-28 11:53:50,146 - MAIN_MERGE - INFO - Tempo total da Fase 2: 787.20 segundos.
2025-11-28 11:53:50,146 - MAIN_MERGE - INFO - [FASE 3] Normalizando e criando sequências...
2025-11-28 11:53:56,430 - ARIMA_MERGE - INFO - ==========================================================================================
2025-11-28 11:53:56,430 - ARIMA_MERGE - INFO - Iniciando script ARIMA MERGE.
2025-11-28 11:53:56,430 - ARIMA_MERGE - INFO - ==========================================================================================
2025-11-28 11:53:56,431 - ARIMA_MERGE - INFO - Tamanho treino: 10113 | teste: 30
2025-11-28 11:53:56,431 - ARIMA_MERGE - INFO - [FASE 4] Iniciando busca manual por hiperparâmetros (AIC).
2025-11-28 12:14:32,296 - ARIMA_MERGE - INFO - Melhor order encontrado: (30, 0, 2)
2025-11-28 12:14:32,297 - ARIMA_MERGE - INFO - Melhor AIC (treino): 67453.59
2025-11-28 12:14:32,297 - ARIMA_MERGE - INFO - Tempo da Fase 4: 1235.87s
2025-11-28 12:14:32,297 - ARIMA_MERGE - INFO - [FASE 5] Reajustando melhor modelo no conjunto de treino.
2025-11-28 12:21:24,295 - ARIMA_MERGE - INFO - Melhor modelo ajustado no treino.
2025-11-28 12:21:24,310 - ARIMA_MERGE - INFO - Tempo da Fase 5: 412.01s
2025-11-28 12:21:24,310 - ARIMA_MERGE - INFO - [FASE 6] Gerando previsões no conjunto de teste e avaliando métricas.
2025-11-28 12:21:24,328 - ARIMA_MERGE - INFO - RMSE: 6.7714
2025-11-28 12:21:24,328 - ARIMA_MERGE - INFO - MSE : 45.8525
2025-11-28 12:21:24,328 - ARIMA_MERGE - INFO - MAE : 3.4857
2025-11-28 12:21:24,329 - ARIMA_MERGE - INFO - CSI (thr=1.0 mm): 0.2725  [TP=2751, FP=7336, FN=7]
2025-11-28 12:21:24,329 - ARIMA_MERGE - INFO - [TREINO] RMSE=6.7714 | MSE=45.8525 | MAE=3.4857 | CSI=0.2725
2025-11-28 12:21:24,334 - ARIMA_MERGE - INFO - RMSE: 3.0039
2025-11-28 12:21:24,334 - ARIMA_MERGE - INFO - MSE : 9.0232
2025-11-28 12:21:24,334 - ARIMA_MERGE - INFO - MAE : 2.5756
2025-11-28 12:21:24,334 - ARIMA_MERGE - INFO - CSI (thr=1.0 mm): 0.2000  [TP=6, FP=24, FN=0]
2025-11-28 12:21:24,334 - ARIMA_MERGE - INFO - Tempo total da Fase 6: 0.02s
2025-11-28 12:21:24,334 - ARIMA_MERGE - INFO - [FASE 7] Salvando gráfico de previsão vs. observado.
2025-11-28 12:21:25,069 - ARIMA_MERGE - INFO - Gráfico salvo como 'arimaMERGE_result.png'.
2025-11-28 12:21:25,069 - ARIMA_MERGE - INFO - ==========================================================================================
2025-11-28 12:21:25,069 - ARIMA_MERGE - INFO - Execução ARIMA MERGE finalizada com sucesso.
2025-11-28 12:21:25,069 - ARIMA_MERGE - INFO - Tempo total de execução: 1648.64s
2025-11-28 12:21:25,069 - ARIMA_MERGE - INFO - ==========================================================================================
2025-11-28 12:21:30,793 - RANDOM_FOREST_MERGE - INFO - ====================================================================================================
2025-11-28 12:21:30,793 - RANDOM_FOREST_MERGE - INFO - Iniciando Random Forest MERGE com GridSearchCV.
2025-11-28 12:21:30,793 - RANDOM_FOREST_MERGE - INFO - ====================================================================================================
2025-11-28 12:21:30,793 - RANDOM_FOREST_MERGE - INFO - [FASE 3] Split treino/teste e preparação.
2025-11-28 12:21:30,798 - RANDOM_FOREST_MERGE - INFO - [FASE 3] Treino: X=(10083, 30), y=10083 | Teste: X=(30, 30), y=30
2025-11-28 12:21:30,798 - RANDOM_FOREST_MERGE - INFO - [FASE 3] Tempo: 0.01s
2025-11-28 12:21:30,798 - RANDOM_FOREST_MERGE - INFO - [FASE 4] Iniciando GridSearchCV (TimeSeriesSplit).
2025-11-28 12:23:33,712 - RANDOM_FOREST_MERGE - INFO - [FASE 4] GridSearchCV concluído em 122.91s
2025-11-28 12:23:33,712 - RANDOM_FOREST_MERGE - INFO - [FASE 4] Melhores parâmetros: {'max_depth': None, 'max_features': 'sqrt', 'min_samples_leaf': 4, 'min_samples_split': 10, 'n_estimators': 400}
2025-11-28 12:23:33,712 - RANDOM_FOREST_MERGE - INFO - [FASE 4] Melhor score (neg_MSE): -44.966315
2025-11-28 12:23:33,712 - RANDOM_FOREST_MERGE - INFO - [FASE 4] Tempo: 122.91s
2025-11-28 12:23:33,712 - RANDOM_FOREST_MERGE - INFO - [FASE 5] Treinando best_estimator_ no conjunto de treino.
2025-11-28 12:23:34,523 - RANDOM_FOREST_MERGE - INFO - [FASE 5] Tempo: 0.81s
2025-11-28 12:23:34,523 - RANDOM_FOREST_MERGE - INFO - [FASE 6] Previsão e cálculo de métricas.
2025-11-28 12:23:34,598 - RANDOM_FOREST_MERGE - INFO - RMSE: 5.1608
2025-11-28 12:23:34,598 - RANDOM_FOREST_MERGE - INFO - MSE : 26.6336
2025-11-28 12:23:34,598 - RANDOM_FOREST_MERGE - INFO - MAE : 2.5502
2025-11-28 12:23:34,598 - RANDOM_FOREST_MERGE - INFO - CSI (thr=1.0 mm): 0.3691  [TP=2706, FP=4580, FN=45]
2025-11-28 12:23:34,598 - RANDOM_FOREST_MERGE - INFO - [TREINO] RMSE=5.1608 | MSE=26.6336 | MAE=2.5502 | CSI=0.3691
2025-11-28 12:23:34,643 - RANDOM_FOREST_MERGE - INFO - y_pred raw min/max: 0.41135971849253317, 6.764372335906768
2025-11-28 12:23:34,643 - RANDOM_FOREST_MERGE - INFO - y_TRUE raw min/max: 0.0, 10.62500000066143
2025-11-28 12:23:34,643 - RANDOM_FOREST_MERGE - INFO - RMSE: 3.0398
2025-11-28 12:23:34,644 - RANDOM_FOREST_MERGE - INFO - MSE : 9.2406
2025-11-28 12:23:34,644 - RANDOM_FOREST_MERGE - INFO - MAE : 1.9900
2025-11-28 12:23:34,644 - RANDOM_FOREST_MERGE - INFO - CSI (thr=1.0 mm): 0.1905  [TP=4, FP=15, FN=2]
2025-11-28 12:23:34,644 - RANDOM_FOREST_MERGE - INFO - [FASE 7] Gerando gráficos.
2025-11-28 12:23:35,433 - RANDOM_FOREST_MERGE - INFO - Gráfico salvo como 'random_forest_MERGE.png'.
2025-11-28 12:23:35,433 - RANDOM_FOREST_MERGE - INFO - [FASE 7] Tempo: 0.79s
2025-11-28 12:23:35,433 - RANDOM_FOREST_MERGE - INFO - ====================================================================================================
2025-11-28 12:23:35,433 - RANDOM_FOREST_MERGE - INFO - Resumo Final
2025-11-28 12:23:35,433 - RANDOM_FOREST_MERGE - INFO - Melhores parâmetros: {'max_depth': None, 'max_features': 'sqrt', 'min_samples_leaf': 4, 'min_samples_split': 10, 'n_estimators': 400}
2025-11-28 12:23:35,434 - RANDOM_FOREST_MERGE - INFO - Tempo total de execução: 124.64s
2025-11-28 12:23:35,434 - RANDOM_FOREST_MERGE - INFO - ====================================================================================================
2025-11-28 12:23:41,774 - LSTMMERGE - INFO - ==========================================================================================
2025-11-28 12:23:41,774 - LSTMMERGE - INFO - Iniciando script LSTM (PyTorch) MERGE com suporte a GPU e logs detalhados.
2025-11-28 12:23:41,774 - LSTMMERGE - INFO - ==========================================================================================
2025-11-28 12:23:41,774 - LSTMMERGE - INFO - Iniciando experimento: lookback=30, hidden_dim=32, layers=2, lr=0.001, drop=0.5
2025-11-28 12:23:42,578 - LSTMMERGE - INFO - Shape treino: torch.Size([10082, 30, 1]), teste: torch.Size([30, 30, 1])
2025-11-28 12:23:46,838 - LSTMMERGE - INFO - Treinando por 500 épocas...
2025-11-28 12:23:50,523 - LSTMMERGE - INFO - [EXP] Época 1/500 - Loss: 50.880730
2025-11-28 12:24:29,668 - LSTMMERGE - INFO - [EXP] Época 50/500 - Loss: 44.456545
2025-11-28 12:25:09,605 - LSTMMERGE - INFO - [EXP] Época 100/500 - Loss: 29.877325
2025-11-28 12:25:49,546 - LSTMMERGE - INFO - [EXP] Época 150/500 - Loss: 19.340344
2025-11-28 12:26:29,491 - LSTMMERGE - INFO - [EXP] Época 200/500 - Loss: 15.074416
2025-11-28 12:27:09,420 - LSTMMERGE - INFO - [EXP] Época 250/500 - Loss: 10.618840
2025-11-28 12:27:49,326 - LSTMMERGE - INFO - [EXP] Época 300/500 - Loss: 12.404746
2025-11-28 12:28:29,231 - LSTMMERGE - INFO - [EXP] Época 350/500 - Loss: 7.437846
2025-11-28 12:29:09,126 - LSTMMERGE - INFO - [EXP] Época 400/500 - Loss: 5.552662
2025-11-28 12:29:49,022 - LSTMMERGE - INFO - [EXP] Época 450/500 - Loss: 7.402569
2025-11-28 12:30:28,889 - LSTMMERGE - INFO - [EXP] Época 500/500 - Loss: 23.607943
2025-11-28 12:30:28,889 - LSTMMERGE - INFO - Treinamento concluído em 6.70 minutos
2025-11-28 12:30:29,679 - LSTMMERGE - INFO - Calculando erro para o train
2025-11-28 12:30:29,680 - LSTMMERGE - INFO - RMSE: 3.9006
2025-11-28 12:30:29,680 - LSTMMERGE - INFO - MSE : 15.2148
2025-11-28 12:30:29,680 - LSTMMERGE - INFO - MAE : 1.9606
2025-11-28 12:30:29,680 - LSTMMERGE - INFO - CSI (thr=1.0 mm): 0.3889  [TP=2111, FP=2635, FN=682]
2025-11-28 12:30:29,680 - LSTMMERGE - INFO - train_pred TRAIN mm min/max: 0.0, 80.76448822021484
2025-11-28 12:30:29,680 - LSTMMERGE - INFO - train_TRUE TRAIN mm min/max: 0.0, 90.0625
2025-11-28 12:30:29,680 - LSTMMERGE - INFO -  Gerando gráficos TRAIN...
2025-11-28 12:30:30,065 - LSTMMERGE - INFO -  Gráficos gerados TRAIN ...
2025-11-28 12:30:30,065 - LSTMMERGE - INFO - Calculando erro para parte de teste
2025-11-28 12:30:30,066 - LSTMMERGE - INFO - RMSE: 4.1950
2025-11-28 12:30:30,066 - LSTMMERGE - INFO - MSE : 17.5980
2025-11-28 12:30:30,066 - LSTMMERGE - INFO - MAE : 2.1940
2025-11-28 12:30:30,066 - LSTMMERGE - INFO - CSI (thr=1.0 mm): 0.1333  [TP=2, FP=10, FN=3]
2025-11-28 12:30:30,066 - LSTMMERGE - INFO - y_pred mm min/max: 0.0, 17.06316566467285
2025-11-28 12:30:30,066 - LSTMMERGE - INFO - y_TRUE mm min/max: 0.0, 10.625
2025-11-28 12:30:30,066 - LSTMMERGE - INFO -  Gerando gráficos...
2025-11-28 12:30:30,332 - LSTMMERGE - INFO -  Gráficos gerados...
2025-11-28 12:30:30,332 - LSTMMERGE - INFO - ==========================================================================================
2025-11-28 12:30:30,332 - LSTMMERGE - INFO - Execução finalizada com sucesso.
2025-11-28 12:30:30,332 - LSTMMERGE - INFO - Dispositivo utilizado: cuda
2025-11-28 12:30:30,332 - LSTMMERGE - INFO - ==========================================================================================
2025-11-28 12:30:36,078 - BiLSTMMERGE - INFO - ==========================================================================================
2025-11-28 12:30:36,078 - BiLSTMMERGE - INFO - Iniciando script LSTM (PyTorch) MERGE com suporte a GPU e logs detalhados.
2025-11-28 12:30:36,078 - BiLSTMMERGE - INFO - ==========================================================================================
2025-11-28 12:30:36,078 - BiLSTMMERGE - INFO - Iniciando experimento: lookback=30, hidden_dim=32, layers=2, lr=0.001, drop=0.5
2025-11-28 12:30:36,092 - BiLSTMMERGE - INFO - Shape treino: torch.Size([10082, 30, 1]), teste: torch.Size([30, 30, 1])
2025-11-28 12:30:36,133 - BiLSTMMERGE - INFO - Treinando por 500 épocas...
2025-11-28 12:30:37,136 - BiLSTMMERGE - INFO - [EXP] Época 1/500 - Loss: 50.017062
2025-11-28 12:31:18,453 - BiLSTMMERGE - INFO - [EXP] Época 50/500 - Loss: 43.009859
2025-11-28 12:32:00,638 - BiLSTMMERGE - INFO - [EXP] Época 100/500 - Loss: 27.201466
2025-11-28 12:32:42,842 - BiLSTMMERGE - INFO - [EXP] Época 150/500 - Loss: 19.530491
2025-11-28 12:33:25,045 - BiLSTMMERGE - INFO - [EXP] Época 200/500 - Loss: 19.441742
2025-11-28 12:34:07,246 - BiLSTMMERGE - INFO - [EXP] Época 250/500 - Loss: 19.703881
2025-11-28 12:34:49,745 - BiLSTMMERGE - INFO - [EXP] Época 300/500 - Loss: 13.160546
2025-11-28 12:35:32,012 - BiLSTMMERGE - INFO - [EXP] Época 350/500 - Loss: 12.414100
2025-11-28 12:36:14,202 - BiLSTMMERGE - INFO - [EXP] Época 400/500 - Loss: 10.926446
2025-11-28 12:36:56,360 - BiLSTMMERGE - INFO - [EXP] Época 450/500 - Loss: 10.270044
2025-11-28 12:37:38,514 - BiLSTMMERGE - INFO - [EXP] Época 500/500 - Loss: 11.987193
2025-11-28 12:37:38,515 - BiLSTMMERGE - INFO - Treinamento concluído em 7.04 minutos
2025-11-28 12:37:39,231 - BiLSTMMERGE - INFO - Calculando erro para o train
2025-11-28 12:37:39,232 - BiLSTMMERGE - INFO - RMSE: 3.7009
2025-11-28 12:37:39,232 - BiLSTMMERGE - INFO - MSE : 13.6964
2025-11-28 12:37:39,232 - BiLSTMMERGE - INFO - MAE : 1.8044
2025-11-28 12:37:39,232 - BiLSTMMERGE - INFO - CSI (thr=1.0 mm): 0.4192  [TP=1904, FP=1749, FN=889]
2025-11-28 12:37:39,232 - BiLSTMMERGE - INFO - train_pred TRAIN mm min/max: 0.0, 82.28614807128906
2025-11-28 12:37:39,232 - BiLSTMMERGE - INFO - train_TRUE TRAIN mm min/max: 0.0, 90.0625
2025-11-28 12:37:39,232 - BiLSTMMERGE - INFO -  Gerando gráficos TRAIN...
2025-11-28 12:37:39,586 - BiLSTMMERGE - INFO -  Gráficos gerados TRAIN ...
2025-11-28 12:37:39,586 - BiLSTMMERGE - INFO - Calculando erro para parte de teste
2025-11-28 12:37:39,587 - BiLSTMMERGE - INFO - RMSE: 3.4442
2025-11-28 12:37:39,587 - BiLSTMMERGE - INFO - MSE : 11.8628
2025-11-28 12:37:39,587 - BiLSTMMERGE - INFO - MAE : 1.9713
2025-11-28 12:37:39,587 - BiLSTMMERGE - INFO - CSI (thr=1.0 mm): 0.0833  [TP=1, FP=7, FN=4]
2025-11-28 12:37:39,587 - BiLSTMMERGE - INFO - y_pred mm min/max: 0.1718064546585083, 10.667369842529297
2025-11-28 12:37:39,587 - BiLSTMMERGE - INFO - y_TRUE mm min/max: 0.0, 10.625
2025-11-28 12:37:39,587 - BiLSTMMERGE - INFO -  Gerando gráficos...
2025-11-28 12:37:39,824 - BiLSTMMERGE - INFO -  Gráficos gerados...
2025-11-28 12:37:39,824 - BiLSTMMERGE - INFO - ==========================================================================================
2025-11-28 12:37:39,824 - BiLSTMMERGE - INFO - Execução finalizada com sucesso.
2025-11-28 12:37:39,824 - BiLSTMMERGE - INFO - Dispositivo utilizado: cuda
2025-11-28 12:37:39,824 - BiLSTMMERGE - INFO - ==========================================================================================
2025-11-28 12:37:45,792 - LSTMMERGE - INFO - ==========================================================================================
2025-11-28 12:37:45,792 - LSTMMERGE - INFO - Iniciando script LSTM (PyTorch) MERGE com suporte a GPU e logs detalhados.
2025-11-28 12:37:45,792 - LSTMMERGE - INFO - ==========================================================================================
2025-11-28 12:37:45,792 - LSTMMERGE - INFO - Iniciando experimento: lookback=30, hidden_dim=64, layers=2, lr=0.001, drop=0.5
2025-11-28 12:37:45,804 - LSTMMERGE - INFO - Shape treino: torch.Size([10082, 30, 1]), teste: torch.Size([30, 30, 1])
2025-11-28 12:37:45,827 - LSTMMERGE - INFO - Treinando por 500 épocas...
2025-11-28 12:37:46,657 - LSTMMERGE - INFO - [EXP] Época 1/500 - Loss: 49.987375
2025-11-28 12:38:27,233 - LSTMMERGE - INFO - [EXP] Época 50/500 - Loss: 33.409329
2025-11-28 12:39:08,645 - LSTMMERGE - INFO - [EXP] Época 100/500 - Loss: 11.072079
2025-11-28 12:39:50,088 - LSTMMERGE - INFO - [EXP] Época 150/500 - Loss: 9.351359
2025-11-28 12:40:31,504 - LSTMMERGE - INFO - [EXP] Época 200/500 - Loss: 3.453318
2025-11-28 12:41:12,913 - LSTMMERGE - INFO - [EXP] Época 250/500 - Loss: 1.872124
2025-11-28 12:41:54,321 - LSTMMERGE - INFO - [EXP] Época 300/500 - Loss: 1.452951
2025-11-28 12:42:35,726 - LSTMMERGE - INFO - [EXP] Época 350/500 - Loss: 1.170532
2025-11-28 12:43:17,132 - LSTMMERGE - INFO - [EXP] Época 400/500 - Loss: 1.086774
2025-11-28 12:43:58,537 - LSTMMERGE - INFO - [EXP] Época 450/500 - Loss: 1.135375
2025-11-28 12:44:39,944 - LSTMMERGE - INFO - [EXP] Época 500/500 - Loss: 0.719150
2025-11-28 12:44:39,944 - LSTMMERGE - INFO - Treinamento concluído em 6.90 minutos
2025-11-28 12:44:40,654 - LSTMMERGE - INFO - Calculando erro para o train
2025-11-28 12:44:40,655 - LSTMMERGE - INFO - RMSE: 0.5703
2025-11-28 12:44:40,655 - LSTMMERGE - INFO - MSE : 0.3253
2025-11-28 12:44:40,655 - LSTMMERGE - INFO - MAE : 0.2977
2025-11-28 12:44:40,655 - LSTMMERGE - INFO - CSI (thr=1.0 mm): 0.8844  [TP=2616, FP=165, FN=177]
2025-11-28 12:44:40,655 - LSTMMERGE - INFO - train_pred TRAIN mm min/max: 0.0, 90.14350128173828
2025-11-28 12:44:40,655 - LSTMMERGE - INFO - train_TRUE TRAIN mm min/max: 0.0, 90.0625
2025-11-28 12:44:40,655 - LSTMMERGE - INFO -  Gerando gráficos TRAIN...
2025-11-28 12:44:41,049 - LSTMMERGE - INFO -  Gráficos gerados TRAIN ...
2025-11-28 12:44:41,049 - LSTMMERGE - INFO - Calculando erro para parte de teste
2025-11-28 12:44:41,050 - LSTMMERGE - INFO - RMSE: 4.4727
2025-11-28 12:44:41,050 - LSTMMERGE - INFO - MSE : 20.0052
2025-11-28 12:44:41,050 - LSTMMERGE - INFO - MAE : 2.4502
2025-11-28 12:44:41,050 - LSTMMERGE - INFO - CSI (thr=1.0 mm): 0.1818  [TP=2, FP=6, FN=3]
2025-11-28 12:44:41,050 - LSTMMERGE - INFO - y_pred mm min/max: 0.0, 15.732085227966309
2025-11-28 12:44:41,050 - LSTMMERGE - INFO - y_TRUE mm min/max: 0.0, 10.625
2025-11-28 12:44:41,050 - LSTMMERGE - INFO -  Gerando gráficos...
2025-11-28 12:44:41,288 - LSTMMERGE - INFO -  Gráficos gerados...
2025-11-28 12:44:41,288 - LSTMMERGE - INFO - ==========================================================================================
2025-11-28 12:44:41,288 - LSTMMERGE - INFO - Execução finalizada com sucesso.
2025-11-28 12:44:41,288 - LSTMMERGE - INFO - Dispositivo utilizado: cuda
2025-11-28 12:44:41,288 - LSTMMERGE - INFO - ==========================================================================================
2025-11-28 12:44:46,969 - BiLSTMMERGE - INFO - ==========================================================================================
2025-11-28 12:44:46,969 - BiLSTMMERGE - INFO - Iniciando script LSTM (PyTorch) MERGE com suporte a GPU e logs detalhados.
2025-11-28 12:44:46,969 - BiLSTMMERGE - INFO - ==========================================================================================
2025-11-28 12:44:46,969 - BiLSTMMERGE - INFO - Iniciando experimento: lookback=30, hidden_dim=64, layers=2, lr=0.001, drop=0.5
2025-11-28 12:44:46,980 - BiLSTMMERGE - INFO - Shape treino: torch.Size([10082, 30, 1]), teste: torch.Size([30, 30, 1])
2025-11-28 12:44:46,992 - BiLSTMMERGE - INFO - Treinando por 500 épocas...
2025-11-28 12:44:47,948 - BiLSTMMERGE - INFO - [EXP] Época 1/500 - Loss: 49.220929
2025-11-28 12:45:33,856 - BiLSTMMERGE - INFO - [EXP] Época 50/500 - Loss: 34.612294
2025-11-28 12:46:20,694 - BiLSTMMERGE - INFO - [EXP] Época 100/500 - Loss: 19.132801
2025-11-28 12:47:07,521 - BiLSTMMERGE - INFO - [EXP] Época 150/500 - Loss: 11.865237
2025-11-28 12:47:54,582 - BiLSTMMERGE - INFO - [EXP] Época 200/500 - Loss: 8.958501
2025-11-28 12:48:41,543 - BiLSTMMERGE - INFO - [EXP] Época 250/500 - Loss: 6.594054
2025-11-28 12:49:28,389 - BiLSTMMERGE - INFO - [EXP] Época 300/500 - Loss: 7.537839
2025-11-28 12:50:15,224 - BiLSTMMERGE - INFO - [EXP] Época 350/500 - Loss: 5.151303
2025-11-28 12:51:02,097 - BiLSTMMERGE - INFO - [EXP] Época 400/500 - Loss: 4.157031
2025-11-28 12:51:48,962 - BiLSTMMERGE - INFO - [EXP] Época 450/500 - Loss: 4.105369
2025-11-28 12:52:35,862 - BiLSTMMERGE - INFO - [EXP] Época 500/500 - Loss: 4.884064
2025-11-28 12:52:35,862 - BiLSTMMERGE - INFO - Treinamento concluído em 7.81 minutos
2025-11-28 12:52:36,652 - BiLSTMMERGE - INFO - Calculando erro para o train
2025-11-28 12:52:36,652 - BiLSTMMERGE - INFO - RMSE: 1.5074
2025-11-28 12:52:36,653 - BiLSTMMERGE - INFO - MSE : 2.2722
2025-11-28 12:52:36,653 - BiLSTMMERGE - INFO - MAE : 0.6559
2025-11-28 12:52:36,653 - BiLSTMMERGE - INFO - CSI (thr=1.0 mm): 0.6693  [TP=2054, FP=276, FN=739]
2025-11-28 12:52:36,653 - BiLSTMMERGE - INFO - train_pred TRAIN mm min/max: 0.0, 87.34970092773438
2025-11-28 12:52:36,653 - BiLSTMMERGE - INFO - train_TRUE TRAIN mm min/max: 0.0, 90.0625
2025-11-28 12:52:36,653 - BiLSTMMERGE - INFO -  Gerando gráficos TRAIN...
2025-11-28 12:52:37,015 - BiLSTMMERGE - INFO -  Gráficos gerados TRAIN ...
2025-11-28 12:52:37,016 - BiLSTMMERGE - INFO - Calculando erro para parte de teste
2025-11-28 12:52:37,016 - BiLSTMMERGE - INFO - RMSE: 2.8115
2025-11-28 12:52:37,016 - BiLSTMMERGE - INFO - MSE : 7.9048
2025-11-28 12:52:37,016 - BiLSTMMERGE - INFO - MAE : 1.4954
2025-11-28 12:52:37,016 - BiLSTMMERGE - INFO - CSI (thr=1.0 mm): 0.2000  [TP=2, FP=5, FN=3]
2025-11-28 12:52:37,016 - BiLSTMMERGE - INFO - y_pred mm min/max: 0.0, 3.5487220287323
2025-11-28 12:52:37,016 - BiLSTMMERGE - INFO - y_TRUE mm min/max: 0.0, 10.625
2025-11-28 12:52:37,016 - BiLSTMMERGE - INFO -  Gerando gráficos...
2025-11-28 12:52:37,275 - BiLSTMMERGE - INFO -  Gráficos gerados...
2025-11-28 12:52:37,275 - BiLSTMMERGE - INFO - ==========================================================================================
2025-11-28 12:52:37,275 - BiLSTMMERGE - INFO - Execução finalizada com sucesso.
2025-11-28 12:52:37,275 - BiLSTMMERGE - INFO - Dispositivo utilizado: cuda
2025-11-28 12:52:37,275 - BiLSTMMERGE - INFO - ==========================================================================================
2025-11-28 12:52:43,209 - LSTMMERGE - INFO - ==========================================================================================
2025-11-28 12:52:43,209 - LSTMMERGE - INFO - Iniciando script LSTM (PyTorch) MERGE com suporte a GPU e logs detalhados.
2025-11-28 12:52:43,209 - LSTMMERGE - INFO - ==========================================================================================
2025-11-28 12:52:43,209 - LSTMMERGE - INFO - Iniciando experimento: lookback=30, hidden_dim=128, layers=2, lr=0.001, drop=0.5
2025-11-28 12:52:43,220 - LSTMMERGE - INFO - Shape treino: torch.Size([10082, 30, 1]), teste: torch.Size([30, 30, 1])
2025-11-28 12:52:43,236 - LSTMMERGE - INFO - Treinando por 500 épocas...
2025-11-28 12:52:44,271 - LSTMMERGE - INFO - [EXP] Época 1/500 - Loss: 49.482991
2025-11-28 12:53:34,895 - LSTMMERGE - INFO - [EXP] Época 50/500 - Loss: 30.789855
2025-11-28 12:54:26,555 - LSTMMERGE - INFO - [EXP] Época 100/500 - Loss: 5.779961
2025-11-28 12:55:18,227 - LSTMMERGE - INFO - [EXP] Época 150/500 - Loss: 1.720177
2025-11-28 12:56:09,888 - LSTMMERGE - INFO - [EXP] Época 200/500 - Loss: 0.664522
2025-11-28 12:57:01,549 - LSTMMERGE - INFO - [EXP] Época 250/500 - Loss: 0.697010
2025-11-28 12:57:53,206 - LSTMMERGE - INFO - [EXP] Época 300/500 - Loss: 1.198916
2025-11-28 12:58:44,857 - LSTMMERGE - INFO - [EXP] Época 350/500 - Loss: 0.801210
2025-11-28 12:59:36,508 - LSTMMERGE - INFO - [EXP] Época 400/500 - Loss: 0.696075
2025-11-28 13:00:28,167 - LSTMMERGE - INFO - [EXP] Época 450/500 - Loss: 0.364793
2025-11-28 13:01:19,827 - LSTMMERGE - INFO - [EXP] Época 500/500 - Loss: 0.382343
2025-11-28 13:01:19,828 - LSTMMERGE - INFO - Treinamento concluído em 8.61 minutos
2025-11-28 13:01:20,652 - LSTMMERGE - INFO - Calculando erro para o train
2025-11-28 13:01:20,653 - LSTMMERGE - INFO - RMSE: 0.3326
2025-11-28 13:01:20,653 - LSTMMERGE - INFO - MSE : 0.1106
2025-11-28 13:01:20,653 - LSTMMERGE - INFO - MAE : 0.1590
2025-11-28 13:01:20,653 - LSTMMERGE - INFO - CSI (thr=1.0 mm): 0.9501  [TP=2704, FP=53, FN=89]
2025-11-28 13:01:20,654 - LSTMMERGE - INFO - train_pred TRAIN mm min/max: 0.0, 89.96299743652344
2025-11-28 13:01:20,654 - LSTMMERGE - INFO - train_TRUE TRAIN mm min/max: 0.0, 90.0625
2025-11-28 13:01:20,654 - LSTMMERGE - INFO -  Gerando gráficos TRAIN...
2025-11-28 13:01:21,013 - LSTMMERGE - INFO -  Gráficos gerados TRAIN ...
2025-11-28 13:01:21,013 - LSTMMERGE - INFO - Calculando erro para parte de teste
2025-11-28 13:01:21,014 - LSTMMERGE - INFO - RMSE: 4.3637
2025-11-28 13:01:21,014 - LSTMMERGE - INFO - MSE : 19.0420
2025-11-28 13:01:21,014 - LSTMMERGE - INFO - MAE : 2.8042
2025-11-28 13:01:21,014 - LSTMMERGE - INFO - CSI (thr=1.0 mm): 0.0625  [TP=1, FP=11, FN=4]
2025-11-28 13:01:21,014 - LSTMMERGE - INFO - y_pred mm min/max: 0.0, 13.261419296264648
2025-11-28 13:01:21,014 - LSTMMERGE - INFO - y_TRUE mm min/max: 0.0, 10.625
2025-11-28 13:01:21,014 - LSTMMERGE - INFO -  Gerando gráficos...
2025-11-28 13:01:21,276 - LSTMMERGE - INFO -  Gráficos gerados...
2025-11-28 13:01:21,276 - LSTMMERGE - INFO - ==========================================================================================
2025-11-28 13:01:21,276 - LSTMMERGE - INFO - Execução finalizada com sucesso.
2025-11-28 13:01:21,276 - LSTMMERGE - INFO - Dispositivo utilizado: cuda
2025-11-28 13:01:21,276 - LSTMMERGE - INFO - ==========================================================================================
2025-11-28 13:01:26,930 - BiLSTMMERGE - INFO - ==========================================================================================
2025-11-28 13:01:26,930 - BiLSTMMERGE - INFO - Iniciando script LSTM (PyTorch) MERGE com suporte a GPU e logs detalhados.
2025-11-28 13:01:26,930 - BiLSTMMERGE - INFO - ==========================================================================================
2025-11-28 13:01:26,930 - BiLSTMMERGE - INFO - Iniciando experimento: lookback=30, hidden_dim=128, layers=2, lr=0.001, drop=0.5
2025-11-28 13:01:26,943 - BiLSTMMERGE - INFO - Shape treino: torch.Size([10082, 30, 1]), teste: torch.Size([30, 30, 1])
2025-11-28 13:01:26,973 - BiLSTMMERGE - INFO - Treinando por 500 épocas...
2025-11-28 13:01:28,319 - BiLSTMMERGE - INFO - [EXP] Época 1/500 - Loss: 49.030916
2025-11-28 13:02:34,247 - BiLSTMMERGE - INFO - [EXP] Época 50/500 - Loss: 26.993064
2025-11-28 13:03:41,519 - BiLSTMMERGE - INFO - [EXP] Época 100/500 - Loss: 8.907012
2025-11-28 13:04:48,814 - BiLSTMMERGE - INFO - [EXP] Época 150/500 - Loss: 4.790573
2025-11-28 13:05:56,004 - BiLSTMMERGE - INFO - [EXP] Época 200/500 - Loss: 3.114589
2025-11-28 13:07:03,190 - BiLSTMMERGE - INFO - [EXP] Época 250/500 - Loss: 2.825505
2025-11-28 13:08:10,381 - BiLSTMMERGE - INFO - [EXP] Época 300/500 - Loss: 2.213538
2025-11-28 13:09:17,567 - BiLSTMMERGE - INFO - [EXP] Época 350/500 - Loss: 1.654220
2025-11-28 13:10:24,760 - BiLSTMMERGE - INFO - [EXP] Época 400/500 - Loss: 1.449367
2025-11-28 13:11:31,935 - BiLSTMMERGE - INFO - [EXP] Época 450/500 - Loss: 1.470334
2025-11-28 13:12:39,108 - BiLSTMMERGE - INFO - [EXP] Época 500/500 - Loss: 1.392797
2025-11-28 13:12:39,108 - BiLSTMMERGE - INFO - Treinamento concluído em 11.20 minutos
2025-11-28 13:12:40,087 - BiLSTMMERGE - INFO - Calculando erro para o train
2025-11-28 13:12:40,088 - BiLSTMMERGE - INFO - RMSE: 0.6433
2025-11-28 13:12:40,088 - BiLSTMMERGE - INFO - MSE : 0.4138
2025-11-28 13:12:40,088 - BiLSTMMERGE - INFO - MAE : 0.2953
2025-11-28 13:12:40,088 - BiLSTMMERGE - INFO - CSI (thr=1.0 mm): 0.8878  [TP=2531, FP=58, FN=262]
2025-11-28 13:12:40,088 - BiLSTMMERGE - INFO - train_pred TRAIN mm min/max: 0.0, 87.84278869628906
2025-11-28 13:12:40,088 - BiLSTMMERGE - INFO - train_TRUE TRAIN mm min/max: 0.0, 90.0625
2025-11-28 13:12:40,088 - BiLSTMMERGE - INFO -  Gerando gráficos TRAIN...
2025-11-28 13:12:40,471 - BiLSTMMERGE - INFO -  Gráficos gerados TRAIN ...
2025-11-28 13:12:40,471 - BiLSTMMERGE - INFO - Calculando erro para parte de teste
2025-11-28 13:12:40,472 - BiLSTMMERGE - INFO - RMSE: 3.5963
2025-11-28 13:12:40,472 - BiLSTMMERGE - INFO - MSE : 12.9337
2025-11-28 13:12:40,472 - BiLSTMMERGE - INFO - MAE : 1.8715
2025-11-28 13:12:40,472 - BiLSTMMERGE - INFO - CSI (thr=1.0 mm): 0.2222  [TP=2, FP=4, FN=3]
2025-11-28 13:12:40,472 - BiLSTMMERGE - INFO - y_pred mm min/max: 0.0, 10.657456398010254
2025-11-28 13:12:40,472 - BiLSTMMERGE - INFO - y_TRUE mm min/max: 0.0, 10.625
2025-11-28 13:12:40,472 - BiLSTMMERGE - INFO -  Gerando gráficos...
2025-11-28 13:12:40,725 - BiLSTMMERGE - INFO -  Gráficos gerados...
2025-11-28 13:12:40,725 - BiLSTMMERGE - INFO - ==========================================================================================
2025-11-28 13:12:40,725 - BiLSTMMERGE - INFO - Execução finalizada com sucesso.
2025-11-28 13:12:40,725 - BiLSTMMERGE - INFO - Dispositivo utilizado: cuda
2025-11-28 13:12:40,725 - BiLSTMMERGE - INFO - ==========================================================================================
2025-11-28 13:12:46,663 - LSTMMERGE - INFO - ==========================================================================================
2025-11-28 13:12:46,664 - LSTMMERGE - INFO - Iniciando script LSTM (PyTorch) MERGE com suporte a GPU e logs detalhados.
2025-11-28 13:12:46,664 - LSTMMERGE - INFO - ==========================================================================================
2025-11-28 13:12:46,664 - LSTMMERGE - INFO - Iniciando experimento: lookback=30, hidden_dim=256, layers=2, lr=0.001, drop=0.5
2025-11-28 13:12:46,677 - LSTMMERGE - INFO - Shape treino: torch.Size([10082, 30, 1]), teste: torch.Size([30, 30, 1])
2025-11-28 13:12:46,695 - LSTMMERGE - INFO - Treinando por 500 épocas...
2025-11-28 13:12:48,921 - LSTMMERGE - INFO - [EXP] Época 1/500 - Loss: 49.466336
2025-11-28 13:14:33,916 - LSTMMERGE - INFO - [EXP] Época 50/500 - Loss: 16.326771
2025-11-28 13:16:21,087 - LSTMMERGE - INFO - [EXP] Época 100/500 - Loss: 2.086272
2025-11-28 13:18:08,265 - LSTMMERGE - INFO - [EXP] Época 150/500 - Loss: 5.012201
2025-11-28 13:19:55,438 - LSTMMERGE - INFO - [EXP] Época 200/500 - Loss: 0.466067
2025-11-28 13:21:42,601 - LSTMMERGE - INFO - [EXP] Época 250/500 - Loss: 0.941804
2025-11-28 13:23:29,797 - LSTMMERGE - INFO - [EXP] Época 300/500 - Loss: 0.645020
2025-11-28 13:25:16,969 - LSTMMERGE - INFO - [EXP] Época 350/500 - Loss: 0.210572
2025-11-28 13:27:04,117 - LSTMMERGE - INFO - [EXP] Época 400/500 - Loss: 0.165503
2025-11-28 13:28:51,295 - LSTMMERGE - INFO - [EXP] Época 450/500 - Loss: 0.783204
2025-11-28 13:30:38,476 - LSTMMERGE - INFO - [EXP] Época 500/500 - Loss: 0.218864
2025-11-28 13:30:38,476 - LSTMMERGE - INFO - Treinamento concluído em 17.86 minutos
2025-11-28 13:30:39,400 - LSTMMERGE - INFO - Calculando erro para o train
2025-11-28 13:30:39,401 - LSTMMERGE - INFO - RMSE: 0.3557
2025-11-28 13:30:39,401 - LSTMMERGE - INFO - MSE : 0.1266
2025-11-28 13:30:39,401 - LSTMMERGE - INFO - MAE : 0.1338
2025-11-28 13:30:39,401 - LSTMMERGE - INFO - CSI (thr=1.0 mm): 0.9587  [TP=2715, FP=39, FN=78]
2025-11-28 13:30:39,401 - LSTMMERGE - INFO - train_pred TRAIN mm min/max: 0.0, 89.97701263427734
2025-11-28 13:30:39,401 - LSTMMERGE - INFO - train_TRUE TRAIN mm min/max: 0.0, 90.0625
2025-11-28 13:30:39,401 - LSTMMERGE - INFO -  Gerando gráficos TRAIN...
2025-11-28 13:30:39,779 - LSTMMERGE - INFO -  Gráficos gerados TRAIN ...
2025-11-28 13:30:39,779 - LSTMMERGE - INFO - Calculando erro para parte de teste
2025-11-28 13:30:39,780 - LSTMMERGE - INFO - RMSE: 2.9420
2025-11-28 13:30:39,780 - LSTMMERGE - INFO - MSE : 8.6551
2025-11-28 13:30:39,780 - LSTMMERGE - INFO - MAE : 1.4402
2025-11-28 13:30:39,780 - LSTMMERGE - INFO - CSI (thr=1.0 mm): 0.1111  [TP=1, FP=4, FN=4]
2025-11-28 13:30:39,780 - LSTMMERGE - INFO - y_pred mm min/max: 0.0, 9.61900806427002
2025-11-28 13:30:39,780 - LSTMMERGE - INFO - y_TRUE mm min/max: 0.0, 10.625
2025-11-28 13:30:39,780 - LSTMMERGE - INFO -  Gerando gráficos...
2025-11-28 13:30:40,034 - LSTMMERGE - INFO -  Gráficos gerados...
2025-11-28 13:30:40,034 - LSTMMERGE - INFO - ==========================================================================================
2025-11-28 13:30:40,034 - LSTMMERGE - INFO - Execução finalizada com sucesso.
2025-11-28 13:30:40,034 - LSTMMERGE - INFO - Dispositivo utilizado: cuda
2025-11-28 13:30:40,034 - LSTMMERGE - INFO - ==========================================================================================
2025-11-28 13:30:45,661 - BiLSTMMERGE - INFO - ==========================================================================================
2025-11-28 13:30:45,661 - BiLSTMMERGE - INFO - Iniciando script LSTM (PyTorch) MERGE com suporte a GPU e logs detalhados.
2025-11-28 13:30:45,661 - BiLSTMMERGE - INFO - ==========================================================================================
2025-11-28 13:30:45,661 - BiLSTMMERGE - INFO - Iniciando experimento: lookback=30, hidden_dim=256, layers=2, lr=0.001, drop=0.5
2025-11-28 13:30:45,675 - BiLSTMMERGE - INFO - Shape treino: torch.Size([10082, 30, 1]), teste: torch.Size([30, 30, 1])
2025-11-28 13:30:45,711 - BiLSTMMERGE - INFO - Treinando por 500 épocas...
2025-11-28 13:30:49,070 - BiLSTMMERGE - INFO - [EXP] Época 1/500 - Loss: 48.851095
2025-11-28 13:33:30,784 - BiLSTMMERGE - INFO - [EXP] Época 50/500 - Loss: 23.061273
2025-11-28 13:36:14,268 - BiLSTMMERGE - INFO - [EXP] Época 100/500 - Loss: 6.914343
2025-11-28 13:38:56,447 - BiLSTMMERGE - INFO - [EXP] Época 150/500 - Loss: 2.658941
2025-11-28 13:41:41,585 - BiLSTMMERGE - INFO - [EXP] Época 200/500 - Loss: 1.874111
2025-11-28 13:44:30,129 - BiLSTMMERGE - INFO - [EXP] Época 250/500 - Loss: 1.495564
2025-11-28 13:47:16,357 - BiLSTMMERGE - INFO - [EXP] Época 300/500 - Loss: 1.203834
2025-11-28 13:50:02,904 - BiLSTMMERGE - INFO - [EXP] Época 350/500 - Loss: 1.317031
2025-11-28 13:52:45,477 - BiLSTMMERGE - INFO - [EXP] Época 400/500 - Loss: 1.183905
2025-11-28 13:55:30,406 - BiLSTMMERGE - INFO - [EXP] Época 450/500 - Loss: 1.020068
2025-11-28 13:58:18,871 - BiLSTMMERGE - INFO - [EXP] Época 500/500 - Loss: 1.482995
2025-11-28 13:58:18,871 - BiLSTMMERGE - INFO - Treinamento concluído em 27.55 minutos
2025-11-28 13:58:19,998 - BiLSTMMERGE - INFO - Calculando erro para o train
2025-11-28 13:58:19,999 - BiLSTMMERGE - INFO - RMSE: 0.7753
2025-11-28 13:58:19,999 - BiLSTMMERGE - INFO - MSE : 0.6011
2025-11-28 13:58:19,999 - BiLSTMMERGE - INFO - MAE : 0.3217
2025-11-28 13:58:19,999 - BiLSTMMERGE - INFO - CSI (thr=1.0 mm): 0.8577  [TP=2543, FP=172, FN=250]
2025-11-28 13:58:19,999 - BiLSTMMERGE - INFO - train_pred TRAIN mm min/max: 0.0, 93.3333511352539
2025-11-28 13:58:19,999 - BiLSTMMERGE - INFO - train_TRUE TRAIN mm min/max: 0.0, 90.0625
2025-11-28 13:58:19,999 - BiLSTMMERGE - INFO -  Gerando gráficos TRAIN...
2025-11-28 13:58:20,371 - BiLSTMMERGE - INFO -  Gráficos gerados TRAIN ...
2025-11-28 13:58:20,371 - BiLSTMMERGE - INFO - Calculando erro para parte de teste
2025-11-28 13:58:20,372 - BiLSTMMERGE - INFO - RMSE: 3.8061
2025-11-28 13:58:20,372 - BiLSTMMERGE - INFO - MSE : 14.4867
2025-11-28 13:58:20,372 - BiLSTMMERGE - INFO - MAE : 2.0062
2025-11-28 13:58:20,372 - BiLSTMMERGE - INFO - CSI (thr=1.0 mm): 0.0000  [TP=0, FP=6, FN=5]
2025-11-28 13:58:20,372 - BiLSTMMERGE - INFO - y_pred mm min/max: 0.0, 13.18157958984375
2025-11-28 13:58:20,372 - BiLSTMMERGE - INFO - y_TRUE mm min/max: 0.0, 10.625
2025-11-28 13:58:20,372 - BiLSTMMERGE - INFO -  Gerando gráficos...
2025-11-28 13:58:20,633 - BiLSTMMERGE - INFO -  Gráficos gerados...
2025-11-28 13:58:20,633 - BiLSTMMERGE - INFO - ==========================================================================================
2025-11-28 13:58:20,633 - BiLSTMMERGE - INFO - Execução finalizada com sucesso.
2025-11-28 13:58:20,633 - BiLSTMMERGE - INFO - Dispositivo utilizado: cuda
2025-11-28 13:58:20,633 - BiLSTMMERGE - INFO - ==========================================================================================
2025-11-28 13:58:26,605 - ARIMA_MERGE - INFO - ==========================================================================================
2025-11-28 13:58:26,605 - ARIMA_MERGE - INFO - Iniciando script ARIMA MERGE.
2025-11-28 13:58:26,605 - ARIMA_MERGE - INFO - ==========================================================================================
2025-11-28 13:58:26,605 - ARIMA_MERGE - INFO - Tamanho treino: 10113 | teste: 30
2025-11-28 13:58:26,606 - ARIMA_MERGE - INFO - [FASE 4] Iniciando busca manual por hiperparâmetros (AIC).
2025-11-28 14:19:33,868 - ARIMA_MERGE - INFO - Melhor order encontrado: (30, 0, 2)
2025-11-28 14:19:33,869 - ARIMA_MERGE - INFO - Melhor AIC (treino): 67453.59
2025-11-28 14:19:33,869 - ARIMA_MERGE - INFO - Tempo da Fase 4: 1267.26s
2025-11-28 14:19:33,869 - ARIMA_MERGE - INFO - [FASE 5] Reajustando melhor modelo no conjunto de treino.
2025-11-28 14:26:27,363 - ARIMA_MERGE - INFO - Melhor modelo ajustado no treino.
2025-11-28 14:26:27,364 - ARIMA_MERGE - INFO - Tempo da Fase 5: 413.49s
2025-11-28 14:26:27,364 - ARIMA_MERGE - INFO - [FASE 6] Gerando previsões no conjunto de teste e avaliando métricas.
2025-11-28 14:26:27,392 - ARIMA_MERGE - INFO - RMSE: 6.7714
2025-11-28 14:26:27,392 - ARIMA_MERGE - INFO - MSE : 45.8525
2025-11-28 14:26:27,392 - ARIMA_MERGE - INFO - MAE : 3.4857
2025-11-28 14:26:27,392 - ARIMA_MERGE - INFO - CSI (thr=1.0 mm): 0.2725  [TP=2751, FP=7336, FN=7]
2025-11-28 14:26:27,392 - ARIMA_MERGE - INFO - [TREINO] RMSE=6.7714 | MSE=45.8525 | MAE=3.4857 | CSI=0.2725
2025-11-28 14:26:27,425 - ARIMA_MERGE - INFO - RMSE: 3.0039
2025-11-28 14:26:27,425 - ARIMA_MERGE - INFO - MSE : 9.0232
2025-11-28 14:26:27,425 - ARIMA_MERGE - INFO - MAE : 2.5756
2025-11-28 14:26:27,425 - ARIMA_MERGE - INFO - CSI (thr=1.0 mm): 0.2000  [TP=6, FP=24, FN=0]
2025-11-28 14:26:27,425 - ARIMA_MERGE - INFO - Tempo total da Fase 6: 0.06s
2025-11-28 14:26:27,425 - ARIMA_MERGE - INFO - [FASE 7] Salvando gráfico de previsão vs. observado.
2025-11-28 14:26:28,060 - ARIMA_MERGE - INFO - Gráfico salvo como 'arimaMERGE_result.png'.
2025-11-28 14:26:28,061 - ARIMA_MERGE - INFO - ==========================================================================================
2025-11-28 14:26:28,061 - ARIMA_MERGE - INFO - Execução ARIMA MERGE finalizada com sucesso.
2025-11-28 14:26:28,061 - ARIMA_MERGE - INFO - Tempo total de execução: 1681.46s
2025-11-28 14:26:28,061 - ARIMA_MERGE - INFO - ==========================================================================================
2025-11-28 14:26:33,745 - RANDOM_FOREST_MERGE - INFO - ====================================================================================================
2025-11-28 14:26:33,745 - RANDOM_FOREST_MERGE - INFO - Iniciando Random Forest MERGE com GridSearchCV.
2025-11-28 14:26:33,745 - RANDOM_FOREST_MERGE - INFO - ====================================================================================================
2025-11-28 14:26:33,745 - RANDOM_FOREST_MERGE - INFO - [FASE 3] Split treino/teste e preparação.
2025-11-28 14:26:33,750 - RANDOM_FOREST_MERGE - INFO - [FASE 3] Treino: X=(10083, 30), y=10083 | Teste: X=(30, 30), y=30
2025-11-28 14:26:33,750 - RANDOM_FOREST_MERGE - INFO - [FASE 3] Tempo: 0.01s
2025-11-28 14:26:33,751 - RANDOM_FOREST_MERGE - INFO - [FASE 4] Iniciando GridSearchCV (TimeSeriesSplit).
2025-11-28 14:28:40,767 - RANDOM_FOREST_MERGE - INFO - [FASE 4] GridSearchCV concluído em 127.02s
2025-11-28 14:28:40,767 - RANDOM_FOREST_MERGE - INFO - [FASE 4] Melhores parâmetros: {'max_depth': None, 'max_features': 'sqrt', 'min_samples_leaf': 4, 'min_samples_split': 10, 'n_estimators': 400}
2025-11-28 14:28:40,767 - RANDOM_FOREST_MERGE - INFO - [FASE 4] Melhor score (neg_MSE): -44.966315
2025-11-28 14:28:40,767 - RANDOM_FOREST_MERGE - INFO - [FASE 4] Tempo: 127.02s
2025-11-28 14:28:40,767 - RANDOM_FOREST_MERGE - INFO - [FASE 5] Treinando best_estimator_ no conjunto de treino.
2025-11-28 14:28:41,580 - RANDOM_FOREST_MERGE - INFO - [FASE 5] Tempo: 0.81s
2025-11-28 14:28:41,580 - RANDOM_FOREST_MERGE - INFO - [FASE 6] Previsão e cálculo de métricas.
2025-11-28 14:28:41,655 - RANDOM_FOREST_MERGE - INFO - RMSE: 5.1608
2025-11-28 14:28:41,655 - RANDOM_FOREST_MERGE - INFO - MSE : 26.6336
2025-11-28 14:28:41,656 - RANDOM_FOREST_MERGE - INFO - MAE : 2.5502
2025-11-28 14:28:41,656 - RANDOM_FOREST_MERGE - INFO - CSI (thr=1.0 mm): 0.3691  [TP=2706, FP=4580, FN=45]
2025-11-28 14:28:41,656 - RANDOM_FOREST_MERGE - INFO - [TREINO] RMSE=5.1608 | MSE=26.6336 | MAE=2.5502 | CSI=0.3691
2025-11-28 14:28:41,690 - RANDOM_FOREST_MERGE - INFO - y_pred raw min/max: 0.4113597184925334, 6.764372335906769
2025-11-28 14:28:41,691 - RANDOM_FOREST_MERGE - INFO - y_TRUE raw min/max: 0.0, 10.62500000066143
2025-11-28 14:28:41,691 - RANDOM_FOREST_MERGE - INFO - RMSE: 3.0398
2025-11-28 14:28:41,691 - RANDOM_FOREST_MERGE - INFO - MSE : 9.2406
2025-11-28 14:28:41,691 - RANDOM_FOREST_MERGE - INFO - MAE : 1.9900
2025-11-28 14:28:41,691 - RANDOM_FOREST_MERGE - INFO - CSI (thr=1.0 mm): 0.1905  [TP=4, FP=15, FN=2]
2025-11-28 14:28:41,691 - RANDOM_FOREST_MERGE - INFO - [FASE 7] Gerando gráficos.
2025-11-28 14:28:42,276 - RANDOM_FOREST_MERGE - INFO - Gráfico salvo como 'random_forest_MERGE.png'.
2025-11-28 14:28:42,276 - RANDOM_FOREST_MERGE - INFO - [FASE 7] Tempo: 0.58s
2025-11-28 14:28:42,276 - RANDOM_FOREST_MERGE - INFO - ====================================================================================================
2025-11-28 14:28:42,276 - RANDOM_FOREST_MERGE - INFO - Resumo Final
2025-11-28 14:28:42,276 - RANDOM_FOREST_MERGE - INFO - Melhores parâmetros: {'max_depth': None, 'max_features': 'sqrt', 'min_samples_leaf': 4, 'min_samples_split': 10, 'n_estimators': 400}
2025-11-28 14:28:42,276 - RANDOM_FOREST_MERGE - INFO - Tempo total de execução: 128.53s
2025-11-28 14:28:42,276 - RANDOM_FOREST_MERGE - INFO - ====================================================================================================
2025-11-28 14:28:47,895 - LSTMMERGE - INFO - ==========================================================================================
2025-11-28 14:28:47,895 - LSTMMERGE - INFO - Iniciando script LSTM (PyTorch) MERGE com suporte a GPU e logs detalhados.
2025-11-28 14:28:47,895 - LSTMMERGE - INFO - ==========================================================================================
2025-11-28 14:28:47,895 - LSTMMERGE - INFO - Iniciando experimento: lookback=30, hidden_dim=32, layers=2, lr=0.001, drop=0.5
2025-11-28 14:28:47,912 - LSTMMERGE - INFO - Shape treino: torch.Size([10082, 30, 1]), teste: torch.Size([30, 30, 1])
2025-11-28 14:28:47,935 - LSTMMERGE - INFO - Treinando por 500 épocas...
2025-11-28 14:28:48,735 - LSTMMERGE - INFO - [EXP] Época 1/500 - Loss: 50.981210
2025-11-28 14:29:27,893 - LSTMMERGE - INFO - [EXP] Época 50/500 - Loss: 43.639305
2025-11-28 14:30:07,845 - LSTMMERGE - INFO - [EXP] Época 100/500 - Loss: 25.133102
2025-11-28 14:30:47,816 - LSTMMERGE - INFO - [EXP] Época 150/500 - Loss: 14.444570
2025-11-28 14:31:27,922 - LSTMMERGE - INFO - [EXP] Época 200/500 - Loss: 9.806100
2025-11-28 14:32:07,890 - LSTMMERGE - INFO - [EXP] Época 250/500 - Loss: 7.679849
2025-11-28 14:32:47,848 - LSTMMERGE - INFO - [EXP] Época 300/500 - Loss: 7.379125
2025-11-28 14:33:27,769 - LSTMMERGE - INFO - [EXP] Época 350/500 - Loss: 5.606671
2025-11-28 14:34:07,741 - LSTMMERGE - INFO - [EXP] Época 400/500 - Loss: 4.515768
2025-11-28 14:34:47,716 - LSTMMERGE - INFO - [EXP] Época 450/500 - Loss: 6.390783
2025-11-28 14:35:27,693 - LSTMMERGE - INFO - [EXP] Época 500/500 - Loss: 3.939821
2025-11-28 14:35:27,693 - LSTMMERGE - INFO - Treinamento concluído em 6.66 minutos
2025-11-28 14:35:28,424 - LSTMMERGE - INFO - Calculando erro para o train
2025-11-28 14:35:28,425 - LSTMMERGE - INFO - RMSE: 1.7158
2025-11-28 14:35:28,425 - LSTMMERGE - INFO - MSE : 2.9439
2025-11-28 14:35:28,425 - LSTMMERGE - INFO - MAE : 0.9559
2025-11-28 14:35:28,425 - LSTMMERGE - INFO - CSI (thr=1.0 mm): 0.5162  [TP=2378, FP=1814, FN=415]
2025-11-28 14:35:28,425 - LSTMMERGE - INFO - train_pred TRAIN mm min/max: 0.0, 89.02506256103516
2025-11-28 14:35:28,425 - LSTMMERGE - INFO - train_TRUE TRAIN mm min/max: 0.0, 90.0625
2025-11-28 14:35:28,425 - LSTMMERGE - INFO -  Gerando gráficos TRAIN...
2025-11-28 14:35:28,774 - LSTMMERGE - INFO -  Gráficos gerados TRAIN ...
2025-11-28 14:35:28,774 - LSTMMERGE - INFO - Calculando erro para parte de teste
2025-11-28 14:35:28,775 - LSTMMERGE - INFO - RMSE: 3.7368
2025-11-28 14:35:28,775 - LSTMMERGE - INFO - MSE : 13.9635
2025-11-28 14:35:28,775 - LSTMMERGE - INFO - MAE : 2.2630
2025-11-28 14:35:28,775 - LSTMMERGE - INFO - CSI (thr=1.0 mm): 0.1429  [TP=2, FP=9, FN=3]
2025-11-28 14:35:28,775 - LSTMMERGE - INFO - y_pred mm min/max: 0.0, 11.837021827697754
2025-11-28 14:35:28,775 - LSTMMERGE - INFO - y_TRUE mm min/max: 0.0, 10.625
2025-11-28 14:35:28,775 - LSTMMERGE - INFO -  Gerando gráficos...
2025-11-28 14:35:29,036 - LSTMMERGE - INFO -  Gráficos gerados...
2025-11-28 14:35:29,036 - LSTMMERGE - INFO - ==========================================================================================
2025-11-28 14:35:29,036 - LSTMMERGE - INFO - Execução finalizada com sucesso.
2025-11-28 14:35:29,036 - LSTMMERGE - INFO - Dispositivo utilizado: cuda
2025-11-28 14:35:29,036 - LSTMMERGE - INFO - ==========================================================================================
2025-11-28 14:35:34,683 - BiLSTMMERGE - INFO - ==========================================================================================
2025-11-28 14:35:34,683 - BiLSTMMERGE - INFO - Iniciando script LSTM (PyTorch) MERGE com suporte a GPU e logs detalhados.
2025-11-28 14:35:34,683 - BiLSTMMERGE - INFO - ==========================================================================================
2025-11-28 14:35:34,683 - BiLSTMMERGE - INFO - Iniciando experimento: lookback=30, hidden_dim=32, layers=2, lr=0.001, drop=0.5
2025-11-28 14:35:34,695 - BiLSTMMERGE - INFO - Shape treino: torch.Size([10082, 30, 1]), teste: torch.Size([30, 30, 1])
2025-11-28 14:35:34,736 - BiLSTMMERGE - INFO - Treinando por 500 épocas...
2025-11-28 14:35:35,581 - BiLSTMMERGE - INFO - [EXP] Época 1/500 - Loss: 49.785030
2025-11-28 14:36:16,944 - BiLSTMMERGE - INFO - [EXP] Época 50/500 - Loss: 45.150079
2025-11-28 14:36:59,158 - BiLSTMMERGE - INFO - [EXP] Época 100/500 - Loss: 33.295379
2025-11-28 14:37:41,388 - BiLSTMMERGE - INFO - [EXP] Época 150/500 - Loss: 30.812549
2025-11-28 14:38:23,579 - BiLSTMMERGE - INFO - [EXP] Época 200/500 - Loss: 25.928576
2025-11-28 14:39:05,764 - BiLSTMMERGE - INFO - [EXP] Época 250/500 - Loss: 20.419201
2025-11-28 14:39:47,944 - BiLSTMMERGE - INFO - [EXP] Época 300/500 - Loss: 18.544035
2025-11-28 14:40:30,133 - BiLSTMMERGE - INFO - [EXP] Época 350/500 - Loss: 16.800047
2025-11-28 14:41:12,323 - BiLSTMMERGE - INFO - [EXP] Época 400/500 - Loss: 16.557230
2025-11-28 14:41:54,510 - BiLSTMMERGE - INFO - [EXP] Época 450/500 - Loss: 14.077971
2025-11-28 14:42:36,841 - BiLSTMMERGE - INFO - [EXP] Época 500/500 - Loss: 12.409884
2025-11-28 14:42:36,841 - BiLSTMMERGE - INFO - Treinamento concluído em 7.04 minutos
2025-11-28 14:42:37,548 - BiLSTMMERGE - INFO - Calculando erro para o train
2025-11-28 14:42:37,549 - BiLSTMMERGE - INFO - RMSE: 2.9548
2025-11-28 14:42:37,549 - BiLSTMMERGE - INFO - MSE : 8.7310
2025-11-28 14:42:37,549 - BiLSTMMERGE - INFO - MAE : 1.4763
2025-11-28 14:42:37,549 - BiLSTMMERGE - INFO - CSI (thr=1.0 mm): 0.4285  [TP=1982, FP=1832, FN=811]
2025-11-28 14:42:37,549 - BiLSTMMERGE - INFO - train_pred TRAIN mm min/max: 0.0, 87.97647857666016
2025-11-28 14:42:37,549 - BiLSTMMERGE - INFO - train_TRUE TRAIN mm min/max: 0.0, 90.0625
2025-11-28 14:42:37,549 - BiLSTMMERGE - INFO -  Gerando gráficos TRAIN...
2025-11-28 14:42:37,892 - BiLSTMMERGE - INFO -  Gráficos gerados TRAIN ...
2025-11-28 14:42:37,892 - BiLSTMMERGE - INFO - Calculando erro para parte de teste
2025-11-28 14:42:37,892 - BiLSTMMERGE - INFO - RMSE: 4.3328
2025-11-28 14:42:37,892 - BiLSTMMERGE - INFO - MSE : 18.7733
2025-11-28 14:42:37,892 - BiLSTMMERGE - INFO - MAE : 2.2491
2025-11-28 14:42:37,892 - BiLSTMMERGE - INFO - CSI (thr=1.0 mm): 0.1818  [TP=2, FP=6, FN=3]
2025-11-28 14:42:37,892 - BiLSTMMERGE - INFO - y_pred mm min/max: 0.0, 15.986320495605469
2025-11-28 14:42:37,893 - BiLSTMMERGE - INFO - y_TRUE mm min/max: 0.0, 10.625
2025-11-28 14:42:37,893 - BiLSTMMERGE - INFO -  Gerando gráficos...
2025-11-28 14:42:38,250 - BiLSTMMERGE - INFO -  Gráficos gerados...
2025-11-28 14:42:38,250 - BiLSTMMERGE - INFO - ==========================================================================================
2025-11-28 14:42:38,251 - BiLSTMMERGE - INFO - Execução finalizada com sucesso.
2025-11-28 14:42:38,251 - BiLSTMMERGE - INFO - Dispositivo utilizado: cuda
2025-11-28 14:42:38,251 - BiLSTMMERGE - INFO - ==========================================================================================
2025-11-28 14:42:44,195 - LSTMMERGE - INFO - ==========================================================================================
2025-11-28 14:42:44,196 - LSTMMERGE - INFO - Iniciando script LSTM (PyTorch) MERGE com suporte a GPU e logs detalhados.
2025-11-28 14:42:44,196 - LSTMMERGE - INFO - ==========================================================================================
2025-11-28 14:42:44,196 - LSTMMERGE - INFO - Iniciando experimento: lookback=30, hidden_dim=64, layers=2, lr=0.001, drop=0.5
2025-11-28 14:42:44,209 - LSTMMERGE - INFO - Shape treino: torch.Size([10082, 30, 1]), teste: torch.Size([30, 30, 1])
2025-11-28 14:42:44,232 - LSTMMERGE - INFO - Treinando por 500 épocas...
2025-11-28 14:42:45,063 - LSTMMERGE - INFO - [EXP] Época 1/500 - Loss: 49.822295
2025-11-28 14:43:25,730 - LSTMMERGE - INFO - [EXP] Época 50/500 - Loss: 32.324416
2025-11-28 14:44:07,359 - LSTMMERGE - INFO - [EXP] Época 100/500 - Loss: 12.524874
2025-11-28 14:44:48,851 - LSTMMERGE - INFO - [EXP] Época 150/500 - Loss: 5.970058
2025-11-28 14:45:30,317 - LSTMMERGE - INFO - [EXP] Época 200/500 - Loss: 5.841803
2025-11-28 14:46:11,785 - LSTMMERGE - INFO - [EXP] Época 250/500 - Loss: 4.368512
2025-11-28 14:46:53,256 - LSTMMERGE - INFO - [EXP] Época 300/500 - Loss: 1.680053
2025-11-28 14:47:34,730 - LSTMMERGE - INFO - [EXP] Época 350/500 - Loss: 1.718682
2025-11-28 14:48:16,215 - LSTMMERGE - INFO - [EXP] Época 400/500 - Loss: 0.799939
2025-11-28 14:48:57,693 - LSTMMERGE - INFO - [EXP] Época 450/500 - Loss: 0.620789
2025-11-28 14:49:39,177 - LSTMMERGE - INFO - [EXP] Época 500/500 - Loss: 0.574534
2025-11-28 14:49:39,177 - LSTMMERGE - INFO - Treinamento concluído em 6.92 minutos
2025-11-28 14:49:39,885 - LSTMMERGE - INFO - Calculando erro para o train
2025-11-28 14:49:39,886 - LSTMMERGE - INFO - RMSE: 0.5284
2025-11-28 14:49:39,886 - LSTMMERGE - INFO - MSE : 0.2792
2025-11-28 14:49:39,886 - LSTMMERGE - INFO - MAE : 0.2872
2025-11-28 14:49:39,886 - LSTMMERGE - INFO - CSI (thr=1.0 mm): 0.9001  [TP=2622, FP=120, FN=171]
2025-11-28 14:49:39,886 - LSTMMERGE - INFO - train_pred TRAIN mm min/max: 0.0, 90.78530883789062
2025-11-28 14:49:39,886 - LSTMMERGE - INFO - train_TRUE TRAIN mm min/max: 0.0, 90.0625
2025-11-28 14:49:39,886 - LSTMMERGE - INFO -  Gerando gráficos TRAIN...
2025-11-28 14:49:40,250 - LSTMMERGE - INFO -  Gráficos gerados TRAIN ...
2025-11-28 14:49:40,250 - LSTMMERGE - INFO - Calculando erro para parte de teste
2025-11-28 14:49:40,251 - LSTMMERGE - INFO - RMSE: 3.4126
2025-11-28 14:49:40,251 - LSTMMERGE - INFO - MSE : 11.6456
2025-11-28 14:49:40,251 - LSTMMERGE - INFO - MAE : 2.1565
2025-11-28 14:49:40,251 - LSTMMERGE - INFO - CSI (thr=1.0 mm): 0.0000  [TP=0, FP=11, FN=5]
2025-11-28 14:49:40,251 - LSTMMERGE - INFO - y_pred mm min/max: 0.0, 6.7435078620910645
2025-11-28 14:49:40,251 - LSTMMERGE - INFO - y_TRUE mm min/max: 0.0, 10.625
2025-11-28 14:49:40,251 - LSTMMERGE - INFO -  Gerando gráficos...
2025-11-28 14:49:40,511 - LSTMMERGE - INFO -  Gráficos gerados...
2025-11-28 14:49:40,511 - LSTMMERGE - INFO - ==========================================================================================
2025-11-28 14:49:40,511 - LSTMMERGE - INFO - Execução finalizada com sucesso.
2025-11-28 14:49:40,511 - LSTMMERGE - INFO - Dispositivo utilizado: cuda
2025-11-28 14:49:40,511 - LSTMMERGE - INFO - ==========================================================================================
2025-11-28 14:49:46,193 - BiLSTMMERGE - INFO - ==========================================================================================
2025-11-28 14:49:46,193 - BiLSTMMERGE - INFO - Iniciando script LSTM (PyTorch) MERGE com suporte a GPU e logs detalhados.
2025-11-28 14:49:46,193 - BiLSTMMERGE - INFO - ==========================================================================================
2025-11-28 14:49:46,193 - BiLSTMMERGE - INFO - Iniciando experimento: lookback=30, hidden_dim=64, layers=2, lr=0.001, drop=0.5
2025-11-28 14:49:46,206 - BiLSTMMERGE - INFO - Shape treino: torch.Size([10082, 30, 1]), teste: torch.Size([30, 30, 1])
2025-11-28 14:49:46,242 - BiLSTMMERGE - INFO - Treinando por 500 épocas...
2025-11-28 14:49:47,184 - BiLSTMMERGE - INFO - [EXP] Época 1/500 - Loss: 49.083821
2025-11-28 14:50:33,346 - BiLSTMMERGE - INFO - [EXP] Época 50/500 - Loss: 35.216798
2025-11-28 14:51:20,474 - BiLSTMMERGE - INFO - [EXP] Época 100/500 - Loss: 13.541290
2025-11-28 14:52:07,616 - BiLSTMMERGE - INFO - [EXP] Época 150/500 - Loss: 9.708298
2025-11-28 14:52:54,614 - BiLSTMMERGE - INFO - [EXP] Época 200/500 - Loss: 7.048896
2025-11-28 14:53:41,632 - BiLSTMMERGE - INFO - [EXP] Época 250/500 - Loss: 5.790932
2025-11-28 14:54:28,608 - BiLSTMMERGE - INFO - [EXP] Época 300/500 - Loss: 5.530205
2025-11-28 14:55:15,570 - BiLSTMMERGE - INFO - [EXP] Época 350/500 - Loss: 4.812259
2025-11-28 14:56:02,521 - BiLSTMMERGE - INFO - [EXP] Época 400/500 - Loss: 4.243115
2025-11-28 14:56:49,456 - BiLSTMMERGE - INFO - [EXP] Época 450/500 - Loss: 5.142868
2025-11-28 14:57:36,400 - BiLSTMMERGE - INFO - [EXP] Época 500/500 - Loss: 3.381226
2025-11-28 14:57:36,400 - BiLSTMMERGE - INFO - Treinamento concluído em 7.84 minutos
2025-11-28 14:57:37,165 - BiLSTMMERGE - INFO - Calculando erro para o train
2025-11-28 14:57:37,166 - BiLSTMMERGE - INFO - RMSE: 1.2310
2025-11-28 14:57:37,166 - BiLSTMMERGE - INFO - MSE : 1.5153
2025-11-28 14:57:37,166 - BiLSTMMERGE - INFO - MAE : 0.5768
2025-11-28 14:57:37,166 - BiLSTMMERGE - INFO - CSI (thr=1.0 mm): 0.6982  [TP=2114, FP=235, FN=679]
2025-11-28 14:57:37,166 - BiLSTMMERGE - INFO - train_pred TRAIN mm min/max: 0.0, 86.78852844238281
2025-11-28 14:57:37,166 - BiLSTMMERGE - INFO - train_TRUE TRAIN mm min/max: 0.0, 90.0625
2025-11-28 14:57:37,166 - BiLSTMMERGE - INFO -  Gerando gráficos TRAIN...
2025-11-28 14:57:37,514 - BiLSTMMERGE - INFO -  Gráficos gerados TRAIN ...
2025-11-28 14:57:37,514 - BiLSTMMERGE - INFO - Calculando erro para parte de teste
2025-11-28 14:57:37,515 - BiLSTMMERGE - INFO - RMSE: 3.3076
2025-11-28 14:57:37,515 - BiLSTMMERGE - INFO - MSE : 10.9400
2025-11-28 14:57:37,515 - BiLSTMMERGE - INFO - MAE : 1.8867
2025-11-28 14:57:37,515 - BiLSTMMERGE - INFO - CSI (thr=1.0 mm): 0.0833  [TP=1, FP=7, FN=4]
2025-11-28 14:57:37,515 - BiLSTMMERGE - INFO - y_pred mm min/max: 0.0, 6.2478413581848145
2025-11-28 14:57:37,515 - BiLSTMMERGE - INFO - y_TRUE mm min/max: 0.0, 10.625
2025-11-28 14:57:37,515 - BiLSTMMERGE - INFO -  Gerando gráficos...
2025-11-28 14:57:37,767 - BiLSTMMERGE - INFO -  Gráficos gerados...
2025-11-28 14:57:37,767 - BiLSTMMERGE - INFO - ==========================================================================================
2025-11-28 14:57:37,767 - BiLSTMMERGE - INFO - Execução finalizada com sucesso.
2025-11-28 14:57:37,767 - BiLSTMMERGE - INFO - Dispositivo utilizado: cuda
2025-11-28 14:57:37,767 - BiLSTMMERGE - INFO - ==========================================================================================
2025-11-28 14:57:43,696 - LSTMMERGE - INFO - ==========================================================================================
2025-11-28 14:57:43,696 - LSTMMERGE - INFO - Iniciando script LSTM (PyTorch) MERGE com suporte a GPU e logs detalhados.
2025-11-28 14:57:43,696 - LSTMMERGE - INFO - ==========================================================================================
2025-11-28 14:57:43,696 - LSTMMERGE - INFO - Iniciando experimento: lookback=30, hidden_dim=128, layers=2, lr=0.001, drop=0.5
2025-11-28 14:57:43,708 - LSTMMERGE - INFO - Shape treino: torch.Size([10082, 30, 1]), teste: torch.Size([30, 30, 1])
2025-11-28 14:57:43,724 - LSTMMERGE - INFO - Treinando por 500 épocas...
2025-11-28 14:57:44,758 - LSTMMERGE - INFO - [EXP] Época 1/500 - Loss: 49.505643
2025-11-28 14:58:35,554 - LSTMMERGE - INFO - [EXP] Época 50/500 - Loss: 19.267659
2025-11-28 14:59:27,260 - LSTMMERGE - INFO - [EXP] Época 100/500 - Loss: 3.635911
2025-11-28 15:00:18,967 - LSTMMERGE - INFO - [EXP] Época 150/500 - Loss: 1.220433
2025-11-28 15:01:10,681 - LSTMMERGE - INFO - [EXP] Época 200/500 - Loss: 0.650195
2025-11-28 15:02:02,381 - LSTMMERGE - INFO - [EXP] Época 250/500 - Loss: 0.431834
2025-11-28 15:02:54,082 - LSTMMERGE - INFO - [EXP] Época 300/500 - Loss: 3.712203
2025-11-28 15:03:45,796 - LSTMMERGE - INFO - [EXP] Época 350/500 - Loss: 0.358882
2025-11-28 15:04:37,503 - LSTMMERGE - INFO - [EXP] Época 400/500 - Loss: 2.029100
2025-11-28 15:05:29,218 - LSTMMERGE - INFO - [EXP] Época 450/500 - Loss: 0.207445
2025-11-28 15:06:20,918 - LSTMMERGE - INFO - [EXP] Época 500/500 - Loss: 0.288105
2025-11-28 15:06:20,918 - LSTMMERGE - INFO - Treinamento concluído em 8.62 minutos
2025-11-28 15:06:21,762 - LSTMMERGE - INFO - Calculando erro para o train
2025-11-28 15:06:21,763 - LSTMMERGE - INFO - RMSE: 0.2956
2025-11-28 15:06:21,763 - LSTMMERGE - INFO - MSE : 0.0874
2025-11-28 15:06:21,763 - LSTMMERGE - INFO - MAE : 0.1578
2025-11-28 15:06:21,763 - LSTMMERGE - INFO - CSI (thr=1.0 mm): 0.9551  [TP=2702, FP=36, FN=91]
2025-11-28 15:06:21,763 - LSTMMERGE - INFO - train_pred TRAIN mm min/max: 0.0, 90.1889419555664
2025-11-28 15:06:21,763 - LSTMMERGE - INFO - train_TRUE TRAIN mm min/max: 0.0, 90.0625
2025-11-28 15:06:21,763 - LSTMMERGE - INFO -  Gerando gráficos TRAIN...
2025-11-28 15:06:22,143 - LSTMMERGE - INFO -  Gráficos gerados TRAIN ...
2025-11-28 15:06:22,143 - LSTMMERGE - INFO - Calculando erro para parte de teste
2025-11-28 15:06:22,143 - LSTMMERGE - INFO - RMSE: 3.1582
2025-11-28 15:06:22,144 - LSTMMERGE - INFO - MSE : 9.9744
2025-11-28 15:06:22,144 - LSTMMERGE - INFO - MAE : 1.6969
2025-11-28 15:06:22,144 - LSTMMERGE - INFO - CSI (thr=1.0 mm): 0.1000  [TP=1, FP=5, FN=4]
2025-11-28 15:06:22,144 - LSTMMERGE - INFO - y_pred mm min/max: 0.0, 6.607602596282959
2025-11-28 15:06:22,144 - LSTMMERGE - INFO - y_TRUE mm min/max: 0.0, 10.625
2025-11-28 15:06:22,144 - LSTMMERGE - INFO -  Gerando gráficos...
2025-11-28 15:06:22,400 - LSTMMERGE - INFO -  Gráficos gerados...
2025-11-28 15:06:22,400 - LSTMMERGE - INFO - ==========================================================================================
2025-11-28 15:06:22,400 - LSTMMERGE - INFO - Execução finalizada com sucesso.
2025-11-28 15:06:22,400 - LSTMMERGE - INFO - Dispositivo utilizado: cuda
2025-11-28 15:06:22,400 - LSTMMERGE - INFO - ==========================================================================================
2025-11-28 15:06:28,008 - BiLSTMMERGE - INFO - ==========================================================================================
2025-11-28 15:06:28,008 - BiLSTMMERGE - INFO - Iniciando script LSTM (PyTorch) MERGE com suporte a GPU e logs detalhados.
2025-11-28 15:06:28,008 - BiLSTMMERGE - INFO - ==========================================================================================
2025-11-28 15:06:28,008 - BiLSTMMERGE - INFO - Iniciando experimento: lookback=30, hidden_dim=128, layers=2, lr=0.001, drop=0.5
2025-11-28 15:06:28,020 - BiLSTMMERGE - INFO - Shape treino: torch.Size([10082, 30, 1]), teste: torch.Size([30, 30, 1])
2025-11-28 15:06:28,049 - BiLSTMMERGE - INFO - Treinando por 500 épocas...
2025-11-28 15:06:29,395 - BiLSTMMERGE - INFO - [EXP] Época 1/500 - Loss: 48.819833
2025-11-28 15:07:35,377 - BiLSTMMERGE - INFO - [EXP] Época 50/500 - Loss: 29.455387
2025-11-28 15:08:42,718 - BiLSTMMERGE - INFO - [EXP] Época 100/500 - Loss: 11.893029
2025-11-28 15:09:50,040 - BiLSTMMERGE - INFO - [EXP] Época 150/500 - Loss: 5.974505
2025-11-28 15:10:57,332 - BiLSTMMERGE - INFO - [EXP] Época 200/500 - Loss: 4.288282
2025-11-28 15:12:04,622 - BiLSTMMERGE - INFO - [EXP] Época 250/500 - Loss: 3.367445
2025-11-28 15:13:11,908 - BiLSTMMERGE - INFO - [EXP] Época 300/500 - Loss: 2.221444
2025-11-28 15:14:19,204 - BiLSTMMERGE - INFO - [EXP] Época 350/500 - Loss: 2.354368
2025-11-28 15:15:26,496 - BiLSTMMERGE - INFO - [EXP] Época 400/500 - Loss: 1.671895
2025-11-28 15:16:33,784 - BiLSTMMERGE - INFO - [EXP] Época 450/500 - Loss: 1.552795
2025-11-28 15:17:41,157 - BiLSTMMERGE - INFO - [EXP] Época 500/500 - Loss: 2.229400
2025-11-28 15:17:41,157 - BiLSTMMERGE - INFO - Treinamento concluído em 11.22 minutos
2025-11-28 15:17:42,139 - BiLSTMMERGE - INFO - Calculando erro para o train
2025-11-28 15:17:42,139 - BiLSTMMERGE - INFO - RMSE: 0.8690
2025-11-28 15:17:42,139 - BiLSTMMERGE - INFO - MSE : 0.7552
2025-11-28 15:17:42,139 - BiLSTMMERGE - INFO - MAE : 0.3870
2025-11-28 15:17:42,139 - BiLSTMMERGE - INFO - CSI (thr=1.0 mm): 0.8157  [TP=2386, FP=132, FN=407]
2025-11-28 15:17:42,140 - BiLSTMMERGE - INFO - train_pred TRAIN mm min/max: 0.0, 85.69365692138672
2025-11-28 15:17:42,140 - BiLSTMMERGE - INFO - train_TRUE TRAIN mm min/max: 0.0, 90.0625
2025-11-28 15:17:42,140 - BiLSTMMERGE - INFO -  Gerando gráficos TRAIN...
2025-11-28 15:17:42,493 - BiLSTMMERGE - INFO -  Gráficos gerados TRAIN ...
2025-11-28 15:17:42,493 - BiLSTMMERGE - INFO - Calculando erro para parte de teste
2025-11-28 15:17:42,494 - BiLSTMMERGE - INFO - RMSE: 3.6037
2025-11-28 15:17:42,494 - BiLSTMMERGE - INFO - MSE : 12.9863
2025-11-28 15:17:42,494 - BiLSTMMERGE - INFO - MAE : 1.6098
2025-11-28 15:17:42,494 - BiLSTMMERGE - INFO - CSI (thr=1.0 mm): 0.1000  [TP=1, FP=5, FN=4]
2025-11-28 15:17:42,494 - BiLSTMMERGE - INFO - y_pred mm min/max: 0.0, 12.634696960449219
2025-11-28 15:17:42,494 - BiLSTMMERGE - INFO - y_TRUE mm min/max: 0.0, 10.625
2025-11-28 15:17:42,494 - BiLSTMMERGE - INFO -  Gerando gráficos...
2025-11-28 15:17:42,747 - BiLSTMMERGE - INFO -  Gráficos gerados...
2025-11-28 15:17:42,747 - BiLSTMMERGE - INFO - ==========================================================================================
2025-11-28 15:17:42,747 - BiLSTMMERGE - INFO - Execução finalizada com sucesso.
2025-11-28 15:17:42,747 - BiLSTMMERGE - INFO - Dispositivo utilizado: cuda
2025-11-28 15:17:42,747 - BiLSTMMERGE - INFO - ==========================================================================================
2025-11-28 15:17:48,745 - LSTMMERGE - INFO - ==========================================================================================
2025-11-28 15:17:48,746 - LSTMMERGE - INFO - Iniciando script LSTM (PyTorch) MERGE com suporte a GPU e logs detalhados.
2025-11-28 15:17:48,746 - LSTMMERGE - INFO - ==========================================================================================
2025-11-28 15:17:48,746 - LSTMMERGE - INFO - Iniciando experimento: lookback=30, hidden_dim=256, layers=2, lr=0.001, drop=0.5
2025-11-28 15:17:48,758 - LSTMMERGE - INFO - Shape treino: torch.Size([10082, 30, 1]), teste: torch.Size([30, 30, 1])
2025-11-28 15:17:48,776 - LSTMMERGE - INFO - Treinando por 500 épocas...
2025-11-28 15:17:50,915 - LSTMMERGE - INFO - [EXP] Época 1/500 - Loss: 49.323104
2025-11-28 15:19:35,770 - LSTMMERGE - INFO - [EXP] Época 50/500 - Loss: 17.939793
2025-11-28 15:21:22,760 - LSTMMERGE - INFO - [EXP] Época 100/500 - Loss: 2.592698
2025-11-28 15:23:09,753 - LSTMMERGE - INFO - [EXP] Época 150/500 - Loss: 0.553151
2025-11-28 15:24:56,725 - LSTMMERGE - INFO - [EXP] Época 200/500 - Loss: 0.330494
2025-11-28 15:26:43,690 - LSTMMERGE - INFO - [EXP] Época 250/500 - Loss: 0.592643
2025-11-28 15:28:30,673 - LSTMMERGE - INFO - [EXP] Época 300/500 - Loss: 0.347291
2025-11-28 15:30:17,671 - LSTMMERGE - INFO - [EXP] Época 350/500 - Loss: 0.296058
2025-11-28 15:32:04,668 - LSTMMERGE - INFO - [EXP] Época 400/500 - Loss: 0.211149
2025-11-28 15:33:51,670 - LSTMMERGE - INFO - [EXP] Época 450/500 - Loss: 0.143310
2025-11-28 15:35:16,684 - LSTMMERGE - INFO - [EXP] Época 500/500 - Loss: 0.211312
2025-11-28 15:35:17,356 - LSTMMERGE - INFO - Treinamento concluído em 17.48 minutos
2025-11-28 15:35:17,587 - LSTMMERGE - INFO - Calculando erro para o train
2025-11-28 15:35:17,588 - LSTMMERGE - INFO - RMSE: 0.2396
2025-11-28 15:35:17,588 - LSTMMERGE - INFO - MSE : 0.0574
2025-11-28 15:35:17,588 - LSTMMERGE - INFO - MAE : 0.1188
2025-11-28 15:35:17,588 - LSTMMERGE - INFO - CSI (thr=1.0 mm): 0.9603  [TP=2712, FP=31, FN=81]
2025-11-28 15:35:17,588 - LSTMMERGE - INFO - train_pred TRAIN mm min/max: 0.0, 90.12694549560547
2025-11-28 15:35:17,588 - LSTMMERGE - INFO - train_TRUE TRAIN mm min/max: 0.0, 90.0625
2025-11-28 15:35:17,588 - LSTMMERGE - INFO -  Gerando gráficos TRAIN...
2025-11-28 15:35:24,010 - LSTMMERGE - INFO -  Gráficos gerados TRAIN ...
2025-11-28 15:35:24,010 - LSTMMERGE - INFO - Calculando erro para parte de teste
2025-11-28 15:35:24,011 - LSTMMERGE - INFO - RMSE: 3.1326
2025-11-28 15:35:24,011 - LSTMMERGE - INFO - MSE : 9.8131
2025-11-28 15:35:24,011 - LSTMMERGE - INFO - MAE : 1.5954
2025-11-28 15:35:24,011 - LSTMMERGE - INFO - CSI (thr=1.0 mm): 0.1667  [TP=2, FP=7, FN=3]
2025-11-28 15:35:24,011 - LSTMMERGE - INFO - y_pred mm min/max: 0.0, 10.176229476928711
2025-11-28 15:35:24,011 - LSTMMERGE - INFO - y_TRUE mm min/max: 0.0, 10.625
2025-11-28 15:35:24,011 - LSTMMERGE - INFO -  Gerando gráficos...
2025-11-28 15:35:26,835 - LSTMMERGE - INFO -  Gráficos gerados...
2025-11-28 15:35:26,836 - LSTMMERGE - INFO - ==========================================================================================
2025-11-28 15:35:26,836 - LSTMMERGE - INFO - Execução finalizada com sucesso.
2025-11-28 15:35:26,836 - LSTMMERGE - INFO - Dispositivo utilizado: cuda
2025-11-28 15:35:26,836 - LSTMMERGE - INFO - ==========================================================================================
2025-11-28 15:35:40,720 - BiLSTMMERGE - INFO - ==========================================================================================
2025-11-28 15:35:40,720 - BiLSTMMERGE - INFO - Iniciando script LSTM (PyTorch) MERGE com suporte a GPU e logs detalhados.
2025-11-28 15:35:40,720 - BiLSTMMERGE - INFO - ==========================================================================================
2025-11-28 15:35:40,720 - BiLSTMMERGE - INFO - Iniciando experimento: lookback=30, hidden_dim=256, layers=2, lr=0.001, drop=0.5
2025-11-28 15:35:40,729 - BiLSTMMERGE - INFO - Shape treino: torch.Size([10082, 30, 1]), teste: torch.Size([30, 30, 1])
2025-11-28 15:35:40,742 - BiLSTMMERGE - INFO - Treinando por 500 épocas...
2025-11-28 15:35:42,215 - BiLSTMMERGE - INFO - [EXP] Época 1/500 - Loss: 48.753116
2025-11-28 15:36:54,377 - BiLSTMMERGE - INFO - [EXP] Época 50/500 - Loss: 26.086396
2025-11-28 15:38:40,683 - BiLSTMMERGE - INFO - [EXP] Época 100/500 - Loss: 10.534673
2025-11-28 15:41:27,309 - BiLSTMMERGE - INFO - [EXP] Época 150/500 - Loss: 3.315519
2025-11-28 15:44:13,938 - BiLSTMMERGE - INFO - [EXP] Época 200/500 - Loss: 3.196527
2025-11-28 15:47:05,579 - BiLSTMMERGE - INFO - [EXP] Época 250/500 - Loss: 1.603566
2025-11-28 15:49:56,572 - BiLSTMMERGE - INFO - [EXP] Época 300/500 - Loss: 2.041874
2025-11-28 15:52:43,092 - BiLSTMMERGE - INFO - [EXP] Época 350/500 - Loss: 1.329616
2025-11-28 15:55:29,503 - BiLSTMMERGE - INFO - [EXP] Época 400/500 - Loss: 0.940058
2025-11-28 15:58:15,975 - BiLSTMMERGE - INFO - [EXP] Época 450/500 - Loss: 0.838252
2025-11-28 16:01:02,874 - BiLSTMMERGE - INFO - [EXP] Época 500/500 - Loss: 0.899115
2025-11-28 16:01:02,874 - BiLSTMMERGE - INFO - Treinamento concluído em 25.37 minutos
2025-11-28 16:01:03,996 - BiLSTMMERGE - INFO - Calculando erro para o train
2025-11-28 16:01:03,997 - BiLSTMMERGE - INFO - RMSE: 0.5080
2025-11-28 16:01:03,997 - BiLSTMMERGE - INFO - MSE : 0.2581
2025-11-28 16:01:03,997 - BiLSTMMERGE - INFO - MAE : 0.2149
2025-11-28 16:01:03,997 - BiLSTMMERGE - INFO - CSI (thr=1.0 mm): 0.9279  [TP=2613, FP=23, FN=180]
2025-11-28 16:01:03,997 - BiLSTMMERGE - INFO - train_pred TRAIN mm min/max: 0.0, 88.1168212890625
2025-11-28 16:01:03,997 - BiLSTMMERGE - INFO - train_TRUE TRAIN mm min/max: 0.0, 90.0625
2025-11-28 16:01:03,997 - BiLSTMMERGE - INFO -  Gerando gráficos TRAIN...
2025-11-28 16:01:04,364 - BiLSTMMERGE - INFO -  Gráficos gerados TRAIN ...
2025-11-28 16:01:04,364 - BiLSTMMERGE - INFO - Calculando erro para parte de teste
2025-11-28 16:01:04,365 - BiLSTMMERGE - INFO - RMSE: 10.5709
2025-11-28 16:01:04,365 - BiLSTMMERGE - INFO - MSE : 111.7440
2025-11-28 16:01:04,365 - BiLSTMMERGE - INFO - MAE : 3.7910
2025-11-28 16:01:04,365 - BiLSTMMERGE - INFO - CSI (thr=1.0 mm): 0.0833  [TP=1, FP=7, FN=4]
2025-11-28 16:01:04,365 - BiLSTMMERGE - INFO - y_pred mm min/max: 0.0, 54.56724548339844
2025-11-28 16:01:04,365 - BiLSTMMERGE - INFO - y_TRUE mm min/max: 0.0, 10.625
2025-11-28 16:01:04,365 - BiLSTMMERGE - INFO -  Gerando gráficos...
2025-11-28 16:01:04,611 - BiLSTMMERGE - INFO -  Gráficos gerados...
2025-11-28 16:01:04,611 - BiLSTMMERGE - INFO - ==========================================================================================
2025-11-28 16:01:04,611 - BiLSTMMERGE - INFO - Execução finalizada com sucesso.
2025-11-28 16:01:04,611 - BiLSTMMERGE - INFO - Dispositivo utilizado: cuda
2025-11-28 16:01:04,611 - BiLSTMMERGE - INFO - ==========================================================================================
2025-11-28 16:01:10,576 - ARIMA_MERGE - INFO - ==========================================================================================
2025-11-28 16:01:10,576 - ARIMA_MERGE - INFO - Iniciando script ARIMA MERGE.
2025-11-28 16:01:10,576 - ARIMA_MERGE - INFO - ==========================================================================================
2025-11-28 16:01:10,576 - ARIMA_MERGE - INFO - Tamanho treino: 10113 | teste: 30
2025-11-28 16:01:10,576 - ARIMA_MERGE - INFO - [FASE 4] Iniciando busca manual por hiperparâmetros (AIC).
2025-11-28 16:22:24,000 - ARIMA_MERGE - INFO - Melhor order encontrado: (30, 0, 2)
2025-11-28 16:22:24,001 - ARIMA_MERGE - INFO - Melhor AIC (treino): 67453.59
2025-11-28 16:22:24,001 - ARIMA_MERGE - INFO - Tempo da Fase 4: 1273.42s
2025-11-28 16:22:24,001 - ARIMA_MERGE - INFO - [FASE 5] Reajustando melhor modelo no conjunto de treino.
2025-11-28 16:29:15,340 - ARIMA_MERGE - INFO - Melhor modelo ajustado no treino.
2025-11-28 16:29:15,340 - ARIMA_MERGE - INFO - Tempo da Fase 5: 411.34s
2025-11-28 16:29:15,340 - ARIMA_MERGE - INFO - [FASE 6] Gerando previsões no conjunto de teste e avaliando métricas.
2025-11-28 16:29:15,343 - ARIMA_MERGE - INFO - RMSE: 6.7714
2025-11-28 16:29:15,343 - ARIMA_MERGE - INFO - MSE : 45.8525
2025-11-28 16:29:15,343 - ARIMA_MERGE - INFO - MAE : 3.4857
2025-11-28 16:29:15,344 - ARIMA_MERGE - INFO - CSI (thr=1.0 mm): 0.2725  [TP=2751, FP=7336, FN=7]
2025-11-28 16:29:15,344 - ARIMA_MERGE - INFO - [TREINO] RMSE=6.7714 | MSE=45.8525 | MAE=3.4857 | CSI=0.2725
2025-11-28 16:29:15,350 - ARIMA_MERGE - INFO - RMSE: 3.0039
2025-11-28 16:29:15,350 - ARIMA_MERGE - INFO - MSE : 9.0232
2025-11-28 16:29:15,350 - ARIMA_MERGE - INFO - MAE : 2.5756
2025-11-28 16:29:15,350 - ARIMA_MERGE - INFO - CSI (thr=1.0 mm): 0.2000  [TP=6, FP=24, FN=0]
2025-11-28 16:29:15,350 - ARIMA_MERGE - INFO - Tempo total da Fase 6: 0.01s
2025-11-28 16:29:15,350 - ARIMA_MERGE - INFO - [FASE 7] Salvando gráfico de previsão vs. observado.
2025-11-28 16:29:16,217 - ARIMA_MERGE - INFO - Gráfico salvo como 'arimaMERGE_result.png'.
2025-11-28 16:29:16,217 - ARIMA_MERGE - INFO - ==========================================================================================
2025-11-28 16:29:16,217 - ARIMA_MERGE - INFO - Execução ARIMA MERGE finalizada com sucesso.
2025-11-28 16:29:16,217 - ARIMA_MERGE - INFO - Tempo total de execução: 1685.64s
2025-11-28 16:29:16,217 - ARIMA_MERGE - INFO - ==========================================================================================
2025-11-28 16:29:22,850 - RANDOM_FOREST_MERGE - INFO - ====================================================================================================
2025-11-28 16:29:22,850 - RANDOM_FOREST_MERGE - INFO - Iniciando Random Forest MERGE com GridSearchCV.
2025-11-28 16:29:22,850 - RANDOM_FOREST_MERGE - INFO - ====================================================================================================
2025-11-28 16:29:22,850 - RANDOM_FOREST_MERGE - INFO - [FASE 3] Split treino/teste e preparação.
2025-11-28 16:29:22,856 - RANDOM_FOREST_MERGE - INFO - [FASE 3] Treino: X=(10083, 30), y=10083 | Teste: X=(30, 30), y=30
2025-11-28 16:29:22,856 - RANDOM_FOREST_MERGE - INFO - [FASE 3] Tempo: 0.01s
2025-11-28 16:29:22,856 - RANDOM_FOREST_MERGE - INFO - [FASE 4] Iniciando GridSearchCV (TimeSeriesSplit).
2025-11-28 16:31:26,109 - RANDOM_FOREST_MERGE - INFO - [FASE 4] GridSearchCV concluído em 123.25s
2025-11-28 16:31:26,109 - RANDOM_FOREST_MERGE - INFO - [FASE 4] Melhores parâmetros: {'max_depth': None, 'max_features': 'sqrt', 'min_samples_leaf': 4, 'min_samples_split': 10, 'n_estimators': 400}
2025-11-28 16:31:26,109 - RANDOM_FOREST_MERGE - INFO - [FASE 4] Melhor score (neg_MSE): -44.966315
2025-11-28 16:31:26,109 - RANDOM_FOREST_MERGE - INFO - [FASE 4] Tempo: 123.25s
2025-11-28 16:31:26,109 - RANDOM_FOREST_MERGE - INFO - [FASE 5] Treinando best_estimator_ no conjunto de treino.
2025-11-28 16:31:26,922 - RANDOM_FOREST_MERGE - INFO - [FASE 5] Tempo: 0.81s
2025-11-28 16:31:26,922 - RANDOM_FOREST_MERGE - INFO - [FASE 6] Previsão e cálculo de métricas.
2025-11-28 16:31:26,997 - RANDOM_FOREST_MERGE - INFO - RMSE: 5.1608
2025-11-28 16:31:26,998 - RANDOM_FOREST_MERGE - INFO - MSE : 26.6336
2025-11-28 16:31:26,998 - RANDOM_FOREST_MERGE - INFO - MAE : 2.5502
2025-11-28 16:31:26,998 - RANDOM_FOREST_MERGE - INFO - CSI (thr=1.0 mm): 0.3691  [TP=2706, FP=4580, FN=45]
2025-11-28 16:31:26,998 - RANDOM_FOREST_MERGE - INFO - [TREINO] RMSE=5.1608 | MSE=26.6336 | MAE=2.5502 | CSI=0.3691
2025-11-28 16:31:27,042 - RANDOM_FOREST_MERGE - INFO - y_pred raw min/max: 0.4113597184925332, 6.764372335906767
2025-11-28 16:31:27,042 - RANDOM_FOREST_MERGE - INFO - y_TRUE raw min/max: 0.0, 10.62500000066143
2025-11-28 16:31:27,043 - RANDOM_FOREST_MERGE - INFO - RMSE: 3.0398
2025-11-28 16:31:27,043 - RANDOM_FOREST_MERGE - INFO - MSE : 9.2406
2025-11-28 16:31:27,043 - RANDOM_FOREST_MERGE - INFO - MAE : 1.9900
2025-11-28 16:31:27,043 - RANDOM_FOREST_MERGE - INFO - CSI (thr=1.0 mm): 0.1905  [TP=4, FP=15, FN=2]
2025-11-28 16:31:27,043 - RANDOM_FOREST_MERGE - INFO - [FASE 7] Gerando gráficos.
2025-11-28 16:31:27,656 - RANDOM_FOREST_MERGE - INFO - Gráfico salvo como 'random_forest_MERGE.png'.
2025-11-28 16:31:27,656 - RANDOM_FOREST_MERGE - INFO - [FASE 7] Tempo: 0.61s
2025-11-28 16:31:27,656 - RANDOM_FOREST_MERGE - INFO - ====================================================================================================
2025-11-28 16:31:27,656 - RANDOM_FOREST_MERGE - INFO - Resumo Final
2025-11-28 16:31:27,656 - RANDOM_FOREST_MERGE - INFO - Melhores parâmetros: {'max_depth': None, 'max_features': 'sqrt', 'min_samples_leaf': 4, 'min_samples_split': 10, 'n_estimators': 400}
2025-11-28 16:31:27,656 - RANDOM_FOREST_MERGE - INFO - Tempo total de execução: 124.81s
2025-11-28 16:31:27,656 - RANDOM_FOREST_MERGE - INFO - ====================================================================================================
2025-11-28 16:31:33,249 - LSTMMERGE - INFO - ==========================================================================================
2025-11-28 16:31:33,249 - LSTMMERGE - INFO - Iniciando script LSTM (PyTorch) MERGE com suporte a GPU e logs detalhados.
2025-11-28 16:31:33,249 - LSTMMERGE - INFO - ==========================================================================================
2025-11-28 16:31:33,250 - LSTMMERGE - INFO - Iniciando experimento: lookback=30, hidden_dim=32, layers=2, lr=0.001, drop=0.5
2025-11-28 16:31:33,266 - LSTMMERGE - INFO - Shape treino: torch.Size([10082, 30, 1]), teste: torch.Size([30, 30, 1])
2025-11-28 16:31:33,289 - LSTMMERGE - INFO - Treinando por 500 épocas...
2025-11-28 16:31:34,094 - LSTMMERGE - INFO - [EXP] Época 1/500 - Loss: 51.014264
2025-11-28 16:32:13,250 - LSTMMERGE - INFO - [EXP] Época 50/500 - Loss: 44.898983
2025-11-28 16:32:53,203 - LSTMMERGE - INFO - [EXP] Época 100/500 - Loss: 30.631452
2025-11-28 16:33:33,153 - LSTMMERGE - INFO - [EXP] Época 150/500 - Loss: 24.284462
2025-11-28 16:34:13,101 - LSTMMERGE - INFO - [EXP] Época 200/500 - Loss: 18.381843
2025-11-28 16:34:53,070 - LSTMMERGE - INFO - [EXP] Época 250/500 - Loss: 14.524893
2025-11-28 16:35:33,030 - LSTMMERGE - INFO - [EXP] Época 300/500 - Loss: 11.730148
2025-11-28 16:36:12,992 - LSTMMERGE - INFO - [EXP] Época 350/500 - Loss: 10.074340
2025-11-28 16:36:52,936 - LSTMMERGE - INFO - [EXP] Época 400/500 - Loss: 8.037937
2025-11-28 16:37:32,874 - LSTMMERGE - INFO - [EXP] Época 450/500 - Loss: 7.172284
2025-11-28 16:38:12,813 - LSTMMERGE - INFO - [EXP] Época 500/500 - Loss: 6.213064
2025-11-28 16:38:12,813 - LSTMMERGE - INFO - Treinamento concluído em 6.66 minutos
2025-11-28 16:38:13,503 - LSTMMERGE - INFO - Calculando erro para o train
2025-11-28 16:38:13,504 - LSTMMERGE - INFO - RMSE: 2.1161
2025-11-28 16:38:13,504 - LSTMMERGE - INFO - MSE : 4.4778
2025-11-28 16:38:13,504 - LSTMMERGE - INFO - MAE : 1.0403
2025-11-28 16:38:13,504 - LSTMMERGE - INFO - CSI (thr=1.0 mm): 0.4928  [TP=2214, FP=1700, FN=579]
2025-11-28 16:38:13,504 - LSTMMERGE - INFO - train_pred TRAIN mm min/max: 0.0, 91.78435516357422
2025-11-28 16:38:13,504 - LSTMMERGE - INFO - train_TRUE TRAIN mm min/max: 0.0, 90.0625
2025-11-28 16:38:13,504 - LSTMMERGE - INFO -  Gerando gráficos TRAIN...
2025-11-28 16:38:13,852 - LSTMMERGE - INFO -  Gráficos gerados TRAIN ...
2025-11-28 16:38:13,852 - LSTMMERGE - INFO - Calculando erro para parte de teste
2025-11-28 16:38:13,853 - LSTMMERGE - INFO - RMSE: 4.4024
2025-11-28 16:38:13,853 - LSTMMERGE - INFO - MSE : 19.3814
2025-11-28 16:38:13,853 - LSTMMERGE - INFO - MAE : 2.4691
2025-11-28 16:38:13,853 - LSTMMERGE - INFO - CSI (thr=1.0 mm): 0.2143  [TP=3, FP=9, FN=2]
2025-11-28 16:38:13,853 - LSTMMERGE - INFO - y_pred mm min/max: 0.0, 20.020381927490234
2025-11-28 16:38:13,853 - LSTMMERGE - INFO - y_TRUE mm min/max: 0.0, 10.625
2025-11-28 16:38:13,853 - LSTMMERGE - INFO -  Gerando gráficos...
2025-11-28 16:38:14,101 - LSTMMERGE - INFO -  Gráficos gerados...
2025-11-28 16:38:14,101 - LSTMMERGE - INFO - ==========================================================================================
2025-11-28 16:38:14,101 - LSTMMERGE - INFO - Execução finalizada com sucesso.
2025-11-28 16:38:14,101 - LSTMMERGE - INFO - Dispositivo utilizado: cuda
2025-11-28 16:38:14,101 - LSTMMERGE - INFO - ==========================================================================================
2025-11-28 16:38:19,868 - BiLSTMMERGE - INFO - ==========================================================================================
2025-11-28 16:38:19,868 - BiLSTMMERGE - INFO - Iniciando script LSTM (PyTorch) MERGE com suporte a GPU e logs detalhados.
2025-11-28 16:38:19,868 - BiLSTMMERGE - INFO - ==========================================================================================
2025-11-28 16:38:19,868 - BiLSTMMERGE - INFO - Iniciando experimento: lookback=30, hidden_dim=32, layers=2, lr=0.001, drop=0.5
2025-11-28 16:38:19,880 - BiLSTMMERGE - INFO - Shape treino: torch.Size([10082, 30, 1]), teste: torch.Size([30, 30, 1])
2025-11-28 16:38:19,921 - BiLSTMMERGE - INFO - Treinando por 500 épocas...
2025-11-28 16:38:20,768 - BiLSTMMERGE - INFO - [EXP] Época 1/500 - Loss: 50.105970
2025-11-28 16:39:02,108 - BiLSTMMERGE - INFO - [EXP] Época 50/500 - Loss: 42.859555
2025-11-28 16:39:44,291 - BiLSTMMERGE - INFO - [EXP] Época 100/500 - Loss: 31.039026
2025-11-28 16:40:26,472 - BiLSTMMERGE - INFO - [EXP] Época 150/500 - Loss: 23.104885
2025-11-28 16:41:08,678 - BiLSTMMERGE - INFO - [EXP] Época 200/500 - Loss: 19.028298
2025-11-28 16:41:50,847 - BiLSTMMERGE - INFO - [EXP] Época 250/500 - Loss: 16.723368
2025-11-28 16:42:33,034 - BiLSTMMERGE - INFO - [EXP] Época 300/500 - Loss: 13.368201
2025-11-28 16:43:15,487 - BiLSTMMERGE - INFO - [EXP] Época 350/500 - Loss: 13.572768
2025-11-28 16:43:57,826 - BiLSTMMERGE - INFO - [EXP] Época 400/500 - Loss: 12.396709
2025-11-28 16:44:40,221 - BiLSTMMERGE - INFO - [EXP] Época 450/500 - Loss: 11.069741
2025-11-28 16:45:22,531 - BiLSTMMERGE - INFO - [EXP] Época 500/500 - Loss: 10.425086
2025-11-28 16:45:22,531 - BiLSTMMERGE - INFO - Treinamento concluído em 7.04 minutos
2025-11-28 16:45:23,273 - BiLSTMMERGE - INFO - Calculando erro para o train
2025-11-28 16:45:23,273 - BiLSTMMERGE - INFO - RMSE: 2.7002
2025-11-28 16:45:23,273 - BiLSTMMERGE - INFO - MSE : 7.2913
2025-11-28 16:45:23,273 - BiLSTMMERGE - INFO - MAE : 1.2594
2025-11-28 16:45:23,274 - BiLSTMMERGE - INFO - CSI (thr=1.0 mm): 0.4680  [TP=1920, FP=1310, FN=873]
2025-11-28 16:45:23,274 - BiLSTMMERGE - INFO - train_pred TRAIN mm min/max: 0.0, 86.78994750976562
2025-11-28 16:45:23,274 - BiLSTMMERGE - INFO - train_TRUE TRAIN mm min/max: 0.0, 90.0625
2025-11-28 16:45:23,274 - BiLSTMMERGE - INFO -  Gerando gráficos TRAIN...
2025-11-28 16:45:23,614 - BiLSTMMERGE - INFO -  Gráficos gerados TRAIN ...
2025-11-28 16:45:23,615 - BiLSTMMERGE - INFO - Calculando erro para parte de teste
2025-11-28 16:45:23,615 - BiLSTMMERGE - INFO - RMSE: 2.9400
2025-11-28 16:45:23,615 - BiLSTMMERGE - INFO - MSE : 8.6438
2025-11-28 16:45:23,615 - BiLSTMMERGE - INFO - MAE : 1.6226
2025-11-28 16:45:23,615 - BiLSTMMERGE - INFO - CSI (thr=1.0 mm): 0.1000  [TP=1, FP=5, FN=4]
2025-11-28 16:45:23,615 - BiLSTMMERGE - INFO - y_pred mm min/max: 0.0, 5.5927653312683105
2025-11-28 16:45:23,615 - BiLSTMMERGE - INFO - y_TRUE mm min/max: 0.0, 10.625
2025-11-28 16:45:23,615 - BiLSTMMERGE - INFO -  Gerando gráficos...
2025-11-28 16:45:23,871 - BiLSTMMERGE - INFO -  Gráficos gerados...
2025-11-28 16:45:23,871 - BiLSTMMERGE - INFO - ==========================================================================================
2025-11-28 16:45:23,871 - BiLSTMMERGE - INFO - Execução finalizada com sucesso.
2025-11-28 16:45:23,871 - BiLSTMMERGE - INFO - Dispositivo utilizado: cuda
2025-11-28 16:45:23,871 - BiLSTMMERGE - INFO - ==========================================================================================
2025-11-28 16:45:29,867 - LSTMMERGE - INFO - ==========================================================================================
2025-11-28 16:45:29,867 - LSTMMERGE - INFO - Iniciando script LSTM (PyTorch) MERGE com suporte a GPU e logs detalhados.
2025-11-28 16:45:29,867 - LSTMMERGE - INFO - ==========================================================================================
2025-11-28 16:45:29,867 - LSTMMERGE - INFO - Iniciando experimento: lookback=30, hidden_dim=64, layers=2, lr=0.001, drop=0.5
2025-11-28 16:45:29,879 - LSTMMERGE - INFO - Shape treino: torch.Size([10082, 30, 1]), teste: torch.Size([30, 30, 1])
2025-11-28 16:45:29,902 - LSTMMERGE - INFO - Treinando por 500 épocas...
2025-11-28 16:45:30,734 - LSTMMERGE - INFO - [EXP] Época 1/500 - Loss: 50.013950
2025-11-28 16:46:11,383 - LSTMMERGE - INFO - [EXP] Época 50/500 - Loss: 27.495869
2025-11-28 16:46:52,856 - LSTMMERGE - INFO - [EXP] Época 100/500 - Loss: 18.424920
2025-11-28 16:47:34,334 - LSTMMERGE - INFO - [EXP] Época 150/500 - Loss: 6.089708
2025-11-28 16:48:15,809 - LSTMMERGE - INFO - [EXP] Época 200/500 - Loss: 2.682311
2025-11-28 16:48:57,283 - LSTMMERGE - INFO - [EXP] Época 250/500 - Loss: 1.932903
2025-11-28 16:49:38,759 - LSTMMERGE - INFO - [EXP] Época 300/500 - Loss: 1.081249
2025-11-28 16:50:20,227 - LSTMMERGE - INFO - [EXP] Época 350/500 - Loss: 4.218522
2025-11-28 16:51:01,703 - LSTMMERGE - INFO - [EXP] Época 400/500 - Loss: 0.914072
2025-11-28 16:51:43,176 - LSTMMERGE - INFO - [EXP] Época 450/500 - Loss: 0.528465
2025-11-28 16:52:24,647 - LSTMMERGE - INFO - [EXP] Época 500/500 - Loss: 0.972014
2025-11-28 16:52:24,647 - LSTMMERGE - INFO - Treinamento concluído em 6.91 minutos
2025-11-28 16:52:25,352 - LSTMMERGE - INFO - Calculando erro para o train
2025-11-28 16:52:25,353 - LSTMMERGE - INFO - RMSE: 0.5221
2025-11-28 16:52:25,353 - LSTMMERGE - INFO - MSE : 0.2726
2025-11-28 16:52:25,353 - LSTMMERGE - INFO - MAE : 0.3018
2025-11-28 16:52:25,353 - LSTMMERGE - INFO - CSI (thr=1.0 mm): 0.8529  [TP=2563, FP=212, FN=230]
2025-11-28 16:52:25,353 - LSTMMERGE - INFO - train_pred TRAIN mm min/max: 0.0, 90.43584442138672
2025-11-28 16:52:25,353 - LSTMMERGE - INFO - train_TRUE TRAIN mm min/max: 0.0, 90.0625
2025-11-28 16:52:25,353 - LSTMMERGE - INFO -  Gerando gráficos TRAIN...
2025-11-28 16:52:25,695 - LSTMMERGE - INFO -  Gráficos gerados TRAIN ...
2025-11-28 16:52:25,695 - LSTMMERGE - INFO - Calculando erro para parte de teste
2025-11-28 16:52:25,695 - LSTMMERGE - INFO - RMSE: 3.0362
2025-11-28 16:52:25,695 - LSTMMERGE - INFO - MSE : 9.2183
2025-11-28 16:52:25,695 - LSTMMERGE - INFO - MAE : 1.6326
2025-11-28 16:52:25,695 - LSTMMERGE - INFO - CSI (thr=1.0 mm): 0.1667  [TP=2, FP=7, FN=3]
2025-11-28 16:52:25,696 - LSTMMERGE - INFO - y_pred mm min/max: 0.0, 4.68245267868042
2025-11-28 16:52:25,696 - LSTMMERGE - INFO - y_TRUE mm min/max: 0.0, 10.625
2025-11-28 16:52:25,696 - LSTMMERGE - INFO -  Gerando gráficos...
2025-11-28 16:52:25,949 - LSTMMERGE - INFO -  Gráficos gerados...
2025-11-28 16:52:25,949 - LSTMMERGE - INFO - ==========================================================================================
2025-11-28 16:52:25,949 - LSTMMERGE - INFO - Execução finalizada com sucesso.
2025-11-28 16:52:25,949 - LSTMMERGE - INFO - Dispositivo utilizado: cuda
2025-11-28 16:52:25,949 - LSTMMERGE - INFO - ==========================================================================================
2025-11-28 16:52:31,595 - BiLSTMMERGE - INFO - ==========================================================================================
2025-11-28 16:52:31,595 - BiLSTMMERGE - INFO - Iniciando script LSTM (PyTorch) MERGE com suporte a GPU e logs detalhados.
2025-11-28 16:52:31,595 - BiLSTMMERGE - INFO - ==========================================================================================
2025-11-28 16:52:31,595 - BiLSTMMERGE - INFO - Iniciando experimento: lookback=30, hidden_dim=64, layers=2, lr=0.001, drop=0.5
2025-11-28 16:52:31,608 - BiLSTMMERGE - INFO - Shape treino: torch.Size([10082, 30, 1]), teste: torch.Size([30, 30, 1])
2025-11-28 16:52:31,645 - BiLSTMMERGE - INFO - Treinando por 500 épocas...
2025-11-28 16:52:32,585 - BiLSTMMERGE - INFO - [EXP] Época 1/500 - Loss: 49.392692
2025-11-28 16:53:18,643 - BiLSTMMERGE - INFO - [EXP] Época 50/500 - Loss: 34.366706
2025-11-28 16:54:05,602 - BiLSTMMERGE - INFO - [EXP] Época 100/500 - Loss: 17.162392
2025-11-28 16:54:52,545 - BiLSTMMERGE - INFO - [EXP] Época 150/500 - Loss: 11.139440
2025-11-28 16:55:39,476 - BiLSTMMERGE - INFO - [EXP] Época 200/500 - Loss: 8.622939
2025-11-28 16:56:26,397 - BiLSTMMERGE - INFO - [EXP] Época 250/500 - Loss: 6.175298
2025-11-28 16:57:13,536 - BiLSTMMERGE - INFO - [EXP] Época 300/500 - Loss: 5.159659
2025-11-28 16:58:00,484 - BiLSTMMERGE - INFO - [EXP] Época 350/500 - Loss: 5.442256
2025-11-28 16:58:47,462 - BiLSTMMERGE - INFO - [EXP] Época 400/500 - Loss: 3.717102
2025-11-28 16:59:34,408 - BiLSTMMERGE - INFO - [EXP] Época 450/500 - Loss: 3.366658
2025-11-28 17:00:21,333 - BiLSTMMERGE - INFO - [EXP] Época 500/500 - Loss: 3.089716
2025-11-28 17:00:21,333 - BiLSTMMERGE - INFO - Treinamento concluído em 7.83 minutos
2025-11-28 17:00:22,097 - BiLSTMMERGE - INFO - Calculando erro para o train
2025-11-28 17:00:22,097 - BiLSTMMERGE - INFO - RMSE: 1.1685
2025-11-28 17:00:22,098 - BiLSTMMERGE - INFO - MSE : 1.3653
2025-11-28 17:00:22,098 - BiLSTMMERGE - INFO - MAE : 0.5740
2025-11-28 17:00:22,098 - BiLSTMMERGE - INFO - CSI (thr=1.0 mm): 0.6994  [TP=2131, FP=254, FN=662]
2025-11-28 17:00:22,098 - BiLSTMMERGE - INFO - train_pred TRAIN mm min/max: 0.0, 84.77381896972656
2025-11-28 17:00:22,098 - BiLSTMMERGE - INFO - train_TRUE TRAIN mm min/max: 0.0, 90.0625
2025-11-28 17:00:22,098 - BiLSTMMERGE - INFO -  Gerando gráficos TRAIN...
2025-11-28 17:00:22,451 - BiLSTMMERGE - INFO -  Gráficos gerados TRAIN ...
2025-11-28 17:00:22,451 - BiLSTMMERGE - INFO - Calculando erro para parte de teste
2025-11-28 17:00:22,451 - BiLSTMMERGE - INFO - RMSE: 3.5953
2025-11-28 17:00:22,452 - BiLSTMMERGE - INFO - MSE : 12.9263
2025-11-28 17:00:22,452 - BiLSTMMERGE - INFO - MAE : 1.9517
2025-11-28 17:00:22,452 - BiLSTMMERGE - INFO - CSI (thr=1.0 mm): 0.0000  [TP=0, FP=6, FN=5]
2025-11-28 17:00:22,452 - BiLSTMMERGE - INFO - y_pred mm min/max: 0.0, 10.156460762023926
2025-11-28 17:00:22,452 - BiLSTMMERGE - INFO - y_TRUE mm min/max: 0.0, 10.625
2025-11-28 17:00:22,452 - BiLSTMMERGE - INFO -  Gerando gráficos...
2025-11-28 17:00:22,706 - BiLSTMMERGE - INFO -  Gráficos gerados...
2025-11-28 17:00:22,706 - BiLSTMMERGE - INFO - ==========================================================================================
2025-11-28 17:00:22,706 - BiLSTMMERGE - INFO - Execução finalizada com sucesso.
2025-11-28 17:00:22,706 - BiLSTMMERGE - INFO - Dispositivo utilizado: cuda
2025-11-28 17:00:22,706 - BiLSTMMERGE - INFO - ==========================================================================================
2025-11-28 17:00:28,654 - LSTMMERGE - INFO - ==========================================================================================
2025-11-28 17:00:28,654 - LSTMMERGE - INFO - Iniciando script LSTM (PyTorch) MERGE com suporte a GPU e logs detalhados.
2025-11-28 17:00:28,654 - LSTMMERGE - INFO - ==========================================================================================
2025-11-28 17:00:28,654 - LSTMMERGE - INFO - Iniciando experimento: lookback=30, hidden_dim=128, layers=2, lr=0.001, drop=0.5
2025-11-28 17:00:28,666 - LSTMMERGE - INFO - Shape treino: torch.Size([10082, 30, 1]), teste: torch.Size([30, 30, 1])
2025-11-28 17:00:28,682 - LSTMMERGE - INFO - Treinando por 500 épocas...
2025-11-28 17:00:29,712 - LSTMMERGE - INFO - [EXP] Época 1/500 - Loss: 49.410905
2025-11-28 17:01:20,327 - LSTMMERGE - INFO - [EXP] Época 50/500 - Loss: 21.891266
2025-11-28 17:02:11,958 - LSTMMERGE - INFO - [EXP] Época 100/500 - Loss: 6.467859
2025-11-28 17:03:03,588 - LSTMMERGE - INFO - [EXP] Época 150/500 - Loss: 0.941970
2025-11-28 17:03:55,223 - LSTMMERGE - INFO - [EXP] Época 200/500 - Loss: 0.718017
2025-11-28 17:04:46,851 - LSTMMERGE - INFO - [EXP] Época 250/500 - Loss: 0.439753
2025-11-28 17:05:38,481 - LSTMMERGE - INFO - [EXP] Época 300/500 - Loss: 0.756614
2025-11-28 17:06:30,116 - LSTMMERGE - INFO - [EXP] Época 350/500 - Loss: 0.372119
2025-11-28 17:07:21,746 - LSTMMERGE - INFO - [EXP] Época 400/500 - Loss: 0.355076
2025-11-28 17:08:13,375 - LSTMMERGE - INFO - [EXP] Época 450/500 - Loss: 0.573652
2025-11-28 17:09:05,004 - LSTMMERGE - INFO - [EXP] Época 500/500 - Loss: 0.224982
2025-11-28 17:09:05,004 - LSTMMERGE - INFO - Treinamento concluído em 8.61 minutos
2025-11-28 17:09:05,835 - LSTMMERGE - INFO - Calculando erro para o train
2025-11-28 17:09:05,836 - LSTMMERGE - INFO - RMSE: 0.2848
2025-11-28 17:09:05,836 - LSTMMERGE - INFO - MSE : 0.0811
2025-11-28 17:09:05,836 - LSTMMERGE - INFO - MAE : 0.1375
2025-11-28 17:09:05,836 - LSTMMERGE - INFO - CSI (thr=1.0 mm): 0.9570  [TP=2694, FP=22, FN=99]
2025-11-28 17:09:05,836 - LSTMMERGE - INFO - train_pred TRAIN mm min/max: 0.0, 90.00358581542969
2025-11-28 17:09:05,836 - LSTMMERGE - INFO - train_TRUE TRAIN mm min/max: 0.0, 90.0625
2025-11-28 17:09:05,836 - LSTMMERGE - INFO -  Gerando gráficos TRAIN...
2025-11-28 17:09:06,194 - LSTMMERGE - INFO -  Gráficos gerados TRAIN ...
2025-11-28 17:09:06,194 - LSTMMERGE - INFO - Calculando erro para parte de teste
2025-11-28 17:09:06,195 - LSTMMERGE - INFO - RMSE: 6.3480
2025-11-28 17:09:06,195 - LSTMMERGE - INFO - MSE : 40.2967
2025-11-28 17:09:06,195 - LSTMMERGE - INFO - MAE : 3.0620
2025-11-28 17:09:06,195 - LSTMMERGE - INFO - CSI (thr=1.0 mm): 0.1429  [TP=2, FP=9, FN=3]
2025-11-28 17:09:06,195 - LSTMMERGE - INFO - y_pred mm min/max: 0.0, 25.198715209960938
2025-11-28 17:09:06,195 - LSTMMERGE - INFO - y_TRUE mm min/max: 0.0, 10.625
2025-11-28 17:09:06,195 - LSTMMERGE - INFO -  Gerando gráficos...
2025-11-28 17:09:06,446 - LSTMMERGE - INFO -  Gráficos gerados...
2025-11-28 17:09:06,446 - LSTMMERGE - INFO - ==========================================================================================
2025-11-28 17:09:06,446 - LSTMMERGE - INFO - Execução finalizada com sucesso.
2025-11-28 17:09:06,446 - LSTMMERGE - INFO - Dispositivo utilizado: cuda
2025-11-28 17:09:06,446 - LSTMMERGE - INFO - ==========================================================================================
2025-11-28 17:09:14,077 - BiLSTMMERGE - INFO - ==========================================================================================
2025-11-28 17:09:14,077 - BiLSTMMERGE - INFO - Iniciando script LSTM (PyTorch) MERGE com suporte a GPU e logs detalhados.
2025-11-28 17:09:14,077 - BiLSTMMERGE - INFO - ==========================================================================================
2025-11-28 17:09:14,077 - BiLSTMMERGE - INFO - Iniciando experimento: lookback=30, hidden_dim=128, layers=2, lr=0.001, drop=0.5
2025-11-28 17:09:14,090 - BiLSTMMERGE - INFO - Shape treino: torch.Size([10082, 30, 1]), teste: torch.Size([30, 30, 1])
2025-11-28 17:09:14,120 - BiLSTMMERGE - INFO - Treinando por 500 épocas...
2025-11-28 17:09:15,463 - BiLSTMMERGE - INFO - [EXP] Época 1/500 - Loss: 48.912650
2025-11-28 17:10:21,348 - BiLSTMMERGE - INFO - [EXP] Época 50/500 - Loss: 27.522024
2025-11-28 17:11:28,572 - BiLSTMMERGE - INFO - [EXP] Época 100/500 - Loss: 9.762383
2025-11-28 17:12:35,809 - BiLSTMMERGE - INFO - [EXP] Época 150/500 - Loss: 8.098682
2025-11-28 17:13:43,182 - BiLSTMMERGE - INFO - [EXP] Época 200/500 - Loss: 4.351600
2025-11-28 17:14:50,387 - BiLSTMMERGE - INFO - [EXP] Época 250/500 - Loss: 2.807206
2025-11-28 17:15:57,624 - BiLSTMMERGE - INFO - [EXP] Época 300/500 - Loss: 2.753407
2025-11-28 17:17:04,850 - BiLSTMMERGE - INFO - [EXP] Época 350/500 - Loss: 2.044781
2025-11-28 17:18:12,100 - BiLSTMMERGE - INFO - [EXP] Época 400/500 - Loss: 1.685842
2025-11-28 17:19:19,310 - BiLSTMMERGE - INFO - [EXP] Época 450/500 - Loss: 1.746856
2025-11-28 17:20:26,533 - BiLSTMMERGE - INFO - [EXP] Época 500/500 - Loss: 1.546169
2025-11-28 17:20:26,533 - BiLSTMMERGE - INFO - Treinamento concluído em 11.21 minutos
2025-11-28 17:20:27,512 - BiLSTMMERGE - INFO - Calculando erro para o train
2025-11-28 17:20:27,513 - BiLSTMMERGE - INFO - RMSE: 0.7315
2025-11-28 17:20:27,513 - BiLSTMMERGE - INFO - MSE : 0.5351
2025-11-28 17:20:27,513 - BiLSTMMERGE - INFO - MAE : 0.3160
2025-11-28 17:20:27,513 - BiLSTMMERGE - INFO - CSI (thr=1.0 mm): 0.8761  [TP=2490, FP=49, FN=303]
2025-11-28 17:20:27,513 - BiLSTMMERGE - INFO - train_pred TRAIN mm min/max: 0.0, 87.8651351928711
2025-11-28 17:20:27,513 - BiLSTMMERGE - INFO - train_TRUE TRAIN mm min/max: 0.0, 90.0625
2025-11-28 17:20:27,513 - BiLSTMMERGE - INFO -  Gerando gráficos TRAIN...
2025-11-28 17:20:27,891 - BiLSTMMERGE - INFO -  Gráficos gerados TRAIN ...
2025-11-28 17:20:27,892 - BiLSTMMERGE - INFO - Calculando erro para parte de teste
2025-11-28 17:20:27,892 - BiLSTMMERGE - INFO - RMSE: 3.5620
2025-11-28 17:20:27,892 - BiLSTMMERGE - INFO - MSE : 12.6877
2025-11-28 17:20:27,892 - BiLSTMMERGE - INFO - MAE : 1.8424
2025-11-28 17:20:27,892 - BiLSTMMERGE - INFO - CSI (thr=1.0 mm): 0.0909  [TP=1, FP=6, FN=4]
2025-11-28 17:20:27,892 - BiLSTMMERGE - INFO - y_pred mm min/max: 0.0, 10.788679122924805
2025-11-28 17:20:27,892 - BiLSTMMERGE - INFO - y_TRUE mm min/max: 0.0, 10.625
2025-11-28 17:20:27,892 - BiLSTMMERGE - INFO -  Gerando gráficos...
2025-11-28 17:20:28,144 - BiLSTMMERGE - INFO -  Gráficos gerados...
2025-11-28 17:20:28,145 - BiLSTMMERGE - INFO - ==========================================================================================
2025-11-28 17:20:28,145 - BiLSTMMERGE - INFO - Execução finalizada com sucesso.
2025-11-28 17:20:28,145 - BiLSTMMERGE - INFO - Dispositivo utilizado: cuda
2025-11-28 17:20:28,145 - BiLSTMMERGE - INFO - ==========================================================================================
2025-11-28 17:20:34,188 - LSTMMERGE - INFO - ==========================================================================================
2025-11-28 17:20:34,188 - LSTMMERGE - INFO - Iniciando script LSTM (PyTorch) MERGE com suporte a GPU e logs detalhados.
2025-11-28 17:20:34,188 - LSTMMERGE - INFO - ==========================================================================================
2025-11-28 17:20:34,188 - LSTMMERGE - INFO - Iniciando experimento: lookback=30, hidden_dim=256, layers=2, lr=0.001, drop=0.5
2025-11-28 17:20:34,201 - LSTMMERGE - INFO - Shape treino: torch.Size([10082, 30, 1]), teste: torch.Size([30, 30, 1])
2025-11-28 17:20:34,219 - LSTMMERGE - INFO - Treinando por 500 épocas...
2025-11-28 17:20:36,366 - LSTMMERGE - INFO - [EXP] Época 1/500 - Loss: 49.306714
2025-11-28 17:22:21,445 - LSTMMERGE - INFO - [EXP] Época 50/500 - Loss: 17.234315
2025-11-28 17:24:08,678 - LSTMMERGE - INFO - [EXP] Época 100/500 - Loss: 2.642439
2025-11-28 17:25:55,900 - LSTMMERGE - INFO - [EXP] Época 150/500 - Loss: 0.871098
2025-11-28 17:27:43,135 - LSTMMERGE - INFO - [EXP] Época 200/500 - Loss: 0.446171
2025-11-28 17:29:30,394 - LSTMMERGE - INFO - [EXP] Época 250/500 - Loss: 0.251773
2025-11-28 17:31:17,607 - LSTMMERGE - INFO - [EXP] Época 300/500 - Loss: 0.281535
2025-11-28 17:33:04,868 - LSTMMERGE - INFO - [EXP] Época 350/500 - Loss: 1.371648
2025-11-28 17:34:52,112 - LSTMMERGE - INFO - [EXP] Época 400/500 - Loss: 1.261659
2025-11-28 17:36:39,362 - LSTMMERGE - INFO - [EXP] Época 450/500 - Loss: 0.222822
2025-11-28 17:38:26,599 - LSTMMERGE - INFO - [EXP] Época 500/500 - Loss: 0.227239
2025-11-28 17:38:26,600 - LSTMMERGE - INFO - Treinamento concluído em 17.87 minutos
2025-11-28 17:38:27,523 - LSTMMERGE - INFO - Calculando erro para o train
2025-11-28 17:38:27,524 - LSTMMERGE - INFO - RMSE: 0.2455
2025-11-28 17:38:27,524 - LSTMMERGE - INFO - MSE : 0.0603
2025-11-28 17:38:27,524 - LSTMMERGE - INFO - MAE : 0.1243
2025-11-28 17:38:27,524 - LSTMMERGE - INFO - CSI (thr=1.0 mm): 0.9613  [TP=2709, FP=25, FN=84]
2025-11-28 17:38:27,524 - LSTMMERGE - INFO - train_pred TRAIN mm min/max: 0.0, 90.33216094970703
2025-11-28 17:38:27,525 - LSTMMERGE - INFO - train_TRUE TRAIN mm min/max: 0.0, 90.0625
2025-11-28 17:38:27,525 - LSTMMERGE - INFO -  Gerando gráficos TRAIN...
2025-11-28 17:38:27,913 - LSTMMERGE - INFO -  Gráficos gerados TRAIN ...
2025-11-28 17:38:27,913 - LSTMMERGE - INFO - Calculando erro para parte de teste
2025-11-28 17:38:27,914 - LSTMMERGE - INFO - RMSE: 3.8718
2025-11-28 17:38:27,914 - LSTMMERGE - INFO - MSE : 14.9909
2025-11-28 17:38:27,914 - LSTMMERGE - INFO - MAE : 2.0290
2025-11-28 17:38:27,914 - LSTMMERGE - INFO - CSI (thr=1.0 mm): 0.2500  [TP=3, FP=7, FN=2]
2025-11-28 17:38:27,914 - LSTMMERGE - INFO - y_pred mm min/max: 0.0, 13.580291748046875
2025-11-28 17:38:27,914 - LSTMMERGE - INFO - y_TRUE mm min/max: 0.0, 10.625
2025-11-28 17:38:27,914 - LSTMMERGE - INFO -  Gerando gráficos...
2025-11-28 17:38:28,174 - LSTMMERGE - INFO -  Gráficos gerados...
2025-11-28 17:38:28,174 - LSTMMERGE - INFO - ==========================================================================================
2025-11-28 17:38:28,174 - LSTMMERGE - INFO - Execução finalizada com sucesso.
2025-11-28 17:38:28,174 - LSTMMERGE - INFO - Dispositivo utilizado: cuda
2025-11-28 17:38:28,174 - LSTMMERGE - INFO - ==========================================================================================
2025-11-28 17:38:33,796 - BiLSTMMERGE - INFO - ==========================================================================================
2025-11-28 17:38:33,796 - BiLSTMMERGE - INFO - Iniciando script LSTM (PyTorch) MERGE com suporte a GPU e logs detalhados.
2025-11-28 17:38:33,796 - BiLSTMMERGE - INFO - ==========================================================================================
2025-11-28 17:38:33,796 - BiLSTMMERGE - INFO - Iniciando experimento: lookback=30, hidden_dim=256, layers=2, lr=0.001, drop=0.5
2025-11-28 17:38:33,809 - BiLSTMMERGE - INFO - Shape treino: torch.Size([10082, 30, 1]), teste: torch.Size([30, 30, 1])
2025-11-28 17:38:33,845 - BiLSTMMERGE - INFO - Treinando por 500 épocas...
2025-11-28 17:38:37,138 - BiLSTMMERGE - INFO - [EXP] Época 1/500 - Loss: 48.766059
2025-11-28 17:41:18,767 - BiLSTMMERGE - INFO - [EXP] Época 50/500 - Loss: 37.942152
2025-11-28 17:44:03,253 - BiLSTMMERGE - INFO - [EXP] Época 100/500 - Loss: 11.338620
2025-11-28 17:46:45,477 - BiLSTMMERGE - INFO - [EXP] Época 150/500 - Loss: 5.730232
2025-11-28 17:49:27,543 - BiLSTMMERGE - INFO - [EXP] Época 200/500 - Loss: 4.063885
2025-11-28 17:52:11,839 - BiLSTMMERGE - INFO - [EXP] Época 250/500 - Loss: 1.856872
2025-11-28 17:54:57,037 - BiLSTMMERGE - INFO - [EXP] Época 300/500 - Loss: 1.465372
2025-11-28 17:57:42,036 - BiLSTMMERGE - INFO - [EXP] Época 350/500 - Loss: 1.158408
2025-11-28 18:00:27,324 - BiLSTMMERGE - INFO - [EXP] Época 400/500 - Loss: 1.019912
2025-11-28 18:03:12,521 - BiLSTMMERGE - INFO - [EXP] Época 450/500 - Loss: 0.919705
2025-11-28 18:05:57,819 - BiLSTMMERGE - INFO - [EXP] Época 500/500 - Loss: 1.314251
2025-11-28 18:05:57,819 - BiLSTMMERGE - INFO - Treinamento concluído em 27.40 minutos
2025-11-28 18:05:58,933 - BiLSTMMERGE - INFO - Calculando erro para o train
2025-11-28 18:05:58,934 - BiLSTMMERGE - INFO - RMSE: 0.6517
2025-11-28 18:05:58,934 - BiLSTMMERGE - INFO - MSE : 0.4247
2025-11-28 18:05:58,934 - BiLSTMMERGE - INFO - MAE : 0.2450
2025-11-28 18:05:58,934 - BiLSTMMERGE - INFO - CSI (thr=1.0 mm): 0.8930  [TP=2520, FP=29, FN=273]
2025-11-28 18:05:58,934 - BiLSTMMERGE - INFO - train_pred TRAIN mm min/max: 0.0, 89.90564727783203
2025-11-28 18:05:58,934 - BiLSTMMERGE - INFO - train_TRUE TRAIN mm min/max: 0.0, 90.0625
2025-11-28 18:05:58,934 - BiLSTMMERGE - INFO -  Gerando gráficos TRAIN...
2025-11-28 18:05:59,313 - BiLSTMMERGE - INFO -  Gráficos gerados TRAIN ...
2025-11-28 18:05:59,314 - BiLSTMMERGE - INFO - Calculando erro para parte de teste
2025-11-28 18:05:59,314 - BiLSTMMERGE - INFO - RMSE: 3.0133
2025-11-28 18:05:59,314 - BiLSTMMERGE - INFO - MSE : 9.0797
2025-11-28 18:05:59,314 - BiLSTMMERGE - INFO - MAE : 1.6536
2025-11-28 18:05:59,314 - BiLSTMMERGE - INFO - CSI (thr=1.0 mm): 0.1538  [TP=2, FP=8, FN=3]
2025-11-28 18:05:59,314 - BiLSTMMERGE - INFO - y_pred mm min/max: 0.0, 4.772485733032227
2025-11-28 18:05:59,314 - BiLSTMMERGE - INFO - y_TRUE mm min/max: 0.0, 10.625
2025-11-28 18:05:59,314 - BiLSTMMERGE - INFO -  Gerando gráficos...
2025-11-28 18:05:59,725 - BiLSTMMERGE - INFO -  Gráficos gerados...
2025-11-28 18:05:59,725 - BiLSTMMERGE - INFO - ==========================================================================================
2025-11-28 18:05:59,725 - BiLSTMMERGE - INFO - Execução finalizada com sucesso.
2025-11-28 18:05:59,725 - BiLSTMMERGE - INFO - Dispositivo utilizado: cuda
2025-11-28 18:05:59,725 - BiLSTMMERGE - INFO - ==========================================================================================
2025-11-28 18:06:05,667 - ARIMA_MERGE - INFO - ==========================================================================================
2025-11-28 18:06:05,667 - ARIMA_MERGE - INFO - Iniciando script ARIMA MERGE.
2025-11-28 18:06:05,667 - ARIMA_MERGE - INFO - ==========================================================================================
2025-11-28 18:06:05,668 - ARIMA_MERGE - INFO - Tamanho treino: 10113 | teste: 30
2025-11-28 18:06:05,668 - ARIMA_MERGE - INFO - [FASE 4] Iniciando busca manual por hiperparâmetros (AIC).
2025-11-28 18:27:20,064 - ARIMA_MERGE - INFO - Melhor order encontrado: (30, 0, 2)
2025-11-28 18:27:20,065 - ARIMA_MERGE - INFO - Melhor AIC (treino): 67453.59
2025-11-28 18:27:20,065 - ARIMA_MERGE - INFO - Tempo da Fase 4: 1274.40s
2025-11-28 18:27:20,065 - ARIMA_MERGE - INFO - [FASE 5] Reajustando melhor modelo no conjunto de treino.
2025-11-28 18:34:14,338 - ARIMA_MERGE - INFO - Melhor modelo ajustado no treino.
2025-11-28 18:34:14,338 - ARIMA_MERGE - INFO - Tempo da Fase 5: 414.27s
2025-11-28 18:34:14,338 - ARIMA_MERGE - INFO - [FASE 6] Gerando previsões no conjunto de teste e avaliando métricas.
2025-11-28 18:34:14,355 - ARIMA_MERGE - INFO - RMSE: 6.7714
2025-11-28 18:34:14,356 - ARIMA_MERGE - INFO - MSE : 45.8525
2025-11-28 18:34:14,356 - ARIMA_MERGE - INFO - MAE : 3.4857
2025-11-28 18:34:14,356 - ARIMA_MERGE - INFO - CSI (thr=1.0 mm): 0.2725  [TP=2751, FP=7336, FN=7]
2025-11-28 18:34:14,356 - ARIMA_MERGE - INFO - [TREINO] RMSE=6.7714 | MSE=45.8525 | MAE=3.4857 | CSI=0.2725
2025-11-28 18:34:14,379 - ARIMA_MERGE - INFO - RMSE: 3.0039
2025-11-28 18:34:14,380 - ARIMA_MERGE - INFO - MSE : 9.0232
2025-11-28 18:34:14,380 - ARIMA_MERGE - INFO - MAE : 2.5756
2025-11-28 18:34:14,380 - ARIMA_MERGE - INFO - CSI (thr=1.0 mm): 0.2000  [TP=6, FP=24, FN=0]
2025-11-28 18:34:14,380 - ARIMA_MERGE - INFO - Tempo total da Fase 6: 0.04s
2025-11-28 18:34:14,380 - ARIMA_MERGE - INFO - [FASE 7] Salvando gráfico de previsão vs. observado.
2025-11-28 18:34:15,024 - ARIMA_MERGE - INFO - Gráfico salvo como 'arimaMERGE_result.png'.
2025-11-28 18:34:15,025 - ARIMA_MERGE - INFO - ==========================================================================================
2025-11-28 18:34:15,025 - ARIMA_MERGE - INFO - Execução ARIMA MERGE finalizada com sucesso.
2025-11-28 18:34:15,025 - ARIMA_MERGE - INFO - Tempo total de execução: 1689.36s
2025-11-28 18:34:15,025 - ARIMA_MERGE - INFO - ==========================================================================================
2025-11-28 18:34:20,698 - RANDOM_FOREST_MERGE - INFO - ====================================================================================================
2025-11-28 18:34:20,698 - RANDOM_FOREST_MERGE - INFO - Iniciando Random Forest MERGE com GridSearchCV.
2025-11-28 18:34:20,698 - RANDOM_FOREST_MERGE - INFO - ====================================================================================================
2025-11-28 18:34:20,698 - RANDOM_FOREST_MERGE - INFO - [FASE 3] Split treino/teste e preparação.
2025-11-28 18:34:20,703 - RANDOM_FOREST_MERGE - INFO - [FASE 3] Treino: X=(10083, 30), y=10083 | Teste: X=(30, 30), y=30
2025-11-28 18:34:20,703 - RANDOM_FOREST_MERGE - INFO - [FASE 3] Tempo: 0.01s
2025-11-28 18:34:20,703 - RANDOM_FOREST_MERGE - INFO - [FASE 4] Iniciando GridSearchCV (TimeSeriesSplit).
2025-11-28 18:36:22,025 - RANDOM_FOREST_MERGE - INFO - [FASE 4] GridSearchCV concluído em 121.32s
2025-11-28 18:36:22,026 - RANDOM_FOREST_MERGE - INFO - [FASE 4] Melhores parâmetros: {'max_depth': None, 'max_features': 'sqrt', 'min_samples_leaf': 4, 'min_samples_split': 10, 'n_estimators': 400}
2025-11-28 18:36:22,026 - RANDOM_FOREST_MERGE - INFO - [FASE 4] Melhor score (neg_MSE): -44.966315
2025-11-28 18:36:22,026 - RANDOM_FOREST_MERGE - INFO - [FASE 4] Tempo: 121.32s
2025-11-28 18:36:22,026 - RANDOM_FOREST_MERGE - INFO - [FASE 5] Treinando best_estimator_ no conjunto de treino.
2025-11-28 18:36:22,837 - RANDOM_FOREST_MERGE - INFO - [FASE 5] Tempo: 0.81s
2025-11-28 18:36:22,837 - RANDOM_FOREST_MERGE - INFO - [FASE 6] Previsão e cálculo de métricas.
2025-11-28 18:36:22,913 - RANDOM_FOREST_MERGE - INFO - RMSE: 5.1608
2025-11-28 18:36:22,913 - RANDOM_FOREST_MERGE - INFO - MSE : 26.6336
2025-11-28 18:36:22,913 - RANDOM_FOREST_MERGE - INFO - MAE : 2.5502
2025-11-28 18:36:22,913 - RANDOM_FOREST_MERGE - INFO - CSI (thr=1.0 mm): 0.3691  [TP=2706, FP=4580, FN=45]
2025-11-28 18:36:22,913 - RANDOM_FOREST_MERGE - INFO - [TREINO] RMSE=5.1608 | MSE=26.6336 | MAE=2.5502 | CSI=0.3691
2025-11-28 18:36:22,957 - RANDOM_FOREST_MERGE - INFO - y_pred raw min/max: 0.4113597184925332, 6.764372335906769
2025-11-28 18:36:22,957 - RANDOM_FOREST_MERGE - INFO - y_TRUE raw min/max: 0.0, 10.62500000066143
2025-11-28 18:36:22,957 - RANDOM_FOREST_MERGE - INFO - RMSE: 3.0398
2025-11-28 18:36:22,958 - RANDOM_FOREST_MERGE - INFO - MSE : 9.2406
2025-11-28 18:36:22,958 - RANDOM_FOREST_MERGE - INFO - MAE : 1.9900
2025-11-28 18:36:22,958 - RANDOM_FOREST_MERGE - INFO - CSI (thr=1.0 mm): 0.1905  [TP=4, FP=15, FN=2]
2025-11-28 18:36:22,958 - RANDOM_FOREST_MERGE - INFO - [FASE 7] Gerando gráficos.
2025-11-28 18:36:23,547 - RANDOM_FOREST_MERGE - INFO - Gráfico salvo como 'random_forest_MERGE.png'.
2025-11-28 18:36:23,547 - RANDOM_FOREST_MERGE - INFO - [FASE 7] Tempo: 0.59s
2025-11-28 18:36:23,547 - RANDOM_FOREST_MERGE - INFO - ====================================================================================================
2025-11-28 18:36:23,548 - RANDOM_FOREST_MERGE - INFO - Resumo Final
2025-11-28 18:36:23,548 - RANDOM_FOREST_MERGE - INFO - Melhores parâmetros: {'max_depth': None, 'max_features': 'sqrt', 'min_samples_leaf': 4, 'min_samples_split': 10, 'n_estimators': 400}
2025-11-28 18:36:23,548 - RANDOM_FOREST_MERGE - INFO - Tempo total de execução: 122.85s
2025-11-28 18:36:23,548 - RANDOM_FOREST_MERGE - INFO - ====================================================================================================
2025-11-28 18:36:29,178 - LSTMMERGE - INFO - ==========================================================================================
2025-11-28 18:36:29,178 - LSTMMERGE - INFO - Iniciando script LSTM (PyTorch) MERGE com suporte a GPU e logs detalhados.
2025-11-28 18:36:29,178 - LSTMMERGE - INFO - ==========================================================================================
2025-11-28 18:36:29,178 - LSTMMERGE - INFO - Iniciando experimento: lookback=30, hidden_dim=32, layers=2, lr=0.001, drop=0.5
2025-11-28 18:36:29,195 - LSTMMERGE - INFO - Shape treino: torch.Size([10082, 30, 1]), teste: torch.Size([30, 30, 1])
2025-11-28 18:36:29,209 - LSTMMERGE - INFO - Treinando por 500 épocas...
2025-11-28 18:36:30,011 - LSTMMERGE - INFO - [EXP] Época 1/500 - Loss: 50.969992
2025-11-28 18:37:09,123 - LSTMMERGE - INFO - [EXP] Época 50/500 - Loss: 44.909669
2025-11-28 18:37:49,039 - LSTMMERGE - INFO - [EXP] Época 100/500 - Loss: 27.890564
2025-11-28 18:38:28,948 - LSTMMERGE - INFO - [EXP] Época 150/500 - Loss: 23.993708
2025-11-28 18:39:08,875 - LSTMMERGE - INFO - [EXP] Época 200/500 - Loss: 15.185169
2025-11-28 18:39:48,969 - LSTMMERGE - INFO - [EXP] Época 250/500 - Loss: 11.525586
2025-11-28 18:40:28,873 - LSTMMERGE - INFO - [EXP] Época 300/500 - Loss: 10.499734
2025-11-28 18:41:08,780 - LSTMMERGE - INFO - [EXP] Época 350/500 - Loss: 12.037360
2025-11-28 18:41:48,746 - LSTMMERGE - INFO - [EXP] Época 400/500 - Loss: 7.424824
2025-11-28 18:42:28,665 - LSTMMERGE - INFO - [EXP] Época 450/500 - Loss: 6.252142
2025-11-28 18:43:08,583 - LSTMMERGE - INFO - [EXP] Época 500/500 - Loss: 6.880287
2025-11-28 18:43:08,584 - LSTMMERGE - INFO - Treinamento concluído em 6.66 minutos
2025-11-28 18:43:09,283 - LSTMMERGE - INFO - Calculando erro para o train
2025-11-28 18:43:09,284 - LSTMMERGE - INFO - RMSE: 2.9003
2025-11-28 18:43:09,284 - LSTMMERGE - INFO - MSE : 8.4116
2025-11-28 18:43:09,284 - LSTMMERGE - INFO - MAE : 1.5400
2025-11-28 18:43:09,284 - LSTMMERGE - INFO - CSI (thr=1.0 mm): 0.4287  [TP=2211, FP=2364, FN=582]
2025-11-28 18:43:09,284 - LSTMMERGE - INFO - train_pred TRAIN mm min/max: 0.0, 89.7692642211914
2025-11-28 18:43:09,284 - LSTMMERGE - INFO - train_TRUE TRAIN mm min/max: 0.0, 90.0625
2025-11-28 18:43:09,284 - LSTMMERGE - INFO -  Gerando gráficos TRAIN...
2025-11-28 18:43:09,620 - LSTMMERGE - INFO -  Gráficos gerados TRAIN ...
2025-11-28 18:43:09,620 - LSTMMERGE - INFO - Calculando erro para parte de teste
2025-11-28 18:43:09,621 - LSTMMERGE - INFO - RMSE: 2.9090
2025-11-28 18:43:09,621 - LSTMMERGE - INFO - MSE : 8.4623
2025-11-28 18:43:09,621 - LSTMMERGE - INFO - MAE : 1.8212
2025-11-28 18:43:09,621 - LSTMMERGE - INFO - CSI (thr=1.0 mm): 0.1429  [TP=2, FP=9, FN=3]
2025-11-28 18:43:09,621 - LSTMMERGE - INFO - y_pred mm min/max: 0.0, 5.8936309814453125
2025-11-28 18:43:09,621 - LSTMMERGE - INFO - y_TRUE mm min/max: 0.0, 10.625
2025-11-28 18:43:09,621 - LSTMMERGE - INFO -  Gerando gráficos...
2025-11-28 18:43:09,849 - LSTMMERGE - INFO -  Gráficos gerados...
2025-11-28 18:43:09,849 - LSTMMERGE - INFO - ==========================================================================================
2025-11-28 18:43:09,849 - LSTMMERGE - INFO - Execução finalizada com sucesso.
2025-11-28 18:43:09,849 - LSTMMERGE - INFO - Dispositivo utilizado: cuda
2025-11-28 18:43:09,849 - LSTMMERGE - INFO - ==========================================================================================
2025-11-28 18:43:15,526 - BiLSTMMERGE - INFO - ==========================================================================================
2025-11-28 18:43:15,526 - BiLSTMMERGE - INFO - Iniciando script LSTM (PyTorch) MERGE com suporte a GPU e logs detalhados.
2025-11-28 18:43:15,526 - BiLSTMMERGE - INFO - ==========================================================================================
2025-11-28 18:43:15,526 - BiLSTMMERGE - INFO - Iniciando experimento: lookback=30, hidden_dim=32, layers=2, lr=0.001, drop=0.5
2025-11-28 18:43:15,539 - BiLSTMMERGE - INFO - Shape treino: torch.Size([10082, 30, 1]), teste: torch.Size([30, 30, 1])
2025-11-28 18:43:15,580 - BiLSTMMERGE - INFO - Treinando por 500 épocas...
2025-11-28 18:43:16,427 - BiLSTMMERGE - INFO - [EXP] Época 1/500 - Loss: 49.850812
2025-11-28 18:43:57,878 - BiLSTMMERGE - INFO - [EXP] Época 50/500 - Loss: 43.511622
2025-11-28 18:44:40,194 - BiLSTMMERGE - INFO - [EXP] Época 100/500 - Loss: 34.138613
2025-11-28 18:45:22,603 - BiLSTMMERGE - INFO - [EXP] Época 150/500 - Loss: 22.205241
2025-11-28 18:46:05,031 - BiLSTMMERGE - INFO - [EXP] Época 200/500 - Loss: 18.322339
2025-11-28 18:46:47,404 - BiLSTMMERGE - INFO - [EXP] Época 250/500 - Loss: 24.997682
2025-11-28 18:47:29,692 - BiLSTMMERGE - INFO - [EXP] Época 300/500 - Loss: 15.694200
2025-11-28 18:48:12,085 - BiLSTMMERGE - INFO - [EXP] Época 350/500 - Loss: 13.180969
2025-11-28 18:48:54,448 - BiLSTMMERGE - INFO - [EXP] Época 400/500 - Loss: 12.364128
2025-11-28 18:49:36,669 - BiLSTMMERGE - INFO - [EXP] Época 450/500 - Loss: 14.468610
2025-11-28 18:50:18,883 - BiLSTMMERGE - INFO - [EXP] Época 500/500 - Loss: 12.189646
2025-11-28 18:50:18,883 - BiLSTMMERGE - INFO - Treinamento concluído em 7.06 minutos
2025-11-28 18:50:19,627 - BiLSTMMERGE - INFO - Calculando erro para o train
2025-11-28 18:50:19,628 - BiLSTMMERGE - INFO - RMSE: 2.9109
2025-11-28 18:50:19,628 - BiLSTMMERGE - INFO - MSE : 8.4733
2025-11-28 18:50:19,628 - BiLSTMMERGE - INFO - MAE : 1.4182
2025-11-28 18:50:19,628 - BiLSTMMERGE - INFO - CSI (thr=1.0 mm): 0.4366  [TP=1909, FP=1579, FN=884]
2025-11-28 18:50:19,628 - BiLSTMMERGE - INFO - train_pred TRAIN mm min/max: 0.0, 90.45557403564453
2025-11-28 18:50:19,628 - BiLSTMMERGE - INFO - train_TRUE TRAIN mm min/max: 0.0, 90.0625
2025-11-28 18:50:19,628 - BiLSTMMERGE - INFO -  Gerando gráficos TRAIN...
2025-11-28 18:50:19,968 - BiLSTMMERGE - INFO -  Gráficos gerados TRAIN ...
2025-11-28 18:50:19,968 - BiLSTMMERGE - INFO - Calculando erro para parte de teste
2025-11-28 18:50:19,969 - BiLSTMMERGE - INFO - RMSE: 4.1134
2025-11-28 18:50:19,969 - BiLSTMMERGE - INFO - MSE : 16.9199
2025-11-28 18:50:19,969 - BiLSTMMERGE - INFO - MAE : 1.9915
2025-11-28 18:50:19,969 - BiLSTMMERGE - INFO - CSI (thr=1.0 mm): 0.0000  [TP=0, FP=4, FN=5]
2025-11-28 18:50:19,969 - BiLSTMMERGE - INFO - y_pred mm min/max: 0.0, 17.18827247619629
2025-11-28 18:50:19,969 - BiLSTMMERGE - INFO - y_TRUE mm min/max: 0.0, 10.625
2025-11-28 18:50:19,969 - BiLSTMMERGE - INFO -  Gerando gráficos...
2025-11-28 18:50:20,256 - BiLSTMMERGE - INFO -  Gráficos gerados...
2025-11-28 18:50:20,256 - BiLSTMMERGE - INFO - ==========================================================================================
2025-11-28 18:50:20,256 - BiLSTMMERGE - INFO - Execução finalizada com sucesso.
2025-11-28 18:50:20,256 - BiLSTMMERGE - INFO - Dispositivo utilizado: cuda
2025-11-28 18:50:20,256 - BiLSTMMERGE - INFO - ==========================================================================================
2025-11-28 18:50:26,194 - LSTMMERGE - INFO - ==========================================================================================
2025-11-28 18:50:26,194 - LSTMMERGE - INFO - Iniciando script LSTM (PyTorch) MERGE com suporte a GPU e logs detalhados.
2025-11-28 18:50:26,194 - LSTMMERGE - INFO - ==========================================================================================
2025-11-28 18:50:26,195 - LSTMMERGE - INFO - Iniciando experimento: lookback=30, hidden_dim=64, layers=2, lr=0.001, drop=0.5
2025-11-28 18:50:26,208 - LSTMMERGE - INFO - Shape treino: torch.Size([10082, 30, 1]), teste: torch.Size([30, 30, 1])
2025-11-28 18:50:26,231 - LSTMMERGE - INFO - Treinando por 500 épocas...
2025-11-28 18:50:27,063 - LSTMMERGE - INFO - [EXP] Época 1/500 - Loss: 49.934598
2025-11-28 18:51:07,706 - LSTMMERGE - INFO - [EXP] Época 50/500 - Loss: 36.333954
2025-11-28 18:51:49,169 - LSTMMERGE - INFO - [EXP] Época 100/500 - Loss: 14.108127
2025-11-28 18:52:30,618 - LSTMMERGE - INFO - [EXP] Época 150/500 - Loss: 6.757308
2025-11-28 18:53:12,245 - LSTMMERGE - INFO - [EXP] Época 200/500 - Loss: 4.564442
2025-11-28 18:53:53,706 - LSTMMERGE - INFO - [EXP] Época 250/500 - Loss: 3.287001
2025-11-28 18:54:35,174 - LSTMMERGE - INFO - [EXP] Época 300/500 - Loss: 2.865588
2025-11-28 18:55:16,646 - LSTMMERGE - INFO - [EXP] Época 350/500 - Loss: 1.899649
2025-11-28 18:55:58,120 - LSTMMERGE - INFO - [EXP] Época 400/500 - Loss: 1.656118
2025-11-28 18:56:39,587 - LSTMMERGE - INFO - [EXP] Época 450/500 - Loss: 1.459831
2025-11-28 18:57:21,061 - LSTMMERGE - INFO - [EXP] Época 500/500 - Loss: 1.096153
2025-11-28 18:57:21,062 - LSTMMERGE - INFO - Treinamento concluído em 6.91 minutos
2025-11-28 18:57:21,775 - LSTMMERGE - INFO - Calculando erro para o train
2025-11-28 18:57:21,776 - LSTMMERGE - INFO - RMSE: 1.1678
2025-11-28 18:57:21,776 - LSTMMERGE - INFO - MSE : 1.3638
2025-11-28 18:57:21,776 - LSTMMERGE - INFO - MAE : 0.6013
2025-11-28 18:57:21,776 - LSTMMERGE - INFO - CSI (thr=1.0 mm): 0.7001  [TP=2572, FP=881, FN=221]
2025-11-28 18:57:21,776 - LSTMMERGE - INFO - train_pred TRAIN mm min/max: 0.0, 90.55032348632812
2025-11-28 18:57:21,776 - LSTMMERGE - INFO - train_TRUE TRAIN mm min/max: 0.0, 90.0625
2025-11-28 18:57:21,776 - LSTMMERGE - INFO -  Gerando gráficos TRAIN...
2025-11-28 18:57:22,157 - LSTMMERGE - INFO -  Gráficos gerados TRAIN ...
2025-11-28 18:57:22,157 - LSTMMERGE - INFO - Calculando erro para parte de teste
2025-11-28 18:57:22,157 - LSTMMERGE - INFO - RMSE: 3.5828
2025-11-28 18:57:22,157 - LSTMMERGE - INFO - MSE : 12.8364
2025-11-28 18:57:22,157 - LSTMMERGE - INFO - MAE : 2.2019
2025-11-28 18:57:22,157 - LSTMMERGE - INFO - CSI (thr=1.0 mm): 0.0000  [TP=0, FP=11, FN=5]
2025-11-28 18:57:22,157 - LSTMMERGE - INFO - y_pred mm min/max: 0.0, 9.546104431152344
2025-11-28 18:57:22,158 - LSTMMERGE - INFO - y_TRUE mm min/max: 0.0, 10.625
2025-11-28 18:57:22,158 - LSTMMERGE - INFO -  Gerando gráficos...
2025-11-28 18:57:22,409 - LSTMMERGE - INFO -  Gráficos gerados...
2025-11-28 18:57:22,409 - LSTMMERGE - INFO - ==========================================================================================
2025-11-28 18:57:22,409 - LSTMMERGE - INFO - Execução finalizada com sucesso.
2025-11-28 18:57:22,409 - LSTMMERGE - INFO - Dispositivo utilizado: cuda
2025-11-28 18:57:22,409 - LSTMMERGE - INFO - ==========================================================================================
2025-11-28 18:57:28,087 - BiLSTMMERGE - INFO - ==========================================================================================
2025-11-28 18:57:28,087 - BiLSTMMERGE - INFO - Iniciando script LSTM (PyTorch) MERGE com suporte a GPU e logs detalhados.
2025-11-28 18:57:28,087 - BiLSTMMERGE - INFO - ==========================================================================================
2025-11-28 18:57:28,087 - BiLSTMMERGE - INFO - Iniciando experimento: lookback=30, hidden_dim=64, layers=2, lr=0.001, drop=0.5
2025-11-28 18:57:28,098 - BiLSTMMERGE - INFO - Shape treino: torch.Size([10082, 30, 1]), teste: torch.Size([30, 30, 1])
2025-11-28 18:57:28,101 - BiLSTMMERGE - INFO - Treinando por 500 épocas...
2025-11-28 18:57:29,044 - BiLSTMMERGE - INFO - [EXP] Época 1/500 - Loss: 49.145059
2025-11-28 18:58:15,110 - BiLSTMMERGE - INFO - [EXP] Época 50/500 - Loss: 33.342527
2025-11-28 18:59:02,075 - BiLSTMMERGE - INFO - [EXP] Época 100/500 - Loss: 16.911955
2025-11-28 18:59:49,047 - BiLSTMMERGE - INFO - [EXP] Época 150/500 - Loss: 11.702862
2025-11-28 19:00:36,063 - BiLSTMMERGE - INFO - [EXP] Época 200/500 - Loss: 9.469714
2025-11-28 19:01:23,123 - BiLSTMMERGE - INFO - [EXP] Época 250/500 - Loss: 7.244210
2025-11-28 19:02:10,143 - BiLSTMMERGE - INFO - [EXP] Época 300/500 - Loss: 11.626358
2025-11-28 19:02:57,090 - BiLSTMMERGE - INFO - [EXP] Época 350/500 - Loss: 5.292224
2025-11-28 19:03:44,022 - BiLSTMMERGE - INFO - [EXP] Época 400/500 - Loss: 4.397340
2025-11-28 19:04:30,937 - BiLSTMMERGE - INFO - [EXP] Época 450/500 - Loss: 3.853888
2025-11-28 19:05:17,824 - BiLSTMMERGE - INFO - [EXP] Época 500/500 - Loss: 3.987509
2025-11-28 19:05:17,824 - BiLSTMMERGE - INFO - Treinamento concluído em 7.83 minutos
2025-11-28 19:05:18,590 - BiLSTMMERGE - INFO - Calculando erro para o train
2025-11-28 19:05:18,591 - BiLSTMMERGE - INFO - RMSE: 1.4551
2025-11-28 19:05:18,591 - BiLSTMMERGE - INFO - MSE : 2.1173
2025-11-28 19:05:18,591 - BiLSTMMERGE - INFO - MAE : 0.7042
2025-11-28 19:05:18,591 - BiLSTMMERGE - INFO - CSI (thr=1.0 mm): 0.6540  [TP=2117, FP=444, FN=676]
2025-11-28 19:05:18,591 - BiLSTMMERGE - INFO - train_pred TRAIN mm min/max: 0.0, 89.42512512207031
2025-11-28 19:05:18,591 - BiLSTMMERGE - INFO - train_TRUE TRAIN mm min/max: 0.0, 90.0625
2025-11-28 19:05:18,591 - BiLSTMMERGE - INFO -  Gerando gráficos TRAIN...
2025-11-28 19:05:18,922 - BiLSTMMERGE - INFO -  Gráficos gerados TRAIN ...
2025-11-28 19:05:18,922 - BiLSTMMERGE - INFO - Calculando erro para parte de teste
2025-11-28 19:05:18,922 - BiLSTMMERGE - INFO - RMSE: 3.3714
2025-11-28 19:05:18,922 - BiLSTMMERGE - INFO - MSE : 11.3661
2025-11-28 19:05:18,922 - BiLSTMMERGE - INFO - MAE : 1.7671
2025-11-28 19:05:18,922 - BiLSTMMERGE - INFO - CSI (thr=1.0 mm): 0.0000  [TP=0, FP=3, FN=5]
2025-11-28 19:05:18,923 - BiLSTMMERGE - INFO - y_pred mm min/max: 0.0, 8.299976348876953
2025-11-28 19:05:18,923 - BiLSTMMERGE - INFO - y_TRUE mm min/max: 0.0, 10.625
2025-11-28 19:05:18,923 - BiLSTMMERGE - INFO -  Gerando gráficos...
2025-11-28 19:05:19,175 - BiLSTMMERGE - INFO -  Gráficos gerados...
2025-11-28 19:05:19,175 - BiLSTMMERGE - INFO - ==========================================================================================
2025-11-28 19:05:19,175 - BiLSTMMERGE - INFO - Execução finalizada com sucesso.
2025-11-28 19:05:19,175 - BiLSTMMERGE - INFO - Dispositivo utilizado: cuda
2025-11-28 19:05:19,175 - BiLSTMMERGE - INFO - ==========================================================================================
2025-11-28 19:05:25,549 - LSTMMERGE - INFO - ==========================================================================================
2025-11-28 19:05:25,549 - LSTMMERGE - INFO - Iniciando script LSTM (PyTorch) MERGE com suporte a GPU e logs detalhados.
2025-11-28 19:05:25,549 - LSTMMERGE - INFO - ==========================================================================================
2025-11-28 19:05:25,549 - LSTMMERGE - INFO - Iniciando experimento: lookback=30, hidden_dim=128, layers=2, lr=0.001, drop=0.5
2025-11-28 19:05:25,561 - LSTMMERGE - INFO - Shape treino: torch.Size([10082, 30, 1]), teste: torch.Size([30, 30, 1])
2025-11-28 19:05:25,577 - LSTMMERGE - INFO - Treinando por 500 épocas...
2025-11-28 19:05:26,611 - LSTMMERGE - INFO - [EXP] Época 1/500 - Loss: 49.412149
2025-11-28 19:06:17,252 - LSTMMERGE - INFO - [EXP] Época 50/500 - Loss: 23.459026
2025-11-28 19:07:08,604 - LSTMMERGE - INFO - [EXP] Época 100/500 - Loss: 4.371245
2025-11-28 19:07:54,241 - LSTMMERGE - INFO - [EXP] Época 150/500 - Loss: 1.336430
2025-11-28 19:08:22,034 - LSTMMERGE - INFO - [EXP] Época 200/500 - Loss: 1.078106
2025-11-28 19:08:50,388 - LSTMMERGE - INFO - [EXP] Época 250/500 - Loss: 1.061881
2025-11-28 19:09:18,143 - LSTMMERGE - INFO - [EXP] Época 300/500 - Loss: 0.352839
2025-11-28 19:09:45,925 - LSTMMERGE - INFO - [EXP] Época 350/500 - Loss: 1.700253
2025-11-28 19:10:34,868 - LSTMMERGE - INFO - [EXP] Época 400/500 - Loss: 0.237364
2025-11-28 19:11:22,888 - LSTMMERGE - INFO - [EXP] Época 450/500 - Loss: 0.464813
2025-11-28 19:12:14,624 - LSTMMERGE - INFO - [EXP] Época 500/500 - Loss: 1.028126
2025-11-28 19:12:14,624 - LSTMMERGE - INFO - Treinamento concluído em 6.82 minutos
2025-11-28 19:12:15,452 - LSTMMERGE - INFO - Calculando erro para o train
2025-11-28 19:12:15,453 - LSTMMERGE - INFO - RMSE: 0.6200
2025-11-28 19:12:15,453 - LSTMMERGE - INFO - MSE : 0.3844
2025-11-28 19:12:15,453 - LSTMMERGE - INFO - MAE : 0.2196
2025-11-28 19:12:15,453 - LSTMMERGE - INFO - CSI (thr=1.0 mm): 0.9103  [TP=2650, FP=118, FN=143]
2025-11-28 19:12:15,453 - LSTMMERGE - INFO - train_pred TRAIN mm min/max: 0.0, 91.12991333007812
2025-11-28 19:12:15,453 - LSTMMERGE - INFO - train_TRUE TRAIN mm min/max: 0.0, 90.0625
2025-11-28 19:12:15,453 - LSTMMERGE - INFO -  Gerando gráficos TRAIN...
2025-11-28 19:12:15,821 - LSTMMERGE - INFO -  Gráficos gerados TRAIN ...
2025-11-28 19:12:15,821 - LSTMMERGE - INFO - Calculando erro para parte de teste
2025-11-28 19:12:15,821 - LSTMMERGE - INFO - RMSE: 3.8854
2025-11-28 19:12:15,821 - LSTMMERGE - INFO - MSE : 15.0963
2025-11-28 19:12:15,822 - LSTMMERGE - INFO - MAE : 2.0440
2025-11-28 19:12:15,822 - LSTMMERGE - INFO - CSI (thr=1.0 mm): 0.1667  [TP=2, FP=7, FN=3]
2025-11-28 19:12:15,822 - LSTMMERGE - INFO - y_pred mm min/max: 0.0, 13.460081100463867
2025-11-28 19:12:15,822 - LSTMMERGE - INFO - y_TRUE mm min/max: 0.0, 10.625
2025-11-28 19:12:15,822 - LSTMMERGE - INFO -  Gerando gráficos...
2025-11-28 19:12:16,084 - LSTMMERGE - INFO -  Gráficos gerados...
2025-11-28 19:12:16,084 - LSTMMERGE - INFO - ==========================================================================================
2025-11-28 19:12:16,084 - LSTMMERGE - INFO - Execução finalizada com sucesso.
2025-11-28 19:12:16,084 - LSTMMERGE - INFO - Dispositivo utilizado: cuda
2025-11-28 19:12:16,084 - LSTMMERGE - INFO - ==========================================================================================
2025-11-28 19:12:21,687 - BiLSTMMERGE - INFO - ==========================================================================================
2025-11-28 19:12:21,687 - BiLSTMMERGE - INFO - Iniciando script LSTM (PyTorch) MERGE com suporte a GPU e logs detalhados.
2025-11-28 19:12:21,687 - BiLSTMMERGE - INFO - ==========================================================================================
2025-11-28 19:12:21,687 - BiLSTMMERGE - INFO - Iniciando experimento: lookback=30, hidden_dim=128, layers=2, lr=0.001, drop=0.5
2025-11-28 19:12:21,699 - BiLSTMMERGE - INFO - Shape treino: torch.Size([10082, 30, 1]), teste: torch.Size([30, 30, 1])
2025-11-28 19:12:21,728 - BiLSTMMERGE - INFO - Treinando por 500 épocas...
2025-11-28 19:12:23,073 - BiLSTMMERGE - INFO - [EXP] Época 1/500 - Loss: 48.782146
2025-11-28 19:13:29,029 - BiLSTMMERGE - INFO - [EXP] Época 50/500 - Loss: 28.206250
2025-11-28 19:14:36,340 - BiLSTMMERGE - INFO - [EXP] Época 100/500 - Loss: 8.309055
2025-11-28 19:15:43,643 - BiLSTMMERGE - INFO - [EXP] Época 150/500 - Loss: 5.537573
2025-11-28 19:16:50,878 - BiLSTMMERGE - INFO - [EXP] Época 200/500 - Loss: 5.028507
2025-11-28 19:17:58,105 - BiLSTMMERGE - INFO - [EXP] Época 250/500 - Loss: 2.750103
2025-11-28 19:19:05,321 - BiLSTMMERGE - INFO - [EXP] Época 300/500 - Loss: 2.526242
2025-11-28 19:20:12,543 - BiLSTMMERGE - INFO - [EXP] Época 350/500 - Loss: 2.058736
2025-11-28 19:21:19,759 - BiLSTMMERGE - INFO - [EXP] Época 400/500 - Loss: 1.697460
2025-11-28 19:22:26,978 - BiLSTMMERGE - INFO - [EXP] Época 450/500 - Loss: 1.670302
2025-11-28 19:23:34,197 - BiLSTMMERGE - INFO - [EXP] Época 500/500 - Loss: 2.287715
2025-11-28 19:23:34,198 - BiLSTMMERGE - INFO - Treinamento concluído em 11.21 minutos
2025-11-28 19:23:35,175 - BiLSTMMERGE - INFO - Calculando erro para o train
2025-11-28 19:23:35,176 - BiLSTMMERGE - INFO - RMSE: 0.8217
2025-11-28 19:23:35,176 - BiLSTMMERGE - INFO - MSE : 0.6751
2025-11-28 19:23:35,176 - BiLSTMMERGE - INFO - MAE : 0.3376
2025-11-28 19:23:35,176 - BiLSTMMERGE - INFO - CSI (thr=1.0 mm): 0.8300  [TP=2393, FP=90, FN=400]
2025-11-28 19:23:35,176 - BiLSTMMERGE - INFO - train_pred TRAIN mm min/max: 0.0, 90.03532409667969
2025-11-28 19:23:35,176 - BiLSTMMERGE - INFO - train_TRUE TRAIN mm min/max: 0.0, 90.0625
2025-11-28 19:23:35,176 - BiLSTMMERGE - INFO -  Gerando gráficos TRAIN...
2025-11-28 19:23:35,552 - BiLSTMMERGE - INFO -  Gráficos gerados TRAIN ...
2025-11-28 19:23:35,552 - BiLSTMMERGE - INFO - Calculando erro para parte de teste
2025-11-28 19:23:35,553 - BiLSTMMERGE - INFO - RMSE: 3.3665
2025-11-28 19:23:35,553 - BiLSTMMERGE - INFO - MSE : 11.3332
2025-11-28 19:23:35,553 - BiLSTMMERGE - INFO - MAE : 1.6668
2025-11-28 19:23:35,553 - BiLSTMMERGE - INFO - CSI (thr=1.0 mm): 0.1111  [TP=1, FP=4, FN=4]
2025-11-28 19:23:35,553 - BiLSTMMERGE - INFO - y_pred mm min/max: 0.0, 9.156403541564941
2025-11-28 19:23:35,553 - BiLSTMMERGE - INFO - y_TRUE mm min/max: 0.0, 10.625
2025-11-28 19:23:35,553 - BiLSTMMERGE - INFO -  Gerando gráficos...
2025-11-28 19:23:35,796 - BiLSTMMERGE - INFO -  Gráficos gerados...
2025-11-28 19:23:35,796 - BiLSTMMERGE - INFO - ==========================================================================================
2025-11-28 19:23:35,796 - BiLSTMMERGE - INFO - Execução finalizada com sucesso.
2025-11-28 19:23:35,796 - BiLSTMMERGE - INFO - Dispositivo utilizado: cuda
2025-11-28 19:23:35,796 - BiLSTMMERGE - INFO - ==========================================================================================
2025-11-28 19:23:41,770 - LSTMMERGE - INFO - ==========================================================================================
2025-11-28 19:23:41,770 - LSTMMERGE - INFO - Iniciando script LSTM (PyTorch) MERGE com suporte a GPU e logs detalhados.
2025-11-28 19:23:41,770 - LSTMMERGE - INFO - ==========================================================================================
2025-11-28 19:23:41,770 - LSTMMERGE - INFO - Iniciando experimento: lookback=30, hidden_dim=256, layers=2, lr=0.001, drop=0.5
2025-11-28 19:23:41,782 - LSTMMERGE - INFO - Shape treino: torch.Size([10082, 30, 1]), teste: torch.Size([30, 30, 1])
2025-11-28 19:23:41,801 - LSTMMERGE - INFO - Treinando por 500 épocas...
2025-11-28 19:23:43,950 - LSTMMERGE - INFO - [EXP] Época 1/500 - Loss: 49.251691
2025-11-28 19:25:29,096 - LSTMMERGE - INFO - [EXP] Época 50/500 - Loss: 12.350932
2025-11-28 19:27:16,372 - LSTMMERGE - INFO - [EXP] Época 100/500 - Loss: 2.408015
2025-11-28 19:29:03,658 - LSTMMERGE - INFO - [EXP] Época 150/500 - Loss: 5.116910
2025-11-28 19:30:51,009 - LSTMMERGE - INFO - [EXP] Época 200/500 - Loss: 0.497927
2025-11-28 19:32:38,256 - LSTMMERGE - INFO - [EXP] Época 250/500 - Loss: 0.321876
2025-11-28 19:34:25,501 - LSTMMERGE - INFO - [EXP] Época 300/500 - Loss: 0.236652
2025-11-28 19:36:12,735 - LSTMMERGE - INFO - [EXP] Época 350/500 - Loss: 0.241190
2025-11-28 19:37:59,990 - LSTMMERGE - INFO - [EXP] Época 400/500 - Loss: 1.146962
2025-11-28 19:39:47,290 - LSTMMERGE - INFO - [EXP] Época 450/500 - Loss: 0.197836
2025-11-28 19:41:34,582 - LSTMMERGE - INFO - [EXP] Época 500/500 - Loss: 0.214092
2025-11-28 19:41:34,582 - LSTMMERGE - INFO - Treinamento concluído em 17.88 minutos
2025-11-28 19:41:35,512 - LSTMMERGE - INFO - Calculando erro para o train
2025-11-28 19:41:35,513 - LSTMMERGE - INFO - RMSE: 0.2486
2025-11-28 19:41:35,513 - LSTMMERGE - INFO - MSE : 0.0618
2025-11-28 19:41:35,513 - LSTMMERGE - INFO - MAE : 0.1091
2025-11-28 19:41:35,513 - LSTMMERGE - INFO - CSI (thr=1.0 mm): 0.9684  [TP=2729, FP=25, FN=64]
2025-11-28 19:41:35,513 - LSTMMERGE - INFO - train_pred TRAIN mm min/max: 0.0, 89.83834838867188
2025-11-28 19:41:35,513 - LSTMMERGE - INFO - train_TRUE TRAIN mm min/max: 0.0, 90.0625
2025-11-28 19:41:35,513 - LSTMMERGE - INFO -  Gerando gráficos TRAIN...
2025-11-28 19:41:35,891 - LSTMMERGE - INFO -  Gráficos gerados TRAIN ...
2025-11-28 19:41:35,891 - LSTMMERGE - INFO - Calculando erro para parte de teste
2025-11-28 19:41:35,891 - LSTMMERGE - INFO - RMSE: 3.1268
2025-11-28 19:41:35,891 - LSTMMERGE - INFO - MSE : 9.7770
2025-11-28 19:41:35,891 - LSTMMERGE - INFO - MAE : 1.6858
2025-11-28 19:41:35,891 - LSTMMERGE - INFO - CSI (thr=1.0 mm): 0.3636  [TP=4, FP=6, FN=1]
2025-11-28 19:41:35,892 - LSTMMERGE - INFO - y_pred mm min/max: 0.0, 9.534114837646484
2025-11-28 19:41:35,892 - LSTMMERGE - INFO - y_TRUE mm min/max: 0.0, 10.625
2025-11-28 19:41:35,892 - LSTMMERGE - INFO -  Gerando gráficos...
2025-11-28 19:41:36,126 - LSTMMERGE - INFO -  Gráficos gerados...
2025-11-28 19:41:36,126 - LSTMMERGE - INFO - ==========================================================================================
2025-11-28 19:41:36,126 - LSTMMERGE - INFO - Execução finalizada com sucesso.
2025-11-28 19:41:36,126 - LSTMMERGE - INFO - Dispositivo utilizado: cuda
2025-11-28 19:41:36,126 - LSTMMERGE - INFO - ==========================================================================================
2025-11-28 19:41:42,071 - BiLSTMMERGE - INFO - ==========================================================================================
2025-11-28 19:41:42,071 - BiLSTMMERGE - INFO - Iniciando script LSTM (PyTorch) MERGE com suporte a GPU e logs detalhados.
2025-11-28 19:41:42,071 - BiLSTMMERGE - INFO - ==========================================================================================
2025-11-28 19:41:42,071 - BiLSTMMERGE - INFO - Iniciando experimento: lookback=30, hidden_dim=256, layers=2, lr=0.001, drop=0.5
2025-11-28 19:41:42,083 - BiLSTMMERGE - INFO - Shape treino: torch.Size([10082, 30, 1]), teste: torch.Size([30, 30, 1])
2025-11-28 19:41:42,119 - BiLSTMMERGE - INFO - Treinando por 500 épocas...
2025-11-28 19:41:45,459 - BiLSTMMERGE - INFO - [EXP] Época 1/500 - Loss: 48.748045
2025-11-28 19:44:23,796 - BiLSTMMERGE - INFO - [EXP] Época 50/500 - Loss: 26.723761
2025-11-28 19:47:04,449 - BiLSTMMERGE - INFO - [EXP] Época 100/500 - Loss: 10.280909
2025-11-28 19:49:54,863 - BiLSTMMERGE - INFO - [EXP] Época 150/500 - Loss: 4.306185
2025-11-28 19:52:45,064 - BiLSTMMERGE - INFO - [EXP] Época 200/500 - Loss: 2.509567
2025-11-28 19:55:31,073 - BiLSTMMERGE - INFO - [EXP] Época 250/500 - Loss: 1.610789
2025-11-28 19:58:18,606 - BiLSTMMERGE - INFO - [EXP] Época 300/500 - Loss: 1.959176
2025-11-28 20:01:05,143 - BiLSTMMERGE - INFO - [EXP] Época 350/500 - Loss: 1.118488
2025-11-28 20:03:51,704 - BiLSTMMERGE - INFO - [EXP] Época 400/500 - Loss: 1.242642
2025-11-28 20:06:37,991 - BiLSTMMERGE - INFO - [EXP] Época 450/500 - Loss: 0.958137
2025-11-28 20:09:24,119 - BiLSTMMERGE - INFO - [EXP] Época 500/500 - Loss: 0.951817
2025-11-28 20:09:24,120 - BiLSTMMERGE - INFO - Treinamento concluído em 27.70 minutos
2025-11-28 20:09:25,240 - BiLSTMMERGE - INFO - Calculando erro para o train
2025-11-28 20:09:25,241 - BiLSTMMERGE - INFO - RMSE: 0.5155
2025-11-28 20:09:25,241 - BiLSTMMERGE - INFO - MSE : 0.2657
2025-11-28 20:09:25,241 - BiLSTMMERGE - INFO - MAE : 0.2050
2025-11-28 20:09:25,241 - BiLSTMMERGE - INFO - CSI (thr=1.0 mm): 0.9133  [TP=2580, FP=32, FN=213]
2025-11-28 20:09:25,241 - BiLSTMMERGE - INFO - train_pred TRAIN mm min/max: 0.0, 90.72132110595703
2025-11-28 20:09:25,241 - BiLSTMMERGE - INFO - train_TRUE TRAIN mm min/max: 0.0, 90.0625
2025-11-28 20:09:25,241 - BiLSTMMERGE - INFO -  Gerando gráficos TRAIN...
2025-11-28 20:09:25,611 - BiLSTMMERGE - INFO -  Gráficos gerados TRAIN ...
2025-11-28 20:09:25,612 - BiLSTMMERGE - INFO - Calculando erro para parte de teste
2025-11-28 20:09:25,612 - BiLSTMMERGE - INFO - RMSE: 2.9452
2025-11-28 20:09:25,612 - BiLSTMMERGE - INFO - MSE : 8.6742
2025-11-28 20:09:25,612 - BiLSTMMERGE - INFO - MAE : 1.3678
2025-11-28 20:09:25,612 - BiLSTMMERGE - INFO - CSI (thr=1.0 mm): 0.1250  [TP=1, FP=3, FN=4]
2025-11-28 20:09:25,612 - BiLSTMMERGE - INFO - y_pred mm min/max: 0.0, 4.915818691253662
2025-11-28 20:09:25,612 - BiLSTMMERGE - INFO - y_TRUE mm min/max: 0.0, 10.625
2025-11-28 20:09:25,612 - BiLSTMMERGE - INFO -  Gerando gráficos...
2025-11-28 20:09:25,864 - BiLSTMMERGE - INFO -  Gráficos gerados...
2025-11-28 20:09:25,864 - BiLSTMMERGE - INFO - ==========================================================================================
2025-11-28 20:09:25,864 - BiLSTMMERGE - INFO - Execução finalizada com sucesso.
2025-11-28 20:09:25,864 - BiLSTMMERGE - INFO - Dispositivo utilizado: cuda
2025-11-28 20:09:25,864 - BiLSTMMERGE - INFO - ==========================================================================================
2025-11-28 20:09:38,857 - ARIMA_MERGE - INFO - ==========================================================================================
2025-11-28 20:09:38,857 - ARIMA_MERGE - INFO - Iniciando script ARIMA MERGE.
2025-11-28 20:09:38,857 - ARIMA_MERGE - INFO - ==========================================================================================
2025-11-28 20:09:38,857 - ARIMA_MERGE - INFO - Tamanho treino: 10113 | teste: 30
2025-11-28 20:09:38,858 - ARIMA_MERGE - INFO - [FASE 4] Iniciando busca manual por hiperparâmetros (AIC).
2025-11-28 20:30:54,936 - ARIMA_MERGE - INFO - Melhor order encontrado: (30, 0, 2)
2025-11-28 20:30:54,937 - ARIMA_MERGE - INFO - Melhor AIC (treino): 67453.59
2025-11-28 20:30:54,937 - ARIMA_MERGE - INFO - Tempo da Fase 4: 1276.08s
2025-11-28 20:30:54,937 - ARIMA_MERGE - INFO - [FASE 5] Reajustando melhor modelo no conjunto de treino.
2025-11-28 20:37:46,258 - ARIMA_MERGE - INFO - Melhor modelo ajustado no treino.
2025-11-28 20:37:46,258 - ARIMA_MERGE - INFO - Tempo da Fase 5: 411.32s
2025-11-28 20:37:46,258 - ARIMA_MERGE - INFO - [FASE 6] Gerando previsões no conjunto de teste e avaliando métricas.
2025-11-28 20:37:46,275 - ARIMA_MERGE - INFO - RMSE: 6.7714
2025-11-28 20:37:46,275 - ARIMA_MERGE - INFO - MSE : 45.8525
2025-11-28 20:37:46,275 - ARIMA_MERGE - INFO - MAE : 3.4857
2025-11-28 20:37:46,275 - ARIMA_MERGE - INFO - CSI (thr=1.0 mm): 0.2725  [TP=2751, FP=7336, FN=7]
2025-11-28 20:37:46,275 - ARIMA_MERGE - INFO - [TREINO] RMSE=6.7714 | MSE=45.8525 | MAE=3.4857 | CSI=0.2725
2025-11-28 20:37:46,293 - ARIMA_MERGE - INFO - RMSE: 3.0039
2025-11-28 20:37:46,293 - ARIMA_MERGE - INFO - MSE : 9.0232
2025-11-28 20:37:46,293 - ARIMA_MERGE - INFO - MAE : 2.5756
2025-11-28 20:37:46,293 - ARIMA_MERGE - INFO - CSI (thr=1.0 mm): 0.2000  [TP=6, FP=24, FN=0]
2025-11-28 20:37:46,293 - ARIMA_MERGE - INFO - Tempo total da Fase 6: 0.03s
2025-11-28 20:37:46,293 - ARIMA_MERGE - INFO - [FASE 7] Salvando gráfico de previsão vs. observado.
2025-11-28 20:37:46,914 - ARIMA_MERGE - INFO - Gráfico salvo como 'arimaMERGE_result.png'.
2025-11-28 20:37:46,914 - ARIMA_MERGE - INFO - ==========================================================================================
2025-11-28 20:37:46,914 - ARIMA_MERGE - INFO - Execução ARIMA MERGE finalizada com sucesso.
2025-11-28 20:37:46,914 - ARIMA_MERGE - INFO - Tempo total de execução: 1688.06s
2025-11-28 20:37:46,914 - ARIMA_MERGE - INFO - ==========================================================================================
2025-11-28 20:37:52,612 - RANDOM_FOREST_MERGE - INFO - ====================================================================================================
2025-11-28 20:37:52,612 - RANDOM_FOREST_MERGE - INFO - Iniciando Random Forest MERGE com GridSearchCV.
2025-11-28 20:37:52,612 - RANDOM_FOREST_MERGE - INFO - ====================================================================================================
2025-11-28 20:37:52,612 - RANDOM_FOREST_MERGE - INFO - [FASE 3] Split treino/teste e preparação.
2025-11-28 20:37:52,617 - RANDOM_FOREST_MERGE - INFO - [FASE 3] Treino: X=(10083, 30), y=10083 | Teste: X=(30, 30), y=30
2025-11-28 20:37:52,617 - RANDOM_FOREST_MERGE - INFO - [FASE 3] Tempo: 0.01s
2025-11-28 20:37:52,617 - RANDOM_FOREST_MERGE - INFO - [FASE 4] Iniciando GridSearchCV (TimeSeriesSplit).
2025-11-28 20:39:55,874 - RANDOM_FOREST_MERGE - INFO - [FASE 4] GridSearchCV concluído em 123.26s
2025-11-28 20:39:55,875 - RANDOM_FOREST_MERGE - INFO - [FASE 4] Melhores parâmetros: {'max_depth': None, 'max_features': 'sqrt', 'min_samples_leaf': 4, 'min_samples_split': 10, 'n_estimators': 400}
2025-11-28 20:39:55,875 - RANDOM_FOREST_MERGE - INFO - [FASE 4] Melhor score (neg_MSE): -44.966315
2025-11-28 20:39:55,875 - RANDOM_FOREST_MERGE - INFO - [FASE 4] Tempo: 123.26s
2025-11-28 20:39:55,875 - RANDOM_FOREST_MERGE - INFO - [FASE 5] Treinando best_estimator_ no conjunto de treino.
2025-11-28 20:39:56,672 - RANDOM_FOREST_MERGE - INFO - [FASE 5] Tempo: 0.80s
2025-11-28 20:39:56,672 - RANDOM_FOREST_MERGE - INFO - [FASE 6] Previsão e cálculo de métricas.
2025-11-28 20:39:56,737 - RANDOM_FOREST_MERGE - INFO - RMSE: 5.1608
2025-11-28 20:39:56,737 - RANDOM_FOREST_MERGE - INFO - MSE : 26.6336
2025-11-28 20:39:56,737 - RANDOM_FOREST_MERGE - INFO - MAE : 2.5502
2025-11-28 20:39:56,737 - RANDOM_FOREST_MERGE - INFO - CSI (thr=1.0 mm): 0.3691  [TP=2706, FP=4580, FN=45]
2025-11-28 20:39:56,737 - RANDOM_FOREST_MERGE - INFO - [TREINO] RMSE=5.1608 | MSE=26.6336 | MAE=2.5502 | CSI=0.3691
2025-11-28 20:39:56,781 - RANDOM_FOREST_MERGE - INFO - y_pred raw min/max: 0.4113597184925332, 6.764372335906769
2025-11-28 20:39:56,782 - RANDOM_FOREST_MERGE - INFO - y_TRUE raw min/max: 0.0, 10.62500000066143
2025-11-28 20:39:56,782 - RANDOM_FOREST_MERGE - INFO - RMSE: 3.0398
2025-11-28 20:39:56,782 - RANDOM_FOREST_MERGE - INFO - MSE : 9.2406
2025-11-28 20:39:56,782 - RANDOM_FOREST_MERGE - INFO - MAE : 1.9900
2025-11-28 20:39:56,782 - RANDOM_FOREST_MERGE - INFO - CSI (thr=1.0 mm): 0.1905  [TP=4, FP=15, FN=2]
2025-11-28 20:39:56,782 - RANDOM_FOREST_MERGE - INFO - [FASE 7] Gerando gráficos.
2025-11-28 20:39:57,361 - RANDOM_FOREST_MERGE - INFO - Gráfico salvo como 'random_forest_MERGE.png'.
2025-11-28 20:39:57,361 - RANDOM_FOREST_MERGE - INFO - [FASE 7] Tempo: 0.58s
2025-11-28 20:39:57,361 - RANDOM_FOREST_MERGE - INFO - ====================================================================================================
2025-11-28 20:39:57,361 - RANDOM_FOREST_MERGE - INFO - Resumo Final
2025-11-28 20:39:57,361 - RANDOM_FOREST_MERGE - INFO - Melhores parâmetros: {'max_depth': None, 'max_features': 'sqrt', 'min_samples_leaf': 4, 'min_samples_split': 10, 'n_estimators': 400}
2025-11-28 20:39:57,361 - RANDOM_FOREST_MERGE - INFO - Tempo total de execução: 124.75s
2025-11-28 20:39:57,361 - RANDOM_FOREST_MERGE - INFO - ====================================================================================================
2025-11-28 20:40:02,954 - LSTMMERGE - INFO - ==========================================================================================
2025-11-28 20:40:02,954 - LSTMMERGE - INFO - Iniciando script LSTM (PyTorch) MERGE com suporte a GPU e logs detalhados.
2025-11-28 20:40:02,954 - LSTMMERGE - INFO - ==========================================================================================
2025-11-28 20:40:02,954 - LSTMMERGE - INFO - Iniciando experimento: lookback=30, hidden_dim=32, layers=2, lr=0.001, drop=0.5
2025-11-28 20:40:02,973 - LSTMMERGE - INFO - Shape treino: torch.Size([10082, 30, 1]), teste: torch.Size([30, 30, 1])
2025-11-28 20:40:02,995 - LSTMMERGE - INFO - Treinando por 500 épocas...
2025-11-28 20:40:03,797 - LSTMMERGE - INFO - [EXP] Época 1/500 - Loss: 50.989666
2025-11-28 20:40:42,925 - LSTMMERGE - INFO - [EXP] Época 50/500 - Loss: 44.364707
2025-11-28 20:41:22,862 - LSTMMERGE - INFO - [EXP] Época 100/500 - Loss: 31.295142
2025-11-28 20:42:02,791 - LSTMMERGE - INFO - [EXP] Época 150/500 - Loss: 19.331061
2025-11-28 20:42:42,725 - LSTMMERGE - INFO - [EXP] Época 200/500 - Loss: 14.515946
2025-11-28 20:43:22,652 - LSTMMERGE - INFO - [EXP] Época 250/500 - Loss: 14.166203
2025-11-28 20:44:02,587 - LSTMMERGE - INFO - [EXP] Época 300/500 - Loss: 9.909562
2025-11-28 20:44:42,524 - LSTMMERGE - INFO - [EXP] Época 350/500 - Loss: 9.122514
2025-11-28 20:45:22,490 - LSTMMERGE - INFO - [EXP] Época 400/500 - Loss: 7.719073
2025-11-28 20:46:02,434 - LSTMMERGE - INFO - [EXP] Época 450/500 - Loss: 6.300766
2025-11-28 20:46:42,375 - LSTMMERGE - INFO - [EXP] Época 500/500 - Loss: 7.855912
2025-11-28 20:46:42,376 - LSTMMERGE - INFO - Treinamento concluído em 6.66 minutos
2025-11-28 20:46:43,067 - LSTMMERGE - INFO - Calculando erro para o train
2025-11-28 20:46:43,068 - LSTMMERGE - INFO - RMSE: 2.9398
2025-11-28 20:46:43,068 - LSTMMERGE - INFO - MSE : 8.6426
2025-11-28 20:46:43,068 - LSTMMERGE - INFO - MAE : 1.5226
2025-11-28 20:46:43,068 - LSTMMERGE - INFO - CSI (thr=1.0 mm): 0.4284  [TP=2185, FP=2307, FN=608]
2025-11-28 20:46:43,068 - LSTMMERGE - INFO - train_pred TRAIN mm min/max: 0.0, 90.93480682373047
2025-11-28 20:46:43,068 - LSTMMERGE - INFO - train_TRUE TRAIN mm min/max: 0.0, 90.0625
2025-11-28 20:46:43,068 - LSTMMERGE - INFO -  Gerando gráficos TRAIN...
2025-11-28 20:46:43,400 - LSTMMERGE - INFO -  Gráficos gerados TRAIN ...
2025-11-28 20:46:43,400 - LSTMMERGE - INFO - Calculando erro para parte de teste
2025-11-28 20:46:43,400 - LSTMMERGE - INFO - RMSE: 4.6465
2025-11-28 20:46:43,400 - LSTMMERGE - INFO - MSE : 21.5904
2025-11-28 20:46:43,400 - LSTMMERGE - INFO - MAE : 2.5651
2025-11-28 20:46:43,401 - LSTMMERGE - INFO - CSI (thr=1.0 mm): 0.1429  [TP=3, FP=16, FN=2]
2025-11-28 20:46:43,401 - LSTMMERGE - INFO - y_pred mm min/max: 0.0, 20.002931594848633
2025-11-28 20:46:43,401 - LSTMMERGE - INFO - y_TRUE mm min/max: 0.0, 10.625
2025-11-28 20:46:43,401 - LSTMMERGE - INFO -  Gerando gráficos...
2025-11-28 20:46:43,666 - LSTMMERGE - INFO -  Gráficos gerados...
2025-11-28 20:46:43,666 - LSTMMERGE - INFO - ==========================================================================================
2025-11-28 20:46:43,666 - LSTMMERGE - INFO - Execução finalizada com sucesso.
2025-11-28 20:46:43,666 - LSTMMERGE - INFO - Dispositivo utilizado: cuda
2025-11-28 20:46:43,666 - LSTMMERGE - INFO - ==========================================================================================
2025-11-28 20:46:49,321 - BiLSTMMERGE - INFO - ==========================================================================================
2025-11-28 20:46:49,321 - BiLSTMMERGE - INFO - Iniciando script LSTM (PyTorch) MERGE com suporte a GPU e logs detalhados.
2025-11-28 20:46:49,321 - BiLSTMMERGE - INFO - ==========================================================================================
2025-11-28 20:46:49,321 - BiLSTMMERGE - INFO - Iniciando experimento: lookback=30, hidden_dim=32, layers=2, lr=0.001, drop=0.5
2025-11-28 20:46:49,334 - BiLSTMMERGE - INFO - Shape treino: torch.Size([10082, 30, 1]), teste: torch.Size([30, 30, 1])
2025-11-28 20:46:49,375 - BiLSTMMERGE - INFO - Treinando por 500 épocas...
2025-11-28 20:46:50,224 - BiLSTMMERGE - INFO - [EXP] Época 1/500 - Loss: 52.247164
2025-11-28 20:47:31,569 - BiLSTMMERGE - INFO - [EXP] Época 50/500 - Loss: 43.219073
2025-11-28 20:48:13,757 - BiLSTMMERGE - INFO - [EXP] Época 100/500 - Loss: 25.267267
2025-11-28 20:48:55,946 - BiLSTMMERGE - INFO - [EXP] Época 150/500 - Loss: 23.029312
2025-11-28 20:49:38,300 - BiLSTMMERGE - INFO - [EXP] Época 200/500 - Loss: 18.560873
2025-11-28 20:50:20,549 - BiLSTMMERGE - INFO - [EXP] Época 250/500 - Loss: 14.924928
2025-11-28 20:51:02,736 - BiLSTMMERGE - INFO - [EXP] Época 300/500 - Loss: 12.913788
2025-11-28 20:51:45,134 - BiLSTMMERGE - INFO - [EXP] Época 350/500 - Loss: 11.411649
2025-11-28 20:52:27,506 - BiLSTMMERGE - INFO - [EXP] Época 400/500 - Loss: 11.692836
2025-11-28 20:53:09,864 - BiLSTMMERGE - INFO - [EXP] Época 450/500 - Loss: 11.651418
2025-11-28 20:53:52,200 - BiLSTMMERGE - INFO - [EXP] Época 500/500 - Loss: 9.351132
2025-11-28 20:53:52,200 - BiLSTMMERGE - INFO - Treinamento concluído em 7.05 minutos
2025-11-28 20:53:52,913 - BiLSTMMERGE - INFO - Calculando erro para o train
2025-11-28 20:53:52,914 - BiLSTMMERGE - INFO - RMSE: 2.4568
2025-11-28 20:53:52,914 - BiLSTMMERGE - INFO - MSE : 6.0357
2025-11-28 20:53:52,914 - BiLSTMMERGE - INFO - MAE : 1.2420
2025-11-28 20:53:52,914 - BiLSTMMERGE - INFO - CSI (thr=1.0 mm): 0.4509  [TP=1889, FP=1396, FN=904]
2025-11-28 20:53:52,914 - BiLSTMMERGE - INFO - train_pred TRAIN mm min/max: 0.0, 87.33861541748047
2025-11-28 20:53:52,914 - BiLSTMMERGE - INFO - train_TRUE TRAIN mm min/max: 0.0, 90.0625
2025-11-28 20:53:52,914 - BiLSTMMERGE - INFO -  Gerando gráficos TRAIN...
2025-11-28 20:53:53,231 - BiLSTMMERGE - INFO -  Gráficos gerados TRAIN ...
2025-11-28 20:53:53,231 - BiLSTMMERGE - INFO - Calculando erro para parte de teste
2025-11-28 20:53:53,231 - BiLSTMMERGE - INFO - RMSE: 3.0244
2025-11-28 20:53:53,231 - BiLSTMMERGE - INFO - MSE : 9.1471
2025-11-28 20:53:53,232 - BiLSTMMERGE - INFO - MAE : 1.6293
2025-11-28 20:53:53,232 - BiLSTMMERGE - INFO - CSI (thr=1.0 mm): 0.0833  [TP=1, FP=7, FN=4]
2025-11-28 20:53:53,232 - BiLSTMMERGE - INFO - y_pred mm min/max: 0.06559669971466064, 6.886791706085205
2025-11-28 20:53:53,232 - BiLSTMMERGE - INFO - y_TRUE mm min/max: 0.0, 10.625
2025-11-28 20:53:53,232 - BiLSTMMERGE - INFO -  Gerando gráficos...
2025-11-28 20:53:53,469 - BiLSTMMERGE - INFO -  Gráficos gerados...
2025-11-28 20:53:53,469 - BiLSTMMERGE - INFO - ==========================================================================================
2025-11-28 20:53:53,469 - BiLSTMMERGE - INFO - Execução finalizada com sucesso.
2025-11-28 20:53:53,469 - BiLSTMMERGE - INFO - Dispositivo utilizado: cuda
2025-11-28 20:53:53,469 - BiLSTMMERGE - INFO - ==========================================================================================
2025-11-28 20:53:59,553 - LSTMMERGE - INFO - ==========================================================================================
2025-11-28 20:53:59,553 - LSTMMERGE - INFO - Iniciando script LSTM (PyTorch) MERGE com suporte a GPU e logs detalhados.
2025-11-28 20:53:59,553 - LSTMMERGE - INFO - ==========================================================================================
2025-11-28 20:53:59,553 - LSTMMERGE - INFO - Iniciando experimento: lookback=30, hidden_dim=64, layers=2, lr=0.001, drop=0.5
2025-11-28 20:53:59,566 - LSTMMERGE - INFO - Shape treino: torch.Size([10082, 30, 1]), teste: torch.Size([30, 30, 1])
2025-11-28 20:53:59,588 - LSTMMERGE - INFO - Treinando por 500 épocas...
2025-11-28 20:54:00,421 - LSTMMERGE - INFO - [EXP] Época 1/500 - Loss: 56.677609
2025-11-28 20:54:41,042 - LSTMMERGE - INFO - [EXP] Época 50/500 - Loss: 27.736156
2025-11-28 20:55:22,493 - LSTMMERGE - INFO - [EXP] Época 100/500 - Loss: 12.260033
2025-11-28 20:56:03,940 - LSTMMERGE - INFO - [EXP] Época 150/500 - Loss: 4.432784
2025-11-28 20:56:45,391 - LSTMMERGE - INFO - [EXP] Época 200/500 - Loss: 2.559754
2025-11-28 20:57:26,830 - LSTMMERGE - INFO - [EXP] Época 250/500 - Loss: 4.275553
2025-11-28 20:58:08,273 - LSTMMERGE - INFO - [EXP] Época 300/500 - Loss: 0.997243
2025-11-28 20:58:49,720 - LSTMMERGE - INFO - [EXP] Época 350/500 - Loss: 1.174942
2025-11-28 20:59:31,163 - LSTMMERGE - INFO - [EXP] Época 400/500 - Loss: 1.174790
2025-11-28 21:00:12,615 - LSTMMERGE - INFO - [EXP] Época 450/500 - Loss: 1.058755
2025-11-28 21:00:54,057 - LSTMMERGE - INFO - [EXP] Época 500/500 - Loss: 0.526555
2025-11-28 21:00:54,057 - LSTMMERGE - INFO - Treinamento concluído em 6.91 minutos
2025-11-28 21:00:54,769 - LSTMMERGE - INFO - Calculando erro para o train
2025-11-28 21:00:54,770 - LSTMMERGE - INFO - RMSE: 0.4515
2025-11-28 21:00:54,770 - LSTMMERGE - INFO - MSE : 0.2038
2025-11-28 21:00:54,770 - LSTMMERGE - INFO - MAE : 0.2462
2025-11-28 21:00:54,770 - LSTMMERGE - INFO - CSI (thr=1.0 mm): 0.9125  [TP=2648, FP=109, FN=145]
2025-11-28 21:00:54,770 - LSTMMERGE - INFO - train_pred TRAIN mm min/max: 0.0, 90.75366973876953
2025-11-28 21:00:54,770 - LSTMMERGE - INFO - train_TRUE TRAIN mm min/max: 0.0, 90.0625
2025-11-28 21:00:54,770 - LSTMMERGE - INFO -  Gerando gráficos TRAIN...
2025-11-28 21:00:55,120 - LSTMMERGE - INFO -  Gráficos gerados TRAIN ...
2025-11-28 21:00:55,121 - LSTMMERGE - INFO - Calculando erro para parte de teste
2025-11-28 21:00:55,121 - LSTMMERGE - INFO - RMSE: 4.0965
2025-11-28 21:00:55,121 - LSTMMERGE - INFO - MSE : 16.7810
2025-11-28 21:00:55,121 - LSTMMERGE - INFO - MAE : 2.3629
2025-11-28 21:00:55,121 - LSTMMERGE - INFO - CSI (thr=1.0 mm): 0.1875  [TP=3, FP=11, FN=2]
2025-11-28 21:00:55,121 - LSTMMERGE - INFO - y_pred mm min/max: 0.0, 14.239623069763184
2025-11-28 21:00:55,122 - LSTMMERGE - INFO - y_TRUE mm min/max: 0.0, 10.625
2025-11-28 21:00:55,122 - LSTMMERGE - INFO -  Gerando gráficos...
2025-11-28 21:00:55,382 - LSTMMERGE - INFO -  Gráficos gerados...
2025-11-28 21:00:55,382 - LSTMMERGE - INFO - ==========================================================================================
2025-11-28 21:00:55,382 - LSTMMERGE - INFO - Execução finalizada com sucesso.
2025-11-28 21:00:55,382 - LSTMMERGE - INFO - Dispositivo utilizado: cuda
2025-11-28 21:00:55,382 - LSTMMERGE - INFO - ==========================================================================================
2025-11-28 21:01:01,064 - BiLSTMMERGE - INFO - ==========================================================================================
2025-11-28 21:01:01,064 - BiLSTMMERGE - INFO - Iniciando script LSTM (PyTorch) MERGE com suporte a GPU e logs detalhados.
2025-11-28 21:01:01,064 - BiLSTMMERGE - INFO - ==========================================================================================
2025-11-28 21:01:01,064 - BiLSTMMERGE - INFO - Iniciando experimento: lookback=30, hidden_dim=64, layers=2, lr=0.001, drop=0.5
2025-11-28 21:01:01,078 - BiLSTMMERGE - INFO - Shape treino: torch.Size([10082, 30, 1]), teste: torch.Size([30, 30, 1])
2025-11-28 21:01:01,116 - BiLSTMMERGE - INFO - Treinando por 500 épocas...
2025-11-28 21:01:02,055 - BiLSTMMERGE - INFO - [EXP] Época 1/500 - Loss: 49.307778
2025-11-28 21:01:48,125 - BiLSTMMERGE - INFO - [EXP] Época 50/500 - Loss: 33.948469
2025-11-28 21:02:35,129 - BiLSTMMERGE - INFO - [EXP] Época 100/500 - Loss: 17.619247
2025-11-28 21:03:22,167 - BiLSTMMERGE - INFO - [EXP] Época 150/500 - Loss: 12.663939
2025-11-28 21:04:09,088 - BiLSTMMERGE - INFO - [EXP] Época 200/500 - Loss: 9.955426
2025-11-28 21:04:55,977 - BiLSTMMERGE - INFO - [EXP] Época 250/500 - Loss: 6.695682
2025-11-28 21:05:43,092 - BiLSTMMERGE - INFO - [EXP] Época 300/500 - Loss: 5.736647
2025-11-28 21:06:30,038 - BiLSTMMERGE - INFO - [EXP] Época 350/500 - Loss: 5.403943
2025-11-28 21:07:16,945 - BiLSTMMERGE - INFO - [EXP] Época 400/500 - Loss: 3.809657
2025-11-28 21:08:03,900 - BiLSTMMERGE - INFO - [EXP] Época 450/500 - Loss: 3.552657
2025-11-28 21:08:50,818 - BiLSTMMERGE - INFO - [EXP] Época 500/500 - Loss: 3.601609
2025-11-28 21:08:50,818 - BiLSTMMERGE - INFO - Treinamento concluído em 7.83 minutos
2025-11-28 21:08:51,585 - BiLSTMMERGE - INFO - Calculando erro para o train
2025-11-28 21:08:51,586 - BiLSTMMERGE - INFO - RMSE: 1.4719
2025-11-28 21:08:51,586 - BiLSTMMERGE - INFO - MSE : 2.1664
2025-11-28 21:08:51,586 - BiLSTMMERGE - INFO - MAE : 0.6708
2025-11-28 21:08:51,586 - BiLSTMMERGE - INFO - CSI (thr=1.0 mm): 0.6671  [TP=2118, FP=382, FN=675]
2025-11-28 21:08:51,587 - BiLSTMMERGE - INFO - train_pred TRAIN mm min/max: 0.0, 86.35260772705078
2025-11-28 21:08:51,587 - BiLSTMMERGE - INFO - train_TRUE TRAIN mm min/max: 0.0, 90.0625
2025-11-28 21:08:51,587 - BiLSTMMERGE - INFO -  Gerando gráficos TRAIN...
2025-11-28 21:08:51,918 - BiLSTMMERGE - INFO -  Gráficos gerados TRAIN ...
2025-11-28 21:08:51,919 - BiLSTMMERGE - INFO - Calculando erro para parte de teste
2025-11-28 21:08:51,919 - BiLSTMMERGE - INFO - RMSE: 3.0399
2025-11-28 21:08:51,919 - BiLSTMMERGE - INFO - MSE : 9.2411
2025-11-28 21:08:51,919 - BiLSTMMERGE - INFO - MAE : 1.4822
2025-11-28 21:08:51,919 - BiLSTMMERGE - INFO - CSI (thr=1.0 mm): 0.0000  [TP=0, FP=4, FN=5]
2025-11-28 21:08:51,919 - BiLSTMMERGE - INFO - y_pred mm min/max: 0.0, 5.554267406463623
2025-11-28 21:08:51,920 - BiLSTMMERGE - INFO - y_TRUE mm min/max: 0.0, 10.625
2025-11-28 21:08:51,920 - BiLSTMMERGE - INFO -  Gerando gráficos...
2025-11-28 21:08:52,180 - BiLSTMMERGE - INFO -  Gráficos gerados...
2025-11-28 21:08:52,180 - BiLSTMMERGE - INFO - ==========================================================================================
2025-11-28 21:08:52,180 - BiLSTMMERGE - INFO - Execução finalizada com sucesso.
2025-11-28 21:08:52,180 - BiLSTMMERGE - INFO - Dispositivo utilizado: cuda
2025-11-28 21:08:52,180 - BiLSTMMERGE - INFO - ==========================================================================================
2025-11-28 21:08:58,145 - LSTMMERGE - INFO - ==========================================================================================
2025-11-28 21:08:58,145 - LSTMMERGE - INFO - Iniciando script LSTM (PyTorch) MERGE com suporte a GPU e logs detalhados.
2025-11-28 21:08:58,145 - LSTMMERGE - INFO - ==========================================================================================
2025-11-28 21:08:58,145 - LSTMMERGE - INFO - Iniciando experimento: lookback=30, hidden_dim=128, layers=2, lr=0.001, drop=0.5
2025-11-28 21:08:58,158 - LSTMMERGE - INFO - Shape treino: torch.Size([10082, 30, 1]), teste: torch.Size([30, 30, 1])
2025-11-28 21:08:58,174 - LSTMMERGE - INFO - Treinando por 500 épocas...
2025-11-28 21:08:59,204 - LSTMMERGE - INFO - [EXP] Época 1/500 - Loss: 49.570840
2025-11-28 21:09:49,789 - LSTMMERGE - INFO - [EXP] Época 50/500 - Loss: 20.728388
2025-11-28 21:10:41,394 - LSTMMERGE - INFO - [EXP] Época 100/500 - Loss: 7.155043
2025-11-28 21:11:33,004 - LSTMMERGE - INFO - [EXP] Época 150/500 - Loss: 2.366322
2025-11-28 21:12:24,621 - LSTMMERGE - INFO - [EXP] Época 200/500 - Loss: 2.768023
2025-11-28 21:13:16,234 - LSTMMERGE - INFO - [EXP] Época 250/500 - Loss: 0.726704
2025-11-28 21:14:07,844 - LSTMMERGE - INFO - [EXP] Época 300/500 - Loss: 4.330362
2025-11-28 21:14:59,446 - LSTMMERGE - INFO - [EXP] Época 350/500 - Loss: 0.302546
2025-11-28 21:15:51,044 - LSTMMERGE - INFO - [EXP] Época 400/500 - Loss: 0.263713
2025-11-28 21:16:42,649 - LSTMMERGE - INFO - [EXP] Época 450/500 - Loss: 0.213691
2025-11-28 21:17:34,252 - LSTMMERGE - INFO - [EXP] Época 500/500 - Loss: 0.296035
2025-11-28 21:17:34,252 - LSTMMERGE - INFO - Treinamento concluído em 8.60 minutos
2025-11-28 21:17:35,081 - LSTMMERGE - INFO - Calculando erro para o train
2025-11-28 21:17:35,082 - LSTMMERGE - INFO - RMSE: 0.3335
2025-11-28 21:17:35,082 - LSTMMERGE - INFO - MSE : 0.1112
2025-11-28 21:17:35,082 - LSTMMERGE - INFO - MAE : 0.1680
2025-11-28 21:17:35,082 - LSTMMERGE - INFO - CSI (thr=1.0 mm): 0.9559  [TP=2708, FP=40, FN=85]
2025-11-28 21:17:35,082 - LSTMMERGE - INFO - train_pred TRAIN mm min/max: 0.0, 90.21852111816406
2025-11-28 21:17:35,082 - LSTMMERGE - INFO - train_TRUE TRAIN mm min/max: 0.0, 90.0625
2025-11-28 21:17:35,082 - LSTMMERGE - INFO -  Gerando gráficos TRAIN...
2025-11-28 21:17:35,435 - LSTMMERGE - INFO -  Gráficos gerados TRAIN ...
2025-11-28 21:17:35,435 - LSTMMERGE - INFO - Calculando erro para parte de teste
2025-11-28 21:17:35,436 - LSTMMERGE - INFO - RMSE: 4.3083
2025-11-28 21:17:35,436 - LSTMMERGE - INFO - MSE : 18.5616
2025-11-28 21:17:35,436 - LSTMMERGE - INFO - MAE : 2.5801
2025-11-28 21:17:35,436 - LSTMMERGE - INFO - CSI (thr=1.0 mm): 0.0667  [TP=1, FP=10, FN=4]
2025-11-28 21:17:35,436 - LSTMMERGE - INFO - y_pred mm min/max: 0.0, 12.855042457580566
2025-11-28 21:17:35,436 - LSTMMERGE - INFO - y_TRUE mm min/max: 0.0, 10.625
2025-11-28 21:17:35,436 - LSTMMERGE - INFO -  Gerando gráficos...
2025-11-28 21:17:35,671 - LSTMMERGE - INFO -  Gráficos gerados...
2025-11-28 21:17:35,671 - LSTMMERGE - INFO - ==========================================================================================
2025-11-28 21:17:35,671 - LSTMMERGE - INFO - Execução finalizada com sucesso.
2025-11-28 21:17:35,671 - LSTMMERGE - INFO - Dispositivo utilizado: cuda
2025-11-28 21:17:35,671 - LSTMMERGE - INFO - ==========================================================================================
2025-11-28 21:17:41,286 - BiLSTMMERGE - INFO - ==========================================================================================
2025-11-28 21:17:41,286 - BiLSTMMERGE - INFO - Iniciando script LSTM (PyTorch) MERGE com suporte a GPU e logs detalhados.
2025-11-28 21:17:41,286 - BiLSTMMERGE - INFO - ==========================================================================================
2025-11-28 21:17:41,286 - BiLSTMMERGE - INFO - Iniciando experimento: lookback=30, hidden_dim=128, layers=2, lr=0.001, drop=0.5
2025-11-28 21:17:41,300 - BiLSTMMERGE - INFO - Shape treino: torch.Size([10082, 30, 1]), teste: torch.Size([30, 30, 1])
2025-11-28 21:17:41,329 - BiLSTMMERGE - INFO - Treinando por 500 épocas...
2025-11-28 21:17:42,675 - BiLSTMMERGE - INFO - [EXP] Época 1/500 - Loss: 48.811439
2025-11-28 21:18:48,538 - BiLSTMMERGE - INFO - [EXP] Época 50/500 - Loss: 29.417814
2025-11-28 21:19:55,779 - BiLSTMMERGE - INFO - [EXP] Época 100/500 - Loss: 10.155139
2025-11-28 21:21:03,014 - BiLSTMMERGE - INFO - [EXP] Época 150/500 - Loss: 4.941275
2025-11-28 21:22:10,241 - BiLSTMMERGE - INFO - [EXP] Época 200/500 - Loss: 4.555928
2025-11-28 21:23:17,539 - BiLSTMMERGE - INFO - [EXP] Época 250/500 - Loss: 2.647933
2025-11-28 21:24:24,724 - BiLSTMMERGE - INFO - [EXP] Época 300/500 - Loss: 2.163091
2025-11-28 21:25:31,895 - BiLSTMMERGE - INFO - [EXP] Época 350/500 - Loss: 2.817652
2025-11-28 21:26:39,076 - BiLSTMMERGE - INFO - [EXP] Época 400/500 - Loss: 1.600359
2025-11-28 21:27:46,275 - BiLSTMMERGE - INFO - [EXP] Época 450/500 - Loss: 1.549027
2025-11-28 21:28:53,472 - BiLSTMMERGE - INFO - [EXP] Época 500/500 - Loss: 1.782654
2025-11-28 21:28:53,472 - BiLSTMMERGE - INFO - Treinamento concluído em 11.20 minutos
2025-11-28 21:28:54,452 - BiLSTMMERGE - INFO - Calculando erro para o train
2025-11-28 21:28:54,453 - BiLSTMMERGE - INFO - RMSE: 0.7572
2025-11-28 21:28:54,453 - BiLSTMMERGE - INFO - MSE : 0.5733
2025-11-28 21:28:54,453 - BiLSTMMERGE - INFO - MAE : 0.3486
2025-11-28 21:28:54,453 - BiLSTMMERGE - INFO - CSI (thr=1.0 mm): 0.8462  [TP=2442, FP=93, FN=351]
2025-11-28 21:28:54,453 - BiLSTMMERGE - INFO - train_pred TRAIN mm min/max: 0.0, 90.72820281982422
2025-11-28 21:28:54,454 - BiLSTMMERGE - INFO - train_TRUE TRAIN mm min/max: 0.0, 90.0625
2025-11-28 21:28:54,454 - BiLSTMMERGE - INFO -  Gerando gráficos TRAIN...
2025-11-28 21:28:54,816 - BiLSTMMERGE - INFO -  Gráficos gerados TRAIN ...
2025-11-28 21:28:54,816 - BiLSTMMERGE - INFO - Calculando erro para parte de teste
2025-11-28 21:28:54,817 - BiLSTMMERGE - INFO - RMSE: 5.4596
2025-11-28 21:28:54,817 - BiLSTMMERGE - INFO - MSE : 29.8074
2025-11-28 21:28:54,817 - BiLSTMMERGE - INFO - MAE : 2.8147
2025-11-28 21:28:54,817 - BiLSTMMERGE - INFO - CSI (thr=1.0 mm): 0.0769  [TP=1, FP=8, FN=4]
2025-11-28 21:28:54,817 - BiLSTMMERGE - INFO - y_pred mm min/max: 0.0, 16.37952995300293
2025-11-28 21:28:54,817 - BiLSTMMERGE - INFO - y_TRUE mm min/max: 0.0, 10.625
2025-11-28 21:28:54,817 - BiLSTMMERGE - INFO -  Gerando gráficos...
2025-11-28 21:28:55,053 - BiLSTMMERGE - INFO -  Gráficos gerados...
2025-11-28 21:28:55,053 - BiLSTMMERGE - INFO - ==========================================================================================
2025-11-28 21:28:55,053 - BiLSTMMERGE - INFO - Execução finalizada com sucesso.
2025-11-28 21:28:55,053 - BiLSTMMERGE - INFO - Dispositivo utilizado: cuda
2025-11-28 21:28:55,053 - BiLSTMMERGE - INFO - ==========================================================================================
2025-11-28 21:29:01,055 - LSTMMERGE - INFO - ==========================================================================================
2025-11-28 21:29:01,055 - LSTMMERGE - INFO - Iniciando script LSTM (PyTorch) MERGE com suporte a GPU e logs detalhados.
2025-11-28 21:29:01,055 - LSTMMERGE - INFO - ==========================================================================================
2025-11-28 21:29:01,055 - LSTMMERGE - INFO - Iniciando experimento: lookback=30, hidden_dim=256, layers=2, lr=0.001, drop=0.5
2025-11-28 21:29:01,069 - LSTMMERGE - INFO - Shape treino: torch.Size([10082, 30, 1]), teste: torch.Size([30, 30, 1])
2025-11-28 21:29:01,087 - LSTMMERGE - INFO - Treinando por 500 épocas...
2025-11-28 21:29:03,229 - LSTMMERGE - INFO - [EXP] Época 1/500 - Loss: 49.222651
2025-11-28 21:30:48,315 - LSTMMERGE - INFO - [EXP] Época 50/500 - Loss: 13.718268
2025-11-28 21:32:35,519 - LSTMMERGE - INFO - [EXP] Época 100/500 - Loss: 0.986772
2025-11-28 21:34:22,726 - LSTMMERGE - INFO - [EXP] Época 150/500 - Loss: 0.768322
2025-11-28 21:36:09,921 - LSTMMERGE - INFO - [EXP] Época 200/500 - Loss: 1.795405
2025-11-28 21:37:57,118 - LSTMMERGE - INFO - [EXP] Época 250/500 - Loss: 0.300120
2025-11-28 21:39:44,325 - LSTMMERGE - INFO - [EXP] Época 300/500 - Loss: 0.299315
2025-11-28 21:41:31,667 - LSTMMERGE - INFO - [EXP] Época 350/500 - Loss: 0.302342
2025-11-28 21:43:19,035 - LSTMMERGE - INFO - [EXP] Época 400/500 - Loss: 0.189339
2025-11-28 21:45:06,421 - LSTMMERGE - INFO - [EXP] Época 450/500 - Loss: 0.262882
2025-11-28 21:46:53,722 - LSTMMERGE - INFO - [EXP] Época 500/500 - Loss: 0.185492
2025-11-28 21:46:53,722 - LSTMMERGE - INFO - Treinamento concluído em 17.88 minutos
2025-11-28 21:46:54,645 - LSTMMERGE - INFO - Calculando erro para o train
2025-11-28 21:46:54,646 - LSTMMERGE - INFO - RMSE: 0.2201
2025-11-28 21:46:54,646 - LSTMMERGE - INFO - MSE : 0.0484
2025-11-28 21:46:54,646 - LSTMMERGE - INFO - MAE : 0.1124
2025-11-28 21:46:54,646 - LSTMMERGE - INFO - CSI (thr=1.0 mm): 0.9613  [TP=2705, FP=21, FN=88]
2025-11-28 21:46:54,646 - LSTMMERGE - INFO - train_pred TRAIN mm min/max: 0.0, 89.842041015625
2025-11-28 21:46:54,646 - LSTMMERGE - INFO - train_TRUE TRAIN mm min/max: 0.0, 90.0625
2025-11-28 21:46:54,646 - LSTMMERGE - INFO -  Gerando gráficos TRAIN...
2025-11-28 21:46:55,010 - LSTMMERGE - INFO -  Gráficos gerados TRAIN ...
2025-11-28 21:46:55,010 - LSTMMERGE - INFO - Calculando erro para parte de teste
2025-11-28 21:46:55,011 - LSTMMERGE - INFO - RMSE: 2.9071
2025-11-28 21:46:55,011 - LSTMMERGE - INFO - MSE : 8.4514
2025-11-28 21:46:55,011 - LSTMMERGE - INFO - MAE : 1.5366
2025-11-28 21:46:55,011 - LSTMMERGE - INFO - CSI (thr=1.0 mm): 0.2000  [TP=2, FP=5, FN=3]
2025-11-28 21:46:55,011 - LSTMMERGE - INFO - y_pred mm min/max: 0.0, 4.670808792114258
2025-11-28 21:46:55,011 - LSTMMERGE - INFO - y_TRUE mm min/max: 0.0, 10.625
2025-11-28 21:46:55,011 - LSTMMERGE - INFO -  Gerando gráficos...
2025-11-28 21:46:55,263 - LSTMMERGE - INFO -  Gráficos gerados...
2025-11-28 21:46:55,264 - LSTMMERGE - INFO - ==========================================================================================
2025-11-28 21:46:55,264 - LSTMMERGE - INFO - Execução finalizada com sucesso.
2025-11-28 21:46:55,264 - LSTMMERGE - INFO - Dispositivo utilizado: cuda
2025-11-28 21:46:55,264 - LSTMMERGE - INFO - ==========================================================================================
2025-11-28 21:47:00,933 - BiLSTMMERGE - INFO - ==========================================================================================
2025-11-28 21:47:00,933 - BiLSTMMERGE - INFO - Iniciando script LSTM (PyTorch) MERGE com suporte a GPU e logs detalhados.
2025-11-28 21:47:00,933 - BiLSTMMERGE - INFO - ==========================================================================================
2025-11-28 21:47:00,933 - BiLSTMMERGE - INFO - Iniciando experimento: lookback=30, hidden_dim=256, layers=2, lr=0.001, drop=0.5
2025-11-28 21:47:00,946 - BiLSTMMERGE - INFO - Shape treino: torch.Size([10082, 30, 1]), teste: torch.Size([30, 30, 1])
2025-11-28 21:47:00,982 - BiLSTMMERGE - INFO - Treinando por 500 épocas...
2025-11-28 21:47:04,277 - BiLSTMMERGE - INFO - [EXP] Época 1/500 - Loss: 48.702118
2025-11-28 21:49:47,153 - BiLSTMMERGE - INFO - [EXP] Época 50/500 - Loss: 27.973521
2025-11-28 21:52:35,055 - BiLSTMMERGE - INFO - [EXP] Época 100/500 - Loss: 8.244359
2025-11-28 21:55:24,492 - BiLSTMMERGE - INFO - [EXP] Época 150/500 - Loss: 6.960303
2025-11-28 21:58:13,775 - BiLSTMMERGE - INFO - [EXP] Época 200/500 - Loss: 2.031746
2025-11-28 22:00:56,876 - BiLSTMMERGE - INFO - [EXP] Época 250/500 - Loss: 1.404312
2025-11-28 22:03:42,471 - BiLSTMMERGE - INFO - [EXP] Época 300/500 - Loss: 1.326757
2025-11-28 22:06:32,195 - BiLSTMMERGE - INFO - [EXP] Época 350/500 - Loss: 1.094318
2025-11-28 22:09:21,775 - BiLSTMMERGE - INFO - [EXP] Época 400/500 - Loss: 1.396606
2025-11-28 22:12:10,714 - BiLSTMMERGE - INFO - [EXP] Época 450/500 - Loss: 0.887208
2025-11-28 22:14:56,776 - BiLSTMMERGE - INFO - [EXP] Época 500/500 - Loss: 1.215606
2025-11-28 22:14:56,777 - BiLSTMMERGE - INFO - Treinamento concluído em 27.93 minutos
2025-11-28 22:14:57,893 - BiLSTMMERGE - INFO - Calculando erro para o train
2025-11-28 22:14:57,894 - BiLSTMMERGE - INFO - RMSE: 0.6464
2025-11-28 22:14:57,894 - BiLSTMMERGE - INFO - MSE : 0.4179
2025-11-28 22:14:57,894 - BiLSTMMERGE - INFO - MAE : 0.2671
2025-11-28 22:14:57,894 - BiLSTMMERGE - INFO - CSI (thr=1.0 mm): 0.8967  [TP=2561, FP=63, FN=232]
2025-11-28 22:14:57,895 - BiLSTMMERGE - INFO - train_pred TRAIN mm min/max: 0.0, 87.0026626586914
2025-11-28 22:14:57,895 - BiLSTMMERGE - INFO - train_TRUE TRAIN mm min/max: 0.0, 90.0625
2025-11-28 22:14:57,895 - BiLSTMMERGE - INFO -  Gerando gráficos TRAIN...
2025-11-28 22:14:58,260 - BiLSTMMERGE - INFO -  Gráficos gerados TRAIN ...
2025-11-28 22:14:58,260 - BiLSTMMERGE - INFO - Calculando erro para parte de teste
2025-11-28 22:14:58,261 - BiLSTMMERGE - INFO - RMSE: 3.0411
2025-11-28 22:14:58,261 - BiLSTMMERGE - INFO - MSE : 9.2483
2025-11-28 22:14:58,261 - BiLSTMMERGE - INFO - MAE : 1.4926
2025-11-28 22:14:58,261 - BiLSTMMERGE - INFO - CSI (thr=1.0 mm): 0.1250  [TP=1, FP=3, FN=4]
2025-11-28 22:14:58,261 - BiLSTMMERGE - INFO - y_pred mm min/max: 0.0, 7.39000129699707
2025-11-28 22:14:58,261 - BiLSTMMERGE - INFO - y_TRUE mm min/max: 0.0, 10.625
2025-11-28 22:14:58,261 - BiLSTMMERGE - INFO -  Gerando gráficos...
2025-11-28 22:14:58,513 - BiLSTMMERGE - INFO -  Gráficos gerados...
2025-11-28 22:14:58,513 - BiLSTMMERGE - INFO - ==========================================================================================
2025-11-28 22:14:58,513 - BiLSTMMERGE - INFO - Execução finalizada com sucesso.
2025-11-28 22:14:58,513 - BiLSTMMERGE - INFO - Dispositivo utilizado: cuda
2025-11-28 22:14:58,513 - BiLSTMMERGE - INFO - ==========================================================================================
2025-11-28 22:15:04,445 - ARIMA_MERGE - INFO - ==========================================================================================
2025-11-28 22:15:04,445 - ARIMA_MERGE - INFO - Iniciando script ARIMA MERGE.
2025-11-28 22:15:04,445 - ARIMA_MERGE - INFO - ==========================================================================================
2025-11-28 22:15:04,446 - ARIMA_MERGE - INFO - Tamanho treino: 10113 | teste: 30
2025-11-28 22:15:04,446 - ARIMA_MERGE - INFO - [FASE 4] Iniciando busca manual por hiperparâmetros (AIC).
2025-11-28 22:36:20,901 - ARIMA_MERGE - INFO - Melhor order encontrado: (30, 0, 2)
2025-11-28 22:36:20,902 - ARIMA_MERGE - INFO - Melhor AIC (treino): 67453.59
2025-11-28 22:36:20,902 - ARIMA_MERGE - INFO - Tempo da Fase 4: 1276.46s
2025-11-28 22:36:20,902 - ARIMA_MERGE - INFO - [FASE 5] Reajustando melhor modelo no conjunto de treino.
2025-11-28 22:43:15,402 - ARIMA_MERGE - INFO - Melhor modelo ajustado no treino.
2025-11-28 22:43:15,402 - ARIMA_MERGE - INFO - Tempo da Fase 5: 414.50s
2025-11-28 22:43:15,403 - ARIMA_MERGE - INFO - [FASE 6] Gerando previsões no conjunto de teste e avaliando métricas.
2025-11-28 22:43:15,419 - ARIMA_MERGE - INFO - RMSE: 6.7714
2025-11-28 22:43:15,419 - ARIMA_MERGE - INFO - MSE : 45.8525
2025-11-28 22:43:15,419 - ARIMA_MERGE - INFO - MAE : 3.4857
2025-11-28 22:43:15,419 - ARIMA_MERGE - INFO - CSI (thr=1.0 mm): 0.2725  [TP=2751, FP=7336, FN=7]
2025-11-28 22:43:15,420 - ARIMA_MERGE - INFO - [TREINO] RMSE=6.7714 | MSE=45.8525 | MAE=3.4857 | CSI=0.2725
2025-11-28 22:43:15,437 - ARIMA_MERGE - INFO - RMSE: 3.0039
2025-11-28 22:43:15,437 - ARIMA_MERGE - INFO - MSE : 9.0232
2025-11-28 22:43:15,437 - ARIMA_MERGE - INFO - MAE : 2.5756
2025-11-28 22:43:15,437 - ARIMA_MERGE - INFO - CSI (thr=1.0 mm): 0.2000  [TP=6, FP=24, FN=0]
2025-11-28 22:43:15,437 - ARIMA_MERGE - INFO - Tempo total da Fase 6: 0.03s
2025-11-28 22:43:15,437 - ARIMA_MERGE - INFO - [FASE 7] Salvando gráfico de previsão vs. observado.
2025-11-28 22:43:16,115 - ARIMA_MERGE - INFO - Gráfico salvo como 'arimaMERGE_result.png'.
2025-11-28 22:43:16,115 - ARIMA_MERGE - INFO - ==========================================================================================
2025-11-28 22:43:16,115 - ARIMA_MERGE - INFO - Execução ARIMA MERGE finalizada com sucesso.
2025-11-28 22:43:16,115 - ARIMA_MERGE - INFO - Tempo total de execução: 1691.67s
2025-11-28 22:43:16,115 - ARIMA_MERGE - INFO - ==========================================================================================
2025-11-28 22:43:22,028 - RANDOM_FOREST_MERGE - INFO - ====================================================================================================
2025-11-28 22:43:22,028 - RANDOM_FOREST_MERGE - INFO - Iniciando Random Forest MERGE com GridSearchCV.
2025-11-28 22:43:22,028 - RANDOM_FOREST_MERGE - INFO - ====================================================================================================
2025-11-28 22:43:22,028 - RANDOM_FOREST_MERGE - INFO - [FASE 3] Split treino/teste e preparação.
2025-11-28 22:43:22,033 - RANDOM_FOREST_MERGE - INFO - [FASE 3] Treino: X=(10083, 30), y=10083 | Teste: X=(30, 30), y=30
2025-11-28 22:43:22,033 - RANDOM_FOREST_MERGE - INFO - [FASE 3] Tempo: 0.01s
2025-11-28 22:43:22,033 - RANDOM_FOREST_MERGE - INFO - [FASE 4] Iniciando GridSearchCV (TimeSeriesSplit).
2025-11-28 22:45:23,474 - RANDOM_FOREST_MERGE - INFO - [FASE 4] GridSearchCV concluído em 121.44s
2025-11-28 22:45:23,474 - RANDOM_FOREST_MERGE - INFO - [FASE 4] Melhores parâmetros: {'max_depth': None, 'max_features': 'sqrt', 'min_samples_leaf': 4, 'min_samples_split': 10, 'n_estimators': 400}
2025-11-28 22:45:23,474 - RANDOM_FOREST_MERGE - INFO - [FASE 4] Melhor score (neg_MSE): -44.966315
2025-11-28 22:45:23,474 - RANDOM_FOREST_MERGE - INFO - [FASE 4] Tempo: 121.44s
2025-11-28 22:45:23,474 - RANDOM_FOREST_MERGE - INFO - [FASE 5] Treinando best_estimator_ no conjunto de treino.
2025-11-28 22:45:24,305 - RANDOM_FOREST_MERGE - INFO - [FASE 5] Tempo: 0.83s
2025-11-28 22:45:24,305 - RANDOM_FOREST_MERGE - INFO - [FASE 6] Previsão e cálculo de métricas.
2025-11-28 22:45:24,370 - RANDOM_FOREST_MERGE - INFO - RMSE: 5.1608
2025-11-28 22:45:24,370 - RANDOM_FOREST_MERGE - INFO - MSE : 26.6336
2025-11-28 22:45:24,370 - RANDOM_FOREST_MERGE - INFO - MAE : 2.5502
2025-11-28 22:45:24,370 - RANDOM_FOREST_MERGE - INFO - CSI (thr=1.0 mm): 0.3691  [TP=2706, FP=4580, FN=45]
2025-11-28 22:45:24,370 - RANDOM_FOREST_MERGE - INFO - [TREINO] RMSE=5.1608 | MSE=26.6336 | MAE=2.5502 | CSI=0.3691
2025-11-28 22:45:24,415 - RANDOM_FOREST_MERGE - INFO - y_pred raw min/max: 0.41135971849253317, 6.764372335906768
2025-11-28 22:45:24,415 - RANDOM_FOREST_MERGE - INFO - y_TRUE raw min/max: 0.0, 10.62500000066143
2025-11-28 22:45:24,415 - RANDOM_FOREST_MERGE - INFO - RMSE: 3.0398
2025-11-28 22:45:24,416 - RANDOM_FOREST_MERGE - INFO - MSE : 9.2406
2025-11-28 22:45:24,416 - RANDOM_FOREST_MERGE - INFO - MAE : 1.9900
2025-11-28 22:45:24,416 - RANDOM_FOREST_MERGE - INFO - CSI (thr=1.0 mm): 0.1905  [TP=4, FP=15, FN=2]
2025-11-28 22:45:24,416 - RANDOM_FOREST_MERGE - INFO - [FASE 7] Gerando gráficos.
2025-11-28 22:45:25,046 - RANDOM_FOREST_MERGE - INFO - Gráfico salvo como 'random_forest_MERGE.png'.
2025-11-28 22:45:25,046 - RANDOM_FOREST_MERGE - INFO - [FASE 7] Tempo: 0.63s
2025-11-28 22:45:25,046 - RANDOM_FOREST_MERGE - INFO - ====================================================================================================
2025-11-28 22:45:25,046 - RANDOM_FOREST_MERGE - INFO - Resumo Final
2025-11-28 22:45:25,046 - RANDOM_FOREST_MERGE - INFO - Melhores parâmetros: {'max_depth': None, 'max_features': 'sqrt', 'min_samples_leaf': 4, 'min_samples_split': 10, 'n_estimators': 400}
2025-11-28 22:45:25,046 - RANDOM_FOREST_MERGE - INFO - Tempo total de execução: 123.02s
2025-11-28 22:45:25,046 - RANDOM_FOREST_MERGE - INFO - ====================================================================================================
2025-11-28 22:45:30,645 - LSTMMERGE - INFO - ==========================================================================================
2025-11-28 22:45:30,645 - LSTMMERGE - INFO - Iniciando script LSTM (PyTorch) MERGE com suporte a GPU e logs detalhados.
2025-11-28 22:45:30,645 - LSTMMERGE - INFO - ==========================================================================================
2025-11-28 22:45:30,645 - LSTMMERGE - INFO - Iniciando experimento: lookback=30, hidden_dim=32, layers=2, lr=0.001, drop=0.5
2025-11-28 22:45:30,660 - LSTMMERGE - INFO - Shape treino: torch.Size([10082, 30, 1]), teste: torch.Size([30, 30, 1])
2025-11-28 22:45:30,683 - LSTMMERGE - INFO - Treinando por 500 épocas...
2025-11-28 22:45:31,485 - LSTMMERGE - INFO - [EXP] Época 1/500 - Loss: 50.953609
2025-11-28 22:46:10,637 - LSTMMERGE - INFO - [EXP] Época 50/500 - Loss: 44.138302
2025-11-28 22:46:50,583 - LSTMMERGE - INFO - [EXP] Época 100/500 - Loss: 34.045486
2025-11-28 22:47:30,520 - LSTMMERGE - INFO - [EXP] Época 150/500 - Loss: 18.164444
2025-11-28 22:48:10,469 - LSTMMERGE - INFO - [EXP] Época 200/500 - Loss: 14.728575
2025-11-28 22:48:50,341 - LSTMMERGE - INFO - [EXP] Época 250/500 - Loss: 10.807640
2025-11-28 22:49:22,439 - LSTMMERGE - INFO - [EXP] Época 300/500 - Loss: 21.064349
2025-11-28 22:49:50,627 - LSTMMERGE - INFO - [EXP] Época 350/500 - Loss: 7.813093
2025-11-28 22:50:19,300 - LSTMMERGE - INFO - [EXP] Época 400/500 - Loss: 6.675872
2025-11-28 22:51:32,495 - LSTMMERGE - INFO - [EXP] Época 450/500 - Loss: 5.831231
2025-11-28 22:52:00,847 - LSTMMERGE - INFO - [EXP] Época 500/500 - Loss: 13.863711
2025-11-28 22:52:00,847 - LSTMMERGE - INFO - Treinamento concluído em 6.50 minutos
2025-11-28 22:52:00,923 - LSTMMERGE - INFO - Calculando erro para o train
2025-11-28 22:52:00,924 - LSTMMERGE - INFO - RMSE: 2.5319
2025-11-28 22:52:00,924 - LSTMMERGE - INFO - MSE : 6.4103
2025-11-28 22:52:00,924 - LSTMMERGE - INFO - MAE : 1.3733
2025-11-28 22:52:00,924 - LSTMMERGE - INFO - CSI (thr=1.0 mm): 0.4324  [TP=2110, FP=2087, FN=683]
2025-11-28 22:52:00,924 - LSTMMERGE - INFO - train_pred TRAIN mm min/max: 0.0, 88.02273559570312
2025-11-28 22:52:00,924 - LSTMMERGE - INFO - train_TRUE TRAIN mm min/max: 0.0, 90.0625
2025-11-28 22:52:00,924 - LSTMMERGE - INFO -  Gerando gráficos TRAIN...
2025-11-28 22:52:01,394 - LSTMMERGE - INFO -  Gráficos gerados TRAIN ...
2025-11-28 22:52:01,394 - LSTMMERGE - INFO - Calculando erro para parte de teste
2025-11-28 22:52:01,394 - LSTMMERGE - INFO - RMSE: 4.2718
2025-11-28 22:52:01,394 - LSTMMERGE - INFO - MSE : 18.2485
2025-11-28 22:52:01,394 - LSTMMERGE - INFO - MAE : 2.1602
2025-11-28 22:52:01,394 - LSTMMERGE - INFO - CSI (thr=1.0 mm): 0.1818  [TP=2, FP=6, FN=3]
2025-11-28 22:52:01,394 - LSTMMERGE - INFO - y_pred mm min/max: 0.0, 20.50974464416504
2025-11-28 22:52:01,395 - LSTMMERGE - INFO - y_TRUE mm min/max: 0.0, 10.625
2025-11-28 22:52:01,395 - LSTMMERGE - INFO -  Gerando gráficos...
2025-11-28 22:52:01,771 - LSTMMERGE - INFO -  Gráficos gerados...
2025-11-28 22:52:01,771 - LSTMMERGE - INFO - ==========================================================================================
2025-11-28 22:52:01,771 - LSTMMERGE - INFO - Execução finalizada com sucesso.
2025-11-28 22:52:01,771 - LSTMMERGE - INFO - Dispositivo utilizado: cuda
2025-11-28 22:52:01,771 - LSTMMERGE - INFO - ==========================================================================================
2025-11-28 22:52:07,574 - BiLSTMMERGE - INFO - ==========================================================================================
2025-11-28 22:52:07,574 - BiLSTMMERGE - INFO - Iniciando script LSTM (PyTorch) MERGE com suporte a GPU e logs detalhados.
2025-11-28 22:52:07,574 - BiLSTMMERGE - INFO - ==========================================================================================
2025-11-28 22:52:07,575 - BiLSTMMERGE - INFO - Iniciando experimento: lookback=30, hidden_dim=32, layers=2, lr=0.001, drop=0.5
2025-11-28 22:52:07,585 - BiLSTMMERGE - INFO - Shape treino: torch.Size([10082, 30, 1]), teste: torch.Size([30, 30, 1])
2025-11-28 22:52:07,588 - BiLSTMMERGE - INFO - Treinando por 500 épocas...
2025-11-28 22:52:08,319 - BiLSTMMERGE - INFO - [EXP] Época 1/500 - Loss: 49.891673
2025-11-28 22:52:44,083 - BiLSTMMERGE - INFO - [EXP] Época 50/500 - Loss: 45.006822
2025-11-28 22:53:20,697 - BiLSTMMERGE - INFO - [EXP] Época 100/500 - Loss: 44.646746
2025-11-28 22:53:57,352 - BiLSTMMERGE - INFO - [EXP] Época 150/500 - Loss: 27.950545
2025-11-28 22:54:34,000 - BiLSTMMERGE - INFO - [EXP] Época 200/500 - Loss: 22.349906
2025-11-28 22:55:10,798 - BiLSTMMERGE - INFO - [EXP] Época 250/500 - Loss: 19.870478
2025-11-28 22:55:47,418 - BiLSTMMERGE - INFO - [EXP] Época 300/500 - Loss: 17.069686
2025-11-28 22:56:24,073 - BiLSTMMERGE - INFO - [EXP] Época 350/500 - Loss: 15.277574
2025-11-28 22:57:00,931 - BiLSTMMERGE - INFO - [EXP] Época 400/500 - Loss: 14.648194
2025-11-28 22:57:37,682 - BiLSTMMERGE - INFO - [EXP] Época 450/500 - Loss: 13.939062
2025-11-28 22:58:14,158 - BiLSTMMERGE - INFO - [EXP] Época 500/500 - Loss: 12.508212
2025-11-28 22:58:14,158 - BiLSTMMERGE - INFO - Treinamento concluído em 6.11 minutos
2025-11-28 22:58:14,245 - BiLSTMMERGE - INFO - Calculando erro para o train
2025-11-28 22:58:14,246 - BiLSTMMERGE - INFO - RMSE: 3.0707
2025-11-28 22:58:14,246 - BiLSTMMERGE - INFO - MSE : 9.4289
2025-11-28 22:58:14,246 - BiLSTMMERGE - INFO - MAE : 1.5126
2025-11-28 22:58:14,246 - BiLSTMMERGE - INFO - CSI (thr=1.0 mm): 0.4323  [TP=1982, FP=1792, FN=811]
2025-11-28 22:58:14,246 - BiLSTMMERGE - INFO - train_pred TRAIN mm min/max: 0.0, 87.28517150878906
2025-11-28 22:58:14,246 - BiLSTMMERGE - INFO - train_TRUE TRAIN mm min/max: 0.0, 90.0625
2025-11-28 22:58:14,246 - BiLSTMMERGE - INFO -  Gerando gráficos TRAIN...
2025-11-28 22:58:14,683 - BiLSTMMERGE - INFO -  Gráficos gerados TRAIN ...
2025-11-28 22:58:14,683 - BiLSTMMERGE - INFO - Calculando erro para parte de teste
2025-11-28 22:58:14,684 - BiLSTMMERGE - INFO - RMSE: 2.7211
2025-11-28 22:58:14,684 - BiLSTMMERGE - INFO - MSE : 7.4046
2025-11-28 22:58:14,684 - BiLSTMMERGE - INFO - MAE : 1.6180
2025-11-28 22:58:14,684 - BiLSTMMERGE - INFO - CSI (thr=1.0 mm): 0.1538  [TP=2, FP=8, FN=3]
2025-11-28 22:58:14,684 - BiLSTMMERGE - INFO - y_pred mm min/max: 0.0, 5.1633405685424805
2025-11-28 22:58:14,684 - BiLSTMMERGE - INFO - y_TRUE mm min/max: 0.0, 10.625
2025-11-28 22:58:14,684 - BiLSTMMERGE - INFO -  Gerando gráficos...
2025-11-28 22:58:14,957 - BiLSTMMERGE - INFO -  Gráficos gerados...
2025-11-28 22:58:14,958 - BiLSTMMERGE - INFO - ==========================================================================================
2025-11-28 22:58:14,958 - BiLSTMMERGE - INFO - Execução finalizada com sucesso.
2025-11-28 22:58:14,958 - BiLSTMMERGE - INFO - Dispositivo utilizado: cuda
2025-11-28 22:58:14,958 - BiLSTMMERGE - INFO - ==========================================================================================
2025-11-28 22:58:21,023 - LSTMMERGE - INFO - ==========================================================================================
2025-11-28 22:58:21,023 - LSTMMERGE - INFO - Iniciando script LSTM (PyTorch) MERGE com suporte a GPU e logs detalhados.
2025-11-28 22:58:21,023 - LSTMMERGE - INFO - ==========================================================================================
2025-11-28 22:58:21,024 - LSTMMERGE - INFO - Iniciando experimento: lookback=30, hidden_dim=64, layers=2, lr=0.001, drop=0.5
2025-11-28 22:58:21,032 - LSTMMERGE - INFO - Shape treino: torch.Size([10082, 30, 1]), teste: torch.Size([30, 30, 1])
2025-11-28 22:58:21,033 - LSTMMERGE - INFO - Treinando por 500 épocas...
2025-11-28 22:58:21,592 - LSTMMERGE - INFO - [EXP] Época 1/500 - Loss: 50.481594
2025-11-28 22:58:48,423 - LSTMMERGE - INFO - [EXP] Época 50/500 - Loss: 32.402406
2025-11-28 22:59:15,538 - LSTMMERGE - INFO - [EXP] Época 100/500 - Loss: 13.206365
2025-11-28 22:59:42,662 - LSTMMERGE - INFO - [EXP] Época 150/500 - Loss: 7.524147
2025-11-28 23:00:10,340 - LSTMMERGE - INFO - [EXP] Época 200/500 - Loss: 5.611452
2025-11-28 23:00:38,320 - LSTMMERGE - INFO - [EXP] Época 250/500 - Loss: 2.175582
2025-11-28 23:01:06,290 - LSTMMERGE - INFO - [EXP] Época 300/500 - Loss: 1.277855
2025-11-28 23:01:34,244 - LSTMMERGE - INFO - [EXP] Época 350/500 - Loss: 0.944932
2025-11-28 23:02:02,146 - LSTMMERGE - INFO - [EXP] Época 400/500 - Loss: 0.747148
2025-11-28 23:02:30,143 - LSTMMERGE - INFO - [EXP] Época 450/500 - Loss: 4.148687
2025-11-28 23:02:58,005 - LSTMMERGE - INFO - [EXP] Época 500/500 - Loss: 1.356985
2025-11-28 23:02:58,005 - LSTMMERGE - INFO - Treinamento concluído em 4.62 minutos
2025-11-28 23:02:58,079 - LSTMMERGE - INFO - Calculando erro para o train
2025-11-28 23:02:58,079 - LSTMMERGE - INFO - RMSE: 0.6094
2025-11-28 23:02:58,080 - LSTMMERGE - INFO - MSE : 0.3714
2025-11-28 23:02:58,080 - LSTMMERGE - INFO - MAE : 0.3280
2025-11-28 23:02:58,080 - LSTMMERGE - INFO - CSI (thr=1.0 mm): 0.8300  [TP=2538, FP=265, FN=255]
2025-11-28 23:02:58,080 - LSTMMERGE - INFO - train_pred TRAIN mm min/max: 0.0, 89.74559783935547
2025-11-28 23:02:58,080 - LSTMMERGE - INFO - train_TRUE TRAIN mm min/max: 0.0, 90.0625
2025-11-28 23:02:58,080 - LSTMMERGE - INFO -  Gerando gráficos TRAIN...
2025-11-28 23:02:58,485 - LSTMMERGE - INFO -  Gráficos gerados TRAIN ...
2025-11-28 23:02:58,485 - LSTMMERGE - INFO - Calculando erro para parte de teste
2025-11-28 23:02:58,485 - LSTMMERGE - INFO - RMSE: 4.8251
2025-11-28 23:02:58,485 - LSTMMERGE - INFO - MSE : 23.2814
2025-11-28 23:02:58,485 - LSTMMERGE - INFO - MAE : 3.2706
2025-11-28 23:02:58,486 - LSTMMERGE - INFO - CSI (thr=1.0 mm): 0.1111  [TP=2, FP=13, FN=3]
2025-11-28 23:02:58,486 - LSTMMERGE - INFO - y_pred mm min/max: 0.0, 12.375496864318848
2025-11-28 23:02:58,486 - LSTMMERGE - INFO - y_TRUE mm min/max: 0.0, 10.625
2025-11-28 23:02:58,486 - LSTMMERGE - INFO -  Gerando gráficos...
2025-11-28 23:02:58,774 - LSTMMERGE - INFO -  Gráficos gerados...
2025-11-28 23:02:58,774 - LSTMMERGE - INFO - ==========================================================================================
2025-11-28 23:02:58,774 - LSTMMERGE - INFO - Execução finalizada com sucesso.
2025-11-28 23:02:58,774 - LSTMMERGE - INFO - Dispositivo utilizado: cuda
2025-11-28 23:02:58,774 - LSTMMERGE - INFO - ==========================================================================================
2025-11-28 23:03:04,410 - BiLSTMMERGE - INFO - ==========================================================================================
2025-11-28 23:03:04,410 - BiLSTMMERGE - INFO - Iniciando script LSTM (PyTorch) MERGE com suporte a GPU e logs detalhados.
2025-11-28 23:03:04,410 - BiLSTMMERGE - INFO - ==========================================================================================
2025-11-28 23:03:04,411 - BiLSTMMERGE - INFO - Iniciando experimento: lookback=30, hidden_dim=64, layers=2, lr=0.001, drop=0.5
2025-11-28 23:03:04,421 - BiLSTMMERGE - INFO - Shape treino: torch.Size([10082, 30, 1]), teste: torch.Size([30, 30, 1])
2025-11-28 23:03:04,424 - BiLSTMMERGE - INFO - Treinando por 500 épocas...
2025-11-28 23:03:05,152 - BiLSTMMERGE - INFO - [EXP] Época 1/500 - Loss: 49.307948
2025-11-28 23:03:41,358 - BiLSTMMERGE - INFO - [EXP] Época 50/500 - Loss: 33.147312
2025-11-28 23:04:18,093 - BiLSTMMERGE - INFO - [EXP] Época 100/500 - Loss: 17.538778
2025-11-28 23:04:54,846 - BiLSTMMERGE - INFO - [EXP] Época 150/500 - Loss: 11.525746
2025-11-28 23:05:31,609 - BiLSTMMERGE - INFO - [EXP] Época 200/500 - Loss: 9.782101
2025-11-28 23:06:08,373 - BiLSTMMERGE - INFO - [EXP] Época 250/500 - Loss: 6.304293
2025-11-28 23:06:45,133 - BiLSTMMERGE - INFO - [EXP] Época 300/500 - Loss: 4.840904
2025-11-28 23:07:21,761 - BiLSTMMERGE - INFO - [EXP] Época 350/500 - Loss: 4.925453
2025-11-28 23:07:57,746 - BiLSTMMERGE - INFO - [EXP] Época 400/500 - Loss: 3.554932
2025-11-28 23:08:34,567 - BiLSTMMERGE - INFO - [EXP] Época 450/500 - Loss: 3.796851
2025-11-28 23:09:11,106 - BiLSTMMERGE - INFO - [EXP] Época 500/500 - Loss: 3.577652
2025-11-28 23:09:11,106 - BiLSTMMERGE - INFO - Treinamento concluído em 6.11 minutos
2025-11-28 23:09:11,232 - BiLSTMMERGE - INFO - Calculando erro para o train
2025-11-28 23:09:11,232 - BiLSTMMERGE - INFO - RMSE: 1.3509
2025-11-28 23:09:11,232 - BiLSTMMERGE - INFO - MSE : 1.8250
2025-11-28 23:09:11,232 - BiLSTMMERGE - INFO - MAE : 0.6432
2025-11-28 23:09:11,232 - BiLSTMMERGE - INFO - CSI (thr=1.0 mm): 0.6648  [TP=2108, FP=378, FN=685]
2025-11-28 23:09:11,232 - BiLSTMMERGE - INFO - train_pred TRAIN mm min/max: 0.0, 86.76372528076172
2025-11-28 23:09:11,233 - BiLSTMMERGE - INFO - train_TRUE TRAIN mm min/max: 0.0, 90.0625
2025-11-28 23:09:11,233 - BiLSTMMERGE - INFO -  Gerando gráficos TRAIN...
2025-11-28 23:09:11,698 - BiLSTMMERGE - INFO -  Gráficos gerados TRAIN ...
2025-11-28 23:09:11,698 - BiLSTMMERGE - INFO - Calculando erro para parte de teste
2025-11-28 23:09:11,699 - BiLSTMMERGE - INFO - RMSE: 3.5874
2025-11-28 23:09:11,699 - BiLSTMMERGE - INFO - MSE : 12.8692
2025-11-28 23:09:11,699 - BiLSTMMERGE - INFO - MAE : 1.7788
2025-11-28 23:09:11,699 - BiLSTMMERGE - INFO - CSI (thr=1.0 mm): 0.1250  [TP=1, FP=3, FN=4]
2025-11-28 23:09:11,699 - BiLSTMMERGE - INFO - y_pred mm min/max: 0.0, 9.531059265136719
2025-11-28 23:09:11,699 - BiLSTMMERGE - INFO - y_TRUE mm min/max: 0.0, 10.625
2025-11-28 23:09:11,699 - BiLSTMMERGE - INFO -  Gerando gráficos...
2025-11-28 23:09:11,976 - BiLSTMMERGE - INFO -  Gráficos gerados...
2025-11-28 23:09:11,976 - BiLSTMMERGE - INFO - ==========================================================================================
2025-11-28 23:09:11,977 - BiLSTMMERGE - INFO - Execução finalizada com sucesso.
2025-11-28 23:09:11,977 - BiLSTMMERGE - INFO - Dispositivo utilizado: cuda
2025-11-28 23:09:11,977 - BiLSTMMERGE - INFO - ==========================================================================================
2025-11-28 23:09:18,100 - LSTMMERGE - INFO - ==========================================================================================
2025-11-28 23:09:18,100 - LSTMMERGE - INFO - Iniciando script LSTM (PyTorch) MERGE com suporte a GPU e logs detalhados.
2025-11-28 23:09:18,101 - LSTMMERGE - INFO - ==========================================================================================
2025-11-28 23:09:18,101 - LSTMMERGE - INFO - Iniciando experimento: lookback=30, hidden_dim=128, layers=2, lr=0.001, drop=0.5
2025-11-28 23:09:18,109 - LSTMMERGE - INFO - Shape treino: torch.Size([10082, 30, 1]), teste: torch.Size([30, 30, 1])
2025-11-28 23:09:18,112 - LSTMMERGE - INFO - Treinando por 500 épocas...
2025-11-28 23:09:18,674 - LSTMMERGE - INFO - [EXP] Época 1/500 - Loss: 49.512845
2025-11-28 23:09:46,274 - LSTMMERGE - INFO - [EXP] Época 50/500 - Loss: 21.121264
2025-11-28 23:10:14,650 - LSTMMERGE - INFO - [EXP] Época 100/500 - Loss: 4.581832
2025-11-28 23:10:42,872 - LSTMMERGE - INFO - [EXP] Época 150/500 - Loss: 1.189391
2025-11-28 23:11:11,206 - LSTMMERGE - INFO - [EXP] Época 200/500 - Loss: 0.647667
2025-11-28 23:11:39,453 - LSTMMERGE - INFO - [EXP] Época 250/500 - Loss: 3.284964
2025-11-28 23:12:07,698 - LSTMMERGE - INFO - [EXP] Época 300/500 - Loss: 0.476599
2025-11-28 23:12:35,517 - LSTMMERGE - INFO - [EXP] Época 350/500 - Loss: 0.638637
2025-11-28 23:13:03,374 - LSTMMERGE - INFO - [EXP] Época 400/500 - Loss: 0.445991
2025-11-28 23:13:31,570 - LSTMMERGE - INFO - [EXP] Época 450/500 - Loss: 0.386686
2025-11-28 23:13:59,643 - LSTMMERGE - INFO - [EXP] Época 500/500 - Loss: 1.181657
2025-11-28 23:13:59,644 - LSTMMERGE - INFO - Treinamento concluído em 4.69 minutos
2025-11-28 23:13:59,812 - LSTMMERGE - INFO - Calculando erro para o train
2025-11-28 23:13:59,812 - LSTMMERGE - INFO - RMSE: 0.5729
2025-11-28 23:13:59,812 - LSTMMERGE - INFO - MSE : 0.3282
2025-11-28 23:13:59,812 - LSTMMERGE - INFO - MAE : 0.2847
2025-11-28 23:13:59,813 - LSTMMERGE - INFO - CSI (thr=1.0 mm): 0.8754  [TP=2642, FP=225, FN=151]
2025-11-28 23:13:59,813 - LSTMMERGE - INFO - train_pred TRAIN mm min/max: 0.0, 90.09217834472656
2025-11-28 23:13:59,813 - LSTMMERGE - INFO - train_TRUE TRAIN mm min/max: 0.0, 90.0625
2025-11-28 23:13:59,813 - LSTMMERGE - INFO -  Gerando gráficos TRAIN...
2025-11-28 23:14:00,315 - LSTMMERGE - INFO -  Gráficos gerados TRAIN ...
2025-11-28 23:14:00,315 - LSTMMERGE - INFO - Calculando erro para parte de teste
2025-11-28 23:14:00,316 - LSTMMERGE - INFO - RMSE: 2.7517
2025-11-28 23:14:00,316 - LSTMMERGE - INFO - MSE : 7.5721
2025-11-28 23:14:00,316 - LSTMMERGE - INFO - MAE : 1.4870
2025-11-28 23:14:00,316 - LSTMMERGE - INFO - CSI (thr=1.0 mm): 0.2500  [TP=3, FP=7, FN=2]
2025-11-28 23:14:00,316 - LSTMMERGE - INFO - y_pred mm min/max: 0.0, 6.011846542358398
2025-11-28 23:14:00,316 - LSTMMERGE - INFO - y_TRUE mm min/max: 0.0, 10.625
2025-11-28 23:14:00,316 - LSTMMERGE - INFO -  Gerando gráficos...
2025-11-28 23:14:00,654 - LSTMMERGE - INFO -  Gráficos gerados...
2025-11-28 23:14:00,654 - LSTMMERGE - INFO - ==========================================================================================
2025-11-28 23:14:00,654 - LSTMMERGE - INFO - Execução finalizada com sucesso.
2025-11-28 23:14:00,654 - LSTMMERGE - INFO - Dispositivo utilizado: cuda
2025-11-28 23:14:00,654 - LSTMMERGE - INFO - ==========================================================================================
2025-11-28 23:14:06,359 - BiLSTMMERGE - INFO - ==========================================================================================
2025-11-28 23:14:06,360 - BiLSTMMERGE - INFO - Iniciando script LSTM (PyTorch) MERGE com suporte a GPU e logs detalhados.
2025-11-28 23:14:06,360 - BiLSTMMERGE - INFO - ==========================================================================================
2025-11-28 23:14:06,360 - BiLSTMMERGE - INFO - Iniciando experimento: lookback=30, hidden_dim=128, layers=2, lr=0.001, drop=0.5
2025-11-28 23:14:06,370 - BiLSTMMERGE - INFO - Shape treino: torch.Size([10082, 30, 1]), teste: torch.Size([30, 30, 1])
2025-11-28 23:14:06,376 - BiLSTMMERGE - INFO - Treinando por 500 épocas...
2025-11-28 23:14:07,136 - BiLSTMMERGE - INFO - [EXP] Época 1/500 - Loss: 48.738524
2025-11-28 23:14:43,840 - BiLSTMMERGE - INFO - [EXP] Época 50/500 - Loss: 27.575225
2025-11-28 23:15:21,254 - BiLSTMMERGE - INFO - [EXP] Época 100/500 - Loss: 9.662381
2025-11-28 23:15:58,675 - BiLSTMMERGE - INFO - [EXP] Época 150/500 - Loss: 4.096690
2025-11-28 23:16:36,148 - BiLSTMMERGE - INFO - [EXP] Época 200/500 - Loss: 2.709692
2025-11-28 23:17:13,779 - BiLSTMMERGE - INFO - [EXP] Época 250/500 - Loss: 3.551666
2025-11-28 23:17:51,274 - BiLSTMMERGE - INFO - [EXP] Época 300/500 - Loss: 1.736020
2025-11-28 23:18:29,033 - BiLSTMMERGE - INFO - [EXP] Época 350/500 - Loss: 1.918031
2025-11-28 23:19:06,677 - BiLSTMMERGE - INFO - [EXP] Época 400/500 - Loss: 1.522899
2025-11-28 23:19:44,298 - BiLSTMMERGE - INFO - [EXP] Época 450/500 - Loss: 2.217231
2025-11-28 23:20:21,939 - BiLSTMMERGE - INFO - [EXP] Época 500/500 - Loss: 1.313163
2025-11-28 23:20:21,939 - BiLSTMMERGE - INFO - Treinamento concluído em 6.26 minutos
2025-11-28 23:20:22,257 - BiLSTMMERGE - INFO - Calculando erro para o train
2025-11-28 23:20:22,258 - BiLSTMMERGE - INFO - RMSE: 0.6381
2025-11-28 23:20:22,258 - BiLSTMMERGE - INFO - MSE : 0.4072
2025-11-28 23:20:22,258 - BiLSTMMERGE - INFO - MAE : 0.2722
2025-11-28 23:20:22,258 - BiLSTMMERGE - INFO - CSI (thr=1.0 mm): 0.8904  [TP=2510, FP=26, FN=283]
2025-11-28 23:20:22,258 - BiLSTMMERGE - INFO - train_pred TRAIN mm min/max: 0.0, 87.46747589111328
2025-11-28 23:20:22,258 - BiLSTMMERGE - INFO - train_TRUE TRAIN mm min/max: 0.0, 90.0625
2025-11-28 23:20:22,258 - BiLSTMMERGE - INFO -  Gerando gráficos TRAIN...
2025-11-28 23:20:22,699 - BiLSTMMERGE - INFO -  Gráficos gerados TRAIN ...
2025-11-28 23:20:22,699 - BiLSTMMERGE - INFO - Calculando erro para parte de teste
2025-11-28 23:20:22,700 - BiLSTMMERGE - INFO - RMSE: 2.6706
2025-11-28 23:20:22,700 - BiLSTMMERGE - INFO - MSE : 7.1322
2025-11-28 23:20:22,700 - BiLSTMMERGE - INFO - MAE : 1.0978
2025-11-28 23:20:22,700 - BiLSTMMERGE - INFO - CSI (thr=1.0 mm): 0.1250  [TP=1, FP=3, FN=4]
2025-11-28 23:20:22,700 - BiLSTMMERGE - INFO - y_pred mm min/max: 0.0, 3.9611549377441406
2025-11-28 23:20:22,700 - BiLSTMMERGE - INFO - y_TRUE mm min/max: 0.0, 10.625
2025-11-28 23:20:22,700 - BiLSTMMERGE - INFO -  Gerando gráficos...
2025-11-28 23:20:22,961 - BiLSTMMERGE - INFO -  Gráficos gerados...
2025-11-28 23:20:22,961 - BiLSTMMERGE - INFO - ==========================================================================================
2025-11-28 23:20:22,961 - BiLSTMMERGE - INFO - Execução finalizada com sucesso.
2025-11-28 23:20:22,961 - BiLSTMMERGE - INFO - Dispositivo utilizado: cuda
2025-11-28 23:20:22,961 - BiLSTMMERGE - INFO - ==========================================================================================
2025-11-28 23:20:29,033 - LSTMMERGE - INFO - ==========================================================================================
2025-11-28 23:20:29,033 - LSTMMERGE - INFO - Iniciando script LSTM (PyTorch) MERGE com suporte a GPU e logs detalhados.
2025-11-28 23:20:29,033 - LSTMMERGE - INFO - ==========================================================================================
2025-11-28 23:20:29,033 - LSTMMERGE - INFO - Iniciando experimento: lookback=30, hidden_dim=256, layers=2, lr=0.001, drop=0.5
2025-11-28 23:20:29,044 - LSTMMERGE - INFO - Shape treino: torch.Size([10082, 30, 1]), teste: torch.Size([30, 30, 1])
2025-11-28 23:20:29,049 - LSTMMERGE - INFO - Treinando por 500 épocas...
2025-11-28 23:20:29,973 - LSTMMERGE - INFO - [EXP] Época 1/500 - Loss: 49.555743
2025-11-28 23:21:14,865 - LSTMMERGE - INFO - [EXP] Época 50/500 - Loss: 18.700938
2025-11-28 23:22:01,196 - LSTMMERGE - INFO - [EXP] Época 100/500 - Loss: 2.665790
2025-11-28 23:22:47,069 - LSTMMERGE - INFO - [EXP] Época 150/500 - Loss: 0.649103
2025-11-28 23:23:32,975 - LSTMMERGE - INFO - [EXP] Época 200/500 - Loss: 0.311374
2025-11-28 23:24:18,995 - LSTMMERGE - INFO - [EXP] Época 250/500 - Loss: 0.387911
2025-11-28 23:25:04,882 - LSTMMERGE - INFO - [EXP] Época 300/500 - Loss: 0.609284
2025-11-28 23:25:50,988 - LSTMMERGE - INFO - [EXP] Época 350/500 - Loss: 0.651600
2025-11-28 23:26:37,359 - LSTMMERGE - INFO - [EXP] Época 400/500 - Loss: 0.208112
2025-11-28 23:27:24,134 - LSTMMERGE - INFO - [EXP] Época 450/500 - Loss: 0.148711
2025-11-28 23:28:10,717 - LSTMMERGE - INFO - [EXP] Época 500/500 - Loss: 0.159469
2025-11-28 23:28:10,717 - LSTMMERGE - INFO - Treinamento concluído em 7.69 minutos
2025-11-28 23:28:11,010 - LSTMMERGE - INFO - Calculando erro para o train
2025-11-28 23:28:11,038 - LSTMMERGE - INFO - RMSE: 0.1948
2025-11-28 23:28:11,038 - LSTMMERGE - INFO - MSE : 0.0379
2025-11-28 23:28:11,038 - LSTMMERGE - INFO - MAE : 0.0966
2025-11-28 23:28:11,038 - LSTMMERGE - INFO - CSI (thr=1.0 mm): 0.9684  [TP=2725, FP=21, FN=68]
2025-11-28 23:28:11,038 - LSTMMERGE - INFO - train_pred TRAIN mm min/max: 0.0, 90.32794189453125
2025-11-28 23:28:11,038 - LSTMMERGE - INFO - train_TRUE TRAIN mm min/max: 0.0, 90.0625
2025-11-28 23:28:11,038 - LSTMMERGE - INFO -  Gerando gráficos TRAIN...
2025-11-28 23:28:11,542 - LSTMMERGE - INFO -  Gráficos gerados TRAIN ...
2025-11-28 23:28:11,542 - LSTMMERGE - INFO - Calculando erro para parte de teste
2025-11-28 23:28:11,542 - LSTMMERGE - INFO - RMSE: 3.3787
2025-11-28 23:28:11,543 - LSTMMERGE - INFO - MSE : 11.4154
2025-11-28 23:28:11,543 - LSTMMERGE - INFO - MAE : 1.9798
2025-11-28 23:28:11,543 - LSTMMERGE - INFO - CSI (thr=1.0 mm): 0.0769  [TP=1, FP=8, FN=4]
2025-11-28 23:28:11,543 - LSTMMERGE - INFO - y_pred mm min/max: 0.0, 7.637742519378662
2025-11-28 23:28:11,543 - LSTMMERGE - INFO - y_TRUE mm min/max: 0.0, 10.625
2025-11-28 23:28:11,543 - LSTMMERGE - INFO -  Gerando gráficos...
2025-11-28 23:28:11,830 - LSTMMERGE - INFO -  Gráficos gerados...
2025-11-28 23:28:11,830 - LSTMMERGE - INFO - ==========================================================================================
2025-11-28 23:28:11,830 - LSTMMERGE - INFO - Execução finalizada com sucesso.
2025-11-28 23:28:11,831 - LSTMMERGE - INFO - Dispositivo utilizado: cuda
2025-11-28 23:28:11,831 - LSTMMERGE - INFO - ==========================================================================================
2025-11-28 23:28:17,587 - BiLSTMMERGE - INFO - ==========================================================================================
2025-11-28 23:28:17,587 - BiLSTMMERGE - INFO - Iniciando script LSTM (PyTorch) MERGE com suporte a GPU e logs detalhados.
2025-11-28 23:28:17,587 - BiLSTMMERGE - INFO - ==========================================================================================
2025-11-28 23:28:17,587 - BiLSTMMERGE - INFO - Iniciando experimento: lookback=30, hidden_dim=256, layers=2, lr=0.001, drop=0.5
2025-11-28 23:28:17,626 - BiLSTMMERGE - INFO - Shape treino: torch.Size([10082, 30, 1]), teste: torch.Size([30, 30, 1])
2025-11-28 23:28:17,643 - BiLSTMMERGE - INFO - Treinando por 500 épocas...
2025-11-28 23:28:19,126 - BiLSTMMERGE - INFO - [EXP] Época 1/500 - Loss: 48.861913
2025-11-28 23:29:31,779 - BiLSTMMERGE - INFO - [EXP] Época 50/500 - Loss: 26.257338
2025-11-28 23:30:45,354 - BiLSTMMERGE - INFO - [EXP] Época 100/500 - Loss: 6.522430
2025-11-28 23:31:58,899 - BiLSTMMERGE - INFO - [EXP] Época 150/500 - Loss: 5.193697
2025-11-28 23:33:12,553 - BiLSTMMERGE - INFO - [EXP] Época 200/500 - Loss: 1.811802
2025-11-28 23:34:26,254 - BiLSTMMERGE - INFO - [EXP] Época 250/500 - Loss: 1.379503
2025-11-28 23:35:39,864 - BiLSTMMERGE - INFO - [EXP] Época 300/500 - Loss: 1.926598
2025-11-28 23:36:53,372 - BiLSTMMERGE - INFO - [EXP] Época 350/500 - Loss: 1.080976
2025-11-28 23:38:06,958 - BiLSTMMERGE - INFO - [EXP] Época 400/500 - Loss: 0.982879
2025-11-28 23:39:20,466 - BiLSTMMERGE - INFO - [EXP] Época 450/500 - Loss: 0.914835
2025-11-28 23:40:33,880 - BiLSTMMERGE - INFO - [EXP] Época 500/500 - Loss: 1.242576
2025-11-28 23:40:33,881 - BiLSTMMERGE - INFO - Treinamento concluído em 12.27 minutos
2025-11-28 23:40:34,299 - BiLSTMMERGE - INFO - Calculando erro para o train
2025-11-28 23:40:34,300 - BiLSTMMERGE - INFO - RMSE: 0.7085
2025-11-28 23:40:34,300 - BiLSTMMERGE - INFO - MSE : 0.5020
2025-11-28 23:40:34,300 - BiLSTMMERGE - INFO - MAE : 0.2975
2025-11-28 23:40:34,300 - BiLSTMMERGE - INFO - CSI (thr=1.0 mm): 0.8778  [TP=2535, FP=95, FN=258]
2025-11-28 23:40:34,300 - BiLSTMMERGE - INFO - train_pred TRAIN mm min/max: 0.0, 88.21659088134766
2025-11-28 23:40:34,300 - BiLSTMMERGE - INFO - train_TRUE TRAIN mm min/max: 0.0, 90.0625
2025-11-28 23:40:34,300 - BiLSTMMERGE - INFO -  Gerando gráficos TRAIN...
2025-11-28 23:40:34,671 - BiLSTMMERGE - INFO -  Gráficos gerados TRAIN ...
2025-11-28 23:40:34,671 - BiLSTMMERGE - INFO - Calculando erro para parte de teste
2025-11-28 23:40:34,672 - BiLSTMMERGE - INFO - RMSE: 2.9874
2025-11-28 23:40:34,672 - BiLSTMMERGE - INFO - MSE : 8.9244
2025-11-28 23:40:34,672 - BiLSTMMERGE - INFO - MAE : 1.5633
2025-11-28 23:40:34,672 - BiLSTMMERGE - INFO - CSI (thr=1.0 mm): 0.1667  [TP=2, FP=7, FN=3]
2025-11-28 23:40:34,672 - BiLSTMMERGE - INFO - y_pred mm min/max: 0.0, 6.387246608734131
2025-11-28 23:40:34,672 - BiLSTMMERGE - INFO - y_TRUE mm min/max: 0.0, 10.625
2025-11-28 23:40:34,672 - BiLSTMMERGE - INFO -  Gerando gráficos...
2025-11-28 23:40:34,931 - BiLSTMMERGE - INFO -  Gráficos gerados...
2025-11-28 23:40:34,932 - BiLSTMMERGE - INFO - ==========================================================================================
2025-11-28 23:40:34,932 - BiLSTMMERGE - INFO - Execução finalizada com sucesso.
2025-11-28 23:40:34,932 - BiLSTMMERGE - INFO - Dispositivo utilizado: cuda
2025-11-28 23:40:34,932 - BiLSTMMERGE - INFO - ==========================================================================================
2025-11-28 23:40:40,881 - ARIMA_MERGE - INFO - ==========================================================================================
2025-11-28 23:40:40,881 - ARIMA_MERGE - INFO - Iniciando script ARIMA MERGE.
2025-11-28 23:40:40,882 - ARIMA_MERGE - INFO - ==========================================================================================
2025-11-28 23:40:40,882 - ARIMA_MERGE - INFO - Tamanho treino: 10113 | teste: 30
2025-11-28 23:40:40,882 - ARIMA_MERGE - INFO - [FASE 4] Iniciando busca manual por hiperparâmetros (AIC).
2025-11-29 00:00:46,481 - ARIMA_MERGE - INFO - Melhor order encontrado: (30, 0, 2)
2025-11-29 00:00:46,526 - ARIMA_MERGE - INFO - Melhor AIC (treino): 67453.59
2025-11-29 00:00:46,526 - ARIMA_MERGE - INFO - Tempo da Fase 4: 1205.64s
2025-11-29 00:00:46,526 - ARIMA_MERGE - INFO - [FASE 5] Reajustando melhor modelo no conjunto de treino.
2025-11-29 00:07:28,262 - ARIMA_MERGE - INFO - Melhor modelo ajustado no treino.
2025-11-29 00:07:28,263 - ARIMA_MERGE - INFO - Tempo da Fase 5: 401.74s
2025-11-29 00:07:28,263 - ARIMA_MERGE - INFO - [FASE 6] Gerando previsões no conjunto de teste e avaliando métricas.
2025-11-29 00:07:28,682 - ARIMA_MERGE - INFO - RMSE: 6.7714
2025-11-29 00:07:28,682 - ARIMA_MERGE - INFO - MSE : 45.8525
2025-11-29 00:07:28,682 - ARIMA_MERGE - INFO - MAE : 3.4857
2025-11-29 00:07:28,682 - ARIMA_MERGE - INFO - CSI (thr=1.0 mm): 0.2725  [TP=2751, FP=7336, FN=7]
2025-11-29 00:07:28,682 - ARIMA_MERGE - INFO - [TREINO] RMSE=6.7714 | MSE=45.8525 | MAE=3.4857 | CSI=0.2725
2025-11-29 00:07:28,843 - ARIMA_MERGE - INFO - RMSE: 3.0039
2025-11-29 00:07:28,843 - ARIMA_MERGE - INFO - MSE : 9.0232
2025-11-29 00:07:28,843 - ARIMA_MERGE - INFO - MAE : 2.5756
2025-11-29 00:07:28,843 - ARIMA_MERGE - INFO - CSI (thr=1.0 mm): 0.2000  [TP=6, FP=24, FN=0]
2025-11-29 00:07:28,843 - ARIMA_MERGE - INFO - Tempo total da Fase 6: 0.58s
2025-11-29 00:07:28,843 - ARIMA_MERGE - INFO - [FASE 7] Salvando gráfico de previsão vs. observado.
2025-11-29 00:07:30,611 - ARIMA_MERGE - INFO - Gráfico salvo como 'arimaMERGE_result.png'.
2025-11-29 00:07:30,611 - ARIMA_MERGE - INFO - ==========================================================================================
2025-11-29 00:07:30,611 - ARIMA_MERGE - INFO - Execução ARIMA MERGE finalizada com sucesso.
2025-11-29 00:07:30,611 - ARIMA_MERGE - INFO - Tempo total de execução: 1609.73s
2025-11-29 00:07:30,611 - ARIMA_MERGE - INFO - ==========================================================================================
2025-11-29 00:07:37,601 - RANDOM_FOREST_MERGE - INFO - ====================================================================================================
2025-11-29 00:07:37,611 - RANDOM_FOREST_MERGE - INFO - Iniciando Random Forest MERGE com GridSearchCV.
2025-11-29 00:07:37,611 - RANDOM_FOREST_MERGE - INFO - ====================================================================================================
2025-11-29 00:07:37,611 - RANDOM_FOREST_MERGE - INFO - [FASE 3] Split treino/teste e preparação.
2025-11-29 00:07:37,646 - RANDOM_FOREST_MERGE - INFO - [FASE 3] Treino: X=(10083, 30), y=10083 | Teste: X=(30, 30), y=30
2025-11-29 00:07:37,646 - RANDOM_FOREST_MERGE - INFO - [FASE 3] Tempo: 0.03s
2025-11-29 00:07:37,646 - RANDOM_FOREST_MERGE - INFO - [FASE 4] Iniciando GridSearchCV (TimeSeriesSplit).
2025-11-29 00:10:13,637 - RANDOM_FOREST_MERGE - INFO - [FASE 4] GridSearchCV concluído em 155.69s
2025-11-29 00:10:13,665 - RANDOM_FOREST_MERGE - INFO - [FASE 4] Melhores parâmetros: {'max_depth': None, 'max_features': 'sqrt', 'min_samples_leaf': 4, 'min_samples_split': 10, 'n_estimators': 400}
2025-11-29 00:10:13,665 - RANDOM_FOREST_MERGE - INFO - [FASE 4] Melhor score (neg_MSE): -44.966315
2025-11-29 00:10:13,676 - RANDOM_FOREST_MERGE - INFO - [FASE 4] Tempo: 156.03s
2025-11-29 00:10:13,677 - RANDOM_FOREST_MERGE - INFO - [FASE 5] Treinando best_estimator_ no conjunto de treino.
2025-11-29 00:12:06,126 - RANDOM_FOREST_MERGE - INFO - [FASE 5] Tempo: 112.45s
2025-11-29 00:12:06,127 - RANDOM_FOREST_MERGE - INFO - [FASE 6] Previsão e cálculo de métricas.
2025-11-29 00:12:06,298 - RANDOM_FOREST_MERGE - INFO - RMSE: 5.1608
2025-11-29 00:12:06,298 - RANDOM_FOREST_MERGE - INFO - MSE : 26.6336
2025-11-29 00:12:06,298 - RANDOM_FOREST_MERGE - INFO - MAE : 2.5502
2025-11-29 00:12:06,298 - RANDOM_FOREST_MERGE - INFO - CSI (thr=1.0 mm): 0.3691  [TP=2706, FP=4580, FN=45]
2025-11-29 00:12:06,299 - RANDOM_FOREST_MERGE - INFO - [TREINO] RMSE=5.1608 | MSE=26.6336 | MAE=2.5502 | CSI=0.3691
2025-11-29 00:12:06,366 - RANDOM_FOREST_MERGE - INFO - y_pred raw min/max: 0.4113597184925333, 6.764372335906768
2025-11-29 00:12:06,366 - RANDOM_FOREST_MERGE - INFO - y_TRUE raw min/max: 0.0, 10.62500000066143
2025-11-29 00:12:06,367 - RANDOM_FOREST_MERGE - INFO - RMSE: 3.0398
2025-11-29 00:12:06,367 - RANDOM_FOREST_MERGE - INFO - MSE : 9.2406
2025-11-29 00:12:06,367 - RANDOM_FOREST_MERGE - INFO - MAE : 1.9900
2025-11-29 00:12:06,367 - RANDOM_FOREST_MERGE - INFO - CSI (thr=1.0 mm): 0.1905  [TP=4, FP=15, FN=2]
2025-11-29 00:12:06,367 - RANDOM_FOREST_MERGE - INFO - [FASE 7] Gerando gráficos.
2025-11-29 00:12:17,697 - RANDOM_FOREST_MERGE - INFO - Gráfico salvo como 'random_forest_MERGE.png'.
2025-11-29 00:12:17,697 - RANDOM_FOREST_MERGE - INFO - [FASE 7] Tempo: 11.33s
2025-11-29 00:12:17,697 - RANDOM_FOREST_MERGE - INFO - ====================================================================================================
2025-11-29 00:12:17,697 - RANDOM_FOREST_MERGE - INFO - Resumo Final
2025-11-29 00:12:17,697 - RANDOM_FOREST_MERGE - INFO - Melhores parâmetros: {'max_depth': None, 'max_features': 'sqrt', 'min_samples_leaf': 4, 'min_samples_split': 10, 'n_estimators': 400}
2025-11-29 00:12:17,697 - RANDOM_FOREST_MERGE - INFO - Tempo total de execução: 280.10s
2025-11-29 00:12:17,697 - RANDOM_FOREST_MERGE - INFO - ====================================================================================================
2025-11-29 00:12:28,085 - LSTMMERGE - INFO - ==========================================================================================
2025-11-29 00:12:28,085 - LSTMMERGE - INFO - Iniciando script LSTM (PyTorch) MERGE com suporte a GPU e logs detalhados.
2025-11-29 00:12:28,085 - LSTMMERGE - INFO - ==========================================================================================
2025-11-29 00:12:28,085 - LSTMMERGE - INFO - Iniciando experimento: lookback=30, hidden_dim=32, layers=2, lr=0.001, drop=0.5
2025-11-29 00:12:30,771 - LSTMMERGE - INFO - Shape treino: torch.Size([10082, 30, 1]), teste: torch.Size([30, 30, 1])
2025-11-29 00:12:31,487 - LSTMMERGE - INFO - Treinando por 500 épocas...
2025-11-29 00:12:35,609 - LSTMMERGE - INFO - [EXP] Época 1/500 - Loss: 50.843704
2025-11-29 00:13:03,258 - LSTMMERGE - INFO - [EXP] Época 50/500 - Loss: 43.703575
2025-11-29 00:13:31,518 - LSTMMERGE - INFO - [EXP] Época 100/500 - Loss: 23.253665
2025-11-29 00:13:59,661 - LSTMMERGE - INFO - [EXP] Época 150/500 - Loss: 17.384444
2025-11-29 00:14:27,823 - LSTMMERGE - INFO - [EXP] Época 200/500 - Loss: 14.855601
2025-11-29 00:14:56,084 - LSTMMERGE - INFO - [EXP] Época 250/500 - Loss: 9.789581
2025-11-29 00:15:24,768 - LSTMMERGE - INFO - [EXP] Época 300/500 - Loss: 9.407094
2025-11-29 00:15:52,794 - LSTMMERGE - INFO - [EXP] Época 350/500 - Loss: 6.211304
2025-11-29 00:16:19,854 - LSTMMERGE - INFO - [EXP] Época 400/500 - Loss: 16.427558
2025-11-29 00:16:46,331 - LSTMMERGE - INFO - [EXP] Época 450/500 - Loss: 5.209766
2025-11-29 00:17:12,776 - LSTMMERGE - INFO - [EXP] Época 500/500 - Loss: 4.702535
2025-11-29 00:17:12,776 - LSTMMERGE - INFO - Treinamento concluído em 4.69 minutos
2025-11-29 00:17:13,140 - LSTMMERGE - INFO - Calculando erro para o train
2025-11-29 00:17:13,232 - LSTMMERGE - INFO - RMSE: 1.9437
2025-11-29 00:17:13,364 - LSTMMERGE - INFO - MSE : 3.7778
2025-11-29 00:17:13,364 - LSTMMERGE - INFO - MAE : 0.9803
2025-11-29 00:17:13,364 - LSTMMERGE - INFO - CSI (thr=1.0 mm): 0.4993  [TP=2187, FP=1587, FN=606]
2025-11-29 00:17:13,365 - LSTMMERGE - INFO - train_pred TRAIN mm min/max: 0.0, 89.17992401123047
2025-11-29 00:17:13,365 - LSTMMERGE - INFO - train_TRUE TRAIN mm min/max: 0.0, 90.0625
2025-11-29 00:17:13,365 - LSTMMERGE - INFO -  Gerando gráficos TRAIN...
2025-11-29 00:17:14,646 - LSTMMERGE - INFO -  Gráficos gerados TRAIN ...
2025-11-29 00:17:14,646 - LSTMMERGE - INFO - Calculando erro para parte de teste
2025-11-29 00:17:14,646 - LSTMMERGE - INFO - RMSE: 15.8694
2025-11-29 00:17:14,647 - LSTMMERGE - INFO - MSE : 251.8364
2025-11-29 00:17:14,647 - LSTMMERGE - INFO - MAE : 7.2969
2025-11-29 00:17:14,647 - LSTMMERGE - INFO - CSI (thr=1.0 mm): 0.1111  [TP=2, FP=13, FN=3]
2025-11-29 00:17:14,647 - LSTMMERGE - INFO - y_pred mm min/max: 0.0, 59.61164474487305
2025-11-29 00:17:14,647 - LSTMMERGE - INFO - y_TRUE mm min/max: 0.0, 10.625
2025-11-29 00:17:14,647 - LSTMMERGE - INFO -  Gerando gráficos...
2025-11-29 00:17:15,079 - LSTMMERGE - INFO -  Gráficos gerados...
2025-11-29 00:17:15,079 - LSTMMERGE - INFO - ==========================================================================================
2025-11-29 00:17:15,079 - LSTMMERGE - INFO - Execução finalizada com sucesso.
2025-11-29 00:17:15,079 - LSTMMERGE - INFO - Dispositivo utilizado: cuda
2025-11-29 00:17:15,079 - LSTMMERGE - INFO - ==========================================================================================
2025-11-29 00:17:22,144 - BiLSTMMERGE - INFO - ==========================================================================================
2025-11-29 00:17:22,144 - BiLSTMMERGE - INFO - Iniciando script LSTM (PyTorch) MERGE com suporte a GPU e logs detalhados.
2025-11-29 00:17:22,144 - BiLSTMMERGE - INFO - ==========================================================================================
2025-11-29 00:17:22,144 - BiLSTMMERGE - INFO - Iniciando experimento: lookback=30, hidden_dim=32, layers=2, lr=0.001, drop=0.5
2025-11-29 00:17:22,293 - BiLSTMMERGE - INFO - Shape treino: torch.Size([10082, 30, 1]), teste: torch.Size([30, 30, 1])
2025-11-29 00:17:22,474 - BiLSTMMERGE - INFO - Treinando por 500 épocas...
2025-11-29 00:17:23,376 - BiLSTMMERGE - INFO - [EXP] Época 1/500 - Loss: 49.698029
2025-11-29 00:17:58,955 - BiLSTMMERGE - INFO - [EXP] Época 50/500 - Loss: 43.627102
2025-11-29 00:18:35,576 - BiLSTMMERGE - INFO - [EXP] Época 100/500 - Loss: 31.049124
2025-11-29 00:19:12,025 - BiLSTMMERGE - INFO - [EXP] Época 150/500 - Loss: 22.103786
2025-11-29 00:19:48,685 - BiLSTMMERGE - INFO - [EXP] Época 200/500 - Loss: 17.497845
2025-11-29 00:20:25,368 - BiLSTMMERGE - INFO - [EXP] Época 250/500 - Loss: 15.041319
2025-11-29 00:21:02,049 - BiLSTMMERGE - INFO - [EXP] Época 300/500 - Loss: 13.536748
2025-11-29 00:21:38,748 - BiLSTMMERGE - INFO - [EXP] Época 350/500 - Loss: 14.672546
2025-11-29 00:22:15,438 - BiLSTMMERGE - INFO - [EXP] Época 400/500 - Loss: 11.578172
2025-11-29 00:22:52,280 - BiLSTMMERGE - INFO - [EXP] Época 450/500 - Loss: 15.799872
2025-11-29 00:23:28,829 - BiLSTMMERGE - INFO - [EXP] Época 500/500 - Loss: 11.340885
2025-11-29 00:23:28,829 - BiLSTMMERGE - INFO - Treinamento concluído em 6.11 minutos
2025-11-29 00:23:28,963 - BiLSTMMERGE - INFO - Calculando erro para o train
2025-11-29 00:23:28,972 - BiLSTMMERGE - INFO - RMSE: 2.7211
2025-11-29 00:23:28,972 - BiLSTMMERGE - INFO - MSE : 7.4046
2025-11-29 00:23:28,972 - BiLSTMMERGE - INFO - MAE : 1.3306
2025-11-29 00:23:28,972 - BiLSTMMERGE - INFO - CSI (thr=1.0 mm): 0.4460  [TP=1992, FP=1673, FN=801]
2025-11-29 00:23:28,972 - BiLSTMMERGE - INFO - train_pred TRAIN mm min/max: 0.0, 81.65143585205078
2025-11-29 00:23:28,972 - BiLSTMMERGE - INFO - train_TRUE TRAIN mm min/max: 0.0, 90.0625
2025-11-29 00:23:28,972 - BiLSTMMERGE - INFO -  Gerando gráficos TRAIN...
2025-11-29 00:23:30,123 - BiLSTMMERGE - INFO -  Gráficos gerados TRAIN ...
2025-11-29 00:23:30,123 - BiLSTMMERGE - INFO - Calculando erro para parte de teste
2025-11-29 00:23:30,124 - BiLSTMMERGE - INFO - RMSE: 3.5827
2025-11-29 00:23:30,124 - BiLSTMMERGE - INFO - MSE : 12.8361
2025-11-29 00:23:30,124 - BiLSTMMERGE - INFO - MAE : 1.8990
2025-11-29 00:23:30,124 - BiLSTMMERGE - INFO - CSI (thr=1.0 mm): 0.1667  [TP=2, FP=7, FN=3]
2025-11-29 00:23:30,124 - BiLSTMMERGE - INFO - y_pred mm min/max: 0.0, 12.054051399230957
2025-11-29 00:23:30,124 - BiLSTMMERGE - INFO - y_TRUE mm min/max: 0.0, 10.625
2025-11-29 00:23:30,124 - BiLSTMMERGE - INFO -  Gerando gráficos...
2025-11-29 00:23:30,800 - BiLSTMMERGE - INFO -  Gráficos gerados...
2025-11-29 00:23:30,800 - BiLSTMMERGE - INFO - ==========================================================================================
2025-11-29 00:23:30,800 - BiLSTMMERGE - INFO - Execução finalizada com sucesso.
2025-11-29 00:23:30,800 - BiLSTMMERGE - INFO - Dispositivo utilizado: cuda
2025-11-29 00:23:30,800 - BiLSTMMERGE - INFO - ==========================================================================================
2025-11-29 00:23:37,645 - LSTMMERGE - INFO - ==========================================================================================
2025-11-29 00:23:37,645 - LSTMMERGE - INFO - Iniciando script LSTM (PyTorch) MERGE com suporte a GPU e logs detalhados.
2025-11-29 00:23:37,645 - LSTMMERGE - INFO - ==========================================================================================
2025-11-29 00:23:37,645 - LSTMMERGE - INFO - Iniciando experimento: lookback=30, hidden_dim=64, layers=2, lr=0.001, drop=0.5
2025-11-29 00:23:37,685 - LSTMMERGE - INFO - Shape treino: torch.Size([10082, 30, 1]), teste: torch.Size([30, 30, 1])
2025-11-29 00:23:37,687 - LSTMMERGE - INFO - Treinando por 500 épocas...
2025-11-29 00:23:38,338 - LSTMMERGE - INFO - [EXP] Época 1/500 - Loss: 50.106390
2025-11-29 00:24:06,026 - LSTMMERGE - INFO - [EXP] Época 50/500 - Loss: 33.045504
2025-11-29 00:24:33,879 - LSTMMERGE - INFO - [EXP] Época 100/500 - Loss: 11.064758
2025-11-29 00:25:01,805 - LSTMMERGE - INFO - [EXP] Época 150/500 - Loss: 5.534486
2025-11-29 00:25:30,139 - LSTMMERGE - INFO - [EXP] Época 200/500 - Loss: 3.428986
2025-11-29 00:25:58,497 - LSTMMERGE - INFO - [EXP] Época 250/500 - Loss: 2.354714
2025-11-29 00:26:26,966 - LSTMMERGE - INFO - [EXP] Época 300/500 - Loss: 1.278231
2025-11-29 00:26:55,349 - LSTMMERGE - INFO - [EXP] Época 350/500 - Loss: 2.676647
2025-11-29 00:27:23,695 - LSTMMERGE - INFO - [EXP] Época 400/500 - Loss: 0.635783
2025-11-29 00:27:52,175 - LSTMMERGE - INFO - [EXP] Época 450/500 - Loss: 0.565760
2025-11-29 00:28:20,480 - LSTMMERGE - INFO - [EXP] Época 500/500 - Loss: 0.629554
2025-11-29 00:28:20,480 - LSTMMERGE - INFO - Treinamento concluído em 4.71 minutos
2025-11-29 00:28:20,555 - LSTMMERGE - INFO - Calculando erro para o train
2025-11-29 00:28:20,561 - LSTMMERGE - INFO - RMSE: 0.5373
2025-11-29 00:28:20,561 - LSTMMERGE - INFO - MSE : 0.2887
2025-11-29 00:28:20,561 - LSTMMERGE - INFO - MAE : 0.2994
2025-11-29 00:28:20,561 - LSTMMERGE - INFO - CSI (thr=1.0 mm): 0.8905  [TP=2628, FP=158, FN=165]
2025-11-29 00:28:20,561 - LSTMMERGE - INFO - train_pred TRAIN mm min/max: 0.0, 90.94910430908203
2025-11-29 00:28:20,561 - LSTMMERGE - INFO - train_TRUE TRAIN mm min/max: 0.0, 90.0625
2025-11-29 00:28:20,561 - LSTMMERGE - INFO -  Gerando gráficos TRAIN...
2025-11-29 00:28:24,383 - LSTMMERGE - INFO -  Gráficos gerados TRAIN ...
2025-11-29 00:28:24,383 - LSTMMERGE - INFO - Calculando erro para parte de teste
2025-11-29 00:28:24,384 - LSTMMERGE - INFO - RMSE: 2.6264
2025-11-29 00:28:24,384 - LSTMMERGE - INFO - MSE : 6.8979
2025-11-29 00:28:24,384 - LSTMMERGE - INFO - MAE : 1.5487
2025-11-29 00:28:24,384 - LSTMMERGE - INFO - CSI (thr=1.0 mm): 0.2308  [TP=3, FP=8, FN=2]
2025-11-29 00:28:24,384 - LSTMMERGE - INFO - y_pred mm min/max: 0.0, 4.44701623916626
2025-11-29 00:28:24,384 - LSTMMERGE - INFO - y_TRUE mm min/max: 0.0, 10.625
2025-11-29 00:28:24,384 - LSTMMERGE - INFO -  Gerando gráficos...
2025-11-29 00:28:25,118 - LSTMMERGE - INFO -  Gráficos gerados...
2025-11-29 00:28:25,119 - LSTMMERGE - INFO - ==========================================================================================
2025-11-29 00:28:25,119 - LSTMMERGE - INFO - Execução finalizada com sucesso.
2025-11-29 00:28:25,119 - LSTMMERGE - INFO - Dispositivo utilizado: cuda
2025-11-29 00:28:25,119 - LSTMMERGE - INFO - ==========================================================================================
2025-11-29 00:28:30,806 - BiLSTMMERGE - INFO - ==========================================================================================
2025-11-29 00:28:30,807 - BiLSTMMERGE - INFO - Iniciando script LSTM (PyTorch) MERGE com suporte a GPU e logs detalhados.
2025-11-29 00:28:30,807 - BiLSTMMERGE - INFO - ==========================================================================================
2025-11-29 00:28:30,807 - BiLSTMMERGE - INFO - Iniciando experimento: lookback=30, hidden_dim=64, layers=2, lr=0.001, drop=0.5
2025-11-29 00:28:30,847 - BiLSTMMERGE - INFO - Shape treino: torch.Size([10082, 30, 1]), teste: torch.Size([30, 30, 1])
2025-11-29 00:28:30,993 - BiLSTMMERGE - INFO - Treinando por 500 épocas...
2025-11-29 00:28:31,823 - BiLSTMMERGE - INFO - [EXP] Época 1/500 - Loss: 49.230678
2025-11-29 00:29:07,550 - BiLSTMMERGE - INFO - [EXP] Época 50/500 - Loss: 37.339588
2025-11-29 00:29:43,853 - BiLSTMMERGE - INFO - [EXP] Época 100/500 - Loss: 19.205465
2025-11-29 00:30:19,401 - BiLSTMMERGE - INFO - [EXP] Época 150/500 - Loss: 13.250135
2025-11-29 00:30:55,961 - BiLSTMMERGE - INFO - [EXP] Época 200/500 - Loss: 9.834709
2025-11-29 00:31:32,539 - BiLSTMMERGE - INFO - [EXP] Época 250/500 - Loss: 6.528536
2025-11-29 00:32:09,119 - BiLSTMMERGE - INFO - [EXP] Época 300/500 - Loss: 5.727562
2025-11-29 00:32:45,469 - BiLSTMMERGE - INFO - [EXP] Época 350/500 - Loss: 4.785452
2025-11-29 00:33:20,919 - BiLSTMMERGE - INFO - [EXP] Época 400/500 - Loss: 4.634086
2025-11-29 00:33:56,372 - BiLSTMMERGE - INFO - [EXP] Época 450/500 - Loss: 3.828975
2025-11-29 00:34:32,203 - BiLSTMMERGE - INFO - [EXP] Época 500/500 - Loss: 4.562890
2025-11-29 00:34:32,203 - BiLSTMMERGE - INFO - Treinamento concluído em 6.02 minutos
2025-11-29 00:34:32,356 - BiLSTMMERGE - INFO - Calculando erro para o train
2025-11-29 00:34:32,453 - BiLSTMMERGE - INFO - RMSE: 1.3815
2025-11-29 00:34:32,453 - BiLSTMMERGE - INFO - MSE : 1.9085
2025-11-29 00:34:32,453 - BiLSTMMERGE - INFO - MAE : 0.6897
2025-11-29 00:34:32,453 - BiLSTMMERGE - INFO - CSI (thr=1.0 mm): 0.6393  [TP=2074, FP=451, FN=719]
2025-11-29 00:34:32,453 - BiLSTMMERGE - INFO - train_pred TRAIN mm min/max: 0.0, 87.4481201171875
2025-11-29 00:34:32,453 - BiLSTMMERGE - INFO - train_TRUE TRAIN mm min/max: 0.0, 90.0625
2025-11-29 00:34:32,453 - BiLSTMMERGE - INFO -  Gerando gráficos TRAIN...
2025-11-29 00:34:34,522 - BiLSTMMERGE - INFO -  Gráficos gerados TRAIN ...
2025-11-29 00:34:34,523 - BiLSTMMERGE - INFO - Calculando erro para parte de teste
2025-11-29 00:34:34,523 - BiLSTMMERGE - INFO - RMSE: 2.8335
2025-11-29 00:34:34,523 - BiLSTMMERGE - INFO - MSE : 8.0286
2025-11-29 00:34:34,523 - BiLSTMMERGE - INFO - MAE : 1.3534
2025-11-29 00:34:34,523 - BiLSTMMERGE - INFO - CSI (thr=1.0 mm): 0.1000  [TP=1, FP=5, FN=4]
2025-11-29 00:34:34,523 - BiLSTMMERGE - INFO - y_pred mm min/max: 0.0, 4.043105125427246
2025-11-29 00:34:34,523 - BiLSTMMERGE - INFO - y_TRUE mm min/max: 0.0, 10.625
2025-11-29 00:34:34,523 - BiLSTMMERGE - INFO -  Gerando gráficos...
2025-11-29 00:34:34,775 - BiLSTMMERGE - INFO -  Gráficos gerados...
2025-11-29 00:34:34,775 - BiLSTMMERGE - INFO - ==========================================================================================
2025-11-29 00:34:34,775 - BiLSTMMERGE - INFO - Execução finalizada com sucesso.
2025-11-29 00:34:34,775 - BiLSTMMERGE - INFO - Dispositivo utilizado: cuda
2025-11-29 00:34:34,775 - BiLSTMMERGE - INFO - ==========================================================================================
2025-11-29 00:34:41,029 - LSTMMERGE - INFO - ==========================================================================================
2025-11-29 00:34:41,029 - LSTMMERGE - INFO - Iniciando script LSTM (PyTorch) MERGE com suporte a GPU e logs detalhados.
2025-11-29 00:34:41,029 - LSTMMERGE - INFO - ==========================================================================================
2025-11-29 00:34:41,029 - LSTMMERGE - INFO - Iniciando experimento: lookback=30, hidden_dim=128, layers=2, lr=0.001, drop=0.5
2025-11-29 00:34:41,036 - LSTMMERGE - INFO - Shape treino: torch.Size([10082, 30, 1]), teste: torch.Size([30, 30, 1])
2025-11-29 00:34:41,039 - LSTMMERGE - INFO - Treinando por 500 épocas...
2025-11-29 00:34:41,653 - LSTMMERGE - INFO - [EXP] Época 1/500 - Loss: 49.156175
2025-11-29 00:35:09,084 - LSTMMERGE - INFO - [EXP] Época 50/500 - Loss: 24.004164
2025-11-29 00:35:37,031 - LSTMMERGE - INFO - [EXP] Época 100/500 - Loss: 5.051170
2025-11-29 00:36:04,991 - LSTMMERGE - INFO - [EXP] Época 150/500 - Loss: 1.522873
2025-11-29 00:36:32,895 - LSTMMERGE - INFO - [EXP] Época 200/500 - Loss: 0.914092
2025-11-29 00:37:00,930 - LSTMMERGE - INFO - [EXP] Época 250/500 - Loss: 0.726457
2025-11-29 00:37:29,068 - LSTMMERGE - INFO - [EXP] Época 300/500 - Loss: 0.522015
2025-11-29 00:37:57,244 - LSTMMERGE - INFO - [EXP] Época 350/500 - Loss: 1.502213
2025-11-29 00:38:25,326 - LSTMMERGE - INFO - [EXP] Época 400/500 - Loss: 0.441850
2025-11-29 00:38:53,323 - LSTMMERGE - INFO - [EXP] Época 450/500 - Loss: 0.254148
2025-11-29 00:39:20,413 - LSTMMERGE - INFO - [EXP] Época 500/500 - Loss: 0.519412
2025-11-29 00:39:20,413 - LSTMMERGE - INFO - Treinamento concluído em 4.66 minutos
2025-11-29 00:39:20,581 - LSTMMERGE - INFO - Calculando erro para o train
2025-11-29 00:39:20,581 - LSTMMERGE - INFO - RMSE: 0.3187
2025-11-29 00:39:20,581 - LSTMMERGE - INFO - MSE : 0.1016
2025-11-29 00:39:20,582 - LSTMMERGE - INFO - MAE : 0.1533
2025-11-29 00:39:20,582 - LSTMMERGE - INFO - CSI (thr=1.0 mm): 0.9386  [TP=2661, FP=42, FN=132]
2025-11-29 00:39:20,582 - LSTMMERGE - INFO - train_pred TRAIN mm min/max: 0.0, 89.8266830444336
2025-11-29 00:39:20,582 - LSTMMERGE - INFO - train_TRUE TRAIN mm min/max: 0.0, 90.0625
2025-11-29 00:39:20,582 - LSTMMERGE - INFO -  Gerando gráficos TRAIN...
2025-11-29 00:39:21,619 - LSTMMERGE - INFO -  Gráficos gerados TRAIN ...
2025-11-29 00:39:21,619 - LSTMMERGE - INFO - Calculando erro para parte de teste
2025-11-29 00:39:21,620 - LSTMMERGE - INFO - RMSE: 2.9001
2025-11-29 00:39:21,620 - LSTMMERGE - INFO - MSE : 8.4104
2025-11-29 00:39:21,620 - LSTMMERGE - INFO - MAE : 1.2879
2025-11-29 00:39:21,620 - LSTMMERGE - INFO - CSI (thr=1.0 mm): 0.0000  [TP=0, FP=4, FN=5]
2025-11-29 00:39:21,620 - LSTMMERGE - INFO - y_pred mm min/max: 0.0, 2.1827781200408936
2025-11-29 00:39:21,620 - LSTMMERGE - INFO - y_TRUE mm min/max: 0.0, 10.625
2025-11-29 00:39:21,620 - LSTMMERGE - INFO -  Gerando gráficos...
2025-11-29 00:39:21,879 - LSTMMERGE - INFO -  Gráficos gerados...
2025-11-29 00:39:21,879 - LSTMMERGE - INFO - ==========================================================================================
2025-11-29 00:39:21,879 - LSTMMERGE - INFO - Execução finalizada com sucesso.
2025-11-29 00:39:21,879 - LSTMMERGE - INFO - Dispositivo utilizado: cuda
2025-11-29 00:39:21,879 - LSTMMERGE - INFO - ==========================================================================================
2025-11-29 00:39:27,507 - BiLSTMMERGE - INFO - ==========================================================================================
2025-11-29 00:39:27,507 - BiLSTMMERGE - INFO - Iniciando script LSTM (PyTorch) MERGE com suporte a GPU e logs detalhados.
2025-11-29 00:39:27,507 - BiLSTMMERGE - INFO - ==========================================================================================
2025-11-29 00:39:27,507 - BiLSTMMERGE - INFO - Iniciando experimento: lookback=30, hidden_dim=128, layers=2, lr=0.001, drop=0.5
2025-11-29 00:39:27,514 - BiLSTMMERGE - INFO - Shape treino: torch.Size([10082, 30, 1]), teste: torch.Size([30, 30, 1])
2025-11-29 00:39:27,520 - BiLSTMMERGE - INFO - Treinando por 500 épocas...
2025-11-29 00:39:28,335 - BiLSTMMERGE - INFO - [EXP] Época 1/500 - Loss: 51.431875
2025-11-29 00:40:04,854 - BiLSTMMERGE - INFO - [EXP] Época 50/500 - Loss: 30.059616
2025-11-29 00:40:42,245 - BiLSTMMERGE - INFO - [EXP] Época 100/500 - Loss: 11.584885
2025-11-29 00:41:19,696 - BiLSTMMERGE - INFO - [EXP] Época 150/500 - Loss: 6.452391
2025-11-29 00:41:57,138 - BiLSTMMERGE - INFO - [EXP] Época 200/500 - Loss: 3.357548
2025-11-29 00:42:34,578 - BiLSTMMERGE - INFO - [EXP] Época 250/500 - Loss: 2.463296
2025-11-29 00:43:12,015 - BiLSTMMERGE - INFO - [EXP] Época 300/500 - Loss: 2.243624
2025-11-29 00:43:49,499 - BiLSTMMERGE - INFO - [EXP] Época 350/500 - Loss: 1.740058
2025-11-29 00:44:26,963 - BiLSTMMERGE - INFO - [EXP] Época 400/500 - Loss: 1.822027
2025-11-29 00:45:04,423 - BiLSTMMERGE - INFO - [EXP] Época 450/500 - Loss: 1.603600
2025-11-29 00:45:42,012 - BiLSTMMERGE - INFO - [EXP] Época 500/500 - Loss: 1.527980
2025-11-29 00:45:42,012 - BiLSTMMERGE - INFO - Treinamento concluído em 6.24 minutos
2025-11-29 00:45:42,328 - BiLSTMMERGE - INFO - Calculando erro para o train
2025-11-29 00:45:42,347 - BiLSTMMERGE - INFO - RMSE: 0.7410
2025-11-29 00:45:42,347 - BiLSTMMERGE - INFO - MSE : 0.5491
2025-11-29 00:45:42,347 - BiLSTMMERGE - INFO - MAE : 0.3306
2025-11-29 00:45:42,347 - BiLSTMMERGE - INFO - CSI (thr=1.0 mm): 0.8717  [TP=2472, FP=43, FN=321]
2025-11-29 00:45:42,347 - BiLSTMMERGE - INFO - train_pred TRAIN mm min/max: 0.0, 87.01886749267578
2025-11-29 00:45:42,347 - BiLSTMMERGE - INFO - train_TRUE TRAIN mm min/max: 0.0, 90.0625
2025-11-29 00:45:42,347 - BiLSTMMERGE - INFO -  Gerando gráficos TRAIN...
2025-11-29 00:45:43,099 - BiLSTMMERGE - INFO -  Gráficos gerados TRAIN ...
2025-11-29 00:45:43,099 - BiLSTMMERGE - INFO - Calculando erro para parte de teste
2025-11-29 00:45:43,100 - BiLSTMMERGE - INFO - RMSE: 2.6402
2025-11-29 00:45:43,100 - BiLSTMMERGE - INFO - MSE : 6.9706
2025-11-29 00:45:43,100 - BiLSTMMERGE - INFO - MAE : 1.3894
2025-11-29 00:45:43,100 - BiLSTMMERGE - INFO - CSI (thr=1.0 mm): 0.0909  [TP=1, FP=6, FN=4]
2025-11-29 00:45:43,100 - BiLSTMMERGE - INFO - y_pred mm min/max: 0.0, 11.023999214172363
2025-11-29 00:45:43,100 - BiLSTMMERGE - INFO - y_TRUE mm min/max: 0.0, 10.625
2025-11-29 00:45:43,100 - BiLSTMMERGE - INFO -  Gerando gráficos...
2025-11-29 00:45:43,344 - BiLSTMMERGE - INFO -  Gráficos gerados...
2025-11-29 00:45:43,344 - BiLSTMMERGE - INFO - ==========================================================================================
2025-11-29 00:45:43,344 - BiLSTMMERGE - INFO - Execução finalizada com sucesso.
2025-11-29 00:45:43,344 - BiLSTMMERGE - INFO - Dispositivo utilizado: cuda
2025-11-29 00:45:43,344 - BiLSTMMERGE - INFO - ==========================================================================================
2025-11-29 00:45:49,968 - LSTMMERGE - INFO - ==========================================================================================
2025-11-29 00:45:49,968 - LSTMMERGE - INFO - Iniciando script LSTM (PyTorch) MERGE com suporte a GPU e logs detalhados.
2025-11-29 00:45:49,968 - LSTMMERGE - INFO - ==========================================================================================
2025-11-29 00:45:49,968 - LSTMMERGE - INFO - Iniciando experimento: lookback=30, hidden_dim=256, layers=2, lr=0.001, drop=0.5
2025-11-29 00:45:50,027 - LSTMMERGE - INFO - Shape treino: torch.Size([10082, 30, 1]), teste: torch.Size([30, 30, 1])
2025-11-29 00:45:50,244 - LSTMMERGE - INFO - Treinando por 500 épocas...
2025-11-29 00:45:51,197 - LSTMMERGE - INFO - [EXP] Época 1/500 - Loss: 49.282136
2025-11-29 00:46:35,795 - LSTMMERGE - INFO - [EXP] Época 50/500 - Loss: 16.253000
2025-11-29 00:47:21,459 - LSTMMERGE - INFO - [EXP] Época 100/500 - Loss: 2.466851
2025-11-29 00:48:07,120 - LSTMMERGE - INFO - [EXP] Época 150/500 - Loss: 0.843388
2025-11-29 00:48:52,710 - LSTMMERGE - INFO - [EXP] Época 200/500 - Loss: 6.009921
2025-11-29 00:49:38,191 - LSTMMERGE - INFO - [EXP] Época 250/500 - Loss: 0.295789
2025-11-29 00:50:23,737 - LSTMMERGE - INFO - [EXP] Época 300/500 - Loss: 3.561607
2025-11-29 00:51:09,656 - LSTMMERGE - INFO - [EXP] Época 350/500 - Loss: 0.276393
2025-11-29 00:51:55,484 - LSTMMERGE - INFO - [EXP] Época 400/500 - Loss: 0.174138
2025-11-29 00:52:40,868 - LSTMMERGE - INFO - [EXP] Época 450/500 - Loss: 0.775025
2025-11-29 00:53:25,529 - LSTMMERGE - INFO - [EXP] Época 500/500 - Loss: 0.262715
2025-11-29 00:53:25,529 - LSTMMERGE - INFO - Treinamento concluído em 7.59 minutos
2025-11-29 00:53:25,755 - LSTMMERGE - INFO - Calculando erro para o train
2025-11-29 00:53:25,755 - LSTMMERGE - INFO - RMSE: 0.2870
2025-11-29 00:53:25,755 - LSTMMERGE - INFO - MSE : 0.0824
2025-11-29 00:53:25,755 - LSTMMERGE - INFO - MAE : 0.1146
2025-11-29 00:53:25,755 - LSTMMERGE - INFO - CSI (thr=1.0 mm): 0.9643  [TP=2730, FP=38, FN=63]
2025-11-29 00:53:25,756 - LSTMMERGE - INFO - train_pred TRAIN mm min/max: 0.0, 90.17670440673828
2025-11-29 00:53:25,756 - LSTMMERGE - INFO - train_TRUE TRAIN mm min/max: 0.0, 90.0625
2025-11-29 00:53:25,756 - LSTMMERGE - INFO -  Gerando gráficos TRAIN...
2025-11-29 00:53:27,731 - LSTMMERGE - INFO -  Gráficos gerados TRAIN ...
2025-11-29 00:53:27,731 - LSTMMERGE - INFO - Calculando erro para parte de teste
2025-11-29 00:53:27,732 - LSTMMERGE - INFO - RMSE: 3.2151
2025-11-29 00:53:27,732 - LSTMMERGE - INFO - MSE : 10.3366
2025-11-29 00:53:27,732 - LSTMMERGE - INFO - MAE : 1.7244
2025-11-29 00:53:27,732 - LSTMMERGE - INFO - CSI (thr=1.0 mm): 0.0000  [TP=0, FP=5, FN=5]
2025-11-29 00:53:27,732 - LSTMMERGE - INFO - y_pred mm min/max: 0.0, 6.730845928192139
2025-11-29 00:53:27,732 - LSTMMERGE - INFO - y_TRUE mm min/max: 0.0, 10.625
2025-11-29 00:53:27,732 - LSTMMERGE - INFO -  Gerando gráficos...
2025-11-29 00:53:28,542 - LSTMMERGE - INFO -  Gráficos gerados...
2025-11-29 00:53:28,542 - LSTMMERGE - INFO - ==========================================================================================
2025-11-29 00:53:28,542 - LSTMMERGE - INFO - Execução finalizada com sucesso.
2025-11-29 00:53:28,542 - LSTMMERGE - INFO - Dispositivo utilizado: cuda
2025-11-29 00:53:28,542 - LSTMMERGE - INFO - ==========================================================================================
2025-11-29 00:53:34,311 - BiLSTMMERGE - INFO - ==========================================================================================
2025-11-29 00:53:34,311 - BiLSTMMERGE - INFO - Iniciando script LSTM (PyTorch) MERGE com suporte a GPU e logs detalhados.
2025-11-29 00:53:34,311 - BiLSTMMERGE - INFO - ==========================================================================================
2025-11-29 00:53:34,311 - BiLSTMMERGE - INFO - Iniciando experimento: lookback=30, hidden_dim=256, layers=2, lr=0.001, drop=0.5
2025-11-29 00:53:34,319 - BiLSTMMERGE - INFO - Shape treino: torch.Size([10082, 30, 1]), teste: torch.Size([30, 30, 1])
2025-11-29 00:53:34,512 - BiLSTMMERGE - INFO - Treinando por 500 épocas...
2025-11-29 00:53:35,962 - BiLSTMMERGE - INFO - [EXP] Época 1/500 - Loss: 48.759870
2025-11-29 00:54:46,514 - BiLSTMMERGE - INFO - [EXP] Época 50/500 - Loss: 27.166967
2025-11-29 00:55:59,273 - BiLSTMMERGE - INFO - [EXP] Época 100/500 - Loss: 7.099567
2025-11-29 00:57:12,044 - BiLSTMMERGE - INFO - [EXP] Época 150/500 - Loss: 3.582511
2025-11-29 00:58:24,813 - BiLSTMMERGE - INFO - [EXP] Época 200/500 - Loss: 1.964713
2025-11-29 00:59:37,579 - BiLSTMMERGE - INFO - [EXP] Época 250/500 - Loss: 1.724644
2025-11-29 01:00:50,532 - BiLSTMMERGE - INFO - [EXP] Época 300/500 - Loss: 1.396486
2025-11-29 01:02:03,480 - BiLSTMMERGE - INFO - [EXP] Época 350/500 - Loss: 1.131577
2025-11-29 01:03:16,497 - BiLSTMMERGE - INFO - [EXP] Época 400/500 - Loss: 1.570766
2025-11-29 01:04:30,270 - BiLSTMMERGE - INFO - [EXP] Época 450/500 - Loss: 0.970512
2025-11-29 01:05:43,995 - BiLSTMMERGE - INFO - [EXP] Época 500/500 - Loss: 1.147212
2025-11-29 01:05:43,995 - BiLSTMMERGE - INFO - Treinamento concluído em 12.16 minutos
2025-11-29 01:05:44,412 - BiLSTMMERGE - INFO - Calculando erro para o train
2025-11-29 01:05:44,413 - BiLSTMMERGE - INFO - RMSE: 0.6526
2025-11-29 01:05:44,413 - BiLSTMMERGE - INFO - MSE : 0.4259
2025-11-29 01:05:44,413 - BiLSTMMERGE - INFO - MAE : 0.2776
2025-11-29 01:05:44,413 - BiLSTMMERGE - INFO - CSI (thr=1.0 mm): 0.8780  [TP=2504, FP=59, FN=289]
2025-11-29 01:05:44,413 - BiLSTMMERGE - INFO - train_pred TRAIN mm min/max: 0.0, 90.49131774902344
2025-11-29 01:05:44,413 - BiLSTMMERGE - INFO - train_TRUE TRAIN mm min/max: 0.0, 90.0625
2025-11-29 01:05:44,413 - BiLSTMMERGE - INFO -  Gerando gráficos TRAIN...
2025-11-29 01:05:45,851 - BiLSTMMERGE - INFO -  Gráficos gerados TRAIN ...
2025-11-29 01:05:45,851 - BiLSTMMERGE - INFO - Calculando erro para parte de teste
2025-11-29 01:05:45,852 - BiLSTMMERGE - INFO - RMSE: 2.9179
2025-11-29 01:05:45,852 - BiLSTMMERGE - INFO - MSE : 8.5144
2025-11-29 01:05:45,852 - BiLSTMMERGE - INFO - MAE : 1.3481
2025-11-29 01:05:45,852 - BiLSTMMERGE - INFO - CSI (thr=1.0 mm): 0.0000  [TP=0, FP=3, FN=5]
2025-11-29 01:05:45,852 - BiLSTMMERGE - INFO - y_pred mm min/max: 0.0, 2.4517951011657715
2025-11-29 01:05:45,852 - BiLSTMMERGE - INFO - y_TRUE mm min/max: 0.0, 10.625
2025-11-29 01:05:45,852 - BiLSTMMERGE - INFO -  Gerando gráficos...
2025-11-29 01:05:46,419 - BiLSTMMERGE - INFO -  Gráficos gerados...
2025-11-29 01:05:46,420 - BiLSTMMERGE - INFO - ==========================================================================================
2025-11-29 01:05:46,420 - BiLSTMMERGE - INFO - Execução finalizada com sucesso.
2025-11-29 01:05:46,420 - BiLSTMMERGE - INFO - Dispositivo utilizado: cuda
2025-11-29 01:05:46,420 - BiLSTMMERGE - INFO - ==========================================================================================
2025-11-29 01:05:52,637 - ARIMA_MERGE - INFO - ==========================================================================================
2025-11-29 01:05:52,637 - ARIMA_MERGE - INFO - Iniciando script ARIMA MERGE.
2025-11-29 01:05:52,637 - ARIMA_MERGE - INFO - ==========================================================================================
2025-11-29 01:05:52,637 - ARIMA_MERGE - INFO - Tamanho treino: 10113 | teste: 30
2025-11-29 01:05:52,637 - ARIMA_MERGE - INFO - [FASE 4] Iniciando busca manual por hiperparâmetros (AIC).
2025-11-29 01:26:32,916 - ARIMA_MERGE - INFO - Melhor order encontrado: (30, 0, 2)
2025-11-29 01:26:32,917 - ARIMA_MERGE - INFO - Melhor AIC (treino): 67453.59
2025-11-29 01:26:32,917 - ARIMA_MERGE - INFO - Tempo da Fase 4: 1240.28s
2025-11-29 01:26:32,917 - ARIMA_MERGE - INFO - [FASE 5] Reajustando melhor modelo no conjunto de treino.
2025-11-29 01:33:17,314 - ARIMA_MERGE - INFO - Melhor modelo ajustado no treino.
2025-11-29 01:33:17,315 - ARIMA_MERGE - INFO - Tempo da Fase 5: 404.40s
2025-11-29 01:33:17,315 - ARIMA_MERGE - INFO - [FASE 6] Gerando previsões no conjunto de teste e avaliando métricas.
2025-11-29 01:33:17,361 - ARIMA_MERGE - INFO - RMSE: 6.7714
2025-11-29 01:33:17,361 - ARIMA_MERGE - INFO - MSE : 45.8525
2025-11-29 01:33:17,361 - ARIMA_MERGE - INFO - MAE : 3.4857
2025-11-29 01:33:17,361 - ARIMA_MERGE - INFO - CSI (thr=1.0 mm): 0.2725  [TP=2751, FP=7336, FN=7]
2025-11-29 01:33:17,361 - ARIMA_MERGE - INFO - [TREINO] RMSE=6.7714 | MSE=45.8525 | MAE=3.4857 | CSI=0.2725
2025-11-29 01:33:17,406 - ARIMA_MERGE - INFO - RMSE: 3.0039
2025-11-29 01:33:17,406 - ARIMA_MERGE - INFO - MSE : 9.0232
2025-11-29 01:33:17,406 - ARIMA_MERGE - INFO - MAE : 2.5756
2025-11-29 01:33:17,406 - ARIMA_MERGE - INFO - CSI (thr=1.0 mm): 0.2000  [TP=6, FP=24, FN=0]
2025-11-29 01:33:17,406 - ARIMA_MERGE - INFO - Tempo total da Fase 6: 0.09s
2025-11-29 01:33:17,406 - ARIMA_MERGE - INFO - [FASE 7] Salvando gráfico de previsão vs. observado.
2025-11-29 01:33:18,048 - ARIMA_MERGE - INFO - Gráfico salvo como 'arimaMERGE_result.png'.
2025-11-29 01:33:18,048 - ARIMA_MERGE - INFO - ==========================================================================================
2025-11-29 01:33:18,048 - ARIMA_MERGE - INFO - Execução ARIMA MERGE finalizada com sucesso.
2025-11-29 01:33:18,048 - ARIMA_MERGE - INFO - Tempo total de execução: 1645.41s
2025-11-29 01:33:18,048 - ARIMA_MERGE - INFO - ==========================================================================================
2025-11-29 01:33:23,929 - RANDOM_FOREST_MERGE - INFO - ====================================================================================================
2025-11-29 01:33:23,929 - RANDOM_FOREST_MERGE - INFO - Iniciando Random Forest MERGE com GridSearchCV.
2025-11-29 01:33:23,929 - RANDOM_FOREST_MERGE - INFO - ====================================================================================================
2025-11-29 01:33:23,929 - RANDOM_FOREST_MERGE - INFO - [FASE 3] Split treino/teste e preparação.
2025-11-29 01:33:23,944 - RANDOM_FOREST_MERGE - INFO - [FASE 3] Treino: X=(10083, 30), y=10083 | Teste: X=(30, 30), y=30
2025-11-29 01:33:23,944 - RANDOM_FOREST_MERGE - INFO - [FASE 3] Tempo: 0.01s
2025-11-29 01:33:23,944 - RANDOM_FOREST_MERGE - INFO - [FASE 4] Iniciando GridSearchCV (TimeSeriesSplit).
2025-11-29 01:39:14,564 - RANDOM_FOREST_MERGE - INFO - [FASE 4] GridSearchCV concluído em 350.56s
2025-11-29 01:39:14,688 - RANDOM_FOREST_MERGE - INFO - [FASE 4] Melhores parâmetros: {'max_depth': None, 'max_features': 'sqrt', 'min_samples_leaf': 4, 'min_samples_split': 10, 'n_estimators': 400}
2025-11-29 01:39:14,689 - RANDOM_FOREST_MERGE - INFO - [FASE 4] Melhor score (neg_MSE): -44.966315
2025-11-29 01:39:14,689 - RANDOM_FOREST_MERGE - INFO - [FASE 4] Tempo: 350.75s
2025-11-29 01:39:14,690 - RANDOM_FOREST_MERGE - INFO - [FASE 5] Treinando best_estimator_ no conjunto de treino.
2025-11-29 01:39:21,472 - RANDOM_FOREST_MERGE - INFO - [FASE 5] Tempo: 6.78s
2025-11-29 01:39:21,473 - RANDOM_FOREST_MERGE - INFO - [FASE 6] Previsão e cálculo de métricas.
2025-11-29 01:39:21,800 - RANDOM_FOREST_MERGE - INFO - RMSE: 5.1608
2025-11-29 01:39:21,800 - RANDOM_FOREST_MERGE - INFO - MSE : 26.6336
2025-11-29 01:39:21,801 - RANDOM_FOREST_MERGE - INFO - MAE : 2.5502
2025-11-29 01:39:21,801 - RANDOM_FOREST_MERGE - INFO - CSI (thr=1.0 mm): 0.3691  [TP=2706, FP=4580, FN=45]
2025-11-29 01:39:21,829 - RANDOM_FOREST_MERGE - INFO - [TREINO] RMSE=5.1608 | MSE=26.6336 | MAE=2.5502 | CSI=0.3691
2025-11-29 01:39:22,104 - RANDOM_FOREST_MERGE - INFO - y_pred raw min/max: 0.4113597184925332, 6.764372335906767
2025-11-29 01:39:22,104 - RANDOM_FOREST_MERGE - INFO - y_TRUE raw min/max: 0.0, 10.62500000066143
2025-11-29 01:39:22,108 - RANDOM_FOREST_MERGE - INFO - RMSE: 3.0398
2025-11-29 01:39:22,108 - RANDOM_FOREST_MERGE - INFO - MSE : 9.2406
2025-11-29 01:39:22,108 - RANDOM_FOREST_MERGE - INFO - MAE : 1.9900
2025-11-29 01:39:22,109 - RANDOM_FOREST_MERGE - INFO - CSI (thr=1.0 mm): 0.1905  [TP=4, FP=15, FN=2]
2025-11-29 01:39:22,109 - RANDOM_FOREST_MERGE - INFO - [FASE 7] Gerando gráficos.
2025-11-29 01:39:27,741 - RANDOM_FOREST_MERGE - INFO - Gráfico salvo como 'random_forest_MERGE.png'.
2025-11-29 01:39:27,742 - RANDOM_FOREST_MERGE - INFO - [FASE 7] Tempo: 5.63s
2025-11-29 01:39:27,742 - RANDOM_FOREST_MERGE - INFO - ====================================================================================================
2025-11-29 01:39:27,742 - RANDOM_FOREST_MERGE - INFO - Resumo Final
2025-11-29 01:39:27,742 - RANDOM_FOREST_MERGE - INFO - Melhores parâmetros: {'max_depth': None, 'max_features': 'sqrt', 'min_samples_leaf': 4, 'min_samples_split': 10, 'n_estimators': 400}
2025-11-29 01:39:27,742 - RANDOM_FOREST_MERGE - INFO - Tempo total de execução: 363.81s
2025-11-29 01:39:27,742 - RANDOM_FOREST_MERGE - INFO - ====================================================================================================
2025-11-29 01:39:38,265 - LSTMMERGE - INFO - ==========================================================================================
2025-11-29 01:39:38,290 - LSTMMERGE - INFO - Iniciando script LSTM (PyTorch) MERGE com suporte a GPU e logs detalhados.
2025-11-29 01:39:38,290 - LSTMMERGE - INFO - ==========================================================================================
2025-11-29 01:39:38,290 - LSTMMERGE - INFO - Iniciando experimento: lookback=30, hidden_dim=32, layers=2, lr=0.001, drop=0.5
2025-11-29 01:39:39,851 - LSTMMERGE - INFO - Shape treino: torch.Size([10082, 30, 1]), teste: torch.Size([30, 30, 1])
2025-11-29 01:39:41,769 - LSTMMERGE - INFO - Treinando por 500 épocas...
2025-11-29 01:39:47,437 - LSTMMERGE - INFO - [EXP] Época 1/500 - Loss: 50.958663
2025-11-29 01:40:14,460 - LSTMMERGE - INFO - [EXP] Época 50/500 - Loss: 43.094442
2025-11-29 01:40:41,627 - LSTMMERGE - INFO - [EXP] Época 100/500 - Loss: 24.977373
2025-11-29 01:41:09,023 - LSTMMERGE - INFO - [EXP] Época 150/500 - Loss: 17.725425
2025-11-29 01:42:24,741 - LSTMMERGE - INFO - [EXP] Época 200/500 - Loss: 11.045760
2025-11-29 01:42:52,359 - LSTMMERGE - INFO - [EXP] Época 250/500 - Loss: 11.202063
2025-11-29 01:43:19,300 - LSTMMERGE - INFO - [EXP] Época 300/500 - Loss: 7.414397
2025-11-29 01:43:46,198 - LSTMMERGE - INFO - [EXP] Época 350/500 - Loss: 6.831872
2025-11-29 01:44:14,203 - LSTMMERGE - INFO - [EXP] Época 400/500 - Loss: 11.271012
2025-11-29 01:44:42,632 - LSTMMERGE - INFO - [EXP] Época 450/500 - Loss: 4.683972
2025-11-29 01:45:44,087 - LSTMMERGE - INFO - [EXP] Época 500/500 - Loss: 4.931666
2025-11-29 01:45:44,087 - LSTMMERGE - INFO - Treinamento concluído em 6.04 minutos
2025-11-29 01:45:44,392 - LSTMMERGE - INFO - Calculando erro para o train
2025-11-29 01:45:44,412 - LSTMMERGE - INFO - RMSE: 2.2330
2025-11-29 01:45:44,413 - LSTMMERGE - INFO - MSE : 4.9861
2025-11-29 01:45:44,413 - LSTMMERGE - INFO - MAE : 1.1663
2025-11-29 01:45:44,413 - LSTMMERGE - INFO - CSI (thr=1.0 mm): 0.4768  [TP=2115, FP=1643, FN=678]
2025-11-29 01:45:44,413 - LSTMMERGE - INFO - train_pred TRAIN mm min/max: 0.0, 87.30448150634766
2025-11-29 01:45:44,414 - LSTMMERGE - INFO - train_TRUE TRAIN mm min/max: 0.0, 90.0625
2025-11-29 01:45:44,414 - LSTMMERGE - INFO -  Gerando gráficos TRAIN...
2025-11-29 01:45:45,335 - LSTMMERGE - INFO -  Gráficos gerados TRAIN ...
2025-11-29 01:45:45,336 - LSTMMERGE - INFO - Calculando erro para parte de teste
2025-11-29 01:45:45,336 - LSTMMERGE - INFO - RMSE: 4.5528
2025-11-29 01:45:45,336 - LSTMMERGE - INFO - MSE : 20.7282
2025-11-29 01:45:45,336 - LSTMMERGE - INFO - MAE : 2.0005
2025-11-29 01:45:45,336 - LSTMMERGE - INFO - CSI (thr=1.0 mm): 0.2727  [TP=3, FP=6, FN=2]
2025-11-29 01:45:45,336 - LSTMMERGE - INFO - y_pred mm min/max: 0.0, 24.654447555541992
2025-11-29 01:45:45,336 - LSTMMERGE - INFO - y_TRUE mm min/max: 0.0, 10.625
2025-11-29 01:45:45,336 - LSTMMERGE - INFO -  Gerando gráficos...
2025-11-29 01:45:46,246 - LSTMMERGE - INFO -  Gráficos gerados...
2025-11-29 01:45:46,247 - LSTMMERGE - INFO - ==========================================================================================
2025-11-29 01:45:46,247 - LSTMMERGE - INFO - Execução finalizada com sucesso.
2025-11-29 01:45:46,247 - LSTMMERGE - INFO - Dispositivo utilizado: cuda
2025-11-29 01:45:46,247 - LSTMMERGE - INFO - ==========================================================================================
2025-11-29 01:45:52,086 - BiLSTMMERGE - INFO - ==========================================================================================
2025-11-29 01:45:52,094 - BiLSTMMERGE - INFO - Iniciando script LSTM (PyTorch) MERGE com suporte a GPU e logs detalhados.
2025-11-29 01:45:52,094 - BiLSTMMERGE - INFO - ==========================================================================================
2025-11-29 01:45:52,095 - BiLSTMMERGE - INFO - Iniciando experimento: lookback=30, hidden_dim=32, layers=2, lr=0.001, drop=0.5
2025-11-29 01:45:52,142 - BiLSTMMERGE - INFO - Shape treino: torch.Size([10082, 30, 1]), teste: torch.Size([30, 30, 1])
2025-11-29 01:45:52,253 - BiLSTMMERGE - INFO - Treinando por 500 épocas...
2025-11-29 01:45:56,903 - BiLSTMMERGE - INFO - [EXP] Época 1/500 - Loss: 50.153748
2025-11-29 01:48:11,030 - BiLSTMMERGE - INFO - [EXP] Época 50/500 - Loss: 43.403427
2025-11-29 01:48:46,862 - BiLSTMMERGE - INFO - [EXP] Época 100/500 - Loss: 26.741280
2025-11-29 01:49:22,602 - BiLSTMMERGE - INFO - [EXP] Época 150/500 - Loss: 22.076867
2025-11-29 01:49:58,079 - BiLSTMMERGE - INFO - [EXP] Época 200/500 - Loss: 19.552484
2025-11-29 01:50:33,468 - BiLSTMMERGE - INFO - [EXP] Época 250/500 - Loss: 16.318471
2025-11-29 01:51:21,457 - BiLSTMMERGE - INFO - [EXP] Época 300/500 - Loss: 13.717312
2025-11-29 01:52:37,377 - BiLSTMMERGE - INFO - [EXP] Época 350/500 - Loss: 12.817457
2025-11-29 01:53:46,995 - BiLSTMMERGE - INFO - [EXP] Época 400/500 - Loss: 10.823945
2025-11-29 01:55:06,061 - BiLSTMMERGE - INFO - [EXP] Época 450/500 - Loss: 11.331848
2025-11-29 01:55:55,107 - BiLSTMMERGE - INFO - [EXP] Época 500/500 - Loss: 9.912660
2025-11-29 01:55:55,107 - BiLSTMMERGE - INFO - Treinamento concluído em 10.05 minutos
2025-11-29 01:55:55,294 - BiLSTMMERGE - INFO - Calculando erro para o train
2025-11-29 01:55:55,304 - BiLSTMMERGE - INFO - RMSE: 2.5910
2025-11-29 01:55:55,304 - BiLSTMMERGE - INFO - MSE : 6.7134
2025-11-29 01:55:55,304 - BiLSTMMERGE - INFO - MAE : 1.2184
2025-11-29 01:55:55,304 - BiLSTMMERGE - INFO - CSI (thr=1.0 mm): 0.4798  [TP=1927, FP=1223, FN=866]
2025-11-29 01:55:55,304 - BiLSTMMERGE - INFO - train_pred TRAIN mm min/max: 0.0, 86.37798309326172
2025-11-29 01:55:55,304 - BiLSTMMERGE - INFO - train_TRUE TRAIN mm min/max: 0.0, 90.0625
2025-11-29 01:55:55,304 - BiLSTMMERGE - INFO -  Gerando gráficos TRAIN...
2025-11-29 01:55:55,801 - BiLSTMMERGE - INFO -  Gráficos gerados TRAIN ...
2025-11-29 01:55:55,801 - BiLSTMMERGE - INFO - Calculando erro para parte de teste
2025-11-29 01:55:55,801 - BiLSTMMERGE - INFO - RMSE: 5.8478
2025-11-29 01:55:55,802 - BiLSTMMERGE - INFO - MSE : 34.1971
2025-11-29 01:55:55,802 - BiLSTMMERGE - INFO - MAE : 3.1068
2025-11-29 01:55:55,802 - BiLSTMMERGE - INFO - CSI (thr=1.0 mm): 0.0000  [TP=0, FP=8, FN=5]
2025-11-29 01:55:55,802 - BiLSTMMERGE - INFO - y_pred mm min/max: 0.03414452075958252, 22.884201049804688
2025-11-29 01:55:55,802 - BiLSTMMERGE - INFO - y_TRUE mm min/max: 0.0, 10.625
2025-11-29 01:55:55,802 - BiLSTMMERGE - INFO -  Gerando gráficos...
2025-11-29 01:55:56,120 - BiLSTMMERGE - INFO -  Gráficos gerados...
2025-11-29 01:55:56,120 - BiLSTMMERGE - INFO - ==========================================================================================
2025-11-29 01:55:56,120 - BiLSTMMERGE - INFO - Execução finalizada com sucesso.
2025-11-29 01:55:56,120 - BiLSTMMERGE - INFO - Dispositivo utilizado: cuda
2025-11-29 01:55:56,120 - BiLSTMMERGE - INFO - ==========================================================================================
2025-11-29 01:56:02,982 - LSTMMERGE - INFO - ==========================================================================================
2025-11-29 01:56:02,983 - LSTMMERGE - INFO - Iniciando script LSTM (PyTorch) MERGE com suporte a GPU e logs detalhados.
2025-11-29 01:56:02,983 - LSTMMERGE - INFO - ==========================================================================================
2025-11-29 01:56:02,983 - LSTMMERGE - INFO - Iniciando experimento: lookback=30, hidden_dim=64, layers=2, lr=0.001, drop=0.5
2025-11-29 01:56:02,992 - LSTMMERGE - INFO - Shape treino: torch.Size([10082, 30, 1]), teste: torch.Size([30, 30, 1])
2025-11-29 01:56:02,994 - LSTMMERGE - INFO - Treinando por 500 épocas...
2025-11-29 01:56:06,441 - LSTMMERGE - INFO - [EXP] Época 1/500 - Loss: 49.421474
2025-11-29 01:57:52,431 - LSTMMERGE - INFO - [EXP] Época 50/500 - Loss: 36.578174
2025-11-29 01:59:15,018 - LSTMMERGE - INFO - [EXP] Época 100/500 - Loss: 15.101261
2025-11-29 02:00:24,079 - LSTMMERGE - INFO - [EXP] Época 150/500 - Loss: 5.401632
2025-11-29 02:01:04,794 - LSTMMERGE - INFO - [EXP] Época 200/500 - Loss: 3.551133
2025-11-29 02:02:07,093 - LSTMMERGE - INFO - [EXP] Época 250/500 - Loss: 2.185503
2025-11-29 02:03:06,894 - LSTMMERGE - INFO - [EXP] Época 300/500 - Loss: 2.290535
2025-11-29 02:04:15,881 - LSTMMERGE - INFO - [EXP] Época 350/500 - Loss: 0.740116
2025-11-29 02:05:09,183 - LSTMMERGE - INFO - [EXP] Época 400/500 - Loss: 1.595381
2025-11-29 02:05:36,953 - LSTMMERGE - INFO - [EXP] Época 450/500 - Loss: 6.399869
2025-11-29 02:07:00,887 - LSTMMERGE - INFO - [EXP] Época 500/500 - Loss: 0.843377
2025-11-29 02:07:00,888 - LSTMMERGE - INFO - Treinamento concluído em 10.96 minutos
2025-11-29 02:07:00,962 - LSTMMERGE - INFO - Calculando erro para o train
2025-11-29 02:07:00,963 - LSTMMERGE - INFO - RMSE: 0.5645
2025-11-29 02:07:00,963 - LSTMMERGE - INFO - MSE : 0.3187
2025-11-29 02:07:00,963 - LSTMMERGE - INFO - MAE : 0.2766
2025-11-29 02:07:00,963 - LSTMMERGE - INFO - CSI (thr=1.0 mm): 0.8589  [TP=2580, FP=211, FN=213]
2025-11-29 02:07:00,963 - LSTMMERGE - INFO - train_pred TRAIN mm min/max: 0.0, 89.754638671875
2025-11-29 02:07:00,963 - LSTMMERGE - INFO - train_TRUE TRAIN mm min/max: 0.0, 90.0625
2025-11-29 02:07:00,963 - LSTMMERGE - INFO -  Gerando gráficos TRAIN...
2025-11-29 02:07:02,422 - LSTMMERGE - INFO -  Gráficos gerados TRAIN ...
2025-11-29 02:07:02,422 - LSTMMERGE - INFO - Calculando erro para parte de teste
2025-11-29 02:07:02,423 - LSTMMERGE - INFO - RMSE: 5.0417
2025-11-29 02:07:02,423 - LSTMMERGE - INFO - MSE : 25.4191
2025-11-29 02:07:02,423 - LSTMMERGE - INFO - MAE : 2.9992
2025-11-29 02:07:02,423 - LSTMMERGE - INFO - CSI (thr=1.0 mm): 0.0714  [TP=1, FP=9, FN=4]
2025-11-29 02:07:02,423 - LSTMMERGE - INFO - y_pred mm min/max: 0.0, 15.918971061706543
2025-11-29 02:07:02,423 - LSTMMERGE - INFO - y_TRUE mm min/max: 0.0, 10.625
2025-11-29 02:07:02,423 - LSTMMERGE - INFO -  Gerando gráficos...
2025-11-29 02:07:02,803 - LSTMMERGE - INFO -  Gráficos gerados...
2025-11-29 02:07:02,803 - LSTMMERGE - INFO - ==========================================================================================
2025-11-29 02:07:02,803 - LSTMMERGE - INFO - Execução finalizada com sucesso.
2025-11-29 02:07:02,803 - LSTMMERGE - INFO - Dispositivo utilizado: cuda
2025-11-29 02:07:02,803 - LSTMMERGE - INFO - ==========================================================================================
2025-11-29 02:07:08,536 - BiLSTMMERGE - INFO - ==========================================================================================
2025-11-29 02:07:08,536 - BiLSTMMERGE - INFO - Iniciando script LSTM (PyTorch) MERGE com suporte a GPU e logs detalhados.
2025-11-29 02:07:08,536 - BiLSTMMERGE - INFO - ==========================================================================================
2025-11-29 02:07:08,536 - BiLSTMMERGE - INFO - Iniciando experimento: lookback=30, hidden_dim=64, layers=2, lr=0.001, drop=0.5
2025-11-29 02:07:08,595 - BiLSTMMERGE - INFO - Shape treino: torch.Size([10082, 30, 1]), teste: torch.Size([30, 30, 1])
2025-11-29 02:07:08,600 - BiLSTMMERGE - INFO - Treinando por 500 épocas...
2025-11-29 02:07:12,994 - BiLSTMMERGE - INFO - [EXP] Época 1/500 - Loss: 49.433240
2025-11-29 02:09:14,078 - BiLSTMMERGE - INFO - [EXP] Época 50/500 - Loss: 30.567063
2025-11-29 02:10:39,380 - BiLSTMMERGE - INFO - [EXP] Época 100/500 - Loss: 17.833800
2025-11-29 02:12:12,231 - BiLSTMMERGE - INFO - [EXP] Época 150/500 - Loss: 11.268621
2025-11-29 02:13:32,410 - BiLSTMMERGE - INFO - [EXP] Época 200/500 - Loss: 8.385419
2025-11-29 02:14:39,657 - BiLSTMMERGE - INFO - [EXP] Época 250/500 - Loss: 6.582624
2025-11-29 02:15:42,720 - BiLSTMMERGE - INFO - [EXP] Época 300/500 - Loss: 6.107444
2025-11-29 02:16:59,839 - BiLSTMMERGE - INFO - [EXP] Época 350/500 - Loss: 4.885803
2025-11-29 02:18:18,562 - BiLSTMMERGE - INFO - [EXP] Época 400/500 - Loss: 4.895151
2025-11-29 02:19:33,337 - BiLSTMMERGE - INFO - [EXP] Época 450/500 - Loss: 3.949755
2025-11-29 02:21:24,140 - BiLSTMMERGE - INFO - [EXP] Época 500/500 - Loss: 3.340778
2025-11-29 02:21:24,141 - BiLSTMMERGE - INFO - Treinamento concluído em 14.26 minutos
2025-11-29 02:21:24,330 - BiLSTMMERGE - INFO - Calculando erro para o train
2025-11-29 02:21:24,331 - BiLSTMMERGE - INFO - RMSE: 1.2986
2025-11-29 02:21:24,331 - BiLSTMMERGE - INFO - MSE : 1.6862
2025-11-29 02:21:24,331 - BiLSTMMERGE - INFO - MAE : 0.6042
2025-11-29 02:21:24,331 - BiLSTMMERGE - INFO - CSI (thr=1.0 mm): 0.6982  [TP=2140, FP=272, FN=653]
2025-11-29 02:21:24,331 - BiLSTMMERGE - INFO - train_pred TRAIN mm min/max: 0.0, 86.19720458984375
2025-11-29 02:21:24,331 - BiLSTMMERGE - INFO - train_TRUE TRAIN mm min/max: 0.0, 90.0625
2025-11-29 02:21:24,331 - BiLSTMMERGE - INFO -  Gerando gráficos TRAIN...
2025-11-29 02:21:24,942 - BiLSTMMERGE - INFO -  Gráficos gerados TRAIN ...
2025-11-29 02:21:24,942 - BiLSTMMERGE - INFO - Calculando erro para parte de teste
2025-11-29 02:21:24,943 - BiLSTMMERGE - INFO - RMSE: 3.5970
2025-11-29 02:21:24,943 - BiLSTMMERGE - INFO - MSE : 12.9387
2025-11-29 02:21:24,943 - BiLSTMMERGE - INFO - MAE : 1.9686
2025-11-29 02:21:24,943 - BiLSTMMERGE - INFO - CSI (thr=1.0 mm): 0.2000  [TP=2, FP=5, FN=3]
2025-11-29 02:21:24,943 - BiLSTMMERGE - INFO - y_pred mm min/max: 0.0, 10.073368072509766
2025-11-29 02:21:24,943 - BiLSTMMERGE - INFO - y_TRUE mm min/max: 0.0, 10.625
2025-11-29 02:21:24,943 - BiLSTMMERGE - INFO -  Gerando gráficos...
2025-11-29 02:21:25,788 - BiLSTMMERGE - INFO -  Gráficos gerados...
2025-11-29 02:21:25,788 - BiLSTMMERGE - INFO - ==========================================================================================
2025-11-29 02:21:25,788 - BiLSTMMERGE - INFO - Execução finalizada com sucesso.
2025-11-29 02:21:25,788 - BiLSTMMERGE - INFO - Dispositivo utilizado: cuda
2025-11-29 02:21:25,788 - BiLSTMMERGE - INFO - ==========================================================================================
2025-11-29 02:21:32,267 - LSTMMERGE - INFO - ==========================================================================================
2025-11-29 02:21:32,267 - LSTMMERGE - INFO - Iniciando script LSTM (PyTorch) MERGE com suporte a GPU e logs detalhados.
2025-11-29 02:21:32,267 - LSTMMERGE - INFO - ==========================================================================================
2025-11-29 02:21:32,267 - LSTMMERGE - INFO - Iniciando experimento: lookback=30, hidden_dim=128, layers=2, lr=0.001, drop=0.5
2025-11-29 02:21:32,352 - LSTMMERGE - INFO - Shape treino: torch.Size([10082, 30, 1]), teste: torch.Size([30, 30, 1])
2025-11-29 02:21:32,355 - LSTMMERGE - INFO - Treinando por 500 épocas...
2025-11-29 02:21:35,586 - LSTMMERGE - INFO - [EXP] Época 1/500 - Loss: 49.540414
2025-11-29 02:22:11,805 - LSTMMERGE - INFO - [EXP] Época 50/500 - Loss: 17.664149
2025-11-29 02:22:38,230 - LSTMMERGE - INFO - [EXP] Época 100/500 - Loss: 3.975092
2025-11-29 02:23:04,755 - LSTMMERGE - INFO - [EXP] Época 150/500 - Loss: 1.035089
2025-11-29 02:23:48,342 - LSTMMERGE - INFO - [EXP] Época 200/500 - Loss: 0.683631
2025-11-29 02:24:39,888 - LSTMMERGE - INFO - [EXP] Época 250/500 - Loss: 0.566505
2025-11-29 02:25:08,443 - LSTMMERGE - INFO - [EXP] Época 300/500 - Loss: 0.457819
2025-11-29 02:25:36,656 - LSTMMERGE - INFO - [EXP] Época 350/500 - Loss: 0.490966
2025-11-29 02:26:27,879 - LSTMMERGE - INFO - [EXP] Época 400/500 - Loss: 0.336736
2025-11-29 02:27:36,655 - LSTMMERGE - INFO - [EXP] Época 450/500 - Loss: 0.274738
2025-11-29 02:28:04,711 - LSTMMERGE - INFO - [EXP] Época 500/500 - Loss: 0.983772
2025-11-29 02:28:04,711 - LSTMMERGE - INFO - Treinamento concluído em 6.54 minutos
2025-11-29 02:28:04,880 - LSTMMERGE - INFO - Calculando erro para o train
2025-11-29 02:28:04,881 - LSTMMERGE - INFO - RMSE: 0.8659
2025-11-29 02:28:04,881 - LSTMMERGE - INFO - MSE : 0.7498
2025-11-29 02:28:04,881 - LSTMMERGE - INFO - MAE : 0.3964
2025-11-29 02:28:04,881 - LSTMMERGE - INFO - CSI (thr=1.0 mm): 0.8374  [TP=2622, FP=338, FN=171]
2025-11-29 02:28:04,881 - LSTMMERGE - INFO - train_pred TRAIN mm min/max: 0.0, 89.67644500732422
2025-11-29 02:28:04,881 - LSTMMERGE - INFO - train_TRUE TRAIN mm min/max: 0.0, 90.0625
2025-11-29 02:28:04,881 - LSTMMERGE - INFO -  Gerando gráficos TRAIN...
2025-11-29 02:28:06,201 - LSTMMERGE - INFO -  Gráficos gerados TRAIN ...
2025-11-29 02:28:06,201 - LSTMMERGE - INFO - Calculando erro para parte de teste
2025-11-29 02:28:06,202 - LSTMMERGE - INFO - RMSE: 3.0825
2025-11-29 02:28:06,202 - LSTMMERGE - INFO - MSE : 9.5021
2025-11-29 02:28:06,202 - LSTMMERGE - INFO - MAE : 1.7545
2025-11-29 02:28:06,202 - LSTMMERGE - INFO - CSI (thr=1.0 mm): 0.1429  [TP=2, FP=9, FN=3]
2025-11-29 02:28:06,202 - LSTMMERGE - INFO - y_pred mm min/max: 0.0, 5.953596115112305
2025-11-29 02:28:06,202 - LSTMMERGE - INFO - y_TRUE mm min/max: 0.0, 10.625
2025-11-29 02:28:06,202 - LSTMMERGE - INFO -  Gerando gráficos...
2025-11-29 02:28:06,618 - LSTMMERGE - INFO -  Gráficos gerados...
2025-11-29 02:28:06,619 - LSTMMERGE - INFO - ==========================================================================================
2025-11-29 02:28:06,619 - LSTMMERGE - INFO - Execução finalizada com sucesso.
2025-11-29 02:28:06,619 - LSTMMERGE - INFO - Dispositivo utilizado: cuda
2025-11-29 02:28:06,619 - LSTMMERGE - INFO - ==========================================================================================
2025-11-29 02:28:12,325 - BiLSTMMERGE - INFO - ==========================================================================================
2025-11-29 02:28:12,325 - BiLSTMMERGE - INFO - Iniciando script LSTM (PyTorch) MERGE com suporte a GPU e logs detalhados.
2025-11-29 02:28:12,325 - BiLSTMMERGE - INFO - ==========================================================================================
2025-11-29 02:28:12,325 - BiLSTMMERGE - INFO - Iniciando experimento: lookback=30, hidden_dim=128, layers=2, lr=0.001, drop=0.5
2025-11-29 02:28:12,390 - BiLSTMMERGE - INFO - Shape treino: torch.Size([10082, 30, 1]), teste: torch.Size([30, 30, 1])
2025-11-29 02:28:12,399 - BiLSTMMERGE - INFO - Treinando por 500 épocas...
2025-11-29 02:28:16,719 - BiLSTMMERGE - INFO - [EXP] Época 1/500 - Loss: 48.831903
2025-11-29 02:31:19,487 - BiLSTMMERGE - INFO - [EXP] Época 50/500 - Loss: 28.612721
2025-11-29 02:33:32,908 - BiLSTMMERGE - INFO - [EXP] Época 100/500 - Loss: 9.634508
2025-11-29 02:34:33,819 - BiLSTMMERGE - INFO - [EXP] Época 150/500 - Loss: 11.834699
2025-11-29 02:35:45,383 - BiLSTMMERGE - INFO - [EXP] Época 200/500 - Loss: 4.547849
2025-11-29 02:36:51,323 - BiLSTMMERGE - INFO - [EXP] Época 250/500 - Loss: 2.624216
2025-11-29 02:37:42,419 - BiLSTMMERGE - INFO - [EXP] Época 300/500 - Loss: 2.286579
2025-11-29 02:38:32,394 - BiLSTMMERGE - INFO - [EXP] Época 350/500 - Loss: 2.109022
2025-11-29 02:39:59,283 - BiLSTMMERGE - INFO - [EXP] Época 400/500 - Loss: 1.540015
2025-11-29 02:40:42,329 - BiLSTMMERGE - INFO - [EXP] Época 450/500 - Loss: 1.763748
2025-11-29 02:41:20,044 - BiLSTMMERGE - INFO - [EXP] Época 500/500 - Loss: 1.466024
2025-11-29 02:41:20,044 - BiLSTMMERGE - INFO - Treinamento concluído em 13.13 minutos
2025-11-29 02:41:20,402 - BiLSTMMERGE - INFO - Calculando erro para o train
2025-11-29 02:41:20,403 - BiLSTMMERGE - INFO - RMSE: 0.7087
2025-11-29 02:41:20,403 - BiLSTMMERGE - INFO - MSE : 0.5023
2025-11-29 02:41:20,403 - BiLSTMMERGE - INFO - MAE : 0.3322
2025-11-29 02:41:20,403 - BiLSTMMERGE - INFO - CSI (thr=1.0 mm): 0.8591  [TP=2470, FP=82, FN=323]
2025-11-29 02:41:20,403 - BiLSTMMERGE - INFO - train_pred TRAIN mm min/max: 0.0, 85.85427856445312
2025-11-29 02:41:20,403 - BiLSTMMERGE - INFO - train_TRUE TRAIN mm min/max: 0.0, 90.0625
2025-11-29 02:41:20,404 - BiLSTMMERGE - INFO -  Gerando gráficos TRAIN...
2025-11-29 02:41:21,012 - BiLSTMMERGE - INFO -  Gráficos gerados TRAIN ...
2025-11-29 02:41:21,012 - BiLSTMMERGE - INFO - Calculando erro para parte de teste
2025-11-29 02:41:21,013 - BiLSTMMERGE - INFO - RMSE: 4.3198
2025-11-29 02:41:21,013 - BiLSTMMERGE - INFO - MSE : 18.6605
2025-11-29 02:41:21,013 - BiLSTMMERGE - INFO - MAE : 1.8616
2025-11-29 02:41:21,013 - BiLSTMMERGE - INFO - CSI (thr=1.0 mm): 0.2500  [TP=2, FP=3, FN=3]
2025-11-29 02:41:21,013 - BiLSTMMERGE - INFO - y_pred mm min/max: 0.0, 17.26534080505371
2025-11-29 02:41:21,013 - BiLSTMMERGE - INFO - y_TRUE mm min/max: 0.0, 10.625
2025-11-29 02:41:21,013 - BiLSTMMERGE - INFO -  Gerando gráficos...
2025-11-29 02:41:21,819 - BiLSTMMERGE - INFO -  Gráficos gerados...
2025-11-29 02:41:21,819 - BiLSTMMERGE - INFO - ==========================================================================================
2025-11-29 02:41:21,819 - BiLSTMMERGE - INFO - Execução finalizada com sucesso.
2025-11-29 02:41:21,819 - BiLSTMMERGE - INFO - Dispositivo utilizado: cuda
2025-11-29 02:41:21,819 - BiLSTMMERGE - INFO - ==========================================================================================
2025-11-29 02:41:28,572 - LSTMMERGE - INFO - ==========================================================================================
2025-11-29 02:41:28,572 - LSTMMERGE - INFO - Iniciando script LSTM (PyTorch) MERGE com suporte a GPU e logs detalhados.
2025-11-29 02:41:28,572 - LSTMMERGE - INFO - ==========================================================================================
2025-11-29 02:41:28,572 - LSTMMERGE - INFO - Iniciando experimento: lookback=30, hidden_dim=256, layers=2, lr=0.001, drop=0.5
2025-11-29 02:41:28,688 - LSTMMERGE - INFO - Shape treino: torch.Size([10082, 30, 1]), teste: torch.Size([30, 30, 1])
2025-11-29 02:41:28,812 - LSTMMERGE - INFO - Treinando por 500 épocas...
2025-11-29 02:41:33,914 - LSTMMERGE - INFO - [EXP] Época 1/500 - Loss: 49.454609
2025-11-29 02:42:30,632 - LSTMMERGE - INFO - [EXP] Época 50/500 - Loss: 22.063878
2025-11-29 02:43:16,382 - LSTMMERGE - INFO - [EXP] Época 100/500 - Loss: 2.755517
2025-11-29 02:44:04,045 - LSTMMERGE - INFO - [EXP] Época 150/500 - Loss: 0.735037
2025-11-29 02:44:49,400 - LSTMMERGE - INFO - [EXP] Época 200/500 - Loss: 0.852456
2025-11-29 02:45:35,378 - LSTMMERGE - INFO - [EXP] Época 250/500 - Loss: 1.174090
2025-11-29 02:46:19,976 - LSTMMERGE - INFO - [EXP] Época 300/500 - Loss: 0.334003
2025-11-29 02:47:05,416 - LSTMMERGE - INFO - [EXP] Época 350/500 - Loss: 0.179153
2025-11-29 02:47:51,118 - LSTMMERGE - INFO - [EXP] Época 400/500 - Loss: 2.573876
2025-11-29 02:48:36,912 - LSTMMERGE - INFO - [EXP] Época 450/500 - Loss: 0.773223
2025-11-29 02:49:22,942 - LSTMMERGE - INFO - [EXP] Época 500/500 - Loss: 0.372155
2025-11-29 02:49:22,942 - LSTMMERGE - INFO - Treinamento concluído em 7.90 minutos
2025-11-29 02:49:23,172 - LSTMMERGE - INFO - Calculando erro para o train
2025-11-29 02:49:23,173 - LSTMMERGE - INFO - RMSE: 0.4898
2025-11-29 02:49:23,173 - LSTMMERGE - INFO - MSE : 0.2399
2025-11-29 02:49:23,173 - LSTMMERGE - INFO - MAE : 0.1949
2025-11-29 02:49:23,173 - LSTMMERGE - INFO - CSI (thr=1.0 mm): 0.9152  [TP=2634, FP=85, FN=159]
2025-11-29 02:49:23,173 - LSTMMERGE - INFO - train_pred TRAIN mm min/max: 0.0, 90.91670227050781
2025-11-29 02:49:23,173 - LSTMMERGE - INFO - train_TRUE TRAIN mm min/max: 0.0, 90.0625
2025-11-29 02:49:23,173 - LSTMMERGE - INFO -  Gerando gráficos TRAIN...
2025-11-29 02:49:26,415 - LSTMMERGE - INFO -  Gráficos gerados TRAIN ...
2025-11-29 02:49:26,496 - LSTMMERGE - INFO - Calculando erro para parte de teste
2025-11-29 02:49:26,497 - LSTMMERGE - INFO - RMSE: 4.0671
2025-11-29 02:49:26,497 - LSTMMERGE - INFO - MSE : 16.5410
2025-11-29 02:49:26,497 - LSTMMERGE - INFO - MAE : 2.3266
2025-11-29 02:49:26,497 - LSTMMERGE - INFO - CSI (thr=1.0 mm): 0.1429  [TP=2, FP=9, FN=3]
2025-11-29 02:49:26,497 - LSTMMERGE - INFO - y_pred mm min/max: 0.0, 14.245770454406738
2025-11-29 02:49:26,497 - LSTMMERGE - INFO - y_TRUE mm min/max: 0.0, 10.625
2025-11-29 02:49:26,497 - LSTMMERGE - INFO -  Gerando gráficos...
2025-11-29 02:49:46,885 - LSTMMERGE - INFO -  Gráficos gerados...
2025-11-29 02:49:46,885 - LSTMMERGE - INFO - ==========================================================================================
2025-11-29 02:49:46,885 - LSTMMERGE - INFO - Execução finalizada com sucesso.
2025-11-29 02:49:46,885 - LSTMMERGE - INFO - Dispositivo utilizado: cuda
2025-11-29 02:49:46,885 - LSTMMERGE - INFO - ==========================================================================================
2025-11-29 02:49:53,954 - BiLSTMMERGE - INFO - ==========================================================================================
2025-11-29 02:49:53,954 - BiLSTMMERGE - INFO - Iniciando script LSTM (PyTorch) MERGE com suporte a GPU e logs detalhados.
2025-11-29 02:49:53,954 - BiLSTMMERGE - INFO - ==========================================================================================
2025-11-29 02:49:53,954 - BiLSTMMERGE - INFO - Iniciando experimento: lookback=30, hidden_dim=256, layers=2, lr=0.001, drop=0.5
2025-11-29 02:49:54,064 - BiLSTMMERGE - INFO - Shape treino: torch.Size([10082, 30, 1]), teste: torch.Size([30, 30, 1])
2025-11-29 02:49:54,294 - BiLSTMMERGE - INFO - Treinando por 500 épocas...
2025-11-29 02:49:55,824 - BiLSTMMERGE - INFO - [EXP] Época 1/500 - Loss: 48.576731
2025-11-29 02:51:08,102 - BiLSTMMERGE - INFO - [EXP] Época 50/500 - Loss: 27.376166
2025-11-29 02:52:22,244 - BiLSTMMERGE - INFO - [EXP] Época 100/500 - Loss: 7.629336
2025-11-29 02:53:36,255 - BiLSTMMERGE - INFO - [EXP] Época 150/500 - Loss: 4.037739
2025-11-29 02:54:50,229 - BiLSTMMERGE - INFO - [EXP] Época 200/500 - Loss: 2.131378
2025-11-29 02:56:03,695 - BiLSTMMERGE - INFO - [EXP] Época 250/500 - Loss: 1.534689
2025-11-29 02:57:17,451 - BiLSTMMERGE - INFO - [EXP] Época 300/500 - Loss: 1.464310
2025-11-29 02:58:31,464 - BiLSTMMERGE - INFO - [EXP] Época 350/500 - Loss: 1.215762
2025-11-29 02:59:45,307 - BiLSTMMERGE - INFO - [EXP] Época 400/500 - Loss: 1.312707
2025-11-29 03:00:59,150 - BiLSTMMERGE - INFO - [EXP] Época 450/500 - Loss: 1.488514
2025-11-29 03:02:12,986 - BiLSTMMERGE - INFO - [EXP] Época 500/500 - Loss: 0.927388
2025-11-29 03:02:12,987 - BiLSTMMERGE - INFO - Treinamento concluído em 12.31 minutos
2025-11-29 03:02:13,479 - BiLSTMMERGE - INFO - Calculando erro para o train
2025-11-29 03:02:13,552 - BiLSTMMERGE - INFO - RMSE: 0.5142
2025-11-29 03:02:13,552 - BiLSTMMERGE - INFO - MSE : 0.2644
2025-11-29 03:02:13,552 - BiLSTMMERGE - INFO - MAE : 0.2210
2025-11-29 03:02:13,552 - BiLSTMMERGE - INFO - CSI (thr=1.0 mm): 0.9172  [TP=2591, FP=32, FN=202]
2025-11-29 03:02:13,553 - BiLSTMMERGE - INFO - train_pred TRAIN mm min/max: 0.0, 88.61516571044922
2025-11-29 03:02:13,553 - BiLSTMMERGE - INFO - train_TRUE TRAIN mm min/max: 0.0, 90.0625
2025-11-29 03:02:13,553 - BiLSTMMERGE - INFO -  Gerando gráficos TRAIN...
2025-11-29 03:02:15,362 - BiLSTMMERGE - INFO -  Gráficos gerados TRAIN ...
2025-11-29 03:02:15,362 - BiLSTMMERGE - INFO - Calculando erro para parte de teste
2025-11-29 03:02:15,362 - BiLSTMMERGE - INFO - RMSE: 4.8577
2025-11-29 03:02:15,362 - BiLSTMMERGE - INFO - MSE : 23.5971
2025-11-29 03:02:15,362 - BiLSTMMERGE - INFO - MAE : 2.2865
2025-11-29 03:02:15,363 - BiLSTMMERGE - INFO - CSI (thr=1.0 mm): 0.0000  [TP=0, FP=6, FN=5]
2025-11-29 03:02:15,363 - BiLSTMMERGE - INFO - y_pred mm min/max: 0.0, 20.258251190185547
2025-11-29 03:02:15,363 - BiLSTMMERGE - INFO - y_TRUE mm min/max: 0.0, 10.625
2025-11-29 03:02:15,363 - BiLSTMMERGE - INFO -  Gerando gráficos...
2025-11-29 03:02:16,252 - BiLSTMMERGE - INFO -  Gráficos gerados...
2025-11-29 03:02:16,252 - BiLSTMMERGE - INFO - ==========================================================================================
2025-11-29 03:02:16,252 - BiLSTMMERGE - INFO - Execução finalizada com sucesso.
2025-11-29 03:02:16,252 - BiLSTMMERGE - INFO - Dispositivo utilizado: cuda
2025-11-29 03:02:16,252 - BiLSTMMERGE - INFO - ==========================================================================================
2025-11-29 03:02:22,335 - ARIMA_MERGE - INFO - ==========================================================================================
2025-11-29 03:02:22,335 - ARIMA_MERGE - INFO - Iniciando script ARIMA MERGE.
2025-11-29 03:02:22,335 - ARIMA_MERGE - INFO - ==========================================================================================
2025-11-29 03:02:22,344 - ARIMA_MERGE - INFO - Tamanho treino: 10113 | teste: 30
2025-11-29 03:02:22,344 - ARIMA_MERGE - INFO - [FASE 4] Iniciando busca manual por hiperparâmetros (AIC).
2025-11-29 03:23:03,938 - ARIMA_MERGE - INFO - Melhor order encontrado: (30, 0, 2)
2025-11-29 03:23:03,940 - ARIMA_MERGE - INFO - Melhor AIC (treino): 67453.59
2025-11-29 03:23:03,940 - ARIMA_MERGE - INFO - Tempo da Fase 4: 1241.60s
2025-11-29 03:23:03,940 - ARIMA_MERGE - INFO - [FASE 5] Reajustando melhor modelo no conjunto de treino.
2025-11-29 03:29:42,928 - ARIMA_MERGE - INFO - Melhor modelo ajustado no treino.
2025-11-29 03:29:42,928 - ARIMA_MERGE - INFO - Tempo da Fase 5: 398.99s
2025-11-29 03:29:42,928 - ARIMA_MERGE - INFO - [FASE 6] Gerando previsões no conjunto de teste e avaliando métricas.
2025-11-29 03:29:43,008 - ARIMA_MERGE - INFO - RMSE: 6.7714
2025-11-29 03:29:43,008 - ARIMA_MERGE - INFO - MSE : 45.8525
2025-11-29 03:29:43,008 - ARIMA_MERGE - INFO - MAE : 3.4857
2025-11-29 03:29:43,008 - ARIMA_MERGE - INFO - CSI (thr=1.0 mm): 0.2725  [TP=2751, FP=7336, FN=7]
2025-11-29 03:29:43,008 - ARIMA_MERGE - INFO - [TREINO] RMSE=6.7714 | MSE=45.8525 | MAE=3.4857 | CSI=0.2725
2025-11-29 03:29:43,068 - ARIMA_MERGE - INFO - RMSE: 3.0039
2025-11-29 03:29:43,068 - ARIMA_MERGE - INFO - MSE : 9.0232
2025-11-29 03:29:43,068 - ARIMA_MERGE - INFO - MAE : 2.5756
2025-11-29 03:29:43,068 - ARIMA_MERGE - INFO - CSI (thr=1.0 mm): 0.2000  [TP=6, FP=24, FN=0]
2025-11-29 03:29:43,068 - ARIMA_MERGE - INFO - Tempo total da Fase 6: 0.14s
2025-11-29 03:29:43,068 - ARIMA_MERGE - INFO - [FASE 7] Salvando gráfico de previsão vs. observado.
2025-11-29 03:29:43,893 - ARIMA_MERGE - INFO - Gráfico salvo como 'arimaMERGE_result.png'.
2025-11-29 03:29:43,893 - ARIMA_MERGE - INFO - ==========================================================================================
2025-11-29 03:29:43,893 - ARIMA_MERGE - INFO - Execução ARIMA MERGE finalizada com sucesso.
2025-11-29 03:29:43,893 - ARIMA_MERGE - INFO - Tempo total de execução: 1641.56s
2025-11-29 03:29:43,893 - ARIMA_MERGE - INFO - ==========================================================================================
2025-11-29 03:29:49,581 - RANDOM_FOREST_MERGE - INFO - ====================================================================================================
2025-11-29 03:29:49,581 - RANDOM_FOREST_MERGE - INFO - Iniciando Random Forest MERGE com GridSearchCV.
2025-11-29 03:29:49,581 - RANDOM_FOREST_MERGE - INFO - ====================================================================================================
2025-11-29 03:29:49,581 - RANDOM_FOREST_MERGE - INFO - [FASE 3] Split treino/teste e preparação.
2025-11-29 03:29:49,587 - RANDOM_FOREST_MERGE - INFO - [FASE 3] Treino: X=(10083, 30), y=10083 | Teste: X=(30, 30), y=30
2025-11-29 03:29:49,587 - RANDOM_FOREST_MERGE - INFO - [FASE 3] Tempo: 0.01s
2025-11-29 03:29:49,587 - RANDOM_FOREST_MERGE - INFO - [FASE 4] Iniciando GridSearchCV (TimeSeriesSplit).
2025-11-29 03:39:25,292 - RANDOM_FOREST_MERGE - INFO - [FASE 4] GridSearchCV concluído em 575.68s
2025-11-29 03:39:25,452 - RANDOM_FOREST_MERGE - INFO - [FASE 4] Melhores parâmetros: {'max_depth': None, 'max_features': 'sqrt', 'min_samples_leaf': 4, 'min_samples_split': 10, 'n_estimators': 400}
2025-11-29 03:39:25,460 - RANDOM_FOREST_MERGE - INFO - [FASE 4] Melhor score (neg_MSE): -44.966315
2025-11-29 03:39:25,476 - RANDOM_FOREST_MERGE - INFO - [FASE 4] Tempo: 575.89s
2025-11-29 03:39:25,477 - RANDOM_FOREST_MERGE - INFO - [FASE 5] Treinando best_estimator_ no conjunto de treino.
2025-11-29 03:39:32,277 - RANDOM_FOREST_MERGE - INFO - [FASE 5] Tempo: 6.80s
2025-11-29 03:39:32,277 - RANDOM_FOREST_MERGE - INFO - [FASE 6] Previsão e cálculo de métricas.
2025-11-29 03:39:33,050 - RANDOM_FOREST_MERGE - INFO - RMSE: 5.1608
2025-11-29 03:39:33,050 - RANDOM_FOREST_MERGE - INFO - MSE : 26.6336
2025-11-29 03:39:33,051 - RANDOM_FOREST_MERGE - INFO - MAE : 2.5502
2025-11-29 03:39:33,051 - RANDOM_FOREST_MERGE - INFO - CSI (thr=1.0 mm): 0.3691  [TP=2706, FP=4580, FN=45]
2025-11-29 03:39:33,051 - RANDOM_FOREST_MERGE - INFO - [TREINO] RMSE=5.1608 | MSE=26.6336 | MAE=2.5502 | CSI=0.3691
2025-11-29 03:39:33,358 - RANDOM_FOREST_MERGE - INFO - y_pred raw min/max: 0.4113597184925332, 6.764372335906767
2025-11-29 03:39:33,359 - RANDOM_FOREST_MERGE - INFO - y_TRUE raw min/max: 0.0, 10.62500000066143
2025-11-29 03:39:33,371 - RANDOM_FOREST_MERGE - INFO - RMSE: 3.0398
2025-11-29 03:39:33,371 - RANDOM_FOREST_MERGE - INFO - MSE : 9.2406
2025-11-29 03:39:33,371 - RANDOM_FOREST_MERGE - INFO - MAE : 1.9900
2025-11-29 03:39:33,371 - RANDOM_FOREST_MERGE - INFO - CSI (thr=1.0 mm): 0.1905  [TP=4, FP=15, FN=2]
2025-11-29 03:39:33,372 - RANDOM_FOREST_MERGE - INFO - [FASE 7] Gerando gráficos.
2025-11-29 03:39:40,560 - RANDOM_FOREST_MERGE - INFO - Gráfico salvo como 'random_forest_MERGE.png'.
2025-11-29 03:39:40,560 - RANDOM_FOREST_MERGE - INFO - [FASE 7] Tempo: 7.19s
2025-11-29 03:39:40,560 - RANDOM_FOREST_MERGE - INFO - ====================================================================================================
2025-11-29 03:39:40,560 - RANDOM_FOREST_MERGE - INFO - Resumo Final
2025-11-29 03:39:40,560 - RANDOM_FOREST_MERGE - INFO - Melhores parâmetros: {'max_depth': None, 'max_features': 'sqrt', 'min_samples_leaf': 4, 'min_samples_split': 10, 'n_estimators': 400}
2025-11-29 03:39:40,560 - RANDOM_FOREST_MERGE - INFO - Tempo total de execução: 590.98s
2025-11-29 03:39:40,560 - RANDOM_FOREST_MERGE - INFO - ====================================================================================================
2025-11-29 03:39:52,484 - LSTMMERGE - INFO - ==========================================================================================
2025-11-29 03:39:52,485 - LSTMMERGE - INFO - Iniciando script LSTM (PyTorch) MERGE com suporte a GPU e logs detalhados.
2025-11-29 03:39:52,485 - LSTMMERGE - INFO - ==========================================================================================
2025-11-29 03:39:52,485 - LSTMMERGE - INFO - Iniciando experimento: lookback=30, hidden_dim=32, layers=2, lr=0.001, drop=0.5
2025-11-29 03:39:54,800 - LSTMMERGE - INFO - Shape treino: torch.Size([10082, 30, 1]), teste: torch.Size([30, 30, 1])
2025-11-29 03:39:56,609 - LSTMMERGE - INFO - Treinando por 500 épocas...
2025-11-29 03:40:05,349 - LSTMMERGE - INFO - [EXP] Época 1/500 - Loss: 50.947397
2025-11-29 03:41:38,412 - LSTMMERGE - INFO - [EXP] Época 50/500 - Loss: 44.601080
2025-11-29 03:43:14,086 - LSTMMERGE - INFO - [EXP] Época 100/500 - Loss: 27.465621
2025-11-29 03:44:20,824 - LSTMMERGE - INFO - [EXP] Época 150/500 - Loss: 17.389185
2025-11-29 03:45:58,297 - LSTMMERGE - INFO - [EXP] Época 200/500 - Loss: 21.376507
2025-11-29 03:47:57,083 - LSTMMERGE - INFO - [EXP] Época 250/500 - Loss: 12.115434
2025-11-29 03:48:45,760 - LSTMMERGE - INFO - [EXP] Época 300/500 - Loss: 9.666417
2025-11-29 03:49:14,039 - LSTMMERGE - INFO - [EXP] Época 350/500 - Loss: 10.020313
2025-11-29 03:49:42,441 - LSTMMERGE - INFO - [EXP] Época 400/500 - Loss: 7.007059
2025-11-29 03:50:11,180 - LSTMMERGE - INFO - [EXP] Época 450/500 - Loss: 7.025793
2025-11-29 03:50:40,045 - LSTMMERGE - INFO - [EXP] Época 500/500 - Loss: 5.774608
2025-11-29 03:50:40,045 - LSTMMERGE - INFO - Treinamento concluído em 10.72 minutos
2025-11-29 03:50:40,301 - LSTMMERGE - INFO - Calculando erro para o train
2025-11-29 03:50:40,341 - LSTMMERGE - INFO - RMSE: 2.1303
2025-11-29 03:50:40,341 - LSTMMERGE - INFO - MSE : 4.5381
2025-11-29 03:50:40,341 - LSTMMERGE - INFO - MAE : 1.0960
2025-11-29 03:50:40,341 - LSTMMERGE - INFO - CSI (thr=1.0 mm): 0.4832  [TP=2279, FP=1923, FN=514]
2025-11-29 03:50:40,341 - LSTMMERGE - INFO - train_pred TRAIN mm min/max: 0.0, 92.13397979736328
2025-11-29 03:50:40,341 - LSTMMERGE - INFO - train_TRUE TRAIN mm min/max: 0.0, 90.0625
2025-11-29 03:50:40,341 - LSTMMERGE - INFO -  Gerando gráficos TRAIN...
2025-11-29 03:50:41,248 - LSTMMERGE - INFO -  Gráficos gerados TRAIN ...
2025-11-29 03:50:41,248 - LSTMMERGE - INFO - Calculando erro para parte de teste
2025-11-29 03:50:41,260 - LSTMMERGE - INFO - RMSE: 7.4789
2025-11-29 03:50:41,260 - LSTMMERGE - INFO - MSE : 55.9335
2025-11-29 03:50:41,260 - LSTMMERGE - INFO - MAE : 3.9494
2025-11-29 03:50:41,260 - LSTMMERGE - INFO - CSI (thr=1.0 mm): 0.1250  [TP=2, FP=11, FN=3]
2025-11-29 03:50:41,261 - LSTMMERGE - INFO - y_pred mm min/max: 0.0, 23.89115333557129
2025-11-29 03:50:41,261 - LSTMMERGE - INFO - y_TRUE mm min/max: 0.0, 10.625
2025-11-29 03:50:41,261 - LSTMMERGE - INFO -  Gerando gráficos...
2025-11-29 03:50:42,092 - LSTMMERGE - INFO -  Gráficos gerados...
2025-11-29 03:50:42,093 - LSTMMERGE - INFO - ==========================================================================================
2025-11-29 03:50:42,093 - LSTMMERGE - INFO - Execução finalizada com sucesso.
2025-11-29 03:50:42,093 - LSTMMERGE - INFO - Dispositivo utilizado: cuda
2025-11-29 03:50:42,093 - LSTMMERGE - INFO - ==========================================================================================
2025-11-29 03:50:47,853 - BiLSTMMERGE - INFO - ==========================================================================================
2025-11-29 03:50:47,861 - BiLSTMMERGE - INFO - Iniciando script LSTM (PyTorch) MERGE com suporte a GPU e logs detalhados.
2025-11-29 03:50:47,861 - BiLSTMMERGE - INFO - ==========================================================================================
2025-11-29 03:50:47,861 - BiLSTMMERGE - INFO - Iniciando experimento: lookback=30, hidden_dim=32, layers=2, lr=0.001, drop=0.5
2025-11-29 03:50:47,958 - BiLSTMMERGE - INFO - Shape treino: torch.Size([10082, 30, 1]), teste: torch.Size([30, 30, 1])
2025-11-29 03:50:48,069 - BiLSTMMERGE - INFO - Treinando por 500 épocas...
2025-11-29 03:50:52,864 - BiLSTMMERGE - INFO - [EXP] Época 1/500 - Loss: 49.771850
2025-11-29 03:51:54,179 - BiLSTMMERGE - INFO - [EXP] Época 50/500 - Loss: 43.968888
2025-11-29 03:52:30,756 - BiLSTMMERGE - INFO - [EXP] Época 100/500 - Loss: 30.657826
2025-11-29 03:53:07,592 - BiLSTMMERGE - INFO - [EXP] Época 150/500 - Loss: 21.694816
2025-11-29 03:53:44,572 - BiLSTMMERGE - INFO - [EXP] Época 200/500 - Loss: 17.493563
2025-11-29 03:54:21,408 - BiLSTMMERGE - INFO - [EXP] Época 250/500 - Loss: 16.984901
2025-11-29 03:54:58,287 - BiLSTMMERGE - INFO - [EXP] Época 300/500 - Loss: 15.955741
2025-11-29 03:55:35,273 - BiLSTMMERGE - INFO - [EXP] Época 350/500 - Loss: 12.079417
2025-11-29 03:56:12,068 - BiLSTMMERGE - INFO - [EXP] Época 400/500 - Loss: 12.142241
2025-11-29 03:56:49,255 - BiLSTMMERGE - INFO - [EXP] Época 450/500 - Loss: 10.022366
2025-11-29 03:57:26,448 - BiLSTMMERGE - INFO - [EXP] Época 500/500 - Loss: 9.682995
2025-11-29 03:57:26,448 - BiLSTMMERGE - INFO - Treinamento concluído em 6.64 minutos
2025-11-29 03:57:26,627 - BiLSTMMERGE - INFO - Calculando erro para o train
2025-11-29 03:57:26,628 - BiLSTMMERGE - INFO - RMSE: 2.4691
2025-11-29 03:57:26,628 - BiLSTMMERGE - INFO - MSE : 6.0962
2025-11-29 03:57:26,628 - BiLSTMMERGE - INFO - MAE : 1.2634
2025-11-29 03:57:26,628 - BiLSTMMERGE - INFO - CSI (thr=1.0 mm): 0.4456  [TP=1919, FP=1514, FN=874]
2025-11-29 03:57:26,628 - BiLSTMMERGE - INFO - train_pred TRAIN mm min/max: 0.0, 88.55390167236328
2025-11-29 03:57:26,628 - BiLSTMMERGE - INFO - train_TRUE TRAIN mm min/max: 0.0, 90.0625
2025-11-29 03:57:26,628 - BiLSTMMERGE - INFO -  Gerando gráficos TRAIN...
2025-11-29 03:57:27,916 - BiLSTMMERGE - INFO -  Gráficos gerados TRAIN ...
2025-11-29 03:57:27,916 - BiLSTMMERGE - INFO - Calculando erro para parte de teste
2025-11-29 03:57:27,917 - BiLSTMMERGE - INFO - RMSE: 3.4553
2025-11-29 03:57:27,917 - BiLSTMMERGE - INFO - MSE : 11.9392
2025-11-29 03:57:27,917 - BiLSTMMERGE - INFO - MAE : 1.9256
2025-11-29 03:57:27,917 - BiLSTMMERGE - INFO - CSI (thr=1.0 mm): 0.1000  [TP=1, FP=5, FN=4]
2025-11-29 03:57:27,917 - BiLSTMMERGE - INFO - y_pred mm min/max: 0.1637030839920044, 11.247001647949219
2025-11-29 03:57:27,917 - BiLSTMMERGE - INFO - y_TRUE mm min/max: 0.0, 10.625
2025-11-29 03:57:27,917 - BiLSTMMERGE - INFO -  Gerando gráficos...
2025-11-29 03:57:28,480 - BiLSTMMERGE - INFO -  Gráficos gerados...
2025-11-29 03:57:28,480 - BiLSTMMERGE - INFO - ==========================================================================================
2025-11-29 03:57:28,480 - BiLSTMMERGE - INFO - Execução finalizada com sucesso.
2025-11-29 03:57:28,480 - BiLSTMMERGE - INFO - Dispositivo utilizado: cuda
2025-11-29 03:57:28,480 - BiLSTMMERGE - INFO - ==========================================================================================
2025-11-29 03:57:37,074 - LSTMMERGE - INFO - ==========================================================================================
2025-11-29 03:57:37,074 - LSTMMERGE - INFO - Iniciando script LSTM (PyTorch) MERGE com suporte a GPU e logs detalhados.
2025-11-29 03:57:37,075 - LSTMMERGE - INFO - ==========================================================================================
2025-11-29 03:57:37,075 - LSTMMERGE - INFO - Iniciando experimento: lookback=30, hidden_dim=64, layers=2, lr=0.001, drop=0.5
2025-11-29 03:57:37,163 - LSTMMERGE - INFO - Shape treino: torch.Size([10082, 30, 1]), teste: torch.Size([30, 30, 1])
2025-11-29 03:57:37,168 - LSTMMERGE - INFO - Treinando por 500 épocas...
2025-11-29 03:57:40,710 - LSTMMERGE - INFO - [EXP] Época 1/500 - Loss: 49.913808
2025-11-29 03:58:54,663 - LSTMMERGE - INFO - [EXP] Época 50/500 - Loss: 29.682891
2025-11-29 03:59:23,037 - LSTMMERGE - INFO - [EXP] Época 100/500 - Loss: 13.892396
2025-11-29 03:59:55,223 - LSTMMERGE - INFO - [EXP] Época 150/500 - Loss: 5.864161
2025-11-29 04:00:30,905 - LSTMMERGE - INFO - [EXP] Época 200/500 - Loss: 4.098474
2025-11-29 04:01:06,584 - LSTMMERGE - INFO - [EXP] Época 250/500 - Loss: 2.207995
2025-11-29 04:01:45,513 - LSTMMERGE - INFO - [EXP] Época 300/500 - Loss: 1.672819
2025-11-29 04:02:26,297 - LSTMMERGE - INFO - [EXP] Época 350/500 - Loss: 1.607058
2025-11-29 04:02:54,547 - LSTMMERGE - INFO - [EXP] Época 400/500 - Loss: 1.216566
2025-11-29 04:03:22,835 - LSTMMERGE - INFO - [EXP] Época 450/500 - Loss: 0.708980
2025-11-29 04:03:50,985 - LSTMMERGE - INFO - [EXP] Época 500/500 - Loss: 1.375316
2025-11-29 04:03:50,985 - LSTMMERGE - INFO - Treinamento concluído em 6.23 minutos
2025-11-29 04:03:51,059 - LSTMMERGE - INFO - Calculando erro para o train
2025-11-29 04:03:51,071 - LSTMMERGE - INFO - RMSE: 0.6332
2025-11-29 04:03:51,071 - LSTMMERGE - INFO - MSE : 0.4009
2025-11-29 04:03:51,071 - LSTMMERGE - INFO - MAE : 0.3704
2025-11-29 04:03:51,072 - LSTMMERGE - INFO - CSI (thr=1.0 mm): 0.8230  [TP=2558, FP=315, FN=235]
2025-11-29 04:03:51,072 - LSTMMERGE - INFO - train_pred TRAIN mm min/max: 0.0, 89.95806121826172
2025-11-29 04:03:51,072 - LSTMMERGE - INFO - train_TRUE TRAIN mm min/max: 0.0, 90.0625
2025-11-29 04:03:51,072 - LSTMMERGE - INFO -  Gerando gráficos TRAIN...
2025-11-29 04:03:53,437 - LSTMMERGE - INFO -  Gráficos gerados TRAIN ...
2025-11-29 04:03:53,438 - LSTMMERGE - INFO - Calculando erro para parte de teste
2025-11-29 04:03:53,438 - LSTMMERGE - INFO - RMSE: 6.0447
2025-11-29 04:03:53,438 - LSTMMERGE - INFO - MSE : 36.5385
2025-11-29 04:03:53,438 - LSTMMERGE - INFO - MAE : 3.1856
2025-11-29 04:03:53,438 - LSTMMERGE - INFO - CSI (thr=1.0 mm): 0.1333  [TP=2, FP=10, FN=3]
2025-11-29 04:03:53,438 - LSTMMERGE - INFO - y_pred mm min/max: 0.0, 24.872453689575195
2025-11-29 04:03:53,438 - LSTMMERGE - INFO - y_TRUE mm min/max: 0.0, 10.625
2025-11-29 04:03:53,438 - LSTMMERGE - INFO -  Gerando gráficos...
2025-11-29 04:03:53,979 - LSTMMERGE - INFO -  Gráficos gerados...
2025-11-29 04:03:53,979 - LSTMMERGE - INFO - ==========================================================================================
2025-11-29 04:03:53,979 - LSTMMERGE - INFO - Execução finalizada com sucesso.
2025-11-29 04:03:53,980 - LSTMMERGE - INFO - Dispositivo utilizado: cuda
2025-11-29 04:03:53,980 - LSTMMERGE - INFO - ==========================================================================================
2025-11-29 04:03:59,839 - BiLSTMMERGE - INFO - ==========================================================================================
2025-11-29 04:03:59,840 - BiLSTMMERGE - INFO - Iniciando script LSTM (PyTorch) MERGE com suporte a GPU e logs detalhados.
2025-11-29 04:03:59,840 - BiLSTMMERGE - INFO - ==========================================================================================
2025-11-29 04:03:59,840 - BiLSTMMERGE - INFO - Iniciando experimento: lookback=30, hidden_dim=64, layers=2, lr=0.001, drop=0.5
2025-11-29 04:03:59,911 - BiLSTMMERGE - INFO - Shape treino: torch.Size([10082, 30, 1]), teste: torch.Size([30, 30, 1])
2025-11-29 04:03:59,917 - BiLSTMMERGE - INFO - Treinando por 500 épocas...
2025-11-29 04:04:04,393 - BiLSTMMERGE - INFO - [EXP] Época 1/500 - Loss: 49.068214
2025-11-29 04:05:14,468 - BiLSTMMERGE - INFO - [EXP] Época 50/500 - Loss: 34.032654
2025-11-29 04:05:51,358 - BiLSTMMERGE - INFO - [EXP] Época 100/500 - Loss: 20.316877
2025-11-29 04:06:28,243 - BiLSTMMERGE - INFO - [EXP] Época 150/500 - Loss: 11.227795
2025-11-29 04:07:04,885 - BiLSTMMERGE - INFO - [EXP] Época 200/500 - Loss: 10.455723
2025-11-29 04:07:41,699 - BiLSTMMERGE - INFO - [EXP] Época 250/500 - Loss: 7.311098
2025-11-29 04:08:54,472 - BiLSTMMERGE - INFO - [EXP] Época 300/500 - Loss: 6.697105
2025-11-29 04:09:31,245 - BiLSTMMERGE - INFO - [EXP] Época 350/500 - Loss: 4.937572
2025-11-29 04:10:11,537 - BiLSTMMERGE - INFO - [EXP] Época 400/500 - Loss: 4.389813
2025-11-29 04:11:05,079 - BiLSTMMERGE - INFO - [EXP] Época 450/500 - Loss: 3.904452
2025-11-29 04:11:58,210 - BiLSTMMERGE - INFO - [EXP] Época 500/500 - Loss: 4.048615
2025-11-29 04:11:58,210 - BiLSTMMERGE - INFO - Treinamento concluído em 7.97 minutos
2025-11-29 04:11:58,367 - BiLSTMMERGE - INFO - Calculando erro para o train
2025-11-29 04:11:58,371 - BiLSTMMERGE - INFO - RMSE: 1.3398
2025-11-29 04:11:58,371 - BiLSTMMERGE - INFO - MSE : 1.7951
2025-11-29 04:11:58,371 - BiLSTMMERGE - INFO - MAE : 0.6566
2025-11-29 04:11:58,371 - BiLSTMMERGE - INFO - CSI (thr=1.0 mm): 0.6561  [TP=2089, FP=391, FN=704]
2025-11-29 04:11:58,371 - BiLSTMMERGE - INFO - train_pred TRAIN mm min/max: 0.0, 87.43983459472656
2025-11-29 04:11:58,372 - BiLSTMMERGE - INFO - train_TRUE TRAIN mm min/max: 0.0, 90.0625
2025-11-29 04:11:58,372 - BiLSTMMERGE - INFO -  Gerando gráficos TRAIN...
2025-11-29 04:11:59,889 - BiLSTMMERGE - INFO -  Gráficos gerados TRAIN ...
2025-11-29 04:11:59,890 - BiLSTMMERGE - INFO - Calculando erro para parte de teste
2025-11-29 04:11:59,890 - BiLSTMMERGE - INFO - RMSE: 3.6419
2025-11-29 04:11:59,890 - BiLSTMMERGE - INFO - MSE : 13.2633
2025-11-29 04:11:59,890 - BiLSTMMERGE - INFO - MAE : 1.7593
2025-11-29 04:11:59,890 - BiLSTMMERGE - INFO - CSI (thr=1.0 mm): 0.1250  [TP=1, FP=3, FN=4]
2025-11-29 04:11:59,890 - BiLSTMMERGE - INFO - y_pred mm min/max: 0.0, 12.000771522521973
2025-11-29 04:11:59,890 - BiLSTMMERGE - INFO - y_TRUE mm min/max: 0.0, 10.625
2025-11-29 04:11:59,890 - BiLSTMMERGE - INFO -  Gerando gráficos...
2025-11-29 04:12:01,294 - BiLSTMMERGE - INFO -  Gráficos gerados...
2025-11-29 04:12:01,294 - BiLSTMMERGE - INFO - ==========================================================================================
2025-11-29 04:12:01,294 - BiLSTMMERGE - INFO - Execução finalizada com sucesso.
2025-11-29 04:12:01,294 - BiLSTMMERGE - INFO - Dispositivo utilizado: cuda
2025-11-29 04:12:01,294 - BiLSTMMERGE - INFO - ==========================================================================================
2025-11-29 04:12:09,711 - LSTMMERGE - INFO - ==========================================================================================
2025-11-29 04:12:09,711 - LSTMMERGE - INFO - Iniciando script LSTM (PyTorch) MERGE com suporte a GPU e logs detalhados.
2025-11-29 04:12:09,711 - LSTMMERGE - INFO - ==========================================================================================
2025-11-29 04:12:09,711 - LSTMMERGE - INFO - Iniciando experimento: lookback=30, hidden_dim=128, layers=2, lr=0.001, drop=0.5
2025-11-29 04:12:09,880 - LSTMMERGE - INFO - Shape treino: torch.Size([10082, 30, 1]), teste: torch.Size([30, 30, 1])
2025-11-29 04:12:10,015 - LSTMMERGE - INFO - Treinando por 500 épocas...
2025-11-29 04:12:13,369 - LSTMMERGE - INFO - [EXP] Época 1/500 - Loss: 49.511274
2025-11-29 04:14:20,794 - LSTMMERGE - INFO - [EXP] Época 50/500 - Loss: 17.676081
2025-11-29 04:16:03,604 - LSTMMERGE - INFO - [EXP] Época 100/500 - Loss: 6.861699
2025-11-29 04:17:19,691 - LSTMMERGE - INFO - [EXP] Época 150/500 - Loss: 2.253355
2025-11-29 04:18:02,336 - LSTMMERGE - INFO - [EXP] Época 200/500 - Loss: 1.118662
2025-11-29 04:18:45,017 - LSTMMERGE - INFO - [EXP] Época 250/500 - Loss: 0.669938
2025-11-29 04:20:05,887 - LSTMMERGE - INFO - [EXP] Época 300/500 - Loss: 0.761103
2025-11-29 04:21:18,043 - LSTMMERGE - INFO - [EXP] Época 350/500 - Loss: 0.482843
2025-11-29 04:21:45,839 - LSTMMERGE - INFO - [EXP] Época 400/500 - Loss: 0.299704
2025-11-29 04:22:13,628 - LSTMMERGE - INFO - [EXP] Época 450/500 - Loss: 2.008717
2025-11-29 04:22:45,906 - LSTMMERGE - INFO - [EXP] Época 500/500 - Loss: 0.329611
2025-11-29 04:22:45,906 - LSTMMERGE - INFO - Treinamento concluído em 10.60 minutos
2025-11-29 04:22:46,085 - LSTMMERGE - INFO - Calculando erro para o train
2025-11-29 04:22:46,088 - LSTMMERGE - INFO - RMSE: 0.3472
2025-11-29 04:22:46,088 - LSTMMERGE - INFO - MSE : 0.1205
2025-11-29 04:22:46,088 - LSTMMERGE - INFO - MAE : 0.1717
2025-11-29 04:22:46,088 - LSTMMERGE - INFO - CSI (thr=1.0 mm): 0.9396  [TP=2674, FP=53, FN=119]
2025-11-29 04:22:46,088 - LSTMMERGE - INFO - train_pred TRAIN mm min/max: 0.0, 89.540283203125
2025-11-29 04:22:46,088 - LSTMMERGE - INFO - train_TRUE TRAIN mm min/max: 0.0, 90.0625
2025-11-29 04:22:46,088 - LSTMMERGE - INFO -  Gerando gráficos TRAIN...
2025-11-29 04:22:49,611 - LSTMMERGE - INFO -  Gráficos gerados TRAIN ...
2025-11-29 04:22:49,611 - LSTMMERGE - INFO - Calculando erro para parte de teste
2025-11-29 04:22:49,613 - LSTMMERGE - INFO - RMSE: 3.0315
2025-11-29 04:22:49,613 - LSTMMERGE - INFO - MSE : 9.1897
2025-11-29 04:22:49,613 - LSTMMERGE - INFO - MAE : 1.7877
2025-11-29 04:22:49,613 - LSTMMERGE - INFO - CSI (thr=1.0 mm): 0.2000  [TP=3, FP=10, FN=2]
2025-11-29 04:22:49,613 - LSTMMERGE - INFO - y_pred mm min/max: 0.0, 4.747802734375
2025-11-29 04:22:49,613 - LSTMMERGE - INFO - y_TRUE mm min/max: 0.0, 10.625
2025-11-29 04:22:49,613 - LSTMMERGE - INFO -  Gerando gráficos...
2025-11-29 04:22:50,618 - LSTMMERGE - INFO -  Gráficos gerados...
2025-11-29 04:22:50,618 - LSTMMERGE - INFO - ==========================================================================================
2025-11-29 04:22:50,618 - LSTMMERGE - INFO - Execução finalizada com sucesso.
2025-11-29 04:22:50,618 - LSTMMERGE - INFO - Dispositivo utilizado: cuda
2025-11-29 04:22:50,618 - LSTMMERGE - INFO - ==========================================================================================
2025-11-29 04:22:56,601 - BiLSTMMERGE - INFO - ==========================================================================================
2025-11-29 04:22:56,601 - BiLSTMMERGE - INFO - Iniciando script LSTM (PyTorch) MERGE com suporte a GPU e logs detalhados.
2025-11-29 04:22:56,602 - BiLSTMMERGE - INFO - ==========================================================================================
2025-11-29 04:22:56,602 - BiLSTMMERGE - INFO - Iniciando experimento: lookback=30, hidden_dim=128, layers=2, lr=0.001, drop=0.5
2025-11-29 04:22:56,732 - BiLSTMMERGE - INFO - Shape treino: torch.Size([10082, 30, 1]), teste: torch.Size([30, 30, 1])
2025-11-29 04:22:56,876 - BiLSTMMERGE - INFO - Treinando por 500 épocas...
2025-11-29 04:23:01,218 - BiLSTMMERGE - INFO - [EXP] Época 1/500 - Loss: 48.864028
2025-11-29 04:25:47,518 - BiLSTMMERGE - INFO - [EXP] Época 50/500 - Loss: 25.225081
2025-11-29 04:27:20,773 - BiLSTMMERGE - INFO - [EXP] Época 100/500 - Loss: 10.704519
2025-11-29 04:29:14,807 - BiLSTMMERGE - INFO - [EXP] Época 150/500 - Loss: 5.512112
2025-11-29 04:29:53,388 - BiLSTMMERGE - INFO - [EXP] Época 200/500 - Loss: 3.044240
2025-11-29 04:30:47,986 - BiLSTMMERGE - INFO - [EXP] Época 250/500 - Loss: 2.740472
2025-11-29 04:31:32,110 - BiLSTMMERGE - INFO - [EXP] Época 300/500 - Loss: 3.205075
2025-11-29 04:32:09,484 - BiLSTMMERGE - INFO - [EXP] Época 350/500 - Loss: 1.916177
2025-11-29 04:32:47,082 - BiLSTMMERGE - INFO - [EXP] Época 400/500 - Loss: 1.864854
2025-11-29 04:34:07,321 - BiLSTMMERGE - INFO - [EXP] Época 450/500 - Loss: 1.450163
2025-11-29 04:35:01,079 - BiLSTMMERGE - INFO - [EXP] Época 500/500 - Loss: 1.333200
2025-11-29 04:35:01,079 - BiLSTMMERGE - INFO - Treinamento concluído em 12.07 minutos
2025-11-29 04:35:01,413 - BiLSTMMERGE - INFO - Calculando erro para o train
2025-11-29 04:35:01,416 - BiLSTMMERGE - INFO - RMSE: 0.6521
2025-11-29 04:35:01,417 - BiLSTMMERGE - INFO - MSE : 0.4252
2025-11-29 04:35:01,417 - BiLSTMMERGE - INFO - MAE : 0.3012
2025-11-29 04:35:01,417 - BiLSTMMERGE - INFO - CSI (thr=1.0 mm): 0.8696  [TP=2455, FP=30, FN=338]
2025-11-29 04:35:01,417 - BiLSTMMERGE - INFO - train_pred TRAIN mm min/max: 0.0, 88.66021728515625
2025-11-29 04:35:01,417 - BiLSTMMERGE - INFO - train_TRUE TRAIN mm min/max: 0.0, 90.0625
2025-11-29 04:35:01,417 - BiLSTMMERGE - INFO -  Gerando gráficos TRAIN...
2025-11-29 04:35:02,753 - BiLSTMMERGE - INFO -  Gráficos gerados TRAIN ...
2025-11-29 04:35:02,753 - BiLSTMMERGE - INFO - Calculando erro para parte de teste
2025-11-29 04:35:02,754 - BiLSTMMERGE - INFO - RMSE: 4.4883
2025-11-29 04:35:02,754 - BiLSTMMERGE - INFO - MSE : 20.1451
2025-11-29 04:35:02,754 - BiLSTMMERGE - INFO - MAE : 2.0155
2025-11-29 04:35:02,754 - BiLSTMMERGE - INFO - CSI (thr=1.0 mm): 0.2000  [TP=2, FP=5, FN=3]
2025-11-29 04:35:02,754 - BiLSTMMERGE - INFO - y_pred mm min/max: 0.0, 18.897005081176758
2025-11-29 04:35:02,754 - BiLSTMMERGE - INFO - y_TRUE mm min/max: 0.0, 10.625
2025-11-29 04:35:02,754 - BiLSTMMERGE - INFO -  Gerando gráficos...
2025-11-29 04:35:04,125 - BiLSTMMERGE - INFO -  Gráficos gerados...
2025-11-29 04:35:04,125 - BiLSTMMERGE - INFO - ==========================================================================================
2025-11-29 04:35:04,125 - BiLSTMMERGE - INFO - Execução finalizada com sucesso.
2025-11-29 04:35:04,125 - BiLSTMMERGE - INFO - Dispositivo utilizado: cuda
2025-11-29 04:35:04,125 - BiLSTMMERGE - INFO - ==========================================================================================
2025-11-29 04:35:12,305 - LSTMMERGE - INFO - ==========================================================================================
2025-11-29 04:35:12,305 - LSTMMERGE - INFO - Iniciando script LSTM (PyTorch) MERGE com suporte a GPU e logs detalhados.
2025-11-29 04:35:12,305 - LSTMMERGE - INFO - ==========================================================================================
2025-11-29 04:35:12,305 - LSTMMERGE - INFO - Iniciando experimento: lookback=30, hidden_dim=256, layers=2, lr=0.001, drop=0.5
2025-11-29 04:35:12,329 - LSTMMERGE - INFO - Shape treino: torch.Size([10082, 30, 1]), teste: torch.Size([30, 30, 1])
2025-11-29 04:35:12,784 - LSTMMERGE - INFO - Treinando por 500 épocas...
2025-11-29 04:35:17,779 - LSTMMERGE - INFO - [EXP] Época 1/500 - Loss: 49.337328
2025-11-29 04:38:13,986 - LSTMMERGE - INFO - [EXP] Época 50/500 - Loss: 22.906772
2025-11-29 04:39:23,452 - LSTMMERGE - INFO - [EXP] Época 100/500 - Loss: 4.793406
2025-11-29 04:40:09,269 - LSTMMERGE - INFO - [EXP] Época 150/500 - Loss: 0.823074
2025-11-29 04:41:39,991 - LSTMMERGE - INFO - [EXP] Época 200/500 - Loss: 0.826017
2025-11-29 04:42:45,022 - LSTMMERGE - INFO - [EXP] Época 250/500 - Loss: 0.580343
2025-11-29 04:43:30,863 - LSTMMERGE - INFO - [EXP] Época 300/500 - Loss: 1.333390
2025-11-29 04:44:42,704 - LSTMMERGE - INFO - [EXP] Época 350/500 - Loss: 0.284943
2025-11-29 04:45:36,602 - LSTMMERGE - INFO - [EXP] Época 400/500 - Loss: 0.288757
2025-11-29 04:46:50,934 - LSTMMERGE - INFO - [EXP] Época 450/500 - Loss: 0.140411
2025-11-29 04:47:58,356 - LSTMMERGE - INFO - [EXP] Época 500/500 - Loss: 0.129927
2025-11-29 04:47:58,357 - LSTMMERGE - INFO - Treinamento concluído em 12.76 minutos
2025-11-29 04:47:58,581 - LSTMMERGE - INFO - Calculando erro para o train
2025-11-29 04:47:58,608 - LSTMMERGE - INFO - RMSE: 0.1567
2025-11-29 04:47:58,608 - LSTMMERGE - INFO - MSE : 0.0245
2025-11-29 04:47:58,608 - LSTMMERGE - INFO - MAE : 0.0760
2025-11-29 04:47:58,608 - LSTMMERGE - INFO - CSI (thr=1.0 mm): 0.9779  [TP=2746, FP=15, FN=47]
2025-11-29 04:47:58,608 - LSTMMERGE - INFO - train_pred TRAIN mm min/max: 0.0, 90.689208984375
2025-11-29 04:47:58,608 - LSTMMERGE - INFO - train_TRUE TRAIN mm min/max: 0.0, 90.0625
2025-11-29 04:47:58,608 - LSTMMERGE - INFO -  Gerando gráficos TRAIN...
2025-11-29 04:48:02,552 - LSTMMERGE - INFO -  Gráficos gerados TRAIN ...
2025-11-29 04:48:02,552 - LSTMMERGE - INFO - Calculando erro para parte de teste
2025-11-29 04:48:02,553 - LSTMMERGE - INFO - RMSE: 4.3492
2025-11-29 04:48:02,553 - LSTMMERGE - INFO - MSE : 18.9155
2025-11-29 04:48:02,553 - LSTMMERGE - INFO - MAE : 2.2805
2025-11-29 04:48:02,553 - LSTMMERGE - INFO - CSI (thr=1.0 mm): 0.1538  [TP=2, FP=8, FN=3]
2025-11-29 04:48:02,553 - LSTMMERGE - INFO - y_pred mm min/max: 0.0, 14.135411262512207
2025-11-29 04:48:02,553 - LSTMMERGE - INFO - y_TRUE mm min/max: 0.0, 10.625
2025-11-29 04:48:02,553 - LSTMMERGE - INFO -  Gerando gráficos...
2025-11-29 04:48:03,634 - LSTMMERGE - INFO -  Gráficos gerados...
2025-11-29 04:48:03,675 - LSTMMERGE - INFO - ==========================================================================================
2025-11-29 04:48:03,676 - LSTMMERGE - INFO - Execução finalizada com sucesso.
2025-11-29 04:48:03,676 - LSTMMERGE - INFO - Dispositivo utilizado: cuda
2025-11-29 04:48:03,676 - LSTMMERGE - INFO - ==========================================================================================
2025-11-29 04:48:10,077 - BiLSTMMERGE - INFO - ==========================================================================================
2025-11-29 04:48:10,078 - BiLSTMMERGE - INFO - Iniciando script LSTM (PyTorch) MERGE com suporte a GPU e logs detalhados.
2025-11-29 04:48:10,078 - BiLSTMMERGE - INFO - ==========================================================================================
2025-11-29 04:48:10,078 - BiLSTMMERGE - INFO - Iniciando experimento: lookback=30, hidden_dim=256, layers=2, lr=0.001, drop=0.5
2025-11-29 04:48:10,163 - BiLSTMMERGE - INFO - Shape treino: torch.Size([10082, 30, 1]), teste: torch.Size([30, 30, 1])
2025-11-29 04:48:10,695 - BiLSTMMERGE - INFO - Treinando por 500 épocas...
2025-11-29 04:48:13,222 - BiLSTMMERGE - INFO - [EXP] Época 1/500 - Loss: 48.696120
2025-11-29 04:50:57,366 - BiLSTMMERGE - INFO - [EXP] Época 50/500 - Loss: 46.837384
2025-11-29 04:52:09,638 - BiLSTMMERGE - INFO - [EXP] Época 100/500 - Loss: 27.606595
2025-11-29 04:53:20,378 - BiLSTMMERGE - INFO - [EXP] Época 150/500 - Loss: 13.062098
2025-11-29 04:54:40,041 - BiLSTMMERGE - INFO - [EXP] Época 200/500 - Loss: 5.390811
2025-11-29 04:55:57,279 - BiLSTMMERGE - INFO - [EXP] Época 250/500 - Loss: 4.005168
2025-11-29 04:57:10,380 - BiLSTMMERGE - INFO - [EXP] Época 300/500 - Loss: 2.691411
2025-11-29 04:58:23,546 - BiLSTMMERGE - INFO - [EXP] Época 350/500 - Loss: 2.090880
2025-11-29 04:59:45,303 - BiLSTMMERGE - INFO - [EXP] Época 400/500 - Loss: 1.801549
2025-11-29 05:01:37,124 - BiLSTMMERGE - INFO - [EXP] Época 450/500 - Loss: 1.687227
2025-11-29 05:03:12,816 - BiLSTMMERGE - INFO - [EXP] Época 500/500 - Loss: 1.471650
2025-11-29 05:03:12,817 - BiLSTMMERGE - INFO - Treinamento concluído em 15.04 minutos
2025-11-29 05:03:13,236 - BiLSTMMERGE - INFO - Calculando erro para o train
2025-11-29 05:03:13,237 - BiLSTMMERGE - INFO - RMSE: 0.7301
2025-11-29 05:03:13,237 - BiLSTMMERGE - INFO - MSE : 0.5331
2025-11-29 05:03:13,237 - BiLSTMMERGE - INFO - MAE : 0.3220
2025-11-29 05:03:13,237 - BiLSTMMERGE - INFO - CSI (thr=1.0 mm): 0.8647  [TP=2460, FP=52, FN=333]
2025-11-29 05:03:13,237 - BiLSTMMERGE - INFO - train_pred TRAIN mm min/max: 0.0, 90.66692352294922
2025-11-29 05:03:13,237 - BiLSTMMERGE - INFO - train_TRUE TRAIN mm min/max: 0.0, 90.0625
2025-11-29 05:03:13,237 - BiLSTMMERGE - INFO -  Gerando gráficos TRAIN...
2025-11-29 05:03:18,427 - BiLSTMMERGE - INFO -  Gráficos gerados TRAIN ...
2025-11-29 05:03:18,427 - BiLSTMMERGE - INFO - Calculando erro para parte de teste
2025-11-29 05:03:18,428 - BiLSTMMERGE - INFO - RMSE: 5.5165
2025-11-29 05:03:18,428 - BiLSTMMERGE - INFO - MSE : 30.4319
2025-11-29 05:03:18,428 - BiLSTMMERGE - INFO - MAE : 2.6045
2025-11-29 05:03:18,428 - BiLSTMMERGE - INFO - CSI (thr=1.0 mm): 0.2222  [TP=2, FP=4, FN=3]
2025-11-29 05:03:18,428 - BiLSTMMERGE - INFO - y_pred mm min/max: 0.0, 20.769006729125977
2025-11-29 05:03:18,428 - BiLSTMMERGE - INFO - y_TRUE mm min/max: 0.0, 10.625
2025-11-29 05:03:18,428 - BiLSTMMERGE - INFO -  Gerando gráficos...
2025-11-29 05:03:18,943 - BiLSTMMERGE - INFO -  Gráficos gerados...
2025-11-29 05:03:18,943 - BiLSTMMERGE - INFO - ==========================================================================================
2025-11-29 05:03:18,943 - BiLSTMMERGE - INFO - Execução finalizada com sucesso.
2025-11-29 05:03:18,943 - BiLSTMMERGE - INFO - Dispositivo utilizado: cuda
2025-11-29 05:03:18,943 - BiLSTMMERGE - INFO - ==========================================================================================
2025-11-29 05:03:26,018 - ARIMA_MERGE - INFO - ==========================================================================================
2025-11-29 05:03:26,018 - ARIMA_MERGE - INFO - Iniciando script ARIMA MERGE.
2025-11-29 05:03:26,019 - ARIMA_MERGE - INFO - ==========================================================================================
2025-11-29 05:03:26,058 - ARIMA_MERGE - INFO - Tamanho treino: 10113 | teste: 30
2025-11-29 05:03:26,059 - ARIMA_MERGE - INFO - [FASE 4] Iniciando busca manual por hiperparâmetros (AIC).
2025-11-29 05:18:52,053 - ARIMA_MERGE - INFO - Melhor order encontrado: (30, 0, 2)
2025-11-29 05:18:52,054 - ARIMA_MERGE - INFO - Melhor AIC (treino): 67453.59
2025-11-29 05:18:52,054 - ARIMA_MERGE - INFO - Tempo da Fase 4: 926.00s
2025-11-29 05:18:52,054 - ARIMA_MERGE - INFO - [FASE 5] Reajustando melhor modelo no conjunto de treino.
2025-11-29 05:24:13,664 - ARIMA_MERGE - INFO - Melhor modelo ajustado no treino.
2025-11-29 05:24:13,665 - ARIMA_MERGE - INFO - Tempo da Fase 5: 321.61s
2025-11-29 05:24:13,665 - ARIMA_MERGE - INFO - [FASE 6] Gerando previsões no conjunto de teste e avaliando métricas.
2025-11-29 05:24:13,714 - ARIMA_MERGE - INFO - RMSE: 6.7714
2025-11-29 05:24:13,714 - ARIMA_MERGE - INFO - MSE : 45.8525
2025-11-29 05:24:13,714 - ARIMA_MERGE - INFO - MAE : 3.4857
2025-11-29 05:24:13,714 - ARIMA_MERGE - INFO - CSI (thr=1.0 mm): 0.2725  [TP=2751, FP=7336, FN=7]
2025-11-29 05:24:13,714 - ARIMA_MERGE - INFO - [TREINO] RMSE=6.7714 | MSE=45.8525 | MAE=3.4857 | CSI=0.2725
2025-11-29 05:24:13,731 - ARIMA_MERGE - INFO - RMSE: 3.0039
2025-11-29 05:24:13,731 - ARIMA_MERGE - INFO - MSE : 9.0232
2025-11-29 05:24:13,731 - ARIMA_MERGE - INFO - MAE : 2.5756
2025-11-29 05:24:13,731 - ARIMA_MERGE - INFO - CSI (thr=1.0 mm): 0.2000  [TP=6, FP=24, FN=0]
2025-11-29 05:24:13,731 - ARIMA_MERGE - INFO - Tempo total da Fase 6: 0.07s
2025-11-29 05:24:13,731 - ARIMA_MERGE - INFO - [FASE 7] Salvando gráfico de previsão vs. observado.
2025-11-29 05:24:15,057 - ARIMA_MERGE - INFO - Gráfico salvo como 'arimaMERGE_result.png'.
2025-11-29 05:24:15,057 - ARIMA_MERGE - INFO - ==========================================================================================
2025-11-29 05:24:15,057 - ARIMA_MERGE - INFO - Execução ARIMA MERGE finalizada com sucesso.
2025-11-29 05:24:15,057 - ARIMA_MERGE - INFO - Tempo total de execução: 1249.04s
2025-11-29 05:24:15,057 - ARIMA_MERGE - INFO - ==========================================================================================
2025-11-29 05:24:20,828 - RANDOM_FOREST_MERGE - INFO - ====================================================================================================
2025-11-29 05:24:20,829 - RANDOM_FOREST_MERGE - INFO - Iniciando Random Forest MERGE com GridSearchCV.
2025-11-29 05:24:20,829 - RANDOM_FOREST_MERGE - INFO - ====================================================================================================
2025-11-29 05:24:20,829 - RANDOM_FOREST_MERGE - INFO - [FASE 3] Split treino/teste e preparação.
2025-11-29 05:24:20,838 - RANDOM_FOREST_MERGE - INFO - [FASE 3] Treino: X=(10083, 30), y=10083 | Teste: X=(30, 30), y=30
2025-11-29 05:24:20,838 - RANDOM_FOREST_MERGE - INFO - [FASE 3] Tempo: 0.01s
2025-11-29 05:24:20,838 - RANDOM_FOREST_MERGE - INFO - [FASE 4] Iniciando GridSearchCV (TimeSeriesSplit).
2025-11-29 05:26:33,094 - RANDOM_FOREST_MERGE - INFO - [FASE 4] GridSearchCV concluído em 132.26s
2025-11-29 05:26:33,095 - RANDOM_FOREST_MERGE - INFO - [FASE 4] Melhores parâmetros: {'max_depth': None, 'max_features': 'sqrt', 'min_samples_leaf': 4, 'min_samples_split': 10, 'n_estimators': 400}
2025-11-29 05:26:33,096 - RANDOM_FOREST_MERGE - INFO - [FASE 4] Melhor score (neg_MSE): -44.966315
2025-11-29 05:26:33,096 - RANDOM_FOREST_MERGE - INFO - [FASE 4] Tempo: 132.26s
2025-11-29 05:26:33,096 - RANDOM_FOREST_MERGE - INFO - [FASE 5] Treinando best_estimator_ no conjunto de treino.
2025-11-29 05:26:35,476 - RANDOM_FOREST_MERGE - INFO - [FASE 5] Tempo: 2.38s
2025-11-29 05:26:35,477 - RANDOM_FOREST_MERGE - INFO - [FASE 6] Previsão e cálculo de métricas.
2025-11-29 05:26:35,546 - RANDOM_FOREST_MERGE - INFO - RMSE: 5.1608
2025-11-29 05:26:35,546 - RANDOM_FOREST_MERGE - INFO - MSE : 26.6336
2025-11-29 05:26:35,546 - RANDOM_FOREST_MERGE - INFO - MAE : 2.5502
2025-11-29 05:26:35,546 - RANDOM_FOREST_MERGE - INFO - CSI (thr=1.0 mm): 0.3691  [TP=2706, FP=4580, FN=45]
2025-11-29 05:26:35,546 - RANDOM_FOREST_MERGE - INFO - [TREINO] RMSE=5.1608 | MSE=26.6336 | MAE=2.5502 | CSI=0.3691
2025-11-29 05:26:35,579 - RANDOM_FOREST_MERGE - INFO - y_pred raw min/max: 0.4113597184925332, 6.764372335906768
2025-11-29 05:26:35,579 - RANDOM_FOREST_MERGE - INFO - y_TRUE raw min/max: 0.0, 10.62500000066143
2025-11-29 05:26:35,580 - RANDOM_FOREST_MERGE - INFO - RMSE: 3.0398
2025-11-29 05:26:35,580 - RANDOM_FOREST_MERGE - INFO - MSE : 9.2406
2025-11-29 05:26:35,580 - RANDOM_FOREST_MERGE - INFO - MAE : 1.9900
2025-11-29 05:26:35,580 - RANDOM_FOREST_MERGE - INFO - CSI (thr=1.0 mm): 0.1905  [TP=4, FP=15, FN=2]
2025-11-29 05:26:35,580 - RANDOM_FOREST_MERGE - INFO - [FASE 7] Gerando gráficos.
2025-11-29 05:26:36,588 - RANDOM_FOREST_MERGE - INFO - Gráfico salvo como 'random_forest_MERGE.png'.
2025-11-29 05:26:36,588 - RANDOM_FOREST_MERGE - INFO - [FASE 7] Tempo: 1.01s
2025-11-29 05:26:36,588 - RANDOM_FOREST_MERGE - INFO - ====================================================================================================
2025-11-29 05:26:36,588 - RANDOM_FOREST_MERGE - INFO - Resumo Final
2025-11-29 05:26:36,589 - RANDOM_FOREST_MERGE - INFO - Melhores parâmetros: {'max_depth': None, 'max_features': 'sqrt', 'min_samples_leaf': 4, 'min_samples_split': 10, 'n_estimators': 400}
2025-11-29 05:26:36,589 - RANDOM_FOREST_MERGE - INFO - Tempo total de execução: 135.76s
2025-11-29 05:26:36,589 - RANDOM_FOREST_MERGE - INFO - ====================================================================================================
2025-11-29 05:26:42,237 - LSTMMERGE - INFO - ==========================================================================================
2025-11-29 05:26:42,237 - LSTMMERGE - INFO - Iniciando script LSTM (PyTorch) MERGE com suporte a GPU e logs detalhados.
2025-11-29 05:26:42,237 - LSTMMERGE - INFO - ==========================================================================================
2025-11-29 05:26:42,238 - LSTMMERGE - INFO - Iniciando experimento: lookback=30, hidden_dim=32, layers=2, lr=0.001, drop=0.5
2025-11-29 05:26:42,272 - LSTMMERGE - INFO - Shape treino: torch.Size([10082, 30, 1]), teste: torch.Size([30, 30, 1])
2025-11-29 05:26:42,273 - LSTMMERGE - INFO - Treinando por 500 épocas...
2025-11-29 05:26:44,651 - LSTMMERGE - INFO - [EXP] Época 1/500 - Loss: 50.780959
2025-11-29 05:29:08,249 - LSTMMERGE - INFO - [EXP] Época 50/500 - Loss: 44.484245
2025-11-29 05:29:45,926 - LSTMMERGE - INFO - [EXP] Época 100/500 - Loss: 26.504950
2025-11-29 05:31:07,642 - LSTMMERGE - INFO - [EXP] Época 150/500 - Loss: 21.933373
2025-11-29 05:31:48,845 - LSTMMERGE - INFO - [EXP] Época 200/500 - Loss: 13.630030
2025-11-29 05:32:16,577 - LSTMMERGE - INFO - [EXP] Época 250/500 - Loss: 9.841413
2025-11-29 05:32:44,653 - LSTMMERGE - INFO - [EXP] Época 300/500 - Loss: 7.844381
2025-11-29 05:33:13,110 - LSTMMERGE - INFO - [EXP] Época 350/500 - Loss: 6.600044
2025-11-29 05:33:47,204 - LSTMMERGE - INFO - [EXP] Época 400/500 - Loss: 5.833708
2025-11-29 05:34:15,637 - LSTMMERGE - INFO - [EXP] Época 450/500 - Loss: 4.469141
2025-11-29 05:34:44,046 - LSTMMERGE - INFO - [EXP] Época 500/500 - Loss: 3.975460
2025-11-29 05:34:44,046 - LSTMMERGE - INFO - Treinamento concluído em 8.03 minutos
2025-11-29 05:34:44,119 - LSTMMERGE - INFO - Calculando erro para o train
2025-11-29 05:34:44,120 - LSTMMERGE - INFO - RMSE: 1.6368
2025-11-29 05:34:44,120 - LSTMMERGE - INFO - MSE : 2.6790
2025-11-29 05:34:44,120 - LSTMMERGE - INFO - MAE : 0.8378
2025-11-29 05:34:44,120 - LSTMMERGE - INFO - CSI (thr=1.0 mm): 0.5447  [TP=2323, FP=1472, FN=470]
2025-11-29 05:34:44,120 - LSTMMERGE - INFO - train_pred TRAIN mm min/max: 0.0, 91.08868408203125
2025-11-29 05:34:44,120 - LSTMMERGE - INFO - train_TRUE TRAIN mm min/max: 0.0, 90.0625
2025-11-29 05:34:44,120 - LSTMMERGE - INFO -  Gerando gráficos TRAIN...
2025-11-29 05:34:44,625 - LSTMMERGE - INFO -  Gráficos gerados TRAIN ...
2025-11-29 05:34:44,625 - LSTMMERGE - INFO - Calculando erro para parte de teste
2025-11-29 05:34:44,625 - LSTMMERGE - INFO - RMSE: 7.3587
2025-11-29 05:34:44,625 - LSTMMERGE - INFO - MSE : 54.1507
2025-11-29 05:34:44,625 - LSTMMERGE - INFO - MAE : 3.5330
2025-11-29 05:34:44,625 - LSTMMERGE - INFO - CSI (thr=1.0 mm): 0.1875  [TP=3, FP=11, FN=2]
2025-11-29 05:34:44,626 - LSTMMERGE - INFO - y_pred mm min/max: 0.0, 30.914737701416016
2025-11-29 05:34:44,626 - LSTMMERGE - INFO - y_TRUE mm min/max: 0.0, 10.625
2025-11-29 05:34:44,626 - LSTMMERGE - INFO -  Gerando gráficos...
2025-11-29 05:34:44,947 - LSTMMERGE - INFO -  Gráficos gerados...
2025-11-29 05:34:44,947 - LSTMMERGE - INFO - ==========================================================================================
2025-11-29 05:34:44,947 - LSTMMERGE - INFO - Execução finalizada com sucesso.
2025-11-29 05:34:44,948 - LSTMMERGE - INFO - Dispositivo utilizado: cuda
2025-11-29 05:34:44,948 - LSTMMERGE - INFO - ==========================================================================================
2025-11-29 05:34:50,637 - BiLSTMMERGE - INFO - ==========================================================================================
2025-11-29 05:34:50,638 - BiLSTMMERGE - INFO - Iniciando script LSTM (PyTorch) MERGE com suporte a GPU e logs detalhados.
2025-11-29 05:34:50,638 - BiLSTMMERGE - INFO - ==========================================================================================
2025-11-29 05:34:50,638 - BiLSTMMERGE - INFO - Iniciando experimento: lookback=30, hidden_dim=32, layers=2, lr=0.001, drop=0.5
2025-11-29 05:34:50,649 - BiLSTMMERGE - INFO - Shape treino: torch.Size([10082, 30, 1]), teste: torch.Size([30, 30, 1])
2025-11-29 05:34:50,660 - BiLSTMMERGE - INFO - Treinando por 500 épocas...
2025-11-29 05:34:51,420 - BiLSTMMERGE - INFO - [EXP] Época 1/500 - Loss: 49.896906
2025-11-29 05:36:55,269 - BiLSTMMERGE - INFO - [EXP] Época 50/500 - Loss: 44.736311
2025-11-29 05:39:03,304 - BiLSTMMERGE - INFO - [EXP] Época 100/500 - Loss: 32.303189
2025-11-29 05:40:16,851 - BiLSTMMERGE - INFO - [EXP] Época 150/500 - Loss: 24.801359
2025-11-29 05:41:12,769 - BiLSTMMERGE - INFO - [EXP] Época 200/500 - Loss: 22.059925
2025-11-29 05:41:49,104 - BiLSTMMERGE - INFO - [EXP] Época 250/500 - Loss: 18.448581
2025-11-29 05:42:25,446 - BiLSTMMERGE - INFO - [EXP] Época 300/500 - Loss: 16.710271
2025-11-29 05:43:26,675 - BiLSTMMERGE - INFO - [EXP] Época 350/500 - Loss: 14.307601
2025-11-29 05:44:13,183 - BiLSTMMERGE - INFO - [EXP] Época 400/500 - Loss: 13.541783
2025-11-29 05:44:55,395 - BiLSTMMERGE - INFO - [EXP] Época 450/500 - Loss: 13.133973
2025-11-29 05:45:36,350 - BiLSTMMERGE - INFO - [EXP] Época 500/500 - Loss: 11.075618
2025-11-29 05:45:36,350 - BiLSTMMERGE - INFO - Treinamento concluído em 10.76 minutos
2025-11-29 05:45:36,439 - BiLSTMMERGE - INFO - Calculando erro para o train
2025-11-29 05:45:36,440 - BiLSTMMERGE - INFO - RMSE: 2.8254
2025-11-29 05:45:36,440 - BiLSTMMERGE - INFO - MSE : 7.9828
2025-11-29 05:45:36,440 - BiLSTMMERGE - INFO - MAE : 1.3748
2025-11-29 05:45:36,440 - BiLSTMMERGE - INFO - CSI (thr=1.0 mm): 0.4488  [TP=1957, FP=1568, FN=836]
2025-11-29 05:45:36,440 - BiLSTMMERGE - INFO - train_pred TRAIN mm min/max: 0.0, 88.2386245727539
2025-11-29 05:45:36,440 - BiLSTMMERGE - INFO - train_TRUE TRAIN mm min/max: 0.0, 90.0625
2025-11-29 05:45:36,440 - BiLSTMMERGE - INFO -  Gerando gráficos TRAIN...
2025-11-29 05:45:36,943 - BiLSTMMERGE - INFO -  Gráficos gerados TRAIN ...
2025-11-29 05:45:36,943 - BiLSTMMERGE - INFO - Calculando erro para parte de teste
2025-11-29 05:45:36,944 - BiLSTMMERGE - INFO - RMSE: 3.1066
2025-11-29 05:45:36,944 - BiLSTMMERGE - INFO - MSE : 9.6507
2025-11-29 05:45:36,944 - BiLSTMMERGE - INFO - MAE : 1.6154
2025-11-29 05:45:36,944 - BiLSTMMERGE - INFO - CSI (thr=1.0 mm): 0.1250  [TP=1, FP=3, FN=4]
2025-11-29 05:45:36,944 - BiLSTMMERGE - INFO - y_pred mm min/max: 0.0, 8.347631454467773
2025-11-29 05:45:36,944 - BiLSTMMERGE - INFO - y_TRUE mm min/max: 0.0, 10.625
2025-11-29 05:45:36,944 - BiLSTMMERGE - INFO -  Gerando gráficos...
2025-11-29 05:45:37,363 - BiLSTMMERGE - INFO -  Gráficos gerados...
2025-11-29 05:45:37,363 - BiLSTMMERGE - INFO - ==========================================================================================
2025-11-29 05:45:37,363 - BiLSTMMERGE - INFO - Execução finalizada com sucesso.
2025-11-29 05:45:37,363 - BiLSTMMERGE - INFO - Dispositivo utilizado: cuda
2025-11-29 05:45:37,363 - BiLSTMMERGE - INFO - ==========================================================================================
2025-11-29 05:45:43,456 - LSTMMERGE - INFO - ==========================================================================================
2025-11-29 05:45:43,456 - LSTMMERGE - INFO - Iniciando script LSTM (PyTorch) MERGE com suporte a GPU e logs detalhados.
2025-11-29 05:45:43,457 - LSTMMERGE - INFO - ==========================================================================================
2025-11-29 05:45:43,457 - LSTMMERGE - INFO - Iniciando experimento: lookback=30, hidden_dim=64, layers=2, lr=0.001, drop=0.5
2025-11-29 05:45:43,467 - LSTMMERGE - INFO - Shape treino: torch.Size([10082, 30, 1]), teste: torch.Size([30, 30, 1])
2025-11-29 05:45:43,469 - LSTMMERGE - INFO - Treinando por 500 épocas...
2025-11-29 05:45:46,613 - LSTMMERGE - INFO - [EXP] Época 1/500 - Loss: 49.889660
2025-11-29 05:47:32,628 - LSTMMERGE - INFO - [EXP] Época 50/500 - Loss: 28.384523
2025-11-29 05:48:00,809 - LSTMMERGE - INFO - [EXP] Época 100/500 - Loss: 12.020765
2025-11-29 05:48:57,028 - LSTMMERGE - INFO - [EXP] Época 150/500 - Loss: 11.454917
2025-11-29 05:49:38,097 - LSTMMERGE - INFO - [EXP] Época 200/500 - Loss: 4.246734
2025-11-29 05:50:29,114 - LSTMMERGE - INFO - [EXP] Época 250/500 - Loss: 3.072469
2025-11-29 05:50:57,353 - LSTMMERGE - INFO - [EXP] Época 300/500 - Loss: 2.566413
2025-11-29 05:51:26,002 - LSTMMERGE - INFO - [EXP] Época 350/500 - Loss: 1.602781
2025-11-29 05:51:58,514 - LSTMMERGE - INFO - [EXP] Época 400/500 - Loss: 1.284671
2025-11-29 05:52:26,565 - LSTMMERGE - INFO - [EXP] Época 450/500 - Loss: 1.573833
2025-11-29 05:52:54,623 - LSTMMERGE - INFO - [EXP] Época 500/500 - Loss: 0.565956
2025-11-29 05:52:54,623 - LSTMMERGE - INFO - Treinamento concluído em 7.19 minutos
2025-11-29 05:52:54,699 - LSTMMERGE - INFO - Calculando erro para o train
2025-11-29 05:52:54,699 - LSTMMERGE - INFO - RMSE: 0.4666
2025-11-29 05:52:54,699 - LSTMMERGE - INFO - MSE : 0.2178
2025-11-29 05:52:54,699 - LSTMMERGE - INFO - MAE : 0.2291
2025-11-29 05:52:54,699 - LSTMMERGE - INFO - CSI (thr=1.0 mm): 0.8946  [TP=2563, FP=72, FN=230]
2025-11-29 05:52:54,699 - LSTMMERGE - INFO - train_pred TRAIN mm min/max: 0.0, 89.82652282714844
2025-11-29 05:52:54,700 - LSTMMERGE - INFO - train_TRUE TRAIN mm min/max: 0.0, 90.0625
2025-11-29 05:52:54,700 - LSTMMERGE - INFO -  Gerando gráficos TRAIN...
2025-11-29 05:52:55,178 - LSTMMERGE - INFO -  Gráficos gerados TRAIN ...
2025-11-29 05:52:55,178 - LSTMMERGE - INFO - Calculando erro para parte de teste
2025-11-29 05:52:55,178 - LSTMMERGE - INFO - RMSE: 4.1819
2025-11-29 05:52:55,178 - LSTMMERGE - INFO - MSE : 17.4883
2025-11-29 05:52:55,178 - LSTMMERGE - INFO - MAE : 2.4598
2025-11-29 05:52:55,178 - LSTMMERGE - INFO - CSI (thr=1.0 mm): 0.1176  [TP=2, FP=12, FN=3]
2025-11-29 05:52:55,179 - LSTMMERGE - INFO - y_pred mm min/max: 0.0, 12.965048789978027
2025-11-29 05:52:55,179 - LSTMMERGE - INFO - y_TRUE mm min/max: 0.0, 10.625
2025-11-29 05:52:55,179 - LSTMMERGE - INFO -  Gerando gráficos...
2025-11-29 05:52:55,724 - LSTMMERGE - INFO -  Gráficos gerados...
2025-11-29 05:52:55,724 - LSTMMERGE - INFO - ==========================================================================================
2025-11-29 05:52:55,724 - LSTMMERGE - INFO - Execução finalizada com sucesso.
2025-11-29 05:52:55,724 - LSTMMERGE - INFO - Dispositivo utilizado: cuda
2025-11-29 05:52:55,725 - LSTMMERGE - INFO - ==========================================================================================
2025-11-29 05:53:01,393 - BiLSTMMERGE - INFO - ==========================================================================================
2025-11-29 05:53:01,394 - BiLSTMMERGE - INFO - Iniciando script LSTM (PyTorch) MERGE com suporte a GPU e logs detalhados.
2025-11-29 05:53:01,394 - BiLSTMMERGE - INFO - ==========================================================================================
2025-11-29 05:53:01,394 - BiLSTMMERGE - INFO - Iniciando experimento: lookback=30, hidden_dim=64, layers=2, lr=0.001, drop=0.5
2025-11-29 05:53:01,405 - BiLSTMMERGE - INFO - Shape treino: torch.Size([10082, 30, 1]), teste: torch.Size([30, 30, 1])
2025-11-29 05:53:01,408 - BiLSTMMERGE - INFO - Treinando por 500 épocas...
2025-11-29 05:53:04,102 - BiLSTMMERGE - INFO - [EXP] Época 1/500 - Loss: 49.295399
2025-11-29 05:55:03,014 - BiLSTMMERGE - INFO - [EXP] Época 50/500 - Loss: 35.472572
2025-11-29 05:55:39,408 - BiLSTMMERGE - INFO - [EXP] Época 100/500 - Loss: 17.263028
2025-11-29 05:56:15,789 - BiLSTMMERGE - INFO - [EXP] Época 150/500 - Loss: 15.516550
2025-11-29 05:57:34,692 - BiLSTMMERGE - INFO - [EXP] Época 200/500 - Loss: 9.578132
2025-11-29 05:58:11,131 - BiLSTMMERGE - INFO - [EXP] Época 250/500 - Loss: 9.373850
2025-11-29 05:59:12,186 - BiLSTMMERGE - INFO - [EXP] Época 300/500 - Loss: 6.320462
2025-11-29 05:59:49,229 - BiLSTMMERGE - INFO - [EXP] Época 350/500 - Loss: 7.880614
2025-11-29 06:00:26,261 - BiLSTMMERGE - INFO - [EXP] Época 400/500 - Loss: 4.944503
2025-11-29 06:01:03,205 - BiLSTMMERGE - INFO - [EXP] Época 450/500 - Loss: 5.198189
2025-11-29 06:01:56,973 - BiLSTMMERGE - INFO - [EXP] Época 500/500 - Loss: 4.986763
2025-11-29 06:01:56,973 - BiLSTMMERGE - INFO - Treinamento concluído em 8.93 minutos
2025-11-29 06:01:57,097 - BiLSTMMERGE - INFO - Calculando erro para o train
2025-11-29 06:01:57,098 - BiLSTMMERGE - INFO - RMSE: 1.5523
2025-11-29 06:01:57,098 - BiLSTMMERGE - INFO - MSE : 2.4097
2025-11-29 06:01:57,098 - BiLSTMMERGE - INFO - MAE : 0.7576
2025-11-29 06:01:57,098 - BiLSTMMERGE - INFO - CSI (thr=1.0 mm): 0.6217  [TP=2054, FP=511, FN=739]
2025-11-29 06:01:57,098 - BiLSTMMERGE - INFO - train_pred TRAIN mm min/max: 0.0, 92.97718811035156
2025-11-29 06:01:57,098 - BiLSTMMERGE - INFO - train_TRUE TRAIN mm min/max: 0.0, 90.0625
2025-11-29 06:01:57,098 - BiLSTMMERGE - INFO -  Gerando gráficos TRAIN...
2025-11-29 06:01:57,607 - BiLSTMMERGE - INFO -  Gráficos gerados TRAIN ...
2025-11-29 06:01:57,607 - BiLSTMMERGE - INFO - Calculando erro para parte de teste
2025-11-29 06:01:57,607 - BiLSTMMERGE - INFO - RMSE: 3.1255
2025-11-29 06:01:57,608 - BiLSTMMERGE - INFO - MSE : 9.7687
2025-11-29 06:01:57,608 - BiLSTMMERGE - INFO - MAE : 1.4641
2025-11-29 06:01:57,608 - BiLSTMMERGE - INFO - CSI (thr=1.0 mm): 0.1429  [TP=1, FP=2, FN=4]
2025-11-29 06:01:57,608 - BiLSTMMERGE - INFO - y_pred mm min/max: 0.0, 12.297048568725586
2025-11-29 06:01:57,608 - BiLSTMMERGE - INFO - y_TRUE mm min/max: 0.0, 10.625
2025-11-29 06:01:57,608 - BiLSTMMERGE - INFO -  Gerando gráficos...
2025-11-29 06:01:57,961 - BiLSTMMERGE - INFO -  Gráficos gerados...
2025-11-29 06:01:57,961 - BiLSTMMERGE - INFO - ==========================================================================================
2025-11-29 06:01:57,961 - BiLSTMMERGE - INFO - Execução finalizada com sucesso.
2025-11-29 06:01:57,961 - BiLSTMMERGE - INFO - Dispositivo utilizado: cuda
2025-11-29 06:01:57,961 - BiLSTMMERGE - INFO - ==========================================================================================
2025-11-29 06:02:04,614 - LSTMMERGE - INFO - ==========================================================================================
2025-11-29 06:02:04,614 - LSTMMERGE - INFO - Iniciando script LSTM (PyTorch) MERGE com suporte a GPU e logs detalhados.
2025-11-29 06:02:04,615 - LSTMMERGE - INFO - ==========================================================================================
2025-11-29 06:02:04,615 - LSTMMERGE - INFO - Iniciando experimento: lookback=30, hidden_dim=128, layers=2, lr=0.001, drop=0.5
2025-11-29 06:02:04,789 - LSTMMERGE - INFO - Shape treino: torch.Size([10082, 30, 1]), teste: torch.Size([30, 30, 1])
2025-11-29 06:02:04,791 - LSTMMERGE - INFO - Treinando por 500 épocas...
2025-11-29 06:02:06,639 - LSTMMERGE - INFO - [EXP] Época 1/500 - Loss: 49.236371
2025-11-29 06:02:44,233 - LSTMMERGE - INFO - [EXP] Época 50/500 - Loss: 18.860539
2025-11-29 06:03:12,219 - LSTMMERGE - INFO - [EXP] Época 100/500 - Loss: 5.572002
2025-11-29 06:03:40,869 - LSTMMERGE - INFO - [EXP] Época 150/500 - Loss: 0.982115
2025-11-29 06:04:09,380 - LSTMMERGE - INFO - [EXP] Época 200/500 - Loss: 0.970757
2025-11-29 06:04:37,830 - LSTMMERGE - INFO - [EXP] Época 250/500 - Loss: 1.043419
2025-11-29 06:05:06,219 - LSTMMERGE - INFO - [EXP] Época 300/500 - Loss: 0.698389
2025-11-29 06:05:34,714 - LSTMMERGE - INFO - [EXP] Época 350/500 - Loss: 0.270819
2025-11-29 06:06:02,634 - LSTMMERGE - INFO - [EXP] Época 400/500 - Loss: 0.383072
2025-11-29 06:06:39,808 - LSTMMERGE - INFO - [EXP] Época 450/500 - Loss: 0.311591
2025-11-29 06:07:07,711 - LSTMMERGE - INFO - [EXP] Época 500/500 - Loss: 1.533607
2025-11-29 06:07:07,712 - LSTMMERGE - INFO - Treinamento concluído em 5.05 minutos
2025-11-29 06:07:07,879 - LSTMMERGE - INFO - Calculando erro para o train
2025-11-29 06:07:07,880 - LSTMMERGE - INFO - RMSE: 0.7111
2025-11-29 06:07:07,880 - LSTMMERGE - INFO - MSE : 0.5057
2025-11-29 06:07:07,880 - LSTMMERGE - INFO - MAE : 0.3107
2025-11-29 06:07:07,880 - LSTMMERGE - INFO - CSI (thr=1.0 mm): 0.8488  [TP=2600, FP=270, FN=193]
2025-11-29 06:07:07,880 - LSTMMERGE - INFO - train_pred TRAIN mm min/max: 0.0, 92.7330322265625
2025-11-29 06:07:07,880 - LSTMMERGE - INFO - train_TRUE TRAIN mm min/max: 0.0, 90.0625
2025-11-29 06:07:07,880 - LSTMMERGE - INFO -  Gerando gráficos TRAIN...
2025-11-29 06:07:08,944 - LSTMMERGE - INFO -  Gráficos gerados TRAIN ...
2025-11-29 06:07:08,945 - LSTMMERGE - INFO - Calculando erro para parte de teste
2025-11-29 06:07:08,945 - LSTMMERGE - INFO - RMSE: 4.4825
2025-11-29 06:07:08,945 - LSTMMERGE - INFO - MSE : 20.0927
2025-11-29 06:07:08,945 - LSTMMERGE - INFO - MAE : 2.5162
2025-11-29 06:07:08,945 - LSTMMERGE - INFO - CSI (thr=1.0 mm): 0.0625  [TP=1, FP=11, FN=4]
2025-11-29 06:07:08,945 - LSTMMERGE - INFO - y_pred mm min/max: 0.0, 16.631654739379883
2025-11-29 06:07:08,946 - LSTMMERGE - INFO - y_TRUE mm min/max: 0.0, 10.625
2025-11-29 06:07:08,946 - LSTMMERGE - INFO -  Gerando gráficos...
2025-11-29 06:07:09,340 - LSTMMERGE - INFO -  Gráficos gerados...
2025-11-29 06:07:09,340 - LSTMMERGE - INFO - ==========================================================================================
2025-11-29 06:07:09,340 - LSTMMERGE - INFO - Execução finalizada com sucesso.
2025-11-29 06:07:09,340 - LSTMMERGE - INFO - Dispositivo utilizado: cuda
2025-11-29 06:07:09,340 - LSTMMERGE - INFO - ==========================================================================================
2025-11-29 06:07:15,005 - BiLSTMMERGE - INFO - ==========================================================================================
2025-11-29 06:07:15,006 - BiLSTMMERGE - INFO - Iniciando script LSTM (PyTorch) MERGE com suporte a GPU e logs detalhados.
2025-11-29 06:07:15,006 - BiLSTMMERGE - INFO - ==========================================================================================
2025-11-29 06:07:15,006 - BiLSTMMERGE - INFO - Iniciando experimento: lookback=30, hidden_dim=128, layers=2, lr=0.001, drop=0.5
2025-11-29 06:07:15,015 - BiLSTMMERGE - INFO - Shape treino: torch.Size([10082, 30, 1]), teste: torch.Size([30, 30, 1])
2025-11-29 06:07:15,019 - BiLSTMMERGE - INFO - Treinando por 500 épocas...
2025-11-29 06:07:19,021 - BiLSTMMERGE - INFO - [EXP] Época 1/500 - Loss: 48.923482
2025-11-29 06:09:45,021 - BiLSTMMERGE - INFO - [EXP] Época 50/500 - Loss: 24.518142
2025-11-29 06:11:11,458 - BiLSTMMERGE - INFO - [EXP] Época 100/500 - Loss: 12.468974
2025-11-29 06:12:00,038 - BiLSTMMERGE - INFO - [EXP] Época 150/500 - Loss: 5.721725
2025-11-29 06:12:37,498 - BiLSTMMERGE - INFO - [EXP] Época 200/500 - Loss: 3.375820
2025-11-29 06:13:15,179 - BiLSTMMERGE - INFO - [EXP] Época 250/500 - Loss: 3.027983
2025-11-29 06:13:55,055 - BiLSTMMERGE - INFO - [EXP] Época 300/500 - Loss: 2.881519
2025-11-29 06:14:36,346 - BiLSTMMERGE - INFO - [EXP] Época 350/500 - Loss: 1.885456
2025-11-29 06:15:13,877 - BiLSTMMERGE - INFO - [EXP] Época 400/500 - Loss: 1.509632
2025-11-29 06:15:51,407 - BiLSTMMERGE - INFO - [EXP] Época 450/500 - Loss: 1.409296
2025-11-29 06:16:28,888 - BiLSTMMERGE - INFO - [EXP] Época 500/500 - Loss: 1.373205
2025-11-29 06:16:28,888 - BiLSTMMERGE - INFO - Treinamento concluído em 9.23 minutos
2025-11-29 06:16:29,203 - BiLSTMMERGE - INFO - Calculando erro para o train
2025-11-29 06:16:29,204 - BiLSTMMERGE - INFO - RMSE: 0.6715
2025-11-29 06:16:29,204 - BiLSTMMERGE - INFO - MSE : 0.4509
2025-11-29 06:16:29,204 - BiLSTMMERGE - INFO - MAE : 0.3018
2025-11-29 06:16:29,204 - BiLSTMMERGE - INFO - CSI (thr=1.0 mm): 0.8426  [TP=2404, FP=60, FN=389]
2025-11-29 06:16:29,204 - BiLSTMMERGE - INFO - train_pred TRAIN mm min/max: 0.0, 87.03087615966797
2025-11-29 06:16:29,204 - BiLSTMMERGE - INFO - train_TRUE TRAIN mm min/max: 0.0, 90.0625
2025-11-29 06:16:29,204 - BiLSTMMERGE - INFO -  Gerando gráficos TRAIN...
2025-11-29 06:16:29,697 - BiLSTMMERGE - INFO -  Gráficos gerados TRAIN ...
2025-11-29 06:16:29,697 - BiLSTMMERGE - INFO - Calculando erro para parte de teste
2025-11-29 06:16:29,698 - BiLSTMMERGE - INFO - RMSE: 3.9330
2025-11-29 06:16:29,698 - BiLSTMMERGE - INFO - MSE : 15.4684
2025-11-29 06:16:29,698 - BiLSTMMERGE - INFO - MAE : 2.3501
2025-11-29 06:16:29,698 - BiLSTMMERGE - INFO - CSI (thr=1.0 mm): 0.0714  [TP=1, FP=9, FN=4]
2025-11-29 06:16:29,698 - BiLSTMMERGE - INFO - y_pred mm min/max: 0.0, 10.526628494262695
2025-11-29 06:16:29,698 - BiLSTMMERGE - INFO - y_TRUE mm min/max: 0.0, 10.625
2025-11-29 06:16:29,698 - BiLSTMMERGE - INFO -  Gerando gráficos...
2025-11-29 06:16:30,030 - BiLSTMMERGE - INFO -  Gráficos gerados...
2025-11-29 06:16:30,031 - BiLSTMMERGE - INFO - ==========================================================================================
2025-11-29 06:16:30,031 - BiLSTMMERGE - INFO - Execução finalizada com sucesso.
2025-11-29 06:16:30,031 - BiLSTMMERGE - INFO - Dispositivo utilizado: cuda
2025-11-29 06:16:30,031 - BiLSTMMERGE - INFO - ==========================================================================================
2025-11-29 06:17:02,692 - LSTMMERGE - INFO - ==========================================================================================
2025-11-29 06:17:02,692 - LSTMMERGE - INFO - Iniciando script LSTM (PyTorch) MERGE com suporte a GPU e logs detalhados.
2025-11-29 06:17:02,693 - LSTMMERGE - INFO - ==========================================================================================
2025-11-29 06:17:02,693 - LSTMMERGE - INFO - Iniciando experimento: lookback=30, hidden_dim=256, layers=2, lr=0.001, drop=0.5
2025-11-29 06:17:02,801 - LSTMMERGE - INFO - Shape treino: torch.Size([10082, 30, 1]), teste: torch.Size([30, 30, 1])
2025-11-29 06:17:02,805 - LSTMMERGE - INFO - Treinando por 500 épocas...
2025-11-29 06:17:03,724 - LSTMMERGE - INFO - [EXP] Época 1/500 - Loss: 49.949393
2025-11-29 06:18:04,698 - LSTMMERGE - INFO - [EXP] Época 50/500 - Loss: 21.733399
2025-11-29 06:18:50,817 - LSTMMERGE - INFO - [EXP] Época 100/500 - Loss: 2.142268
2025-11-29 06:19:37,326 - LSTMMERGE - INFO - [EXP] Época 150/500 - Loss: 1.471784
2025-11-29 06:20:24,204 - LSTMMERGE - INFO - [EXP] Época 200/500 - Loss: 2.805971
2025-11-29 06:21:11,093 - LSTMMERGE - INFO - [EXP] Época 250/500 - Loss: 0.421996
2025-11-29 06:21:57,988 - LSTMMERGE - INFO - [EXP] Época 300/500 - Loss: 0.218786
2025-11-29 06:22:44,408 - LSTMMERGE - INFO - [EXP] Época 350/500 - Loss: 0.284775
2025-11-29 06:23:30,807 - LSTMMERGE - INFO - [EXP] Época 400/500 - Loss: 1.963543
2025-11-29 06:24:17,692 - LSTMMERGE - INFO - [EXP] Época 450/500 - Loss: 0.158581
2025-11-29 06:25:04,569 - LSTMMERGE - INFO - [EXP] Época 500/500 - Loss: 0.145486
2025-11-29 06:25:04,570 - LSTMMERGE - INFO - Treinamento concluído em 8.03 minutos
2025-11-29 06:25:04,804 - LSTMMERGE - INFO - Calculando erro para o train
2025-11-29 06:25:04,805 - LSTMMERGE - INFO - RMSE: 0.1558
2025-11-29 06:25:04,805 - LSTMMERGE - INFO - MSE : 0.0243
2025-11-29 06:25:04,805 - LSTMMERGE - INFO - MAE : 0.0799
2025-11-29 06:25:04,805 - LSTMMERGE - INFO - CSI (thr=1.0 mm): 0.9633  [TP=2706, FP=16, FN=87]
2025-11-29 06:25:04,805 - LSTMMERGE - INFO - train_pred TRAIN mm min/max: 0.0, 90.22750091552734
2025-11-29 06:25:04,805 - LSTMMERGE - INFO - train_TRUE TRAIN mm min/max: 0.0, 90.0625
2025-11-29 06:25:04,805 - LSTMMERGE - INFO -  Gerando gráficos TRAIN...
2025-11-29 06:25:05,940 - LSTMMERGE - INFO -  Gráficos gerados TRAIN ...
2025-11-29 06:25:05,940 - LSTMMERGE - INFO - Calculando erro para parte de teste
2025-11-29 06:25:05,941 - LSTMMERGE - INFO - RMSE: 3.1176
2025-11-29 06:25:05,941 - LSTMMERGE - INFO - MSE : 9.7193
2025-11-29 06:25:05,941 - LSTMMERGE - INFO - MAE : 1.7227
2025-11-29 06:25:05,941 - LSTMMERGE - INFO - CSI (thr=1.0 mm): 0.1538  [TP=2, FP=8, FN=3]
2025-11-29 06:25:05,941 - LSTMMERGE - INFO - y_pred mm min/max: 0.0, 7.550060749053955
2025-11-29 06:25:05,941 - LSTMMERGE - INFO - y_TRUE mm min/max: 0.0, 10.625
2025-11-29 06:25:05,941 - LSTMMERGE - INFO -  Gerando gráficos...
2025-11-29 06:25:06,237 - LSTMMERGE - INFO -  Gráficos gerados...
2025-11-29 06:25:06,237 - LSTMMERGE - INFO - ==========================================================================================
2025-11-29 06:25:06,237 - LSTMMERGE - INFO - Execução finalizada com sucesso.
2025-11-29 06:25:06,237 - LSTMMERGE - INFO - Dispositivo utilizado: cuda
2025-11-29 06:25:06,237 - LSTMMERGE - INFO - ==========================================================================================
2025-11-29 06:25:11,884 - BiLSTMMERGE - INFO - ==========================================================================================
2025-11-29 06:25:11,884 - BiLSTMMERGE - INFO - Iniciando script LSTM (PyTorch) MERGE com suporte a GPU e logs detalhados.
2025-11-29 06:25:11,884 - BiLSTMMERGE - INFO - ==========================================================================================
2025-11-29 06:25:11,885 - BiLSTMMERGE - INFO - Iniciando experimento: lookback=30, hidden_dim=256, layers=2, lr=0.001, drop=0.5
2025-11-29 06:25:11,907 - BiLSTMMERGE - INFO - Shape treino: torch.Size([10082, 30, 1]), teste: torch.Size([30, 30, 1])
2025-11-29 06:25:11,920 - BiLSTMMERGE - INFO - Treinando por 500 épocas...
2025-11-29 06:25:13,430 - BiLSTMMERGE - INFO - [EXP] Época 1/500 - Loss: 48.658777
2025-11-29 06:26:25,059 - BiLSTMMERGE - INFO - [EXP] Época 50/500 - Loss: 32.128166
2025-11-29 06:27:37,570 - BiLSTMMERGE - INFO - [EXP] Época 100/500 - Loss: 10.075198
2025-11-29 06:28:51,297 - BiLSTMMERGE - INFO - [EXP] Época 150/500 - Loss: 3.769746
2025-11-29 06:30:05,715 - BiLSTMMERGE - INFO - [EXP] Época 200/500 - Loss: 2.197955
2025-11-29 06:31:19,864 - BiLSTMMERGE - INFO - [EXP] Época 250/500 - Loss: 2.254117
2025-11-29 06:32:33,826 - BiLSTMMERGE - INFO - [EXP] Época 300/500 - Loss: 2.315939
2025-11-29 06:33:47,253 - BiLSTMMERGE - INFO - [EXP] Época 350/500 - Loss: 1.265046
2025-11-29 06:35:00,672 - BiLSTMMERGE - INFO - [EXP] Época 400/500 - Loss: 1.067268
2025-11-29 06:36:14,568 - BiLSTMMERGE - INFO - [EXP] Época 450/500 - Loss: 1.071876
2025-11-29 06:37:29,030 - BiLSTMMERGE - INFO - [EXP] Época 500/500 - Loss: 0.931063
2025-11-29 06:37:29,031 - BiLSTMMERGE - INFO - Treinamento concluído em 12.29 minutos
2025-11-29 06:37:29,448 - BiLSTMMERGE - INFO - Calculando erro para o train
2025-11-29 06:37:29,449 - BiLSTMMERGE - INFO - RMSE: 0.5348
2025-11-29 06:37:29,449 - BiLSTMMERGE - INFO - MSE : 0.2860
2025-11-29 06:37:29,449 - BiLSTMMERGE - INFO - MAE : 0.2247
2025-11-29 06:37:29,449 - BiLSTMMERGE - INFO - CSI (thr=1.0 mm): 0.9133  [TP=2580, FP=32, FN=213]
2025-11-29 06:37:29,449 - BiLSTMMERGE - INFO - train_pred TRAIN mm min/max: 0.0, 89.5618667602539
2025-11-29 06:37:29,449 - BiLSTMMERGE - INFO - train_TRUE TRAIN mm min/max: 0.0, 90.0625
2025-11-29 06:37:29,449 - BiLSTMMERGE - INFO -  Gerando gráficos TRAIN...
2025-11-29 06:37:29,909 - BiLSTMMERGE - INFO -  Gráficos gerados TRAIN ...
2025-11-29 06:37:29,909 - BiLSTMMERGE - INFO - Calculando erro para parte de teste
2025-11-29 06:37:29,910 - BiLSTMMERGE - INFO - RMSE: 3.7631
2025-11-29 06:37:29,910 - BiLSTMMERGE - INFO - MSE : 14.1608
2025-11-29 06:37:29,910 - BiLSTMMERGE - INFO - MAE : 2.3425
2025-11-29 06:37:29,910 - BiLSTMMERGE - INFO - CSI (thr=1.0 mm): 0.0625  [TP=1, FP=11, FN=4]
2025-11-29 06:37:29,910 - BiLSTMMERGE - INFO - y_pred mm min/max: 0.0, 7.171104431152344
2025-11-29 06:37:29,910 - BiLSTMMERGE - INFO - y_TRUE mm min/max: 0.0, 10.625
2025-11-29 06:37:29,910 - BiLSTMMERGE - INFO -  Gerando gráficos...
2025-11-29 06:37:30,336 - BiLSTMMERGE - INFO -  Gráficos gerados...
2025-11-29 06:37:30,337 - BiLSTMMERGE - INFO - ==========================================================================================
2025-11-29 06:37:30,337 - BiLSTMMERGE - INFO - Execução finalizada com sucesso.
2025-11-29 06:37:30,337 - BiLSTMMERGE - INFO - Dispositivo utilizado: cuda
2025-11-29 06:37:30,337 - BiLSTMMERGE - INFO - ==========================================================================================
2025-11-29 06:37:31,816 - MAIN_MERGE - INFO - Arquivo '../results/MERGE/metricas/resultados_MERGE.csv' gerado com sucesso!
